"company_id","genre","company","name_eng"
2,"company","18 บิซ จำกัด",NULL
3,"company","360 ดีกรีส์ เซอร์วิสเซส จำกัด",NULL
4,"company","888 ทองหล่อ จำกัด",NULL
5,"company","A.D. Houses Co.  LTD.",NULL
6,"company","AmBillion Group Co. Ltd.",NULL
7,"company","AMF Condominium",NULL
8,"company","ASSUMPTION UNIVERSITY",NULL
9,"company","Baan Lux Sathon 1 Condominium Juristic Person",NULL
10,"company","Baan Lux Sathon 2 Condominium Juristic Person",NULL
11,"company","Bangkok Diecasting And Injection Co.  Ltd.",NULL
12,"company","C.I.T. Property Consultants Co.  Ltd.",NULL
13,"company","CBM Facilities & Security Management (Thailand) Co. Ltd.",NULL
14,"company","CBM Facilities Management (Thailand) Co. Ltd.",NULL
15,"company","CHANTHAMANEE JEWELRY CO. LTD.",NULL
16,"company","FUJITSU SYSTEMS BUSINESS (THAILAND) LTD.",NULL
17,"company","GFPT NICHIREI (THAILAND) CO.  LTD.",NULL
18,"company","Golden Pattaya Condominium Juristic Person",NULL
19,"company","Grand asset prosperity Co.Ltd",NULL
20,"company","Hellmann Worldwide Logistics Co. Ltd",NULL
21,"company","HKR Facilities Management Co.  Ltd.",NULL
22,"company","Jasmine Residence Pattaya Condominium Juristic Person",NULL
23,"company","JOMTHIEN PLAZA CONDOMINIUM JURISTIC PERSON",NULL
24,"company","Jones Lang LaSalle Management Limited",NULL
25,"company","Lucky Living Properties Co.Ltd.",NULL
26,"company","MahaNakhon Condominium Juristic Person",NULL
27,"company","Nathasa แกรนด์คอนโดวิลล์",NULL
28,"company","Northshore Condominium Juristic Person",NULL
29,"company","P & D Development Co.  Ltd",NULL
30,"company","PACE PROJECT TWO CO. LTD.",NULL
31,"company","President Park  Park View Tower Condominium Juristic Person",NULL
32,"company","PTF Realty Co. Ltd.",NULL
33,"company","Raimon land Ekkamai Co.  Ltd.",NULL
34,"company","Raimon Land Sathorn Company Limited.",NULL
35,"company","Raimon Land Services Company Limited.",NULL
36,"company","Raimon Land Silom Company Limited.",NULL
37,"company","Raimon Land Twenty Six Company Limited.",NULL
38,"company","Raimon Land Unixx Company Limited.",NULL
39,"company","Rhom Bho Property Public Company Limited",NULL
40,"company","Riviera Luxury Development Co. Ltd.",NULL
41,"company","Rojana Distribution Center Co.  Ltd.",NULL
42,"company","Seafront Condo Management Co. Ltd.",NULL
43,"company","SIAM ORIENTAL SERVICE AND MANAGEMENT CO.  LTD.",NULL
44,"company","Summit Property Services Co.Ltd.",NULL
45,"company","Summit Property Services Co.Ltd. ไอ อาร์ ซี บี พรอพเพอร์ตี้",NULL
46,"company","TAKSIN PROPERTIES COMPANY LIMITED",NULL
47,"company","Thai KM Tech Co.  Ltd.",NULL
48,"company","The Clubhouse Residence Juristic Person",NULL
49,"company","The Kris 3",NULL
50,"company","The Kump Condo ABCD",NULL
51,"company","The Residences Hua Hin",NULL
52,"company","THE RIVER CONDOMINIUM JURISTIC PERSON",NULL
53,"company","The View Cozy Beach Residence",NULL
54,"company","UNIXX SOUTH PATTAYA CONDOMINIUM JURISTIC PERSON",NULL
55,"company","Upmost Projects Co.  Ltd.",NULL
56,"company","Upmost Projects Co.  Ltd. (Head Office)",NULL
57,"company","WISE POWER LAND CO.  LTD.",NULL
58,"company","ZIRE Wongamat CONDOMINIUM JURISTIC PERSON",NULL
59,"company","เกรเซียส ไอแอนด์ดี จำกัด",NULL
60,"company","เกรท พร็อพเพอร์ตี้ แมเนจเม้นท์ จำกัด",NULL
61,"company","เกรทเทอร์ โปรเฟสชั่นแนล แมเนจเมนท์ จำกัด",NULL
63,"company","เกรทไชน่า มิลเลนเนียม (ไทยแลนด์) จำกัด",NULL
65,"company","เกษตรธนสาร จำกัด",NULL
66,"company","เก้าเชือก จำกัด",NULL
67,"company","เค.เอส.พร็อพเพอร์ตี้ แมเนจเม้นท์ จำกัด",NULL
68,"company","เค.เอส.ฟอร์จูน จำกัด",NULL
69,"company","เค.จี.เอ็ม. เซอร์วิส จำกัด",NULL
70,"company","เคเอสอี เรียลตี้ แมนเนจเมนท์ จำกัด",NULL
71,"company","เคโฮม จำกัด",NULL
72,"company","เคที แมเนจเม้นท์ จำกัด",NULL
73,"company","เคทูบี แอสเซทส์ จำกัด",NULL
74,"company","เคปทาวน์ ศรีราชา จำกัด",NULL
75,"company","เคพีเอ็น แลนด์ จำกัด",NULL
76,"company","เคพีเอ็น กรุ๊ป คอร์ปอเรชั่น จำกัด",NULL
77,"company","เคอร์เทซี เซอร์วิสเซส คอร์ปอเรชั่น จำกัด",NULL
78,"company","เคอร์รี่ อินเตอร์เนชั่นแนล โฮลดิ้งส์ จำกัด",NULL
79,"company","เคอาร์ แอนด์ แอสโซซิเอทส์ จำกัด (สาขาประชาชื่นเรสซิเด้นซ์)",NULL
80,"company","เคอาร์แอนด์แอสโซซิเอทส์ จำกัด",NULL
81,"company","เคอาร์แอนด์แอสโซซิเอทส์ จำกัด (สาขาประชาชื่นเรสซิเด้นซ์)",NULL
82,"company","เงินเพิ่มพูล จำกัด",NULL
83,"company","เจ เอส แอสเสท จำกัด",NULL
84,"company","เจ เอส แอสเสท จำกัด (สำนักงานใหญ่)",NULL
85,"company","เจ ไลน์ แมเนจเม้นท์ จำกัด",NULL
86,"company","เจ พลัส พร็อพเพอร์ตี้ เมเนจเม้นท์ จำกัด",NULL
87,"company","เจ อาร์ วาย พัฒนา กรุ๊ป จำกัด",NULL
88,"company","เจ.เอส.พี.พร็อพเพอร์ตี้ จำกัด (มหาชน)",NULL
89,"company","เจ.ดับบลิว.เรียลเอสเตท จำกัด",NULL
90,"company","เจเอเอส แอสเซ็ท จำกัด (มหาชน)",NULL
91,"company","เจโม เซอร์วิส จำกัด",NULL
92,"company","เจโมเพย์พ้อย จำกัด",NULL
93,"company","เจไอพีเอ็ม จำกัด",NULL
94,"company","เจดับบลิว เรียลเอสเตท จำกัด",NULL
98,"company","เจนัส อินเตอร์เนชั่นแนล พรอพเพอร์ตี้ แมเนจเม้นท์ จำกัด",NULL
99,"company","เจริญกรุง พรอพเพอร์ตี้ จำกัด",NULL
100,"company","เจริญพัฒนาอาเขต จำกัด",NULL
101,"company","เชน คอมมูนิตี้ แมนเนจเม้นท์ จำกัด",NULL
102,"company","เซ็น เอกซ์ พร็อพเพอร์ตี้ แมเนจเม้นท์ จำกัด",NULL
103,"company","เซ็นทรัลพัฒนา ขอนแก่น จำกัด",NULL
104,"company","เซอร์วิส จำกัด",NULL
105,"company","เณศนเรศวร อพาร์ทเมนท์",NULL
106,"company","เดอะ 63 ทวินส์ เรสซิเดนท์ จำกัด",NULL
107,"company","เดอะ เบสท์ การบัญชี จำกัด",NULL
109,"company","เดอะ เบสท์ วัน อพาร์ทเมนท์",NULL
110,"company","เดอะ ซันซิตี้ จำกัด",NULL
111,"company","เดอะ ทรอปิคอล แอสเซท จำกัด",NULL
112,"company","เดอะ วัน แมเนจเม้นท์ จำกัด",NULL
113,"company","เดอะ สมาร์ท กรุ๊ป จำกัด",NULL
114,"company","เดอะเบสท์ การบัญชี จำกัด",NULL
115,"company","เดอะเวิร์คส์ คอมมิวนิตี้ แมนเนจเม้นท์",NULL
116,"company","เดอะเวิร์คส์ คอมมิวนิตี้ แมนเนจเม้นท์ จำกัด",NULL
117,"company","เดอะไนน์ พร๊อพเพอร์ตี้ แมเนจเมนท์ จำกัด",NULL
119,"company","เดอะกั๊มคอนโดมิเนียม",NULL
120,"company","เดอะซิตี้พร็อพเพอร์ตี้ จำกัด",NULL
121,"company","เดอะบียอนด์ จำกัด",NULL
122,"company","เดอะวันแมเนจเม้นท์ จำกัด",NULL
124,"company","เดอะสมาร์ท กรุ๊ป จำกัด (สำนักงานใหญ่)",NULL
125,"company","เตชะไพบูลย์ จำกัด",NULL
126,"company","เตชะไพบูลย์ จำกัด (สาขา 2)",NULL
127,"company","เตียง จิราธิวัฒน์ จำกัด",NULL
128,"company","เตียงจิราธิวัฒน์ จำกัด (สาขา พระราม 2)",NULL
129,"company","เทอม แคปปิตอล แมเนจเม้นท์ จำกัด",NULL
130,"company","เทียนเฉิน อินเตอร์เนชั่นแนล พร็อพเพอร์ตี้ (ไทยแลนด์) จำกัด",NULL
131,"company","เนชั่น คอนเซาท์ จำกัด",NULL
132,"company","เนชั่น คอนเซ้าท์ จำกัด",NULL
133,"company","เบเน่ เบเน่",NULL
134,"company","เบเน่ เบเน่ จำกัด",NULL
135,"company","เบ็ล ดีเวลลอปเมนท์ จำกัด",NULL
136,"company","เพกาซัส อินเตอร์เนชันแนล จำกัด",NULL
137,"company","เพชรบุญมา จำกัด",NULL
138,"company","เพรสทีจ เรสซิเด้นท์ จำกัด",NULL
139,"company","เพลน แลนด์ จำกัด",NULL
140,"company","เพอร์เฟค เพรสทิจ พร็อพเพอร์ตี้ จำกัด",NULL
141,"company","เพอร์เฟค พร็อพเพอร์ตี้ แอนด์ แอคเค้าท์ติ้ง จำกัด",NULL
143,"company","เพาเวอร์ พลัส โฟลว์ แมนเนจเมนท์ จํากัด",NULL
144,"company","เพิ่มพูล ประสิทธิ์-ตุ๊ จำกัด",NULL
145,"company","เฟรเกรนท์ พร็อพเพอร์ตี้ แมเนจเม้นท์",NULL
146,"company","เฟรเกรนท์ พร็อพเพอร์ตี้ แมเนจเม้นท์ จำกัด",NULL
147,"company","เฟรเกรนท์ พร็อพเพอร์ตี้ จำกัด",NULL
148,"company","เฟรเกรนท์ พร็อพเพอร์ตี้ จำกัด มหาชน",NULL
149,"company","เฟิรส์ แปซิฟิก ฮาริสัน จำกัด",NULL
150,"company","เฟิร์ส แปซิฟิค ฮาริสัน จำกัด",NULL
152,"company","เมเจอร์ เรสซิเด้นส์ จำกัด",NULL
153,"company","เมเจอร์ ดีเวลลอปเม้นท์ พร็อพเพอร์ตี้",NULL
154,"company","เมเจอร์ ดีเวลลอปเม้นท์ พร็อพเพอร์ตี้ พาร์ทเนอร์ส จำกัด",NULL
155,"company","เมเจอร์ พร็อพเพอร์ตี้ เซอร์วิส จำกัด",NULL
156,"company","เมเจอร์พรอพเพอร์ตี้ คอนซัลแทนท์ จำกัด",NULL
157,"company","เมโทร พรอพเพอร์ตี้ แมเนจเม้นท์ จำกัด",NULL
158,"company","เมกะ พร็อพเพอร์ตี้ แมเนจเม้นท์ แอนด์",NULL
159,"company","เมกะ พร็อพเพอร์ตี้ แมเนจเม้นท์ แอนด์ คอนซัลแทนซี่ จำกัด",NULL
160,"company","เมกะ พลัส พร็อพเพอร์ตี้ แมเนจเม้นท์ จำกัด",NULL
162,"company","เมนเฟรท โลจิสติกส์ (ไทยแลนด์) จำกัด",NULL
163,"company","เมอริท โฮลดิ้งส์ (1989) จำกัด",NULL
164,"company","เมืองทอง เซอร์วิสเซส แอนด์ แมเน็จเม้นท์ จำกัด",NULL
165,"company","เมืองทอง เซอร์วิสเซส แอนด์ แอนด์ แมเน็จเม้นท์ จำกัด",NULL
166,"company","เมืองพัฒนา จำกัด",NULL
167,"company","เรสซิเด้นท์เชียล เซอร์วิส จำกัด",NULL
168,"company","เรียลแมนเนจเม้นท์ 2552 จำกัด",NULL
169,"company","เรียลแอสเสท ดีเวลลอปเม้นท์ จำกัด",NULL
170,"company","เรียลพร็อพเพอร์ตี้แมเนจเม้นท์ จำกัด",NULL
172,"company","เรือนจามจุรี จำกัด",NULL
173,"company","เวลธ์ ดีเวลลอปเปอร์ จำกัด",NULL
174,"company","เวอร์ติคอล จำกัด",NULL
176,"company","เวอร์ติพลัส 98 จำกัด",NULL
178,"company","เวิร์ค อีท เพลย์ จำกัด",NULL
179,"company","เวิร์คพลัส พร็อพเพอร์ตี้ แมเนจเม้นท์ จำกัด",NULL
180,"company","เศรษฐธนาแลนด์ จำกัด",NULL
181,"company","เอ เค คอมพิวเตอร์",NULL
182,"company","เอ พลัส เรียลเอสเตท จำกัด",NULL
183,"company","เอ.เอ็ม.เอส. ลิสซิ่ง จำกัด",NULL
184,"company","เอ.ซี. พร็อพเพอร์ตี้ กรุ๊ป จำกัด",NULL
186,"company","เอ.บี. เดคคอร์เรท จำกัด (สำนักงานใหญ่)",NULL
187,"company","เอ.บี.เดคคอร์เรท จำกัด",NULL
188,"company","เอเวอร์นิว พลาซ่า จำกัด",NULL
189,"company","เอไอเอ็ม รีท แมนเนจเม้นท์ จำกัด",NULL
190,"company","เอ็กเซลโฮลดิ้ง จำกัด",NULL
191,"company","เอ็กซ์เซล แอสแซทส์ จำกัด",NULL
192,"company","เอกพิพัฒนา จำกัด",NULL
193,"company","เอคควิตี้ พร็อพเพอร์ตี้ แมเนจเม้นท์ จำกัด",NULL
195,"company","เอคิว พร๊อพเพอร์ตี้ แมเนจเม้นท์ จำกัด",NULL
196,"company","เอจีซี มาเท็กซ์ (ไทยแลนด์) จำกัด",NULL
197,"company","เอช ที อาร์ จำกัด",NULL
198,"company","เอชบี แอสเสท แมเนจเม้นท์ แอนด์ เซอร์วิส จำกัด",NULL
199,"company","เอชบี อินเตอร์ เรียลตี้ แมเนจเม้นท์",NULL
200,"company","เอชบี อินเตอร์ เรียลตี้ แมเนจเม้นท์ จำกัด",NULL
201,"company","เอชอาร์.ไดเจสท์ (2013) จำกัด",NULL
202,"company","เอซีอาร์ แมเนจเม้นท์ จำกัด",NULL
203,"company","เอ็น แอนด์ เอฟ เซอร์วิส จำกัด",NULL
204,"company","เอ็น อาร์ พร็อพเพอร์ตี้ จำกัด",NULL
205,"company","เอ็น.วี.วอล จำกัด",NULL
206,"company","เอ็นทรัส พร๊อพเพอร์ตี้ จำกัด",NULL
208,"company","เอ็นที แอสเสท แมเนจเมนท์ จำกัด",NULL
209,"company","เอพีพี 168 เอ็นจิเนียริ่ง จำกัด",NULL
211,"company","เอฟ เอ็ม แอดวานซ์ เซอร์วิส จำกัด",NULL
212,"company","เอฟ ที เอส บริการขนส่ง จำกัด",NULL
215,"company","เอฟ พี เอ็ม เซอร์วิส จำกัด",NULL
216,"company","เอ็ม เค 71 จำกัด",NULL
218,"company","เอ็ม แมเนจเม้นท์ จำกัด",NULL
219,"company","เอ็ม แอนด์ เฟรนด์ จำกัด",NULL
214,"company","เอฟ พร็อพเพอร์ตี้ แมเนจเม้นท์ จำกัด",""
220,"company","เอ็มคิวดีซี เคอร์เทซี เซอร์วิส คอร์ปอเรชั่น จำกัด",NULL
221,"company","เอ็มดีเอ็ม แมเนจเม้นท์ กรุ๊ป จำกัด",NULL
222,"company","เอ็มทูพี เมเนจเม้นท์ จำกัด",NULL
223,"company","เอส 71 โฮลดิ้ง จำกัด",NULL
224,"company","เอส เอช วี หัวหิน จำกัด",NULL
225,"company","เอส ที เอ็ม เอส จำกัด",NULL
226,"company","เอส พร็อพเพอร์ตี้ แมเนจเม้นท์ แอนด์ เอ็นจิเนียริ่ง จำกัด",NULL
227,"company","เอส พี วิลเลจ จำกัด",NULL
228,"company","เอส. วิลล่า จำกัด",NULL
229,"company","เอส.เอ็ม. เดคคอร์เรชั่น จำกัด",NULL
230,"company","เอส.เอ็ม.เดคคอร์เรชั่น จำกัด",NULL
231,"company","เอส.แอล.เอสเตท จำกัด",NULL
232,"company","เอส.ซี.พัฒนาการ จำกัด",NULL
233,"company","เอส.ที.เพอร์เฟ็คท์ เฮ้าส์ จำกัด",NULL
234,"company","เอสเอ็มซี พร็อพเพอร์ตี้ ซอฟต์ จำกัด",NULL
236,"company","เอสเอสเอ็ม เซอร์วิส แอนด์ แมเนจเม้นท์ จำกัด",NULL
237,"company","เอสซี แอสเสท คอร์ปอเรชั่น จำกัด (มหาชน)",NULL
238,"company","เอสซีซีพี วัน จำกัด",NULL
239,"company","เอสซีซีพี วัน จำกัด สาขา 00001",NULL
240,"company","เอสทีพี เอสเตท จำกัด",NULL
241,"company","เอสพี สมาร์ท ดีเวลลอปเม้นท์ จำกัด",NULL
242,"company","เอสวาย เรียลตี้ จำกัด",NULL
243,"company","เอสอี เอสเตท จำกัด",NULL
244,"company","เออห์ลินส์ เอเชีย จำกัด",NULL
245,"company","เอื้ออมรสุข จำกัด",NULL
246,"company","เฮลแมน เวิร์ลไวด์ โลจิสติคส์ จำกัด",NULL
247,"company","เฮลแมน โลจิสติคส์ (ประเทศไทย)",NULL
248,"company","แกรนด์ เวิร์ค พลัส แอสเสท จำกัด",NULL
249,"company","แกรนด์ แอสเซท พรอสเพอริตี้ จำกัด",NULL
250,"company","แกรนด์ แอสเสท โฮเทลส์ แอนด์ พรอพเพอร์ตี้ จำกัด (มหาชน)",NULL
251,"company","แกรนด์ ซิตี้พาร์ค จำกัด",NULL
252,"company","แกรนด์ พี พรอพเพอร์ตี้ จำกัด",NULL
253,"company","แกรนด์หลานหลวง จำกัด",NULL
254,"company","แก้วธรรมชัย จำกัด",NULL
255,"company","แคปปิตอลจี ดีเวลลอปเมนท์ จำกัด",NULL
256,"company","แซนด์ แอนด์ สโตน จำกัด",NULL
257,"company","แซมมี่ โฮม จำกัด",NULL
258,"company","แทนคุณสยาม จำกัด",NULL
259,"company","แนเชอรัล เพลส แมเนจเม้นท์ จำกัด",NULL
260,"company","แปซิฟิก แกรนด์ แมเนจเมนท์ จำกัด",NULL
261,"company","แผ่นดินอำพัน จำกัด",NULL
262,"company","แพทโก้ แลนด์ จำกัด",NULL
263,"company","แพ็ทโก้ อินเตอร์เทรด จำกัด",NULL
264,"company","แพรนด้า จิวเวลรี่ จำกัด (มหาชน)",NULL
265,"company","แพรนด้า ลอดจิ้ง จำกัด",NULL
266,"company","แพรนด้า ลอดจิ้ง จำกัด (สาขาที่ 00001)",NULL
267,"company","แมเนจเมนท์ จำกัด",NULL
268,"company","แมกโนเลีย ไฟน์เนสท์ คอร์ปอเรชั่น จำกัด",NULL
270,"company","แม็กซ์เซอร์วิส แอนด์ แมเนจเม้นท์ จำกัด",NULL
271,"company","แม็กซิมบิลด์ จำกัด",NULL
272,"company","แม็กม่าคอนสตรัคชั่นซัพพลาย จำกัด",NULL
273,"company","แสงวิไล แลนด์ จำกัด",NULL
274,"company","แอ๊ก ซีเคียวริตี้ การ์ด จำกัด",NULL
275,"company","แอซเซ็ท คอนเนคชั่น จำกัด",NULL
277,"company","แอดวานซ์ แมเนจเม้นท์ เซอร์วิส จำกัด",NULL
278,"company","แอนด์ แอคเค้าท์ติ้ง จำกัด",NULL
279,"company","แอบบิลิตี้ พร็อพเพอร์ตี้ จำกัด",NULL
280,"company","แอมบิลเลี่ยน กรุ๊ป จำกัด",NULL
282,"company","แอล.แอล.ซี กรุงเทพ จำกัด",NULL
283,"company","แอลพี โก จำกัด",NULL
284,"company","แอสเสท อินเตอร์ แมเนจเมนท์ จำกัด",NULL
285,"company","แฮปปี้ โซไซตี้ จำกัด",NULL
286,"company","โก๊ธซัคเซส แมเนจเม้นท์ จำกัด",NULL
287,"company","โก๊ธซัดคเซส แมเนจเม้นท์ จำกัด",NULL
288,"company","โกร๊ธซัคเซสแมเนจเม้นท์ จำกัด",NULL
353,"company","ไอ.จี.เอส. จำกัด",NULL
289,"company","โกรว พรอพเพอร์ตี้ จำกัด",NULL
290,"company","โกล ลิฟวิ่ง พร็อพเพอร์ตี้ จำกัด",NULL
291,"company","โกลเด้น ดีเวลล๊อปเม้นท์ จำกัด",NULL
292,"company","โครงการ สวิฟท์ คอนโด",NULL
293,"company","โชคทรัพย์ โลจิสติกส์ จำกัด",NULL
294,"company","โชคพลัส จำกัด",NULL
295,"company","โซดิก (ประเทศไทย) จำกัด",NULL
296,"company","โทเทิ่ล พร็อพเพอร์ตี้ โซลูชั่น จำกัด",NULL
297,"company","โนเวล พร็อพเพอร์ตี้ แมนเนจเม้นท์ จำกัด",NULL
298,"company","โบ๊เบ๊ทาวเวอร์ จำกัด",NULL
299,"company","โบ๊ทเฮ้าส์ หัวหิน จำกัด",NULL
300,"company","โบ๊ทเฮ้าหัวหิน จำกัด",NULL
301,"company","โปรเกรส กฎหมาย และการบัญชี จำกัด",NULL
302,"company","โพแมค ควอลิตี้ แมเนจเม้นท์ จำกัด",NULL
303,"company","โพแมค ควอลิตี้ แมนเนจเม้นท์ จำกัด",NULL
304,"company","โพธิ์ทอง (2005) จำกัด",NULL
305,"company","โฟคัส ดีเวลลอปเม้นท์ แอนด์ คอนสตรัคชั่น จำกัด(มหาชน)",NULL
306,"company","โมเดอร์น พร็อพเพอร์ตี้ แมเนจเมนท์ จำกัด",NULL
307,"company","โมบิลไซน์ เซ็นเตอร์ จำกัด",NULL
308,"company","โรงเรียนนานาชาติ เอไอเอสบี รามอินทรา",NULL
309,"company","โรงเรียนบุญญวิทยาคาร",NULL
310,"company","โรงเรียนอนุบาลนานาชาติลิตเติ้ล โคอาล่า",NULL
311,"company","โรงเรียนอนุบาลนานาชาติลิตเติ้ลโคอาล่า",NULL
312,"company","โรส แมเนจเม้นท์ จำกัด",NULL
313,"company","โอเพ่น เทคโนโลยี่ จำกัด (มหาชน)",NULL
314,"company","โอภัส จำกัด",NULL
315,"company","ไซมิส พร็อพเพอร์ตี้ เซอร์วิส จำกัด",NULL
316,"company","ไดมอนด์ เอ็กซ์เพรส (ไทยแลนด์) จำกัด",NULL
317,"company","ไดมอนด์ พร็อพเพอร์ตี้ แมเนจเม้นท์ จำกัด",NULL
319,"company","ไทเทค โปรเซิร์ฟ จำกัด",NULL
320,"company","ไทย แอซเซ็ท พร็อพเพอร์ตี้ แอนด์ เจ.พี จำกัด",NULL
321,"company","ไทย แอซเซ็ท พร็อพเพอร์ตี้ จำกัด",NULL
323,"company","ไทย แอสเสท กรุ๊ป จำกัด",NULL
325,"company","ไทยเอสเตท แมเนจเม้นท์ จำกัด",NULL
326,"company","ไทยแอซเซ็ท แมเนจเมนท์ จำกัด",NULL
327,"company","ไทยแอซเซ็ท แมเนจเม้นท์ จำกัด",NULL
328,"company","ไทยคันทรีโฮม หัวหิน จำกัด",NULL
329,"company","ไทยคันทรีโฮม หัวหิน จำกัด (สำนกงานใหญ่)",NULL
330,"company","ไทย-วัน พร็อพเพอร์ตี้ จำกัด",NULL
331,"company","ไทยสตาร์แลนด์ จำกัด",NULL
332,"company","ไทยสาธิตอพาร์ทเม้นท์ จำกัด",NULL
333,"company","ไนซ์ โกลบอล อินเตอร์เทรด จำกัด",NULL
334,"company","ไนท์แฟรงค์ ชาร์เตอร์ (ประเทศไทย)",NULL
335,"company","ไนท์แฟรงค์ ชาร์เตอร์ (ประเทศไทย) จำกัด",NULL
336,"company","ไนน์ พร็อพเพอร์ตี้ มาเนจเม้นท์ จำกัด",NULL
337,"company","ไบรท์ ดีเวลลอปเมนท์ กรุงเทพ จำกัด",NULL
338,"company","ไบรท์ พร็อพเพอร์ตี้ เซอร์วิส (ไทยแลนด์) จำกัด",NULL
339,"company","ไบร์ท พร็อพเพอร์ตี้ เซอร์วิสเซส (ประเทศไทย) จำกัด",NULL
340,"company","ไพร์ม เอสเตท แมเนจเม้นท์ จำกัด",NULL
341,"company","ไพรม์ พร็อพเพอร์ตี้ กรุ๊ป จำกัด",NULL
343,"company","ไรมอน แลนด์ จำกัด (มหาชน)",NULL
344,"company","ไรมอน แลนด์ ยูนิกซ์ จำกัด",NULL
345,"company","ไลรา แมเนจเม้นท์ จำกัด",NULL
346,"company","ไวท์สยาม ดีเวลลอปเม้นท์ จำกัด",NULL
347,"company","ไวท์สยาม ดีเวลลอปเม้นท์ จำกัด (เฟส 26)",NULL
348,"company","ไวส์ เอสเตท 7 จำกัด",NULL
349,"company","ไวส์ ลิฟวิ่งเวล เฮาส์ซิ่ง จำกัด",NULL
352,"company","ไอ อาร์ ซี บี พรอพเพอร์ตี้ แมเนจเมนท์ จำกัด",NULL
350,"company","ไอ อาร์ เอ็ม เอ็กซ์ตร้า จำกัด","IRM"
354,"company","ไอ.จี.เอส. จำกัด (มหาชน)",NULL
355,"company","ไอเอฟเอส ฟาซิลิตี้ เซอร์วิสเซส จำกัด",NULL
357,"company","ไอเอสเอส ฟาซิลิตี้ เซอร์วิส จำกัด",NULL
358,"company","ไอเอสโอ เรียลเอสเตท จำกัด",NULL
359,"company","ไอเฮาส์เอเจนซี่ จำกัด",NULL
360,"company","ไอ-แองเจิล แมเนจเม้นท์ จำกัด",NULL
361,"company","ไอแอมมีเดียแอนด์คอมพิวเตอร์ จำกัด",NULL
362,"company","ไอไลฟ์ แมเนจเม้นท์ จำกัด",NULL
364,"company","ไอคิว แมเนจเม้นท์ จำกัด",NULL
365,"company","ไอคิว แมเนจเม้นท์ จำกัด (สำนักงานใหญ่)",NULL
367,"company","ไอดี โมเดล พรีเซนเทชั่น จำกัด",NULL
368,"company","ไอริส ดี ดีเวลลอปเม้นท์ จำกัด",NULL
370,"company","ไอสไตล์ พร็อพเพอร์ตี้ จำกัด",NULL
371,"company","ไฮไลฟ์ดีเวลลอปเม้นท์ จำกัด",NULL
372,"company","ไฮพร๊อพเพอร์ตี้ เมเนจเม้นท์ จำกัด",NULL
373,"company","กฎหมายกำประเสริฐ จำกัด",NULL
374,"company","กฎุมพี จำกัด",NULL
375,"company","กระบี่คอนโดเทล จำกัด",NULL
376,"company","กรีน อมตะ จำกัด",NULL
377,"company","กรีนโนวา พร็อพเพอร์ตี้ จำกัด",NULL
378,"company","กรุงเทพ แอสเซ็ท แอนด์ คอนซัลแทนท์ จำกัด",NULL
379,"company","กรุงเทพไดอ์แคสซ์ติ้ง แอนด์อินแจ๊กชั่น จำกัด",NULL
380,"company","กรุ๊ป 5 ฟะซิลลิที แมเนจเม้นท์ จำกัด",NULL
381,"company","กลาสเฮ้าส์ รัชดา จำกัด",NULL
382,"company","กสม จำกัด",NULL
383,"company","กองเงิน ซิตี้โฮม จำกัด",NULL
384,"company","กันยารัตน์ พร็อพเพอร์ตี้ จำกัด",NULL
385,"company","กัมปนาท ดีเวลล๊อปเมนท์ จำกัด",NULL
386,"company","กัมปนาท ดีเวลล็อปเม้นท์ จำกัด",NULL
387,"company","การท่าเรือ เอฟ.ซี. จำกัด",NULL
388,"company","กิตติอร เรสซิเด้นซ์",NULL
389,"company","กิตติอร อพาร์ทเม้นท์",NULL
390,"company","กู๊ด แอสเซท แมเเนจเม้นท์ จำกัด",NULL
391,"company","กู๊ดโกเวอร์แนนซ์ พรอพเพอร์ตี้ แมเนจเม้นท์ จำกัด",NULL
392,"company","กูรู เรียลตี้ จำกัด",NULL
393,"company","คงศักดิ์ มิคาระเศรษฐ์",NULL
394,"company","คณะบุคคล เดอะ โฮม อพาร์ทเม้นท์",NULL
395,"company","คณะบุคคล จินตนา อพาร์ทเม้นท์",NULL
396,"company","คณาพญา พร็อพเพอร์ตี้ จำกัด",NULL
397,"company","คลาส 82 จำกัด",NULL
398,"company","คลิ๊ก ทู แอคเคาท์ จำกัด",NULL
399,"company","ควอด จำกัด",NULL
400,"company","ควอลิตี้ คอมมูนิตี้ แมเนจเม้นท์ จำกัด",NULL
401,"company","ควอลิตี้ ลิฟวิ่ง แมเนจเม้นท์ จำกัด",NULL
402,"company","คอนเซ็ปต์ 101 จำกัด",NULL
403,"company","คอนโด บีนู เรสสิเดนซ์",NULL
404,"company","คอนโด พระราม 2",NULL
405,"company","คาซ่า โรยัล จำกัด",NULL
406,"company","คาซาวดี จำกัด",NULL
407,"company","ค่าบริหารส่วนกลางโครงการหัวหินเอมเมอรัลด์ รีสอร์ท (Hua Hin Emerald Resort)",NULL
408,"company","คาร์โก้ คัสตอมส์ เซอร์วิส จำกัด",NULL
409,"company","คิลิน พร็อพเพอร์ตี้ จำกัด",NULL
410,"company","คิวซี เอสเตท จำกัด",NULL
411,"company","คีรีคาม จำกัด",NULL
412,"company","คุณ ศิริชัย ศักดิ์ธนะเศรษฐ",NULL
413,"company","คุณไพลิน อนันต์มณีศรี",NULL
414,"company","คุณณัฐพัชร์ บุญเลาหนันท์",NULL
415,"company","คุณธนภูมิ อนันตฤดี",NULL
416,"company","คุณธรรมฐิติ ปถมวาลย์",NULL
417,"company","คุณนิพนธ์ พร้อมพันธุ์",NULL
418,"company","คุณปาทิตตา ท้าวเที่ยงธรรม",NULL
419,"company","คุณวาสนา คุ้มทรัพย์",NULL
420,"company","คุณสุมน ตั้งไพบูลย์",NULL
421,"company","คุณสุวิมล จิตรองอาจกิจ",NULL
422,"company","คุณอนุพงษ์ ทวีสิทธิกุลลาภ",NULL
423,"company","คุณากรชัย จำกัด",NULL
424,"company","งานสมบูรณ์ จำกัด",NULL
1,"TestGenre","TestCompany","TestEng"
425,"company","จงรัก พร็อพเพอร์ตี้ แมเนจเมนท์ จำกัด",NULL
427,"company","จันทบุรีสามัคคีร่วมใจ จำกัด",NULL
428,"company","จินตนา 2495 จำกัด",NULL
429,"company","จี - วัน แลนด์ จำกัด",NULL
430,"company","จี 659 แมเนจเม้นท์ แอนด์ เอ็นจิเนียริง จำกัด",NULL
431,"company","จี 659 แมเนจเม้นท์ แอนด์ เอ็นจิเนียริ่ง จำกัด",NULL
432,"company","จี-วัน แลนด์ จำกัด",NULL
433,"company","จูนีส์ การ์เดนโฮม จำกัด",NULL
434,"company","ฉันทรัตน์ พร็อพเพอร์ตี้ จำกัด",NULL
435,"company","ชลบุรีสามมุขธานี จำกัด",NULL
436,"company","ชัยณรงค์เซนเตอร์ จำกัด",NULL
437,"company","ชัยวรดิศ จำกัด",NULL
438,"company","ชัยวรดิศกรุ๊ป จำกัด",NULL
439,"company","ชาญวดี ดีเวลล็อปเม้นท์ จำกัด",NULL
440,"company","ชีวาทัย จำกัด (มหาชน)",NULL
441,"company","ชื่อผู้ซื้อสินค้า / ผู้รับบริการ",NULL
442,"company","ชูเตอร์ เอ็นเตอร์ไพรส์ จำกัด",NULL
443,"company","ซอฟต์เทรด จำกัด",NULL
444,"company","ซัคเซส เรียลตี้ จำกัด",NULL
445,"company","ซับม่วง จำกัด",NULL
446,"company","ซัมโก เซอร์วิส จำกัด",NULL
447,"company","ซาวิลส์ (ประเทศไทย) จำกัด",NULL
449,"company","ซิตี้ เรียลเอสเตท แมนเนจเมนท์ จำกัด",NULL
450,"company","ซิตี้ เอสเตท จำกัด",NULL
451,"company","ซิตี้ รีสอร์ท แลนด์ จำกัด",NULL
452,"company","ซิตี้ รีสอร์ท ดีเวลลอปเม้นท์ จำกัด",NULL
453,"company","ซิตี้ รีสอร์ท พร็อพเพอร์ตี้ จำกัด",NULL
454,"company","ซิตี้เรียลเอสเตท แมนเนจเม้นท์",NULL
455,"company","ซิตี้เรียลเอสเตท แมนเนจเม้นท์ จำกัด",NULL
456,"company","ซิส เซอร์ฟเวอร์ จำกัด",NULL
457,"company","ซิส เซิร์ฟเวอร์ จำกัด",NULL
458,"company","ซี.เค แลนด์ แอนด์ เฮ้าส์ ดีเวลลอปเม้นท์ จำกัด",NULL
459,"company","ซี.ไอ.ที.พร็อพเพอร์ตี้ คอลซัลแทนส์ จำกัด",NULL
460,"company","ซี.พี.ฟาซิลิตี้ แมเนจเม้นท์ จำกัด",NULL
461,"company","ซีทีไอ โฮลดิ้ง จำกัด",NULL
462,"company","ซีพีเอ็น เรซซิเด้นซ์ จำกัด",NULL
463,"company","ซุปเปอร์ทีม แมนเนจเม้นท์ จำกัด",NULL
464,"company","ณวรางค์ แอสเซท จำักัด",NULL
465,"company","ณะพัชรพล จำกัด",NULL
466,"company","ณัฏฐรัศม์ จำกัด",NULL
467,"company","ดับเบิ้ลยู เอ.เอ็ม.รุ่งเรือง แมเนจเม้นท์ จำกัด",NULL
468,"company","ดับเบิ้ลยู-ชินวะ จำกัด",NULL
469,"company","ด่านปฐมพัฒน์ 2010 จำกัด",NULL
470,"company","ดิ เอ็มไพร์ ไดนัสตี้ จำกัด",NULL
471,"company","ดิ โอเรียนท์ จอมเทียน จำกัด",NULL
472,"company","ดิ อินสไปร์ เรียล เอสเตท จำกัด",NULL
473,"company","ดิเอ็กเซลเลนซ์ จำกัด",NULL
474,"company","ดิเอ็กเซลเลนซ์ จำกัด (สำนักงานใหญ่)",NULL
475,"company","ดิจิกูรู จำกัด",NULL
476,"company","ดิวายน์ ดิเวลลอปเมนท์ กรุ๊ป จำกัด",NULL
477,"company","ดี เวล แกรนด์ แอสเสท จำกัด",NULL
478,"company","ดี-แลนด์ ดีเวลลอปเม้นท์ จำกัด",NULL
479,"company","ดีดี วีพีกิจ จำกัด",NULL
480,"company","ดีทีแซด ฟาซิลิตีส์ แอนด์ เอ็นจิเนียริ่ง (ประเทศไทย) จำักัด",NULL
481,"company","ดุสิต แกรนด์ คอนโด จำกัด",NULL
482,"company","ดุสิต ไฮท์ ทาวเวอร์ จำกัด",NULL
483,"company","ดุสิต พัทยา จำกัด",NULL
484,"company","ดุสิต ฮอสปิตัลลิตี้ เซอร์วิสเซล จำกัด",NULL
485,"company","ดุสิต ฮอสปิตัลลิตี้ เซอร์วิสเซส จำกัด",NULL
486,"company","ต้นสน ดีเวลลอปเม้นท์ จำกัด",NULL
487,"company","ต้นสน อินเตอร์เนชั่นแนล จำกัด",NULL
488,"company","ตลาดถนอมมิตร จำกัด",NULL
489,"company","ตลาดลุงเพิ่ม",NULL
490,"company","ตากสิน พร็อพเพอร์ตี้ส์ จำกัด",NULL
491,"company","ถาวรสินพัฒนา จำกัด",NULL
492,"company","ทรงทัย กรุ๊ป จำกัด",NULL
493,"company","ทรัพย์เข็มทอง จำกัด",NULL
495,"company","ทรัพย์แสนสิริมงคล จำกัด",NULL
496,"company","ทรีโอเนส อินดัสเทรียล จำกัด",NULL
497,"company","ทรีดี เออร์บาน จำกัด",NULL
498,"company","ทรู พร็อพเพอร์ตี้ เซอร์วิส จำกัด",NULL
502,"company","ทองทศ แมนเนจเม้นท์ จำกัด",NULL
503,"company","ทองธรรมจักร เอสเตท จำกัด",NULL
504,"company","ทองธารามหานคร จำกัด",NULL
505,"company","ทองสุวรรณ เรียล เอสเตล จำกัด",NULL
506,"company","ทองหล่อเมเนจเม้นท์ จำกัด",NULL
507,"company","ท๊อปสตาร์ส เรียลเอสเตท จำกัด",NULL
508,"company","ทัฟฟ์ เซอร์วิส จำกัด",NULL
510,"company","ทากะ ทาวน์ จำกัด",NULL
511,"company","ทำแทนแมเนจเม้นท์ จำกัด",NULL
512,"company","ทิพย์โฮดิ้ง จำกัด",NULL
513,"company","ทิพย์โฮลดิ้ง จำกัด",NULL
514,"company","ที.เค.ที.เพลส จำกัด",NULL
515,"company","ที.เค.ที.เพลส จำกัด (สำนักงานใหญ่)",NULL
516,"company","ที.ซี.ซี.คอมเมอร์เชียล พร็อพเพอร์ตี้ แมนเนจเม้นท์ จำกัด",NULL
517,"company","ที52 แอสเสท จำกัด",NULL
519,"company","ที52 แอสเสท จำกัด สาขา ม.ธรรมศาสตร์ (ศูนย์รังสิต)",NULL
520,"company","ทีแอลพี กรุ๊ป จำกัด",NULL
521,"company","ทีซี พร็อพเพอร์ตี้ จำกัด",NULL
522,"company","ทีซีจี การบัญชี จำกัด",NULL
523,"company","ทีซีซี แคปปิตอล แลนด์ จำกัด",NULL
524,"company","ทีดับบลิว ฟาซิลิตี้ เซอร์วิส จำกัด",NULL
525,"company","ทีทีทีที จำกัด",NULL
526,"company","ทีพี แมเนจเม้นท์ จำกัด",NULL
527,"company","ทีพีเอ็นพัฒนา จำกัด",NULL
528,"company","ทีพีซี (ไทยแลนด์) จำกัด",NULL
529,"company","ทีม พร็อพเพอร์ตี้ เมเนจเม้นท์ จำกัด",NULL
530,"company","ทู ไพร์ม แอสเซท จำกัด",NULL
531,"company","ธนกร พร็อพเพอร์ตี้ แมเนจเม้นท์ จำกัด",NULL
532,"company","ธนบูลย์ เอสเตท 77 จำกัด",NULL
533,"company","ธนาคารออมสิน",NULL
534,"company","ธารทิพย์ พรอพเพอร์ตี้ จำกัด",NULL
535,"company","ธารทิพย์พรอพเพอร์ตี้ จำกัด",NULL
536,"company","ธิติคุณแลนด์ จำกัด",NULL
537,"company","ธีรกมล พร็อพเพอร์ตี้ จำกัด",NULL
538,"company","ธีรการเอสเตรท จำกัด",NULL
539,"company","ธีรการพัฒนา จำกัด",NULL
540,"company","น.ส.ธนภร จึงสวัสดิ์",NULL
541,"company","นวพรพร็อพเพอร์ตี้ จำกัด",NULL
542,"company","นววิลล่า จำกัด",NULL
543,"company","นวสหมิตร จำกัด",NULL
544,"company","นอร์เวย์ ไวกิ้ง วิลเลจ",NULL
545,"company","นอร์ธ ทาวเวอร์",NULL
546,"company","นอร์ธปาร์ค พร็อพเพอร์ตี้ ดีเวลลอปเม้นท์ จำกัด",NULL
547,"company","นายารา จำกัด",NULL
548,"company","นารายณ์พร็อพเพอตี้ จำกัด",NULL
549,"company","น้ำอ้อย หวังวรภิญโญ",NULL
550,"company","นิตยาแมนชั่น",NULL
551,"company","นีโอ เรสสิเดนส์ แมเนจเมนท์ จำกัด",NULL
552,"company","นีโอเทค พลายวู้ด จำกัด",NULL
553,"company","นีโอคลับ จำกัด",NULL
554,"company","บรรทัดทอง พัฒนา จำกัด",NULL
555,"company","บรรลือ รีสอร์ท จำกัด",NULL
556,"company","บริษัทยัวร์ส พร็อพเพอร์ตี้ แมเนจเม้นท์ จำกัด",NULL
557,"company","บริหารอสังหาริมทรัพย์ไทย จำกัด",NULL
558,"company","บลู สกาย ดี เวลลอปเปอร์ จำกัด",NULL
559,"company","บลู สกาย ดีเวลลอปเม้นท์ จำกัด",NULL
560,"company","บวรพงศ์ จำกัด",NULL
561,"company","บอร์เนียว โลจิสติกส์ จำกัด",NULL
562,"company","บอส เซอร์วิส พลัส จำกัด",NULL
565,"company","บัณฑิตทาวน์ จำกัด",NULL
567,"company","บางแคคอนโดทาวน์ จำกัด",NULL
568,"company","บางแสนมหานครพร็อพเพอร์ตี้ จำกัด",NULL
569,"company","บางกอก เมเนจเม็นท์ เรียลตี้ จำกัด",NULL
570,"company","บางกอก ฟาซิลิตี้ เมเนจเม้นท์ แอนด์ เซอร์วิส จำกัด",NULL
571,"company","บางกอกไทย (1988) จำกัด",NULL
572,"company","บ้านโป่งโครเมี่ยม จำกัด",NULL
573,"company","บ้านกาญจนทรัพย์ จำกัด",NULL
574,"company","บ้านสวย แมเนจเม้นท์ จำกัด",NULL
575,"company","บ้านสุขศรีการ จำกัด",NULL
576,"company","บำรุงเมืองพลาซ่า จำกัด",NULL
577,"company","บิ๊ก ทรี แอสเสท จำกัด",NULL
580,"company","บิซิเนส พร๊อพเพอร์ตี้ แมเนจเม้นท์ จำกัด",NULL
581,"company","บิยอนด์ พรอพเพอร์ตี้ แมเนจเม้นท์ จำกัด",NULL
582,"company","บิลท์ ฮาร์ท จำกัด",NULL
583,"company","บิลท์ฮาร์ท จำกัด",NULL
584,"company","บิวดิ้ง แมเนจเมนท์ แอสโซซิแอท",NULL
585,"company","บิวดิ้ง ดีไซน์ 2549 จำกัด",NULL
586,"company","บิวดิ้ง ดีไซน์ จำกัด",NULL
587,"company","บี เอส เอเจนซี่ แอนด์ แอ็สเซ็ท จำกัด",NULL
588,"company","บีเอ็มพี แมนเนจเมนท์ จำกัด",NULL
591,"company","บีบี เพลส แกรนด์ เรสซิเดนซ์ จำกัด",NULL
592,"company","บีพีเอ็ม 15 จำกัด",NULL
593,"company","บุญช่วยอุตสาหกรรม จำกัด",NULL
594,"company","บุญญลิศ เอาท์เลท จำกัด",NULL
595,"company","บูรพา แอสเซ็ท แมนเนจเม้นท์ จำกัด",NULL
596,"company","ปยุต จำกัด",NULL
597,"company","ประเสริฐโชค จำกัด",NULL
598,"company","ประสิทธิ์ธร จำกัด",NULL
599,"company","ปรินซ์วอเตอร์เกท จำกัด",NULL
600,"company","ปรีชา กรุ๊ป จำกัด (มหาชน)",NULL
601,"company","ปรีดาโฮดิ้ง จำกัด",NULL
602,"company","ป๊อบ เมดิค แอนด์ เทรดดิ้ง จำกัด",NULL
603,"company","ป่าตัน 2 จำกัด",NULL
604,"company","ป่าตัน 3 จำกัด",NULL
605,"company","ป่าตัน 4 จำกัด",NULL
606,"company","ปาร์มฮิลส์ พรอพเพอร์ตี้ เซอร์วิส จำกัด",NULL
607,"company","ปาล์ม สปริงส์ เพลส จำกัด",NULL
609,"company","ปาล์มฮิลส์ พรอพเพอร์ตี้ เซอร์วิส จำกัด",NULL
610,"company","ปิยวรรณอพาร์ทเม้น",NULL
611,"company","ปิยะชาติ จำกัด",NULL
612,"company","ปิยะสุวรรณ เรียลตี้ จำกัด",NULL
613,"company","พรไพลิน จำกัด",NULL
614,"company","พรพลาซ่า พรอพเพอร์ตี้ จำกัด",NULL
615,"company","พรพัน จำกัด",NULL
616,"company","พรพัน จำกัด (สาขา 001)",NULL
617,"company","พรรคพลังท้องถิ่นไทย",NULL
618,"company","พรรุ่งเรือง ดีเวลลอปเม้นท์ จำกัด",NULL
619,"company","พร็อพเพอร์ตี้ เพอร์เฟค จำกัด (มหาชน)",NULL
620,"company","พร็อพเพอร์ตี้ เพอร์เฟค จำกัด(มหาชน)",NULL
621,"company","พร็อพเพอร์ตี้ เมเนจเม้นท์ (ไทยแลนด์) จำกัด",NULL
622,"company","พรอพเพอร์ตี้ แคร์ เซอร์วิสเซส (ประเทศไทย)",NULL
623,"company","พรอพเพอร์ตี้ แคร์ เซอร์วิสเซส (ประเทศไทย) จำกัด",NULL
624,"company","พร็อพเพอร์ตี้ แมเนจเม้นท์ คอนโทรล",NULL
625,"company","พร็อพเพอร์ตี้ แมเนจเม้นท์ คอนโทรล จำกัด",NULL
629,"company","พร็อพเพอร์ตี้ แอนด์ ไลฟ์ แมเนจเม้นท์ จำกัด",NULL
631,"company","พร็อพเพอร์ตี้ โซลูชั่น เซ็นเตอร์ จำกัด",NULL
632,"company","พรอพเพอร์ตี้ โปร บิวดิ้ง แมเนจเม้นท์ จำกัด",NULL
633,"company","พรอพเพอร์ตี้ โปรเฟสชั่นแนล แมเนจเมนท์ เซอร์วิสเซส จำกัด",NULL
775,"company","วิลล์คอน เมเนจเม็นท์ จำกัด",NULL
634,"company","พร้อม โปรเฟสชั่นแนล เซอร์วิส จำกัด",NULL
635,"company","พร็อม พรอพเพอร์ตี้ มาเนจเมนท์ จากัด",NULL
636,"company","พระตำหนัก แซนด์ จำกัด",NULL
637,"company","พรีโม่พลัส จำกัด",NULL
638,"company","พรีมัส (ประเทศไทย) จำกัด",NULL
639,"company","พลอยภัทร พร็อพเพอร์ตี้ จำกัด",NULL
640,"company","พหล 8 จำกัด",NULL
641,"company","พอร์ชแลนด์ 59958 จำกัด",NULL
642,"company","พัฒนรัฐ พรอพเพอร์ตี้ จำกัด",NULL
643,"company","พัทยา แกรนด์ วิลเลจ จำกัด",NULL
644,"company","พัทยา แกรนด์ วิลเลจ จำกัด วิลเลจ จำกัด",NULL
645,"company","พัทยาซิตี้ 2005 จำกัด",NULL
646,"company","พันธกิจ บริการ จํากัด",NULL
647,"company","พาร์ทเนอร์ คลับ เซอร์วิส จำกัด",NULL
648,"company","พารากอน เรียลตี้ แอนด์ แมนเนจเม้นท์ จำกัด",NULL
649,"company","พิชชา พร็อพเพอร์ตี้แมเนจเม้นท์ จำกัด",NULL
650,"company","พิมวิสุทธิ์ เอสเตท จำกัด",NULL
651,"company","พิมานพร็อพเพอร์ตี้ เซอร์วิส จำกัด",NULL
652,"company","พี 36 ดีเวลลอปเม้นท์ จำกัด",NULL
653,"company","พี เอ ลินน์ ฟิลลิปส์ จำกัด",NULL
655,"company","พี แลนด์ แอนด์ เฮ้าส์ เซอร์วิส จำกัด",NULL
656,"company","พี แอนด์ พี แอสเซท กรุ๊ป จำกัด",NULL
657,"company","พี.เอ.เอ็น เรียลเอสเตท แมนเนจเม้นท์ จำกัด",NULL
659,"company","พี.พลัส พร็อพเพอร์ตี้ แมเนจเม้นท์ จำกัด",NULL
660,"company","พี.วี.วี. ดีเวลลอปเมนท์ จำกัด",NULL
661,"company","พีเคเค พร็อพเพอร์ตี้ แมเนจเม้นท์ จำกัด",NULL
662,"company","พีเอ็น 39 เรียล แอสเตท แอคเคาน์ติ้ง จำกัด",NULL
663,"company","พีพีเอ็ม เเมนเนจเมนท์ จำกัด",NULL
665,"company","พีอาร์ที แฟคเตอร์ส จำกัด",NULL
666,"company","พูลผล ประสิทธิ์-ตุ๊ จำกัด",NULL
667,"company","ฟอร์จูน วัน จำกัด",NULL
668,"company","ฟ้าบันดาลทรัพย์ จำกัด",NULL
669,"company","ฟาวด์ จำกัด",NULL
670,"company","ฟาสต์ พร็อพเพอร์ตี้ โซลูชั่น จำกัด",NULL
671,"company","ฟีนิกซ์ เซอร์วิส พร็อพเพอร์ตี้ จำกัด",NULL
673,"company","ฟีนิกซ์ เพาเวอร์ จำกัด",NULL
674,"company","ภาญา จำกัด",NULL
675,"company","ภูเก็ตเรียลตี้ จำกัด",NULL
676,"company","ภูเก็ตวิลล่า คอร์ปอเรชั่น จำกัด",NULL
677,"company","ภูชงค์ เอ็นจิเนียริ่ง จำกัด",NULL
678,"company","ภูมิธารา แอสเซท จำกัด",NULL
679,"company","ภูมิภวัน จำกัด",NULL
680,"company","ภูมิภัททา จำกัด",NULL
681,"company","ภูรินดา เรสซิเดนซ์ จำกัด",NULL
682,"company","มงคลกรุ๊ป จำกัด",NULL
683,"company","มณียา เรียลตี้ จำกัด",NULL
684,"company","มหฤทธิ์ จำกัด",NULL
685,"company","มหานที พรอพเพอร์ตี จำกัด",NULL
686,"company","มหาวิทยาลัยมหิดล (สำนักงานอธิการบดี)",NULL
687,"company","มั่งมีทรัพย์ มาร์เก็ต จำกัด",NULL
688,"company","มั่นคงเคหะการ จำกัด (มหาชน)",NULL
689,"company","มันทนาอพาร์ทเมนท์",NULL
691,"company","มาบุญยง เรียลเอสเตท จำกัด",NULL
692,"company","มาร์เก็ตทูเดย์ จำกัด",NULL
693,"company","มาร์คเดล จำกัด",NULL
694,"company","มาร์คเด็ล จำกัด",NULL
695,"company","มาร์จินอล จำกัด",NULL
697,"company","มาสเตอร์กรุ๊ปเอเชีย จำกัด",NULL
698,"company","มาสด้า ชลบุรี จำกัด",NULL
699,"company","มิเนกิชิ คอร์ปอเรชั่น จำกัด",NULL
700,"company","มิซูมิ (ไทยแลนด์) จำกัด",NULL
701,"company","มิราเคิล พร็อพเพอร์ตี้ แมเนจเม้นท์ จำกัด",NULL
702,"company","มิลฟอร์ด พาราไดซ์ จำกัด",NULL
703,"company","มี แมเนจเม้นท์ แอนด์ เซอร์วิส จำกัด",NULL
704,"company","มีดี พร็อพเพอร์ตี้ เซอร์วิส เมเนจเม้นท์ จำกัด",NULL
705,"company","มีสไตล์ พร็อพเพอร์ตี้ จำกัด",NULL
706,"company","ยอดพิภพ จำกัด",NULL
978,"condo","เคหะชุมชน บางนา 1",NULL
707,"company","ยัวร์ส พร็อพเพอร์ตี้ แมเนจเม้นท์ จำกัด",NULL
708,"company","ยู เอ็ม เอส อินเตอร์เนชั่นแนล จำกัด",NULL
709,"company","ยูเนียนโฟร์ พร็อพเพอร์ตี้ แมเนจเม้นท์ จำกัด",NULL
710,"company","ยูโฮม บริหาร จำกัด",NULL
712,"company","ยูไลฟ์ พร็อพเพอร์ตี้ แมเนจเม้นท์ จำกัด",NULL
714,"company","ยูทีลิตี แลนด์ จำกัด",NULL
715,"company","ยูทีลิตี้แลนด์ จำกัด",NULL
716,"company","ยูนิตี้ แมเนจเม้นท์ แอนด์ ฟาซิลิตี้ เซอร์วิส จำกัด",NULL
717,"company","ยูนิตี้ แมเนจเม้นท์ จำกัด",NULL
718,"company","ยูนิตี้ กรุ๊ป จำกัด",NULL
720,"company","ยูลิงค์ เอเจนซี่ จำกัด",NULL
721,"company","รดา เรียลเอสเตท จำกัด",NULL
722,"company","ร่มโพธิ์ พร็อพเพอร์ตี้ จำกัด (มหาชน)",NULL
724,"company","ร่มรื่นเคหะ จำกัด",NULL
725,"company","รวมโชคพัฒนา ( พัทยา ) จำกัด",NULL
726,"company","ร่วมถนอมมิตร จำกัด",NULL
727,"company","รักษาความปลอดภัย เซอร์วิส มายด์ กรุ๊ป จำกัด",NULL
728,"company","รักษาความปลอดภัย ซีบีเอ็ม แฟซิลิตี้ส์ แมนเนจเม้นท์ (ไทยแลนด์) จำกัด",NULL
729,"company","รักษาความปลอดภัย พีซีเอส และ ฟาซิลิตี้ เซอร์วิสเซส จำกัด",NULL
730,"company","รังสิตร่วมพัฒนา จำกัด",NULL
731,"company","รัศมิ์ลภัส จำกัด",NULL
732,"company","ริเวนเดลล์ เลกาซี่ คอนโดมิเนียม",NULL
733,"company","ริเวนเดลล์ แอปโซลูท คอนโดมิเนียม",NULL
734,"company","ริเวนเดลล์ กรีนวิว คอนโดมิเนียม",NULL
735,"company","ริเวนเดลล์ จำกัด",NULL
736,"company","ริเวนเดลล์ พรีเมียร์ อพาร์ทเม้นท์",NULL
738,"company","ริเวนเดลล์ รีเจ้นท์ คอนโดมิเนียม",NULL
739,"company","ริเวนเดลล รีสอร์ท อพาร์ทเม้นท์",NULL
740,"company","ริเวนเดลล์ รีสอร์ท อพาร์ทเม้นท์",NULL
741,"company","ริช พร็อพเพอร์ตี้ แมเนจเม้นท์ จำกัด",NULL
742,"company","ริชเชส ลีฟวิ่ง จำกัด",NULL
743,"company","ริชแลนด์ พร็อพเพอร์ตี้ ดีเวลลอปเม้นท์ จำกัด",NULL
745,"company","รีเจ้นท์ กรีน เพาเวอร์ จำกัด",NULL
746,"company","รีเซท พร็อพเพอร์ตี้ จำกัด",NULL
747,"company","รีไฟน์ แอ็สเซ็ท แม็นเน็จเม้นท์ จำกัด",NULL
749,"company","รีบอร์น แมเนจเม้นท์ จำกัด",NULL
750,"company","ลอยตี้ จำกัด",NULL
751,"company","ลอยตี้ จำกัด (สำนักงานใหญ่)",NULL
752,"company","ลินดา พร็อพเพอร์ตี้ จำกัด",NULL
753,"company","ลิมไลน์ แอพพาเรล จำกัด",NULL
754,"company","ลีเด็น (ประเทศไทย) จำกัด",NULL
755,"company","ลีฟ อัลติเมท แวลูส์ จำกัด",NULL
757,"company","ลีลาวดี 3 อพาร์ทเม้นท์",NULL
758,"company","วงศ์อมาตย์ พร็อพเพอตี้ ดีเวลลอปเม้นท์ จำกัด",NULL
759,"company","วรรณผกา จำกัด",NULL
760,"company","วสุ 01 จำกัด",NULL
761,"company","วสุ 55 จำกัด",NULL
762,"company","วัชราดล จำกัด",NULL
763,"company","วัน แอท โบ๊เบ๊ จำกัด",NULL
764,"company","วัน พร็อพเพอร์ตี้ แมเนจเม้นท์ จำกัด",NULL
765,"company","วันไพร์ม แอสเซท จำกัด",NULL
766,"company","วาย แอล พี จํากัด",NULL
767,"company","วิคทอรี่ พร็อพเพอร์ตี้ แมเนจเม้นท์ จำกัด",NULL
768,"company","วินเนอร์ เทเลคอมป์ กรุ๊ฟ จำกัด",NULL
769,"company","วินซัม จำกัด",NULL
770,"company","วินซัม จำกัด (สำนักงานใหญ่)",NULL
771,"company","วินด์ฟอลล์ คอนเซาท์แทนท์ จำกัด",NULL
772,"company","วิฟ เมเนจเม้นท์ จำกัด",NULL
773,"company","วิภนัย ดีเวลลอปเม้นท์ จำกัด",NULL
774,"company","วิรันดา พร็อพเพอร์ตี้",NULL
744,"company","บีทีพี แอคเค้าติ้ง แมเนจเม้นท์ จำกัด","BTP"
777,"company","วิศวกรที่ปรึกษาต่อตระกูล ยมนาค และคณะ จำกัด",NULL
778,"company","วิศวพล แลนด์แอนเฮ้าส์ จำกัด",NULL
779,"company","วิศวพลแลนด์ แอนด์เฮ้าส์ จำกัด",NULL
780,"company","วิศวพลแลนด์แอนด์เฮ้าส์ จำกัด",NULL
781,"company","วิษณี จำกัด",NULL
782,"company","วี เค โปร จำกัด",NULL
783,"company","วี คอนซัลแทนท์ แอนด์ เมเนจเม้นต์ จำกัด",NULL
784,"company","วี พร็อพเพอร์ตี้เมเนจเม้นท์ จำกัด",NULL
785,"company","วี วี พี พร็อพเพอร์ตี้ จำกัด",NULL
786,"company","วี. พร็อพเพอร์ตี้เมเนจเม้นท์ จำกัด",NULL
787,"company","วี.แลนด์ พร็อพเพอร์ตี้ จำกัด",NULL
788,"company","วี.พร็อพเพอร์ตี้เมเนจเม้นท์ จำกัด",NULL
790,"company","วี.พี.แคปปิตอล แอสเซ็ทส์ จำกัด",NULL
791,"company","วี.พี.ซี.พร็อพเพอร์ตี้ จำกัด",NULL
792,"company","วี.วี.พร๊อพเพอร์ตี้ กรุ๊ป จำกัด",NULL
794,"company","วีเอสเอสแอล เอ็นเตอร์ไพร์ส์ จำกัด",NULL
795,"company","วี-ไวส์ แมเนจเม้นท์ จำกัด",NULL
796,"company","วี-ไวส์ ลิฟวิ่ง จำกัด",NULL
797,"company","วี-ไวส์ ลีฟวิ่ง จำกัด",NULL
798,"company","วีไอพี คอนโดมิเนียม จำกัด",NULL
799,"company","วีไอพี สมาร์ท จำกัด",NULL
800,"company","วีไอพี(2012) จำกัด",NULL
801,"company","วีวีพี พร็อพเพอร์ตี้ จำกัด",NULL
803,"company","ศรีเมืองทอง (2008) จำกัด (สำนักงานใหญ่)",NULL
804,"company","ศรีสมาน คอนโดเทล จำกัด",NULL
806,"company","ศาลายา เอ็น ซี เพลส จำกัด",NULL
807,"company","ศิริเลิศ บิวดิ้ง จำกัด",NULL
808,"company","ศิริน เอสเตท จำกัด",NULL
809,"company","ศิริราชมูลนิธิ",NULL
810,"company","ศิลาตาก อินดัสตรี้ จำกัด",NULL
811,"company","ศุภากร แท็กซ์ แอนด์ แอคเคาท์ติ้ง จำกัด",NULL
812,"company","ศุภาลัย พรอพเพอร์ตี้ แมเนจเม้นท์ จำกัด",NULL
813,"company","ศูนย์บริหารสินทรัพย์ มหาวิทยาลัยมหิดล",NULL
814,"company","ส.วัฒนาอพาร์ทเม้นท์ จำกัด",NULL
816,"company","สโคป จำกัด",NULL
817,"company","สกายไนน์ แมเนจเม้นท์ จำกัด",NULL
818,"company","สตาร์ เพอร์เฟคท์ พร็อพเพอร์ตี้ จำกัด",NULL
819,"company","สมหรรษา จำกัด",NULL
820,"company","สมาคมการค้าอัญมณีและเครื่องประดับอาเซียน",NULL
821,"company","สมาคมบ้านธนารักษ์นนทบุรี",NULL
823,"company","สมาร์ท เซอร์วิส แอนด์ แมเนจเม้นท์ จำกัด",NULL
825,"company","สมาร์ทเฮ้าส์ วิลเลจ หัวหิน",NULL
827,"company","สมาร์ทแฮมเลต หัวหิน จำกัด",NULL
828,"company","สยาม โอเรียนทัล เซอร์วิส แอนด์ เมนเนจเม้นท์ จำกัด",NULL
829,"company","สยาม จัสติส คอร์ปอเรชั่น จำกัด",NULL
830,"company","สยามเคหะพัฒนา จำกัด",NULL
831,"company","สยามเอ็กซ์เพรส จำกัด",NULL
832,"company","สยามเฮอริเทจ ดีเวลลอปเม้นท์ จำกัด",NULL
834,"company","สยามโอเรียนทัล เซอร์วิส แอนด์ เมนเนจเม้นท์ จำกัด (สำนักงานใหญ่)",NULL
835,"company","สยามจตุจักร จำกัด",NULL
836,"company","สยามจตุจักร จำกัด (สำนักงานใหญ่)",NULL
837,"company","สร้างสิน พร็อพเพอร์ จำกัด",NULL
838,"company","สราญสุขการ์เด้น คอร์ท จำกัด",NULL
839,"company","สหโชติอพาร์ทเม้นท์ จำกัด",NULL
841,"company","สหกรณ์เคหสถานชุมชน คลองเตย จำกัด",NULL
842,"company","สหกรณ์เคหสถานชุมชนคลองเตย จำกัด",NULL
843,"company","สหกรณ์บริการชุมชนบ้านเอื้ออาทร บางบัวทอง จํากัด",NULL
844,"company","สหกรณ์บริการชุมชนบ้านเอื้ออาทรบางบัวทอง จํากัด",NULL
845,"company","สหกรณ์บริการบ้านเอื้ออาทรบางโฉลง จำกัด",NULL
846,"company","สหกรณ์บริการลูกจ้างการเคหะแห่งชาติ จำกัด",NULL
847,"company","สหกรณ์บ้านเอื้ออาทร เศรษฐกิจ 3",NULL
848,"company","สัมมากร จำกัด (มหาชน)",NULL
849,"company","สาครเคเบิล จำกัด",NULL
850,"company","สาทร ไพร์ม พร็อพเพอร์ตี้ส์ จํากัด",NULL
851,"company","สำนักกฎหมายเพกาซัสอินเตอร์เนชันแนล จำกัด",NULL
852,"company","สำนักงานเทศบาลตำบลบางสวรรค์",NULL
853,"company","สำนักงานโครงการบ้านเอื้ออาทรสวนพลูพัฒนา",NULL
854,"company","สำนักงานบ้านสวัสดิการ กองทัพบก",NULL
855,"company","สำนักงานบ้านสวัสดิการกองทัพบก",NULL
856,"company","สำนักงานสอบบัญชี สมาร์ท ออดิต จำกัด",NULL
857,"company","สิงห์ พร็อพเพอร์ตี้ ดีเวลลอปเม้นท์ จำกัด",NULL
858,"company","สิงห์เอสเตท จํากัด (มหาชน)",NULL
859,"company","สิทธารมย์ เรสสิเดนซ์ จำกัด",NULL
861,"company","สินเกษม จำกัด (สำนักงานใหญ่)",NULL
862,"company","สินทรัพย์ คอมมิวนิตี้ แมเนจเม้นท์ แอนด์ คลีนนิ่ง จำกัด",NULL
863,"company","สินทรัพย์ คอมมิวนิตี้ แมนเนจเม้นท์ แอนด์ คลีนนิ่ง จำกัด",NULL
864,"company","สินทรัพย์ คอมมิวนิตี้ แมนเนจเม้นท์ จำกัด",NULL
865,"company","สินทรัพย์นิกร จำกัด",NULL
866,"company","สินธร แมเนจเมนท์ จำกัด",NULL
867,"company","สินธรณี พร็อพเพอร์ตี้ จำกัด",NULL
869,"company","สิปปกร วิศวกรรม จำกัด",NULL
870,"company","สิริ ควอลิตี้ แมเนจเมนท์ จำกัด",NULL
871,"company","สิริน พร็อพเพอร์ตี้ เมเนจเม้นท์ จำกัด",NULL
872,"company","สีวลี ไลฟ์ พร๊อพเพอร์ตี้แมเนจเม้นท์ จำกัด",NULL
873,"company","สุขเหมือนทวีทรัพย์ จำกัด",NULL
874,"company","สุขหรรษา จำกัด",NULL
875,"company","สุขุมพร็อพเพอร์ตี้ จำกัด",NULL
876,"company","หจก.วิรัชวัสดุก่อสร้าง",NULL
877,"company","หจก.สมชายพัฒนาก่อสร้าง",NULL
878,"company","หทัยพัทธ์ อินเตอร์เนชั่นแนล จำกัด",NULL
879,"company","หลังสวนโฮลดิ้งส์ จำกัด",NULL
880,"company","หัวหินทรัพย์สิริ พร็อพเพอร์ตี้ จำกัด",NULL
881,"company","ห้างเซ็นทรัลดีพาทเมนท์สโตร์ จำกัด",NULL
882,"company","ห้างหุ้นส่วน ภัทรมิตรการบัญชี จำกัด",NULL
883,"company","ห้างหุ้นส่วนจำกัด 72 อพาร์ทเม้นท์",NULL
884,"company","ห้างหุ้นส่วนจำกัด เอ๊กซ์ทริม ทรานสปอร์ต (สำนักงานใหญ่)",NULL
885,"company","ห้างหุ้นส่วนจำกัด ไทย พี พี",NULL
886,"company","ห้างหุ้นส่วนจำกัด ช้างงามเซอร์วิส",NULL
887,"company","ห้างหุ้นส่วนจำกัด ซีริน แมนชั่น",NULL
888,"company","ห้างหุ้นส่วนจำกัด ที.เอ.บี เอสเตท แมนเนจเม้นท์",NULL
889,"company","ห้างหุ้นส่วนจำกัด ยูนิเทรดชิ้ปปิ้ง แอนด์ เซอร์วิส",NULL
890,"company","อโศก พลาซ่า จำกัด",NULL
891,"company","อควาเรียส เอสเตท จำกัด",NULL
892,"company","อคานโด จำกัด",NULL
893,"company","อดามัส เรียล เอสเตท จำกัด",NULL
894,"company","อพาร์ทเม้นท์ สุขเหมือนรินรดา",NULL
895,"company","อมรันทา ดีเวลลอปเม้นท์ จำกัด",NULL
896,"company","อมารี หัวหิน จำกัด",NULL
897,"company","อลีนตา จำกัด",NULL
898,"company","ออเมนโต ดิวิเดน จำกัด",NULL
899,"company","อ่องเอี่ยม เรียลเอสเตท จำกัด",NULL
900,"company","ออฟติมา แมเนจแมนท์ เซอร์วิส จำกัด",NULL
901,"company","ออฟฟิสเซอร์ โฮลดิ้งส์ จำกัด",NULL
902,"company","ออมนิ แมนเนจเม้นท์ จำกัด",NULL
903,"company","ออริจิ้น พร็อพเพอร์ตี้ จำกัด",NULL
904,"company","ออริจิ้น พร็อพเพอร์ตี้ จำกัด (มหาชน)",NULL
905,"company","ออริจิ้น วัน จำกัด",NULL
906,"company","ออริจิ้น วัน พร้อมพงษ์ จำกัด",NULL
907,"company","ออล์ อินสไปร์ ดิเวลลอปเม้นท์ จำกัด (มหาชน)",NULL
908,"company","ออลล์ อินสไปร์ ดีเวลลอปเม้นท์ จำกัด (มหาชน)",NULL
909,"company","ออลล์ไรส์ พร็อพเพอร์ตี้ แมเนจเม้นท์ จำกัด",NULL
910,"company","ออสก้า เอสเตท เมนเนจเม้นท์ จำกัด",NULL
911,"company","อออล์ อินสไปร์ ดิเวลลอปเม้นท์ จำกัด",NULL
912,"company","อัญญดา เรสซิเดนซ์",NULL
913,"company","อัลเทอร์เนทีฟ แอสเซท จำกัด",NULL
914,"company","อัลทิเมท บิสเทด จำกัด",NULL
915,"company","อัสสกาญจน์ จำกัด",NULL
916,"company","อาทิตย์ - จันทร์ จำกัด",NULL
917,"company","อาทิวรา แมเนจเม้นท์ จำกัด",NULL
918,"company","อามีน-เนาะห์ จำกัด",NULL
919,"company","อาร์ เจ 9 เซอร์วิส จำกัด",NULL
920,"company","อาร์เจ 9 เซอร์วิส จำกัด",NULL
921,"company","อาร์เอสจี แบง พร็อพเพอร์ตี้ แมเนจเม้นท์ จำกัด",NULL
922,"company","อาร์เอสจี แมเนจเม้นท์ และกฎหมาย จำกัด",NULL
923,"company","อารามิส แคปปิตอล จำกัด",NULL
924,"company","อารีย์ แอดวานซ์เทค จำกัด",NULL
925,"company","อารียา แมนเนจเม้นต์ จำกัด",NULL
926,"company","อิติ เมตตา พร็อพเพอร์ตี้ แมเนจเม้นท์ จำกัด",NULL
927,"company","อินเตอร์ เรียลตี้ แมเนจเม้นท์ จำกัด",NULL
928,"company","อินเตอร์ ลักส์ เรซิเดนซ์ จำกัด",NULL
929,"company","อินเตอร์เนชั่นแนล คอนซัลแทนท์ จำกัด",NULL
930,"company","อินช์เคป ชิปปิ้ง เซอร์วิสเซส (ประเทศไทย) จำกัด",NULL
931,"company","อินดี้ พร็อพเพอร์ตี้ จำกัด",NULL
932,"company","อินท์ - อินเตอร์เซคชั่น จำกัด",NULL
933,"company","อินทัช พร็อพเพอร์ตี้ แมเนจเม้นท์ จำกัด",NULL
935,"company","อินฟินิท เรียลเอสเตท จำกัด",NULL
936,"company","อินฟินิท พร็อพเพอร์ตี้ เมเนจเม้นท์ แอนด์ คอนซัลแทนท์ จำกัด",NULL
937,"company","อินสแตนท์ เอสเตท แมเนจเม้นท์ จำกัด",NULL
938,"company","อินสไปร์ แมเนจเม้นท์ จำกัด",NULL
939,"company","อินสปายด์ เอสเตท จำกัด",NULL
940,"company","อีสเทอร์น สตาร์ เรียลเอสเตท จำกัด (มหาชน)",NULL
941,"company","อุดมสุขโปรเจค เมเนจเม้นท์ จำกัด",NULL
942,"company","อุบลเจริญศรี จำกัด",NULL
943,"company","ฮอร์สชู พอยท์ จำกัด",NULL
944,"company","ฮอว์ค แมเนจเม้นท์ จำกัด",NULL
945,"company","ฮิวแมนเนสท์ จำกัด",NULL
946,"condo","​ ชาโตว์ อินทาวน์ พหลโยธิน 14",NULL
947,"condo","103 คอนโดมิเนียม โครงการ 5",NULL
948,"condo","15 สุขุมวิทเรสซิเดนเซส",NULL
949,"condo","185 ราชดำริ",NULL
950,"condo","33 ทาวเวอร์",NULL
951,"condo","49 พลัส คอนโดมิเนียม",NULL
952,"condo","59 เฮอริเทจ",NULL
953,"condo","624 คอนโดเลต รัชดา 36",NULL
954,"condo","9 กะรัตคอนโดทาวน์",NULL
955,"condo","Family Life Condo",NULL
956,"condo","H.R เรซิเดนซ์ โครงการ 4",NULL
958,"condo","PRESENT EKACHAI",NULL
959,"condo","เกรซแกรนด์โฮม 2",NULL
960,"condo","เกรส ไอวอรี่",NULL
961,"condo","เก้ากะรัตคอนโดทาวน์",NULL
962,"condo","เกียรติธานี ซิตี้ แมนชั่น",NULL
963,"condo","เกียรติประภาคอนโดทาวน์",NULL
964,"condo","เค.ลาย แมนชั่น",NULL
965,"condo","เคนซิงตัน",NULL
966,"condo","เคนซิงตัน เพลส",NULL
967,"condo","เคส รัชดา คอนโดมิเนียม",NULL
968,"condo","เคหสถานกรุงเทพฯ",NULL
969,"condo","เคหะชุมชน และบริการชุมชน นาเกลือ",NULL
970,"condo","เคหะชุมชน และบริการชุมชน บางปู 2",NULL
971,"condo","เคหะชุมชน และบริการชุมชน ลาดกระบัง 2/3",NULL
973,"condo","เคหะชุมชน และบริการชุมชนลาดกระบัง 2/1",NULL
975,"condo","เคหะชุมชน แหลมฉบัง 1",NULL
976,"condo","เคหะชุมชน แหลมฉบัง 2",NULL
977,"condo","เคหะชุมชน แหลมฉบัง 3",NULL
979,"condo","เคหะชุมชน พัทยา 1",NULL
980,"condo","เคหะชุมชน พัทยา 2",NULL
981,"condo","เคหะชุมชน พัทยา 3",NULL
982,"condo","เคหะชุมชน ร่มเกล้า 2",NULL
983,"condo","เคหะชุมชนและ บริการชุมชน มิตรไมตรี 1",NULL
985,"condo","เคหะชุมชนและ บริการชุมชนลาดกระบัง 2/2",NULL
987,"condo","เคหะชุมชนและบริการชุมชน นาเกลือ",NULL
988,"condo","เคหะชุมชนและบริการชุมชน บางปู 2",NULL
989,"condo","เคหะชุมชนและบริการชุมชน ประชาอุทิศ",NULL
990,"condo","เคหะชุมชนและบริการชุมชน ลพบุรีราเมศวร์",NULL
991,"condo","เคหะชุมชนและบริการชุมชน ลาดกระบัง 2/1",NULL
992,"condo","เคหะชุมชนและบริการชุมชน ลาดกระบัง 2/2",NULL
993,"condo","เคหะชุมชนและบริการชุมชนเชียงรากน้อย",NULL
994,"condo","เคหะชุมชนและบริการชุมชนเทพารักษ์ 3/1",NULL
995,"condo","เคหะชุมชนและบริการชุมชนถลาง",NULL
996,"condo","เคหะชุมชนและบริการชุมชนบางบ่อ 1",NULL
997,"condo","เคหะชุมชนและบริการชุมชนประชาอุทิศ",NULL
998,"condo","เคหะชุมชนและบริการชุมชนลพบุรี ราเมศวร์",NULL
999,"condo","เคหะชุมชนแหลมฉบัง 1",NULL
1000,"condo","เคหะชุมชนแหลมฉบัง 2",NULL
1001,"condo","เคหะชุมชนแหลมฉบัง 3",NULL
1002,"condo","เคหะชุมชนธนบุรี 4",NULL
1003,"condo","เคหะชุมชนธนบุรี 5",NULL
1004,"condo","เคหะชุมชนธนบุรี 6",NULL
1005,"condo","เคหะชุมชนธนบุรี 7",NULL
1006,"condo","เคหะชุมชนธนบุรี 8",NULL
1007,"condo","เคหะชุมชนนนทบุรี 3",NULL
1008,"condo","เคหะชุมชนนวนคร",NULL
1009,"condo","เคหะชุมชนบางนา 1",NULL
1010,"condo","เคหะชุมชนบางนา 2",NULL
1011,"condo","เคหะชุมชนพัทยา 1",NULL
1012,"condo","เคหะชุมชนพัทยา 2",NULL
1013,"condo","เคหะชุมชนพัทยา 2  3",NULL
1014,"condo","เคหะชุมชนพัทยา 3",NULL
1015,"condo","เคหะชุมชนภูเก็ต 2",NULL
1016,"condo","เคหะชุมชนร่มเกล้า 1",NULL
1017,"condo","เคหะชุมชนร่มเกล้า 10",NULL
1018,"condo","เคหะชุมชนร่มเกล้า 2",NULL
1019,"condo","เคหะชุมชนร่มเกล้า 3",NULL
1020,"condo","เคหะชุมชนร่มเกล้า 4",NULL
1021,"condo","เคหะชุมชนร่มเกล้า 6",NULL
1022,"condo","เคหะชุมชนร่มเกล้า 7",NULL
1023,"condo","เคหะชุมชนร่มเกล้า 8",NULL
1024,"condo","เคหะชุมชนร่มเกล้า 9",NULL
1025,"condo","เคหะชุมชนออเงิน 1",NULL
1026,"condo","เคหะชุมชนออเงิน 3",NULL
1027,"condo","เคหะบางกะปิ 1",NULL
1028,"condo","เคหะบางกะปิ 1 2",NULL
1029,"condo","เคหะบางกะปิ 1-2",NULL
1030,"condo","เคหะบางกะปิ 2",NULL
1031,"condo","เคหะลำลูกกา",NULL
1032,"condo","เคียงทะเล",NULL
1033,"condo","เจ คอนโด พระราม 2 อาคาร บี",NULL
1034,"condo","เจ คอนโด สาทร-กัลปพฤกษ์",NULL
1035,"condo","เจ อาร์ วาย คอนโดมิเนียม พระราม 9",NULL
1036,"condo","เจ.ดับบลิว.บูเลอวาร์ด อาคาร เอ และ อาคาร บี",NULL
1038,"condo","เจดับบลิว คอนโด แอด ดอนเมือง",NULL
1039,"condo","เจดับบลิว สเตชั่น แอด รามอินทรา",NULL
1040,"condo","เจมโม ทาวน์ สอง",NULL
1041,"condo","เจมโม ทาวน์ หนึ่ง",NULL
1042,"condo","เจมโมโปลิส ฟรีโซน 2",NULL
1043,"condo","เจมโมโปลิส ฟรีโซน 3",NULL
1044,"condo","เจมโมโปลิส ฟรีโซน 4-5",NULL
1045,"condo","เจมโมทาวน์ 1",NULL
1046,"condo","เจมโมทาวน์ 2",NULL
1047,"condo","เจริญกรุงคอนโดมีเนียม 1",NULL
1048,"condo","เชียงใหม่ริเวอร์ไซด์ คอนโดมิเนียม",NULL
1049,"condo","เซเรนิตี้ วงศ์อมาตย์ คอนโดมิเนียม",NULL
1050,"condo","เซ็นเตอร์ คอนโดเทล",NULL
1051,"condo","เซ็นเตอร์คอนโดเทล",NULL
1052,"condo","เซ็นจูเรียน ปาร์ค",NULL
3370,"company","Unknow",""
1053,"condo","เซ็นจูรี่ ไฮทส์ - 1",NULL
1054,"condo","เซ็นจูรี่ ปาร์ค",NULL
1055,"condo","เซ็นจูรี่ ปาร์ค คอนโดมิเนียม",NULL
1056,"condo","เซนต์ชาร์ม คอนโดมิเนียม เฟส 1",NULL
1057,"condo","เซ็นต์หลุยส์ แกรนด์ เทอเรส",NULL
1058,"condo","เซ็นทรัลซิตี้ ทาวเวอร์ 1 ออฟฟิศ",NULL
1059,"condo","เซนทริค ซี พัทยา",NULL
1060,"condo","เซ็นทริค ซี พัทยา",NULL
1061,"condo","เซ็นทริค ซีน สุขุมวิท 64",NULL
1062,"condo","เซ็นทริค รัชดา -ห้วยขวาง",NULL
1063,"condo","เซ็นทริค รัชดา-สุทธิสาร",NULL
1064,"condo","เซ็นทริค สาทร-เซ็นหลุยส์",NULL
1065,"condo","เซ็นทริค อารีย์ สเตชั่น",NULL
1066,"condo","เซ็นทริคเพลส",NULL
1067,"condo","เซนส์ พหลโยธิน",NULL
1068,"condo","เซนส์ สุขุมวิท",NULL
1069,"condo","เซ้นส์ ออฟ ลอนดอน",NULL
1070,"condo","เซล รัตนาธิเบศร์",NULL
1071,"condo","เซอเลส อโศก",NULL
1072,"condo","เซอร์เคิล คอนโดมิเนียม",NULL
1073,"condo","เซอราโน่ พระราม 2 เฟส 1",NULL
1074,"condo","เด็น วิภาวดี",NULL
1075,"condo","เด็น วิภาวดี (สำนักงานใหญ่)",NULL
1076,"condo","เดอ โซน แจ้งวัฒนะ 23",NULL
1077,"condo","เดอะ เครสท์ สุขุมวิท 34",NULL
1078,"condo","เดอะ เคสท์ ร่วมฤดี",NULL
1079,"condo","เดอะ เชดด์ สาทร 1",NULL
1080,"condo","เดอะ เทมโป รัชดา",NULL
1081,"condo","เดอะ เทอร์เรส เรสซิเดนซ์ คอนโดมีเนียม",NULL
1082,"condo","เดอะ เบลล่า คอนโด พระราม 2",NULL
1083,"condo","เดอะ เบส พัทยากลาง",NULL
1084,"condo","เดอะ เพรสซิเด้นท์ เพชรเกษม - บางแค",NULL
1085,"condo","เดอะ เพรสซิเด้นท์ สาทร- ราชพฤกษ์ เฟส 2",NULL
1086,"condo","เดอะ เพรสซิเด้นท์ สาทร-ราชพฤกษ์ เฟส 1",NULL
1087,"condo","เดอะ เพรสซิเด้นท์ สาทร-ราชพฤกษ์ เฟส 2",NULL
1088,"condo","เดอะ เพรสซิเด้นท์ สุขุมวิท 81",NULL
1089,"condo","เดอะ เพรสซิเด้นท์ สุขุมวิท อาคาร เอ",NULL
1090,"condo","เดอะ เพรสซิเด้นท์ สุขุมวิท อาคาร บี",NULL
1091,"condo","เดอะ เพรสสิเด้นท์ สุขุมวิท-สมุทรปราการ",NULL
1092,"condo","เดอะ เมเปิ้ล แอท รัชดา",NULL
1093,"condo","เดอะ เมเปิ้ล แอท รัชดา-ลาดพร้าว",NULL
1094,"condo","เดอะ เม้าท์เท้น คอนโดมิเนียม เอ",NULL
1095,"condo","เดอะ เม้าส์เท้น คอนโดมิเนียม เอ",NULL
1096,"condo","เดอะ เรสซิเดนซ์ หัวหิน",NULL
1097,"condo","เดอะ เลจเจ้นท์",NULL
1098,"condo","เดอะ เฮริเทจ สวีท",NULL
1099,"condo","เดอะ แกรนด์ เอ.ดี. จอมเทียน บีช พัทยา",NULL
1100,"condo","เดอะ แกลเลอรี่ คอนโดมิเนียม",NULL
1101,"condo","เดอะ แกลลอรี่ คอนโดมิเนียม อาคารเอ",NULL
1102,"condo","เดอะ แคปปิตอล เอกมัย-ทองหล่อ",NULL
1103,"condo","เดอะ แซงชัวรี่ คอนโดมิเนียม",NULL
1104,"condo","เดอะ แซงชัวรี่ คอนโดมิเนียม เอบีซี",NULL
1105,"condo","เดอะ แมท 1 (สาทร-ท่าพระ)",NULL
1106,"condo","เดอะ แลนด์สเคป คอนโดมิเนียม แสงจันทร์ ระยอง",NULL
1107,"condo","เดอะ แฮปปี้เนส ซี",NULL
1108,"condo","เดอะ โคฟ คอนโดมิเนียม",NULL
1109,"condo","เดอะ โซน แจ้งวัฒนะ 23",NULL
1110,"condo","เดอะ โมนาเวล คอนโด",NULL
1111,"condo","เด็อะ ไทเทิ้ล",NULL
1112,"condo","เดอะ ไพรเวซี่ เรวดี โครงการ เอ",NULL
1113,"condo","เดอะ ไพรเวซี่ เรวดี โครงการ ซี",NULL
1114,"condo","เดอะ ไพรเวซี่ เรวดี โครงการ ดี",NULL
1115,"condo","เดอะ ไพรเวซี่ เรวดี โครงการ บี",NULL
1116,"condo","เดอะ ไพรเวซี่ ประชาอุทิศ โครงการ เอ",NULL
1117,"condo","เดอะ ไพรเวซี่ ประชาอุทิศ โครงการ ซี",NULL
1118,"condo","เดอะ ไพรเวซี่ ประชาอุทิศ โครงการ บี",NULL
1119,"condo","เดอะ ไลท์ นิวยอร์ก",NULL
1120,"condo","เดอะ กราซคอนโด พัทยาใต้",NULL
1121,"condo","เดอะ กรีน",NULL
1122,"condo","เดอะ กรีน เพลส",NULL
1123,"condo","เดอะ กรีน ลิฟวิ่ง คอนโด พัทยา อาคารเอ",NULL
1124,"condo","เดอะ กรีน ลิฟวิ่ง คอนโด พัทยา อาคารบี",NULL
1125,"condo","เดอะ กรีนลิฟวิ่ง พัทยา อาคาร เอ",NULL
1126,"condo","เดอะ คริสตัล คอนโดมิเนียม 2 เรวดี 1",NULL
1127,"condo","เดอะ คริสตัล คอนโดมิเนียม รัตนาธิเบศร์ 3",NULL
1128,"condo","เดอะ คริสตัล บลิส",NULL
1129,"condo","เดอะ คลับเฮาส์ เรสซิเดนซ์",NULL
1130,"condo","เดอะ คลาวด์ คอนโดมิเนียม",NULL
1131,"condo","เดอะ คอนเน็กซ์ชั่น คอนโดมิเนียม",NULL
1132,"condo","เดอะ คอนเน็กซ์ชั่น คอนโดมิเนียม (แคราย-รัตนาธิเบศร์)",NULL
1133,"condo","เดอะ คอมพลีท นราธิวาส",NULL
1134,"condo","เดอะ คอลเล็ครัชดา 32",NULL
1135,"condo","เดอะ คัลเลอร์รี่ วีวิค",NULL
1136,"condo","เดอะ คิวบ์ นวมินทร์-รามอินทรา",NULL
1137,"condo","เดอะ คิวบ์ ประชาอุทิศ อาคาร เอ",NULL
1138,"condo","เดอะ คิวบ์ ประชาอุทิศ อาคาร บี",NULL
1139,"condo","เดอะ คิวบ์ พลัส แจ้งวัฒนะ",NULL
1140,"condo","เดอะ คิวบ์ พลัส มีนบุรี",NULL
1141,"condo","เดอะ คิวบ์ รามคำแหง",NULL
1142,"condo","เดอะ คิวบ์ สเตชั่น รามอินทรา 109",NULL
1143,"condo","เดอะ คีย์ ประชาชื่น",NULL
1144,"condo","เดอะ ซิตี้ คอนโดมิเนียม 2",NULL
1145,"condo","เดอะ ซี",NULL
1146,"condo","เดอะ ซีเครซ หัวหิน",NULL
1147,"condo","เดอะ ดิโพลแมท 39",NULL
1148,"condo","เดอะ ดิโพลแมท สาทร",NULL
1149,"condo","เดอะ ทรัสต์ คอนโด งามวงศ์วาน",NULL
1150,"condo","เดอะ ทรี บางโพ สเตชั่น",NULL
1151,"condo","เดอะ ทรี พริวาต้า",NULL
1152,"condo","เดอะ ทรี ริโอ้",NULL
1153,"condo","เดอะ ทรี ลาดพร้าว 15",NULL
1154,"condo","เดอะ ทรี อ่อนนุช สเตชั่น",NULL
1155,"condo","เดอะ ทรี อินเตอร์เชนจ์",NULL
1156,"condo","เดอะ ทรีโอ การ์เด้น",NULL
1157,"condo","เดอะ บรีซ",NULL
1158,"condo","เดอะ บลูม สุขุมวิท 71",NULL
1159,"condo","เดอะ ปาล์ม วงศ์อมาตย์ บีช คอนโดมิเนียม",NULL
1160,"condo","เดอะ พริโอ คอนโด",NULL
1161,"condo","เดอะ พอร์ท สุขสวัสดิ์",NULL
1162,"condo","เดอะ พาโนรา ภูเก็ต",NULL
1163,"condo","เดอะ พาร์คแลนด์ 4",NULL
1164,"condo","เดอะ พาร์คแลนด์ เพชรเกษม",NULL
1165,"condo","เดอะ พาร์คแลนด์ แกรนด์ อโศก-เพชรบุรี",NULL
1166,"condo","เดอะ พาร์คแลนด์ งามวงศ์วาน-แคราย",NULL
1167,"condo","เดอะ พาร์คแลนด์ ระยอง",NULL
1168,"condo","เดอะ พาร์คแลนด์ รัชดา-ท่าพระ",NULL
1169,"condo","เดอะ มาริน ภูเก็ต",NULL
1170,"condo","เดอะ ริเวียร่า วงศ์อมาตย์ บีช",NULL
1171,"condo","เดอะ ริเวียร่าจอมเทียน",NULL
1172,"condo","เดอะ รีเจ้นท์ คอนโดมิเนียม",NULL
1173,"condo","เดอะ รีเจ้นท์ บางเทา คอนโดมิเนียม",NULL
1174,"condo","เดอะ รีเซิร์ฟ พหลฯ - ประดิพัทธ์",NULL
1175,"condo","เดอะ รีเซิร์ฟ สุขุมวิท 61",NULL
1176,"condo","เดอะ รีโว ลาดพร้าว 48",NULL
1177,"condo","เดอะ รูม สุขุมวิท 21",NULL
1178,"condo","เดอะ รูม สุขุมวิท 62",NULL
1179,"condo","เดอะ ล็อฟ พระตำหนัก",NULL
1180,"condo","เดอะ ลอฟท์ เอกมัย",NULL
1181,"condo","เดอะ ลอฟท์ สีลม",NULL
1182,"condo","เดอะ ลีฟ พัฒนาการ",NULL
1183,"condo","เดอะ วอเตอร์ฟอร์ด ไดมอนด์ สุขุมวิท 30/1",NULL
1184,"condo","เดอะ วอเตอร์ฟอร์ด พาร์ค คอนโดมิเนียม",NULL
1185,"condo","เดอะ วอเตอร์ฟอร์ด รอยัล สูท",NULL
1186,"condo","เดอะ วอเตอร์ฟอร์ด รอยัล สูธ",NULL
1187,"condo","เดอะ วอเตอร์ฟอร์ด รามา 4",NULL
1188,"condo","เดอะ วอเตอร์ฟอร์ด รามา 4/1",NULL
1189,"condo","เดอะ วัน พลัส คอนโดมิเนียม",NULL
1190,"condo","เดอะ วิชั่น เรสซิเด้นซ์",NULL
1191,"condo","เดอะ สุรวงศ์",NULL
1192,"condo","เดอะ สุรวงศ์ (สำนักงานใหญ่)",NULL
1193,"condo","เดอะเครสท์ ซานโตรา หัวหิน",NULL
1194,"condo","เดอะเครสท์ สุขุมวิท 24",NULL
1195,"condo","เดอะเชดด์ สาทร 1",NULL
1196,"condo","เดอะเซนต์ เรสิเดนเซส",NULL
1197,"condo","เดอะเทมโป รัชดา",NULL
1198,"condo","เดอะเทรเชอร์",NULL
1199,"condo","เดอะเทรนดี้",NULL
1200,"condo","เดอะเทอปิคอล อ่อนนุช 13",NULL
1201,"condo","เดอะเน็กซ์ การ์เด้นท์ มิกซ์",NULL
1202,"condo","เดอะเนสท์ สุขุมวิท 22",NULL
1203,"condo","เดอะเบเวอร์ลี่ แมนชั่น",NULL
1204,"condo","เดอะเบส พระราม 9 - รามคำแหง",NULL
1205,"condo","เดอะเบส พัทยากลาง",NULL
1206,"condo","เดอะเพ้นท์ พาเลท",NULL
1207,"condo","เดอะเพรสซิเด้นท์ สาทร-ราชพฤกษ์",NULL
1208,"condo","เดอะเพลนเนอรี่",NULL
1209,"condo","เดอะเลค",NULL
1210,"condo","เดอะเลคส์",NULL
1211,"condo","เดอะเอสเตท ท่าพระ",NULL
1212,"condo","เดอะแกรนด์ เอ.ดี. จอมเทียน บีช พัทยา",NULL
1213,"condo","เดอะแกลลอรี่ คอนโดมิเนียม อาคาร บี",NULL
1214,"condo","เดอะแคช ลำลูกกา คลอง 2",NULL
1215,"condo","เดอะแซงชัวรี่ คอนโดมิเนียม เอ",NULL
1216,"condo","เดอะแซงชัวรี่ คอนโดมิเนียม ซี",NULL
1217,"condo","เดอะแพลทินัม แฟชั่นมอลล์",NULL
1218,"condo","เดอะแมททริค",NULL
1219,"condo","เดอะโฟร์ตี้ ไนน์ พลัส ทู คอนโดมิเนียม",NULL
1220,"condo","เดอะโฟร์ตี้ไนน์ พลัสทู คอนโดมิเนียม",NULL
1221,"condo","เดอะโฟร์วิงส์ เรสซิเด้นซ์",NULL
1222,"condo","เดอะไดมอนด์ นวนคร-ตลาดไท",NULL
1223,"condo","เด็อะไทเทิ้ล",NULL
1224,"condo","เด็อะไทเทิ้ล 3",NULL
1225,"condo","เด็อะไทเทิ้ล เฟส 3",NULL
1226,"condo","เดอะไทเทิ้ล เรสซิเดนซีส์",NULL
1227,"condo","เดอะไทเทิ้ล เรสซิเดนซี่ส์ (ในยาง-ภูเก็ต)",NULL
1228,"condo","เดอะไนท์ ทู",NULL
1229,"condo","เดอะไนท์ วัน",NULL
1230,"condo","เดอะไพน์ หัวหิน",NULL
1231,"condo","เดอะไพรเวซี่ พระราม 9",NULL
1232,"condo","เดอะไพรเวท คอนโดมิเนียม แอด สุทธิสาร",NULL
1233,"condo","เดอะไพร์ด พัทยาสาย 2 อาคารบี",NULL
1234,"condo","เดอะไพร์ด พัทยาสาย 2 อาคารบี คอนโดมิเนียม",NULL
1235,"condo","เดอะไพรม์ 11",NULL
1236,"condo","เดอะไพร์ม 11 คอนโดมิเนียม",NULL
1237,"condo","เดอะไมอามี่บางปู 8",NULL
1238,"condo","เดอะไรซ์ เรสซิเดนซ์",NULL
1239,"condo","เดอะไรส์ คอนโดมิเนียม บี 1",NULL
1240,"condo","เดอะไรส์ คอนโดมิเนียม บี 2",NULL
1241,"condo","เดอะไรส์ คอนโดมิเนียม บี 4",NULL
1242,"condo","เดอะไลท์เฮ้าส์",NULL
1243,"condo","เดอะไลน์ พหลโยธิน พาร์ค อาคาร เอ",NULL
1244,"condo","เดอะกั๊ม คอนโดมิเนียม ตึก F",NULL
1245,"condo","เดอะกั๊ม คอนโดมิเนียม ตึก G",NULL
1246,"condo","เดอะกั๊มคอนโดมิเนียม (A-D)",NULL
1247,"condo","เดอะกั๊มคอนโดมิเนียม H",NULL
1248,"condo","เดอะกั๊มคอนโดมิเนียม I",NULL
1249,"condo","เดอะกัสโต้ แอท หัวเวียง",NULL
1250,"condo","เดอะคริส",NULL
1251,"condo","เดอะคริส 2",NULL
1252,"condo","เดอะคริส 2 คอนโดมิเนียม",NULL
1253,"condo","เดอะคริส 5",NULL
1254,"condo","เดอะคริส 6",NULL
1255,"condo","เดอะคริส 7",NULL
1256,"condo","เดอะคริส เอ็กซ์เพรส 2",NULL
1257,"condo","เดอะคอมพลีท ราชปรารภ",NULL
1258,"condo","เดอะคิทท์ แจ้งวัฒนะ อาคาร A",NULL
1259,"condo","เดอะคิทท์ แจ้งวัฒนะ อาคาร C",NULL
1260,"condo","เดอะคิทท์ แจ้งวัฒนะ อาคาร ซี",NULL
1261,"condo","เดอะคิทท์ แจ้งวัฒนะ อาคาร บี",NULL
1262,"condo","เดอะคิทท์ พลัส นวมินทร์ อาคารเอและบี",NULL
1263,"condo","เดอะคิทท์ ลำลูกกา อาคารเอ 1 และอาคารเอ 2",NULL
1264,"condo","เดอะคิวบ์ แจ้งวัฒนะ",NULL
1265,"condo","เดอะคิวบ์ พรีเมียม รัชดา 32",NULL
1266,"condo","เดอะคิวบ์ พลัส แจ้งวัฒนะ",NULL
1267,"condo","เดอะคิวบ์ พลัส พหลโยธิน 56",NULL
1268,"condo","เดอะคิวบ์ ลอฟท์ ลาดพร้าว 107",NULL
1269,"condo","เดอะคีย์ แจ้งวัฒนะ",NULL
1270,"condo","เดอะคีย์ อุดมสุข",NULL
1271,"condo","เดอะซิกเนเจอร์ บายเออร์บาโน",NULL
1272,"condo","เดอะซิกเนอเจอร์ บายเออร์บาโน",NULL
1273,"condo","เดอะซีไซด์ ส คอนโดมิเนียม",NULL
1274,"condo","เดอะซีไซด์'ส คอนโดมิเนียม",NULL
1275,"condo","เดอะซี้ด เตร์เร่ รัชโยธิน",NULL
1276,"condo","เดอะซี้ด เมมโมรี่สยาม",NULL
1277,"condo","เดอะซีรีส์ ติวานนท์",NULL
1278,"condo","เดอะทรัสต์ เรสซิเด้นซ์ ปิ่นเกล้า",NULL
1279,"condo","เดอะทรัสต์ เรสซิเด้นซ์ พัทยากลาง",NULL
1280,"condo","เดอะทรัสต์ เรสซิเด้นซ์ รัชดา-พระราม 3",NULL
1281,"condo","เดอะทรัสต์ คอนโด นครปฐม",NULL
1282,"condo","เดอะทรี ดินแดง-ราชปรารภ",NULL
1283,"condo","เดอะทรี อิน เตอร์ เชนจ์",NULL
1284,"condo","เดอะทรีโชคชัย 4",NULL
1285,"condo","เดอะทีค พัฒนาการ",NULL
1286,"condo","เดอะนิช ไอดี พระราม 2 เฟส 1",NULL
1287,"condo","เดอะนิช ไอดี ลาพร้าว 130 อาคารซีและ อาคารดี",NULL
1288,"condo","เดอะนิช ซิตี้ ลาดพร้าว 130 อาคาร เอ และ อาคาร บี",NULL
1289,"condo","เดอะนิช ซิตี้ ลาดพร้าว 130 อาคาร เอ และอาคาร บี",NULL
1290,"condo","เดอะนิช ตากสิน",NULL
1291,"condo","เดอะนิช ลาดพร้าว 48 อาคาร 1",NULL
1292,"condo","เดอะนิมมานา",NULL
1293,"condo","เดอะบรีซ หัวหิน",NULL
1294,"condo","เดอะบีช พาเลซ",NULL
1295,"condo","เดอะบีช พาเลซ ชะอำ",NULL
1296,"condo","เดอะปาล์ม วงศ์อมาตย์ บีช คอนโดมิเนียม",NULL
1297,"condo","เดอะพาโนรา ภูเก็ต",NULL
1298,"condo","เดอะพาร์คแลนด์ 1",NULL
1299,"condo","เดอะพาร์คแลนด์ 2",NULL
1300,"condo","เดอะพาร์คแลนด์ 4",NULL
1301,"condo","เดอะพาร์คแลนด์ แกรนด์ ตากสิน",NULL
1302,"condo","เดอะพาร์คแลนด์ รัชดา-ท่าพระ",NULL
1303,"condo","เดอะพาร์คแลนด์ ศรีนครินทร์",NULL
1304,"condo","เดอะพาร์คแลนด์ ศรีนครินทร์ เลคไซด์",NULL
1305,"condo","เดอะพาร์คแลนด์ศรีนครินทร์ เลคไซด์",NULL
1306,"condo","เดอะฟายน์ บาย ฟายน์โฮม อารีย์ 4",NULL
1307,"condo","เดอะฟ้าอารีย์ 4",NULL
1308,"condo","เดอะฟิฟท์อเวนิว คอนโดมิเนียม อาคารเอ และบี",NULL
1309,"condo","เดอะมาร์ค รัชดา - แอร์พอร์ตลิงค์",NULL
1310,"condo","เดอะมาร์คแลนด์ คอนโดทาวน์",NULL
1311,"condo","เดอะมาสเตอร์สาทร เอ๊กเซ็กคูทีฟ",NULL
1312,"condo","เดอะมิดด์ คอนโดมิเนียม 1",NULL
1313,"condo","เดอะมิลลิเนียม คอนโด",NULL
1314,"condo","เดอะรีเซิร์ฟ",NULL
1315,"condo","เดอะรีเซิร์ฟ เกษมสันต์ 3",NULL
1316,"condo","เดอะรีโว ลาดพร้าว 48",NULL
1317,"condo","เดอะรูม รัชดา-ลาดพร้าว",NULL
1318,"condo","เดอะรูม สาทร - เซนต์หลุยส์",NULL
1319,"condo","เดอะรูม สาทร-ตากสิน",NULL
1320,"condo","เดอะรูม สุขุมวิท 69",NULL
1321,"condo","เดอะรูมพระราม 4",NULL
1322,"condo","เดอะลอฟท์ อโศก",NULL
1323,"condo","เดอะลิ้งค์ 3",NULL
1324,"condo","เดอะลิ้งค์ 4",NULL
1325,"condo","เดอะลิงค์ 5",NULL
1326,"condo","เดอะวอเตอร์ฟอร์ด รอยัล สูท",NULL
1327,"condo","เดอะวอเตอร์ฟอร์ด รามา 4/4",NULL
1328,"condo","เดอะวอเตอร์ฟอร์ด สุขุมวิท 50/1",NULL
1329,"condo","เดอะวอเตอร์ฟอร์ดพาร์ค คอนโดมิเนียม",NULL
1330,"condo","เดอะวันพลัส-แกรนด์ รามคำแหง",NULL
1331,"condo","เดอะวินเนอร์",NULL
1332,"condo","เดอะวิลเลจ",NULL
1333,"condo","เดอะวิว โคซี บีช เรสซิ เด้นซ์",NULL
1334,"condo","เดอะศิริ คอนโดมิเนียม",NULL
1335,"condo","เดอะสเตจ เตาปูน อินเตอร์เชนจ์",NULL
1336,"condo","เดอะสเปซ คอนโด 2",NULL
1337,"condo","เดอะสแตนอินดี๊ด คอนโด",NULL
1338,"condo","เดอะสกาย คอนโด",NULL
1339,"condo","เดอะสกาย สุขุมวิท",NULL
1340,"condo","เดอะสตาร์เอสเตท แอทนราธิวาส",NULL
1341,"condo","เดอะสตาร์เอสเตทแอทนราธิวาส",NULL
1342,"condo","เดอะอเวนิว เรสซิเด้นซ์ คอนโดมิเนียม",NULL
1343,"condo","เตาปูน แมนชั่น ทาวเวอร์ บี",NULL
1344,"condo","เตาปูนแมนชั่น ทาวเวอร์ เอ",NULL
1345,"condo","เทเวศร์ แมนชั่น",NULL
1346,"condo","เทพมงคล คอนโด",NULL
1347,"condo","เนอร์วาน่า เพลส",NULL
1348,"condo","เบญจศรี คอนโดมิเนียม",NULL
1349,"condo","เบฟเวอร์รี่ ฮิลล์ แมนชั่น",NULL
1350,"condo","เบย์วิว รีสอร์ท",NULL
1351,"condo","เบย์วิวรีสอร์ท",NULL
1352,"condo","เบ็ล พาร์ค เรสซิเด้นซ์ 1",NULL
1353,"condo","เบ็ล อเวนิว 1",NULL
1354,"condo","เบ็ล อเวนิว 2",NULL
1355,"condo","เบลกราเวีย เรสสิเดนซ์",NULL
1356,"condo","เบลล่า คอสต้า",NULL
1357,"condo","เปรมสิริ บูทิค พาร์ค อาคาร A",NULL
1358,"condo","เปรมสิริ บูทิค พาร์ค อาคาร ซี",NULL
1359,"condo","เปรมสิริ บูทิค พาร์ค อาคาร ดี",NULL
1360,"condo","เปรมสิริ บูทิค พาร์ค อาคาร อี",NULL
1361,"condo","เปรมสิริ พาร์ค อาคาร B",NULL
1362,"condo","เปรมสิริบูทิค พาร์ค อาคาร บี",NULL
1363,"condo","เปี่ยมรักเรสซิเด้นซ์",NULL
1364,"condo","เพชรไพลินคอนโดทาวน์",NULL
1365,"condo","เพรสซิเด้นท์ คอนโดทาวน์ 1",NULL
1366,"condo","เพรสซิเด้นท์ คอนโดทาวน์ 2",NULL
1367,"condo","เพรสทีจ คอนโดมิเนียม",NULL
1368,"condo","เพรสิเดนท์ พาร์ค ฮาร์เบอร์วิว มะฮอกกานี ทาวเวอร์",NULL
1369,"condo","เพรสิเดนท์พาร์ค พาร์ควิว ทาวเวอร์",NULL
1370,"condo","เพิร์ล เรสซิเดนซ์",NULL
1371,"condo","เพิร์ลการ์เด้น คอนโดมิเนียม",NULL
1372,"condo","เพียว ซันเซท บีช คอนโดมิเนียม",NULL
1373,"condo","เพียว ซันเซท บีช คอนโดมิเนียม บี ซี",NULL
1374,"condo","เฟรเกรนท์ 71 คอนโดนิเนียม",NULL
1375,"condo","เฟรช คอนโดมิเนียม",NULL
1376,"condo","เฟลิค ลาดพร้าว วังหิน 79",NULL
1377,"condo","เฟิร์ส ทาวเวอร์",NULL
1378,"condo","เมโทร พาร์ค สาทร 1-1",NULL
1379,"condo","เมโทร พาร์ค สาทร 1-2",NULL
1380,"condo","เมโทร พาร์ค สาทร 1-3",NULL
1381,"condo","เมโทร พาร์ค สาทร 1-4",NULL
1382,"condo","เมโทร พาร์ค สาทร 2/1",NULL
1383,"condo","เมโทร พาร์ค สาทร 2-1",NULL
1384,"condo","เมโทร พาร์ค สาทร 2-2",NULL
1385,"condo","เมโทร พาร์ค สาทร 2-3",NULL
1386,"condo","เมโทร พาร์ค สาทร 3-1",NULL
1387,"condo","เมโทร พาร์ค สาทร 3-2",NULL
1388,"condo","เมโทร ริเวอร์ฟร้อนท์",NULL
1389,"condo","เมโทร ลักซ์ รัชดา",NULL
1390,"condo","เมโทร สกาย รัชดา",NULL
1391,"condo","เมโทร สกาย วุฒากาศ",NULL
1392,"condo","เมโทรพาร์คสาทร 1-1",NULL
1393,"condo","เมโทรลักซ์ เกษตร",NULL
1394,"condo","เมโทรลักซ์ พระราม 4",NULL
1395,"condo","เมก้า พลาซ่า",NULL
1396,"condo","เม็งรายทาวเวอร์",NULL
1397,"condo","เมธา เพลสรัชดา",NULL
1398,"condo","เมธาเพลสรัชดา",NULL
1399,"condo","เมย์ แฟร์ เพลส สุขุมวิท 64",NULL
1400,"condo","เมอร์ลินทาวเวอ",NULL
1401,"condo","เมอร์ลินทาวเวอร์ 1",NULL
1402,"condo","เมืองใหม่ บางพลี 18",NULL
1403,"condo","เมืองใหม่บางพลี 12",NULL
1404,"condo","เมืองใหม่บางพลี 13",NULL
1405,"condo","เมืองใหม่บางพลี 14",NULL
1406,"condo","เมืองใหม่บางพลี 15",NULL
1407,"condo","เมืองใหม่บางพลี 16",NULL
1408,"condo","เมืองใหม่บางพลี 17",NULL
1409,"condo","เมืองใหม่บางพลี 19",NULL
1410,"condo","เมืองทองธานี C2",NULL
1411,"condo","เรสซิเดนซ์ วัน",NULL
1412,"condo","เลคกรีน",NULL
1413,"condo","เลคชอว์ เวสท์",NULL
1414,"condo","เลคชอว์ นอร์ท",NULL
1415,"condo","เลควิว คอนโดมิเนียม อาคารริเวียร่า",NULL
1416,"condo","เลควิวคอนโดมิเนียม อาคารเจนีวา",NULL
1417,"condo","เลควิวคอนโดมิเนียม อาคารริเวียร่า",NULL
1418,"condo","เลควิวคอนโดมิเนียมอาคารริเวียร่า",NULL
1419,"condo","เลควิวคอนโดมิเนียมอาคารวิคตอเรีย",NULL
1420,"condo","เลทีเซีย",NULL
1421,"condo","เลอ โมนาโค เรสซิเดนซ์",NULL
1422,"condo","เลอ ครีก คอนโด",NULL
1423,"condo","เลอ ริช",NULL
1424,"condo","เลอเซเเลส",NULL
1425,"condo","เลอโคเต้ ทองหล่อ 8",NULL
1426,"condo","เลอโคเต้ สุขุมวิท 14",NULL
1427,"condo","เลอโมนาโค เรสซิเดนซ์",NULL
1428,"condo","เลอฌ็อง อาคาร เอ",NULL
1429,"condo","เลอฌ็องลาดพร้าว บี",NULL
1430,"condo","เลอนิส เอกมัย",NULL
1431,"condo","เลอพรีเมียร์ 1",NULL
1432,"condo","เลิศมงคลทองคอนโด 2",NULL
1433,"condo","เวเนเชี่ยน ซิกเนเจอร์ คอนโด รีสอร์ท พัทยา",NULL
1434,"condo","เวนโต้ คอนโด",NULL
1435,"condo","เวล่า คาซ่า คอนโดมิเนียม บี",NULL
1436,"condo","เวอร์ทีค",NULL
1437,"condo","เสนาทิพย์ ลิฟวิ่งเพลส",NULL
1438,"condo","เอ เปซ อโศก-รัชดา นอร์ธ ทาวเวอร์",NULL
1439,"condo","เอ ไลฟ์ สุขุมวิท 76",NULL
1440,"condo","เอ พลัส 2 @ รัตนาธิเบศ",NULL
1441,"condo","เอ สเปซ เกษตร-นวมินทร์",NULL
1442,"condo","เอ สเปซ เพลย์",NULL
1443,"condo","เอ สเปซ มี บางนา",NULL
1444,"condo","เอ สเปซ สุขุมวิท เอ-บี",NULL
1445,"condo","เอ สเปซ อโศก - รัชดา เอบีซี",NULL
1446,"condo","เอ สเปซ อโศก-รัชดา นอร์ธ ทาวเวอร์",NULL
1447,"condo","เอ สเปซ อโศก-รัชดา นอร์ธทาวเวอร์",NULL
1448,"condo","เอ.ดี เลค แอนด์ รีสอร์ท หัวหิน",NULL
1449,"condo","เอ.ดี คอนโดมิเนียม ไฮเอท",NULL
1450,"condo","เอ.ดี. คอนโดมิเนียม ไฮเอท",NULL
1451,"condo","เอ.ดี.เลค แอนด์รีสอร์ท หัวหิน",NULL
1452,"condo","เอเซ่ รัชดา คอนโดมิเนียม",NULL
1453,"condo","เอเซีย ซิตี้ไลฟ์ คอนโดมิเนียม",NULL
1454,"condo","เอเซียซิตี้ไลฟ์ คอนโดมิเนียม",NULL
1455,"condo","เอเทรี่ยม พหลฯ-สุทธิสาร",NULL
1456,"condo","เอเทรี่ยม พหลฯ-สุธิสาร",NULL
1457,"condo","เอเวอร์กรีน วิว ทาวเวอร์",NULL
1458,"condo","เอแบคคอนโดทาวน์ อาคาร เอ",NULL
1459,"condo","เอแบคคอนโดทาวน์ อาคาร บี",NULL
1460,"condo","เอ็กซ์ซีด ทุ่งกราด คอนโดมิเนียม บี",NULL
1461,"condo","เอกสิน คอนโดมิเนียม",NULL
1462,"condo","เอกสิน คอนโดมิเนียม อาคารดี",NULL
1463,"condo","เอกสินเพลส",NULL
1464,"condo","เอควา เรสซิเดนซ์ สุขุมวิท 49",NULL
1466,"condo","เอดี บางเสร่ เลค แอนด์ รีสอร์ท",NULL
1467,"condo","เอท ทองหล่อ เรสซิเด้นส์เซส",NULL
1468,"condo","เอ็ม ที คอนโดมิเนียม",NULL
1469,"condo","เอ็ม พญาไท",NULL
1470,"condo","เอ็มไพร์ เฮ้าส์",NULL
1471,"condo","เอ็มที เรสซิเด้นท์ คลองหลวง",NULL
1472,"condo","เอลลิโอ สุขุมวิท 64",NULL
1473,"condo","เอลิส ติวานนท์ อาคาร บี",NULL
1474,"condo","เอลิสติวานนท์ อาคารเอ",NULL
1475,"condo","เอส เอส พี 2",NULL
1476,"condo","เอส วัน ปาร์ค คอนโดมิเนียม",NULL
1477,"condo","เอส สเปซ คอนโด",NULL
1478,"condo","เอส สยาม คอนโดทาวน์",NULL
1479,"condo","เอส. สยาม คอนโดทาวน์",NULL
1480,"condo","เอส.สยาม คอนโดทาวน์",NULL
1481,"condo","เอสเซ็นท์ เชียงใหม่",NULL
1482,"condo","เอสเซ็นท์ ขอนแก่น",NULL
1483,"condo","เอสเซ็นท์ ระยอง",NULL
1484,"condo","เอสเซ็นท์ วิลล์ เชียงใหม่",NULL
1485,"condo","เอสเซ็นท์ วิลล์ เชียงราย",NULL
1486,"condo","เอสเซ็นท์เชียงใหม่",NULL
1487,"condo","เอสเตรญ่า",NULL
1488,"condo","เอสคิว สุขุมวิท 101/1",NULL
1489,"condo","เอสซี เรสซิเดนซ์ คอนโด",NULL
1490,"condo","เอสตา เบ เอ",NULL
1491,"condo","เอสตา เบ ซี",NULL
1492,"condo","เอสตา เบ ซีี",NULL
1493,"condo","เอสตา เบ บี",NULL
1494,"condo","เอสต้า บลิซ",NULL
1495,"condo","เอสปันญ่า คอนโด รีสอร์ท พัทยา",NULL
1496,"condo","เอสวัน พระรามเก้า",NULL
1497,"condo","เอสวันปาร์ค คอนโดมิเนียม",NULL
1498,"condo","เออร์บานา สุขุมวิท 15",NULL
1499,"condo","เออร์บาน่า สุขุมวิท 15",NULL
1500,"condo","เออร์บิเทีย ทองหล่อ",NULL
1501,"condo","เอื้ออมรสุข ยานนาวา",NULL
1502,"condo","เอื้ออาทรบึงกุ่ม 1",NULL
1503,"condo","เฮ้าส์ 23 รัชดา-ลาดพร้าว",NULL
1504,"condo","แกรนด์ ไดมอนด์-ประตูน้ำ",NULL
1505,"condo","แกรนด์ คอนโดมิเนียม",NULL
1506,"condo","แกรนด์ คาริบเบียน คอนโด รีสอร์ท พัทยา",NULL
1507,"condo","แกรนด์ ทิวลิป คอนโดมิเนียม",NULL
1508,"condo","แกรนด์ พาร์ควิว อโศก",NULL
1509,"condo","แกรนด์ ฟลอริด้า บีช ฟร้อน คอนโด รีสอร์ท พัทยา",NULL
1510,"condo","แกรนด์ อเวนิว เรสซิเดนซ์",NULL
1511,"condo","แกรนด์ไดมอนด์-ประตูน้ำ",NULL
1512,"condo","แกรนด์พาเลซ อาคารเอ",NULL
1513,"condo","แกรนด์พาเลซ อาคารบี",NULL
1514,"condo","แก้วพฤกษา",NULL
1515,"condo","แคทลียา คอนโดเทล",NULL
1516,"condo","แคสเซีย คอนโดมิเนียม",NULL
1517,"condo","แชปเตอร์ วัน โมเดิร์น ดัชต์",NULL
1518,"condo","แชปเตอร์ วัน มิดทาวน์ ลาดพร้าว 24",NULL
1519,"condo","แชปเตอร์วัน ชายน์ บางโพ",NULL
1520,"condo","แชปเตอร์วัน อีโค รัชดา-ห้วยขวาง",NULL
1521,"condo","แชฟวี่ คอนโดมิเนียม",NULL
1522,"condo","แชมเบอร์ส เฌอ",NULL
1523,"condo","แชมเบอรี่ คอนโด",NULL
1524,"condo","แซนด์",NULL
1525,"condo","แซนด์ คอนโดมิเนียม",NULL
1526,"condo","แซฟวี่ คอนโดมิเนียม",NULL
1527,"condo","แบงค์คอก เฟลิซ วิภาวดี 30",NULL
1528,"condo","แบงค์คอก ฮอไรซอน เพชรเกษม",NULL
1529,"condo","แบงค์คอก ฮอไรซอน รัชดา-ท่าพระ",NULL
1530,"condo","แฟคตอรี่ คอนโด หนึ่ง",NULL
1531,"condo","แฟมมิลี่ ทาวน์",NULL
1532,"condo","แฟมมิลี่ ปาร์ค",NULL
1533,"condo","แฟร์ ทาวน์เวอร์",NULL
1534,"condo","แมเนอร์สนามบินน้ำ",NULL
1535,"condo","แมกซ์ คอนโดมิเนียม เกษตร-วิภาวดี",NULL
1536,"condo","แมกซ์คอนโด งามวงศ์วาน-แคราย",NULL
1537,"condo","แมกซ์ซี่ คอนโด",NULL
1538,"condo","แม่กลอง",NULL
1539,"condo","แม่น้ำ เรสซิเดนท์",NULL
1540,"condo","แลนด์มาร์ค เรสซิเด้นท์",NULL
1541,"condo","และเคหะชุมชน และบริการชุมชน บางปู 1",NULL
1542,"condo","และเคหะชุมชนและ บริการชุมชน บางปู 1",NULL
1543,"condo","และเคหะชุมชนและบริการชุมชน บางปู 1",NULL
1544,"condo","แวนเทจ",NULL
1545,"condo","แสงทอง คอนโด",NULL
1546,"condo","แหลมฉบัง",NULL
1547,"condo","แหลมฉบัง 1",NULL
1548,"condo","แหลมฉบัง 2",NULL
1549,"condo","แหลมฉบัง 3",NULL
1550,"condo","แหลมฉบังทาวเวอร์",NULL
1551,"condo","แอด บีทีเอส เรสซิเด้นซ์",NULL
1552,"condo","แอดเดอร่า แจ้งวัฒนะ คอนโดมิเนียม",NULL
1553,"condo","แอตแลนติส คอนโด รีสอร์ท พัทยา",NULL
1554,"condo","แอท ซิตี้ สุขุมวิท",NULL
1555,"condo","แอทโมช คาแนล รังสิต",NULL
1556,"condo","แอททรี เวสท์",NULL
1557,"condo","แอททรี นอร์ท",NULL
1558,"condo","แอททรี อีสท์",NULL
1559,"condo","แอทอีสต์ คอนโดมิเนียม",NULL
1560,"condo","แอทอีสต์ คอนโดมิเนียม 2",NULL
1561,"condo","แอ็บสแตร็กส์ พหลโยธิน พาร์ค อาคาร เอ",NULL
1562,"condo","แอ๊บสแตร็กส์ สุขุมวิท 66/1 เดอะซัน",NULL
1563,"condo","แอ็บสแตร็กส์ สุขุมวิท 66/1 เดอะซัน",NULL
1564,"condo","แอ็บสแตร็กส์ สุขุมวิท 66/1 เดอะมูน",NULL
1565,"condo","แอร์ลิงค์ เรสซิเดนซ์",NULL
1566,"condo","แอร์ลิงค์ เรสซิเดนซ์ (เฟส2)",NULL
1567,"condo","แอร์ลิงค์ เรสซิเดนซ์ เฟส 3",NULL
1568,"condo","แอร์ลิงค์ เรสซิเด้นซ์ เฟส 3",NULL
1569,"condo","แอร์ลิงค์ เรสซิเดนซ์ เฟส 4",NULL
1570,"condo","แอล สไตล์ คอนโด",NULL
1571,"condo","แอสปาย พระราม 4",NULL
1572,"condo","แอสปาย รัชดา - วงศ์สว่าง",NULL
1573,"condo","แอสปาย สาทร-ท่าพระ",NULL
1574,"condo","แอสปายพระราม 4",NULL
1575,"condo","แฮปปี้ คอนโด ลาดพร้าว 101 อาคาร เอช",NULL
1577,"condo","แฮปปี้ คอนโดลาดพร้าว 101 อาคาร ดีและอี",NULL
1578,"condo","แฮปปี้คอนโด ดอนเมือง เดอะเทอมินอล",NULL
1579,"condo","แฮปปี้คอนโด ลาดพร้าว 101 อาคาร G",NULL
1580,"condo","แฮปปี้คอนโด ลาดพร้าว 101 อาคารดี และ อาคารอี",NULL
1581,"condo","แฮปปี้คอนโด ลาดพร้าว 101 อาคารนอร์ธ",NULL
1584,"condo","โกลเด้นท์ โคสท์",NULL
1585,"condo","โกลเด้นพัทยา คอนโดมิเนียม",NULL
1586,"condo","โกลเด้นพัทยาคอนโดมิเนียม",NULL
1587,"condo","โกลเด้นพัทยาคอนโดมิเนี่ยม",NULL
1588,"condo","โคโตบูกิ เพลส คอนโดมิเนียม",NULL
1589,"condo","โคปาคาบาน่า บีช จอมเทียน",NULL
1590,"condo","โคลเวอร์ ลาดพร้าว 83",NULL
1591,"condo","โชคชัยร่วมมิตร คอนโดมิเนียม",NULL
1592,"condo","โซซิโอ อินทามระ",NULL
1593,"condo","โนเบิล แอมเบียนส์ สุขุมวิท 42",NULL
1594,"condo","โนเบิล โซโล",NULL
1595,"condo","โนเบิล ไลท์",NULL
1596,"condo","โนเบิล รีเวนต์",NULL
1597,"condo","โนเบิล รีโว สีลม",NULL
1598,"condo","โนเบิล รีมิกซ์",NULL
1599,"condo","โนเบิล รีวีล",NULL
1600,"condo","โนเบิลเฮ้าส์ พญาไท",NULL
1601,"condo","โนวานา เรสซิเดนซ์",NULL
1602,"condo","โบ๊เบ๊ทาวเวอร์",NULL
1603,"condo","โบ๊เบ๊ทาวเวอร์ 2",NULL
1604,"condo","โบ๊ทเฮ้าส์ หัวหิน เอ",NULL
1605,"condo","โบ๊ทเฮ้าส์ หัวหิน ซี",NULL
1606,"condo","โบ๊ทเฮ้าส์ หัวหิน บี",NULL
1607,"condo","โบทานิก้า เขาใหญ่",NULL
1608,"condo","โฟคัส ออน ศาลาแดง",NULL
1609,"condo","โฟร์สตรีท แมนชั่น",NULL
1610,"condo","โมเดอร์น โฮมเพลส 1-4",NULL
1611,"condo","โมเดอร์นโฮมเพลส 1-4",NULL
1612,"condo","โมเดิร์น คอนโด",NULL
1613,"condo","โมดัส บีชฟร้อนท์ คอนโดมิเนียม เอ",NULL
1614,"condo","โมดิช รัชดา 32",NULL
1615,"condo","โมทีฟ คอนโด",NULL
1616,"condo","โมนีค สุขุมวิท 64",NULL
1617,"condo","โอเรียลเต็ล ทาวเวอร์ คอนโดมิเนียม",NULL
1618,"condo","โอกาส 105 คอนโดมิเนียม",NULL
1619,"condo","โอกาส หัวหิน",NULL
1620,"condo","โฮป แอนด์ กาย คอนโดทาวน์",NULL
1621,"condo","ใบหยก 2",NULL
1622,"condo","ใบหยก ทาวเวอร์",NULL
1623,"condo","ใบหยกทาวเวอร์",NULL
1624,"condo","ไซมิส จอยญ่า",NULL
1625,"condo","ไซมิส สุรวงศ์",NULL
1626,"condo","ไดมอนด์ ทาวเวอร์",NULL
1627,"condo","ไทดีดีลักซ์",NULL
1628,"condo","ไทปิง ทาวเวอร์ส",NULL
1629,"condo","ไทปิงทาวเวอร์",NULL
1630,"condo","ไทปิงทาวเวอร์ส",NULL
1631,"condo","ไบร์ท วงเวียนใหญ่",NULL
1632,"condo","ไบร์ท สุขุมวิท 24",NULL
1633,"condo","ไมล์สโตน คอนโดมิเนียม เสรีไทย",NULL
1634,"condo","ไลบรารี่ เฮ้าส์",NULL
1635,"condo","ไลบรารี่ เฮ้าส์ จรัญ 13",NULL
1636,"condo","ไลฟ์ แอด พหล-อารีย์",NULL
1637,"condo","ไลฟ์ แอด รัชดา - สุทธิสาร",NULL
1639,"condo","ไวโอ แคราย",NULL
1640,"condo","ไวโอ แคราย 2",NULL
1641,"condo","ไวร์ รัชดา 19",NULL
1642,"condo","ไอ คอนโด งามวงศ์วาน 2",NULL
1643,"condo","ไอ คอนโด ศาลายา 2",NULL
1644,"condo","ไอ-เฮ้าส์ ลากูน่า การ์เด้น 2",NULL
1645,"condo","ไอ-เฮ้าส์ ลากูน่า การ์เด้น 3",NULL
1646,"condo","ไอ-เฮ้าส์ ลากูน่าการ์เด้น 1",NULL
1647,"condo","ไอ-เฮ้าส์ ลากูน่าการ์เด้น 2",NULL
1648,"condo","ไอคอนโด เกษตรนวมินทร์",NULL
1649,"condo","ไอคอนโด เพชรเกษม 39",NULL
1650,"condo","ไอคอนโด เสรีไทย",NULL
1651,"condo","ไอคอนโด แอคทีฟ พัฒนาการ",NULL
1652,"condo","ไอคอนโด งามวงศ์วาน",NULL
1653,"condo","ไอคอนโด ศาลายา",NULL
1654,"condo","ไอคอนโด สุขาภิบาล 2",NULL
1655,"condo","ไอคอนโด สุขุมวิท 103",NULL
1656,"condo","ไอคอนโด สุขุมวิท 105-1",NULL
1657,"condo","ไอคอนโด สุขุมวิท 105-2",NULL
1658,"condo","ไอคอนโด สุขุมวิท 105-3",NULL
1659,"condo","ไอคอนโด สุขุมวิท 77",NULL
1660,"condo","ไอคอนโด สุขุมวิท 77 เฟส 2",NULL
1661,"condo","ไอคอนโด สุขุมวิท77",NULL
1662,"condo","ไอคอนพาร์ค คอนโดมิเนียม",NULL
1663,"condo","ไอดิโอ มิกซ์ พหลโยธิน",NULL
1664,"condo","ไอดีโอ โมบิ จรัญ-อินเตอร์เชนจ์",NULL
1665,"condo","ไอดีโอ โมบิ พญาไท",NULL
1666,"condo","ไอดีโอ คิว พญาไท",NULL
1667,"condo","ไอดีโอ คิว สุขุมวิท 36",NULL
1668,"condo","ไอดีโอ ท่าพระ อินเตอร์เช้นจ์",NULL
1669,"condo","ไอดีโอ มิกซ์ พหลโยธิน",NULL
1670,"condo","ไอดีโอ รัชดา-ห้วยขวาง",NULL
1671,"condo","ไอดีโอ ลาดพร้าว 17",NULL
1672,"condo","ไอดีโอ สาทร-ตากสิน",NULL
1675,"condo","ไอทีเอฟ-สีลมพาเลส",NULL
1676,"condo","ไอริส แอเวนิว อาคาร 1",NULL
1677,"condo","ไอริส แอเวนิว อาคาร 5",NULL
1678,"condo","ไอริสแอเวนิวอาคาร 4",NULL
1679,"condo","ไอ-ลอฟท์ แอท บางแสน",NULL
1680,"condo","ไอวี่ ริเวอร์",NULL
1681,"condo","ไฮด์ สุขุมวิท",NULL
1682,"condo","ไฮด์ สุขุมวิท 11",NULL
1683,"condo","ไฮฟ์ ตากสิน",NULL
1684,"condo","ไฮฟ์ สาทร",NULL
1685,"condo","กมลเนตร",NULL
1686,"condo","กมล-กมลภู",NULL
1687,"condo","กมลพรรณ",NULL
1688,"condo","กมลา รีเจ้นท์ คอนโดมิเนียม",NULL
1689,"condo","กมลารีเจ้นท์ คอนโดมิเนียม",NULL
1690,"condo","กรีเน่ แจ้งวัฒนะ คอนโดมิเนียม",NULL
1691,"condo","กรีเน่ คอนโด ดอนเมือง- สรงประภา เฟส 2",NULL
1692,"condo","กรีเน่ คอนโด ดอนเมือง-สรงประภา เฟส 1",NULL
1693,"condo","กรีเน่ คอนโด ดอนเมือง-สรงประภา เฟส 2",NULL
1694,"condo","กรีนเลค คอนโด",NULL
1695,"condo","กรีนเลค คอนโด สอง",NULL
1696,"condo","กรีนเลค คอนโด สาม",NULL
1697,"condo","กรีนเลค คอนโด สี่",NULL
1698,"condo","กรีนเลค คอนโด หนึ่ง",NULL
1699,"condo","กรีนเลคคอนโด หนึ่ง",NULL
1700,"condo","กรีนพีช แมนชั่น",NULL
1701,"condo","กรีนลิฟวิ่ง พัทยา อาคาร เอ",NULL
1702,"condo","กรู๊ฟ รัชดา-ลาดพร้าว",NULL
1703,"condo","กรูฟวี่ คอนโด ศรีราชา เอฟ",NULL
1704,"condo","กรูฟวี่ คอนโด ศรีราชา ซี",NULL
1705,"condo","กรูฟวี่ คอนโด ศรีราชา บี",NULL
1706,"condo","กฤษดาโกลเด้น คอนโดเทล คลิฟแอนด์พาร์ค",NULL
1707,"condo","กฤษดาโกลเด้นคอนโดเทล คลิฟแอนด์พาร์ค",NULL
1708,"condo","กลางกรุงรีสอร์ท A1",NULL
1709,"condo","กัลปพฤกษ์ ซิตี้พลัส ราชบุรี",NULL
1710,"condo","การ์เด้น เพลส 1  2",NULL
1711,"condo","คณาพญา เรสซิเด๊นซ์",NULL
1712,"condo","คณาพญา เรสซิเด้นท์",NULL
1713,"condo","คลองจั่นเพลส",NULL
1714,"condo","คลองตัน คอนโดมิเนียม",NULL
1715,"condo","คลองตันคอนโดมิเนียม",NULL
1716,"condo","คลับ รอยัล ซี แอนด์ ดี",NULL
1717,"condo","คลาส สยาม",NULL
1718,"condo","คลาส สารสิน – ราชดำริห์",NULL
1719,"condo","คลาส หลังสวน",NULL
1720,"condo","คลาสสีลม",NULL
1721,"condo","ควอด สีลม",NULL
1722,"condo","คอนโด ยู แอท หัวหมาก สเตชั่น",NULL
1723,"condo","คอนโด วัน เอ็กซ์ สาทร-นราธิวาส",NULL
1724,"condo","คอนโดเชน หัวหิน",NULL
1725,"condo","คอนโดเทล คลิฟ แอนด์ บีช",NULL
1726,"condo","คอนโดเทลคลิฟ แอนด์ บีช",NULL
1727,"condo","คอนโดเลต ไอซ์ ราชเทวี",NULL
1728,"condo","คอนโดเลต ดเวล สุขุมวิท 26",NULL
1729,"condo","คอนโดเลต พิกเซล สาทร",NULL
1730,"condo","คอนโดเลต มิสท์ พระราม",NULL
1731,"condo","คอนโดเลต มิสท์ พระราม 9",NULL
1732,"condo","คอนโดเลต ลาดพร้าว",NULL
1733,"condo","คอนโดเลท ไลท์",NULL
1734,"condo","คอนโดทาวน์ 5",NULL
1735,"condo","คอนโดมิเนียม CDEFG",NULL
1736,"condo","คอนโดมิเนียม เอฟ",NULL
1737,"condo","คอนโดมิเนียม จี",NULL
1738,"condo","คอนโดมีสุข อาคาร เอ",NULL
1739,"condo","คอนโดมีสุข อาคาร บี",NULL
1740,"condo","คอนโดวัน สุขุมวิท 52 คอนโดมิเนียม",NULL
1741,"condo","คอนโดวัน สุขุมวิท 67 คอนโดมิเนียม",NULL
1742,"condo","คอนโดวิว นกยูง คอนโดมิเนียม",NULL
1743,"condo","คอมมอนเวลธ์ ปิ่นเกล้า",NULL
1744,"condo","คอลเลซซิโอ สาทร-พิพัฒน์",NULL
1745,"condo","คันทรี่ คอมเพล็กซ์ อาคาร ซี",NULL
1746,"condo","คันทรี่ คอมเพล็กซ์ อาคาร บี",NULL
1747,"condo","คันทรี่ ซี",NULL
1748,"condo","คันทรี่คอมเพล็กซ์ อาคาร บี",NULL
1749,"condo","คัลเลอร์ลิฟวิ่ง (บ้านเทพารักษ์ 1)",NULL
1750,"condo","คัลเลอร์ลีฟวิ่ง (บ้านเทพรักษ์ 1)",NULL
1751,"condo","คาซ่า เวล่า โฮเต็ล คอนโดมิเนียม",NULL
1752,"condo","คาซ่า เอสปันญ่า คอนโดมิเนียม",NULL
1753,"condo","คาซ่า คอนโด สุขุมวิท 97",NULL
1754,"condo","คาซ่า ฟรานซ์ เอแบค บางนา",NULL
1755,"condo","คาซา ริวา วิสต้า 2",NULL
1756,"condo","คาซ่าจอมเทียน",NULL
1757,"condo","คาซาลูนา พาราดิโซ คอนโดมิเนียม บี",NULL
1758,"condo","คาซ่าวีว่า",NULL
1759,"condo","คาร์พิเดี้ยม คอนโด ทาวน์",NULL
1760,"condo","คิว คอนโด อโศก",NULL
1761,"condo","คิว ซีไซด์ หัวหิน",NULL
1762,"condo","คิว หลังสวน",NULL
1763,"condo","คิวเฮ้าส์ คอนโด สุขุมวิท 79",NULL
1764,"condo","คิวหลังสวน",NULL
1765,"condo","คีนน์ บาย แสนสิริ",NULL
1766,"condo","คุณากรชัย เรสซิเด็นซ์",NULL
1767,"condo","คูณสุขวิลล์ ซีและดี",NULL
1768,"condo","คูณสุขวิลล์ อาคาร CD",NULL
1769,"condo","คูณสุขวิลล์ อาคาร EF",NULL
1770,"condo","คูณสุขวิลล์ อีและเอฟ",NULL
1771,"condo","คูล คอนโด พระราม 7",NULL
1772,"condo","คูลคอนโด พระราม 7",NULL
1773,"condo","จรัลสนิทวงศ์ คอนโดมิเนียม",NULL
1774,"condo","จอนนี่ ทาวเวอร์",NULL
1775,"condo","จอนนี่ทาวเวอร์",NULL
1776,"condo","จอมเทียนคอมเพลกซ์ คอนโดเทล",NULL
1777,"condo","จอมเทียนพลาซ่า คอนโดเทล",NULL
1778,"condo","จอมเทียนพลาซ่า คอนโดมิเนียม และ พัทยา ไฮท์",NULL
1779,"condo","จาด้า บีช คอนโดมิเนียม",NULL
1780,"condo","จิวเวลรี่ เทรด เซ็นเตอร์",NULL
1781,"condo","จี สไตล์ คอนโด 1",NULL
1782,"condo","จี สไตล์ คอนโด 2",NULL
1783,"condo","จี-วัน คอนโด",NULL
1784,"condo","จูเวลเลอรี่ เซ็นเตอร์",NULL
1785,"condo","ชวนา เพลส",NULL
1786,"condo","ชะอำบีชคลับ",NULL
1787,"condo","ชะอำ-ลองบีช คอนโดมิเนียม",NULL
1788,"condo","ชะอำ-ลองบีช คอนโดมิเนียม 2",NULL
1789,"condo","ชาโตว์ อินทาวน์ จรัญสนิทวงศ์ 96/2",NULL
1790,"condo","ชาโตว์ อินทาวน์ รัชดา 13-1",NULL
1791,"condo","ชาโตว์ อินทาวน์ รัชดา 17",NULL
1792,"condo","ชาโตว์ อินทาวน์ วิภาวดี 10",NULL
1793,"condo","ชาโตว์ อินทาวน์ สุขุมวิท 64 เอ",NULL
1794,"condo","ชิค คอนโดมิเนียม",NULL
1795,"condo","ชีวาทัย เกษตร-นวมินทร์",NULL
1796,"condo","ชีวาทัย เรสซิเดนซ์ บางโพ",NULL
1797,"condo","ชีวาทัย ปิ่นเกล้า",NULL
1798,"condo","ชีวาทัย ราชปรารภ",NULL
1799,"condo","ชีวาทัย อินเตอร์เชนจ์",NULL
1800,"condo","ชีวาทัย ฮอลล์มาร์ค ลาดพร้าว- โชคชัย 4 เฟส 1",NULL
1801,"condo","ชีวาทัย ฮอลล์มาร์ค ลาดพร้าว-โชคชัย 4 เฟส 1",NULL
1802,"condo","ชีวาทัย ฮอลล์มาร์ค ลาดพร้าว-โชคชัย 4 เฟส 2",NULL
1803,"condo","ซันเซ็ท บลูเลอวาร์ด เรสซิเด้นซ์ 2",NULL
1804,"condo","ซันเซ็ท บูเลอวาร์ด เรสซิเด้นซ์ 2",NULL
1805,"condo","ซันไชน์ บีช คอนโดเทล",NULL
1806,"condo","ซันไรซ์ บีช รีสอร์ท",NULL
1807,"condo","ซันไรซ์ บีช รีสอร์ท แอนด์ เรสซิเด้นซ์",NULL
1808,"condo","ซันไรซ์ บีช รีสอร์ท แอนด์ เรสซิเด้นซ์ คอนโดมิเนียม",NULL
1809,"condo","ซันซิตี้ คอนโดนิเนียม",NULL
1810,"condo","ซันทารา คอนโด",NULL
1811,"condo","ซัมเมอร์ การ์เด้นท์",NULL
1812,"condo","ซายร์ วงศ์อมาตย์",NULL
1813,"condo","ซิตี้ เซ็นเตอร์ เรสซิเดนซ์",NULL
1814,"condo","ซิตี้ เซ็นเตอร์เรสซิเดนซ์",NULL
1815,"condo","ซิตี้ เซ็นเตอร์เรสซิเิดนซ์",NULL
1816,"condo","ซิตี้ โฮม ศรีนครินทร์",NULL
1817,"condo","ซิตี้ การ์เด้น ทรอปิคานา คอนโดมิเนียม",NULL
1818,"condo","ซิตี้ คอร์ท",NULL
1819,"condo","ซิตี้ รีสอร์ท ภาสว่าง",NULL
1820,"condo","ซิตี้ รีสอร์ท รัชดา-ห้วยขวาง",NULL
1821,"condo","ซิตี้เลค ทาวเวอร์",NULL
1822,"condo","ซิตี้โฮม รัชดา-ปิ่นเกล้า 2",NULL
1823,"condo","ซิตี้โฮม รัชดาภิเษก 1",NULL
1824,"condo","ซิตี้โฮม รัชดาภิเษก 2",NULL
1825,"condo","ซิตี้โฮม รัชดาภิเษก 3",NULL
1826,"condo","ซิตี้โฮม รัตนาธิเบศร์",NULL
1827,"condo","ซิตี้โฮม สี่แยกท่าพระ",NULL
1828,"condo","ซิตี้โฮม สุขุมวิท",NULL
1829,"condo","ซิตี้โฮม สุขุมวิท 1",NULL
1830,"condo","ซิตี้โฮม สุขุมวิท 2",NULL
1831,"condo","ซิตี้โฮม หาดใหญ่",NULL
1832,"condo","ซิตี้การ์เด้น ทรอปิคานา คอนโดมิเนียม",NULL
1833,"condo","ซิตี้ทาวเวอร์คอนโดมิเนียม",NULL
1834,"condo","ซิตี้พอยท์ รัชดาภิเษก",NULL
1835,"condo","ซิตี้พาร์ค - บางนา (2) ซี 1 - 9",NULL
1836,"condo","ซิตี้รีสอร์ท ภาสว่าง",NULL
1837,"condo","ซิตี้ลิงค์ คอนโด อาคาร เมลเบิร์น",NULL
1838,"condo","ซิตี้ลิงค์ คอนโด อาคาร มาดริด",NULL
1839,"condo","ซิตี้ลิงค์คอนโด",NULL
1840,"condo","ซิตี้วิลล่า 2",NULL
1841,"condo","ซิตี้วิลล่า 3",NULL
1842,"condo","ซิม วิภา-ลาดพร้าว",NULL
1843,"condo","ซิมวิภา-ลาดพร้าว",NULL
1844,"condo","ซิลเวอร์ เฮอริเทจ คอนโดมิเนียม",NULL
1845,"condo","ซี เอกมัย",NULL
1846,"condo","ซี เอ็น พี คอนโดมิเนียม",NULL
1847,"condo","ซี ซี คอนโดมิเนียม 1",NULL
1848,"condo","ซีณิธ เพลส สุขุมวิท",NULL
1849,"condo","ซีตัส บีชฟร้อนท์ พัทยา",NULL
1850,"condo","ซีทู คอนโดมิเนียม",NULL
1851,"condo","ซีน คอนโด",NULL
1852,"condo","ซีริดจ์ รีสอร์ท",NULL
1853,"condo","ซีสไตล์ คอนโด",NULL
1854,"condo","ซีฮิลล์ พร็อพเพอร์ตี้",NULL
1855,"condo","ซีฮิลล์คอนโด",NULL
1856,"condo","ฌ็องเซลิเซ่ เจ",NULL
1857,"condo","ฌ็องเซลิเซ่ แจ้งวัฒนะ เอ",NULL
1858,"condo","ฌ็องเซลิเซ่ อเวนิว เอ",NULL
1859,"condo","ฌ็องเซลิเซ่ อเวนิว บี",NULL
1860,"condo","ฌ็องเซลิเซ่ อาคาร เค",NULL
1861,"condo","ฌ็องเซลิเซ่อเวนิว ซี",NULL
1862,"condo","ณ ล้าน",NULL
1863,"condo","ณ ล้านนา",NULL
1864,"condo","ณ วรา เรสซิเดนซ์",NULL
1865,"condo","ณ วราเรสซิเดนซ์",NULL
1866,"condo","ณุศาศิริ แกรนด์ คอนโด",NULL
1867,"condo","ดับเบิลเลค คอนโดมิเนียม เฟส 2",NULL
1868,"condo","ดับเบิ้ลเลค คอนโดมิเนียม เฟส 2",NULL
1869,"condo","ดับเบิ้ลยู คอนโด",NULL
1870,"condo","ดาซเซิล สุขุมวิท 7",NULL
1871,"condo","ดาวน์ทาวน์ 49 คอนโดมิเนียม",NULL
1872,"condo","ดิ เอ็กเซ็กคิวทีฟ รีเจ้นท์",NULL
1873,"condo","ดิ เอ็กเซล กรูฟ อาคาร เอ",NULL
1874,"condo","ดิ เอ็กเซล กรูฟ อาคาร ดี และ อาคาร อี",NULL
1875,"condo","ดิ เอ็กเซล กรูฟ อาคาร ดี และอาคาร อี",NULL
1876,"condo","ดิ เอ็กเซล กรูฟ อาคารบี และอาคารซี",NULL
1877,"condo","ดิ เอ็กเซล ปาร์ค",NULL
1878,"condo","ดิ เอ็กเซล รัชดา 18",NULL
1879,"condo","ดิ เอ็กเซล อุดมสุข",NULL
1880,"condo","ดิ เอ็กซ์เซล แบริ่ง",NULL
1881,"condo","ดิ เอ็กซ์เซล ไฮบริด",NULL
1882,"condo","ดิ เอ็กซ์เซลไฮด์อเวย์",NULL
1883,"condo","ดิ เอ๊จท์ คอนโดมิเนียม",NULL
1884,"condo","ดิ เอช เอกมัย",NULL
1885,"condo","ดิ เอดิเตอร์",NULL
1886,"condo","ดิ เอ็มไพร์ เพลส",NULL
1887,"condo","ดิ เอ็มไพร์ ทาวเวอร์ พัทยา",NULL
1888,"condo","ดิ เอส เคป คอนโดมิเนียม อาคาร B",NULL
1889,"condo","ดิ เอส เคป คอนโดมิเนียม อาคาร บี",NULL
1890,"condo","ดิ เอส แอท สิงห์ คอมเพล็กซ์",NULL
1891,"condo","ดิ เอส อโศก",NULL
1892,"condo","ดิ เอสเคป คอนโดมิเนียม อาคารเอฟ",NULL
1893,"condo","ดิ เอสเคป คอนโดมิเนียม อาคารอี",NULL
1894,"condo","ดิ เอสเทลล์ พร้อมพงษ์",NULL
1895,"condo","ดิ เออ เบิ้น สวีท คอนโดมิเนี่ยม ซี",NULL
1896,"condo","ดิ เออเบิ้น พัทยา คอนโดมิเนียม เอ",NULL
1897,"condo","ดิ เออเบิ้น พัทยา คอนโดมิเนียม ซี",NULL
1898,"condo","ดิ เออเบิ้น พัทยา คอนโดมิเนี่ยม ซี",NULL
1899,"condo","ดิ เออเบิ้น พัทยา คอนโดมิเนียม บี",NULL
1900,"condo","ดิ แอดเดรส สุขุมวิท 61",NULL
1901,"condo","ดิ แอดเดรส อโศก",NULL
1902,"condo","ดิ โอเรียนท์ รีสอร์ท แอนด์ สปา",NULL
1903,"condo","ดิ โอลีแอนเดอร์",NULL
1904,"condo","ดิ ไอริส อาคาร เอฟ",NULL
1905,"condo","ดิ ไอริส อาคารเอฟ",NULL
1906,"condo","ดิ ยูนีค เอกมัย-รามอินทรา",NULL
1907,"condo","ดิ ยูนีค รัชดา 19",NULL
1908,"condo","ดิ ยูนีค ลาดพร้าว 10",NULL
1909,"condo","ดิ อเวนิว สปริง",NULL
1910,"condo","ดิ อเวนิวสปริง บี",NULL
1911,"condo","ดิ อัลทิเมท ซีซั่น ปาร์ค",NULL
1912,"condo","ดิ อาร์ท เรสซิเด้นซ์",NULL
1913,"condo","ดิ อินดี๊ด คอนโด ไพร์ม อมตะ",NULL
1914,"condo","ดิ อินดี๊ด คอนโด บางพลี",NULL
1915,"condo","ดิ อินดี๊ด คอนโด พาร์ค อมตะ",NULL
1916,"condo","ดิ อินดี๊ดคอนโด เออร์เบิน ศรีราชา",NULL
1917,"condo","ดิ อีลีแกนซ์ คอนโดมิเนียม",NULL
1918,"condo","ดิเอสเคป คอนโดมิเนียม อาคาร บี",NULL
1919,"condo","ดิเอสเคป คอนโดมิเนียม อาคารซี",NULL
1920,"condo","ดิเอสเคป คอนโดมิเนียม อาคารดี",NULL
1921,"condo","ดิเอสเทลล์ พร้อมพงษ์",NULL
1922,"condo","ดิเออร์ บานา นนทบุรี",NULL
1923,"condo","ดิเออร์บานา นนทบุรี",NULL
1924,"condo","ดิแอดเดรส ปทุมวัน อาคาร บี",NULL
1925,"condo","ดิแอดเดรส สาทร",NULL
1926,"condo","ดิแอร์พอร์ต เรสซิเดนซ์",NULL
1927,"condo","ดิโอเรียนท์ รีสอร์ท แอนด์ สปา",NULL
1928,"condo","ดิไอริส บางใหญ่",NULL
1929,"condo","ดิไอริส ศรีนครินทร์",NULL
1930,"condo","ดิไอริส อาคาร เอ",NULL
1931,"condo","ดิไอริส อาคาร ดี",NULL
1932,"condo","ดิไอริส อาคารเอ",NULL
1933,"condo","ดิไอริส อาคารเอช",NULL
1934,"condo","ดิไอริส อาคารอี",NULL
1935,"condo","ดิออสการ์ คอนโด เพชรเกษม 58",NULL
1936,"condo","ดี 25 ทองหล่อ คอนโดมิเนียม",NULL
1937,"condo","ดี 65 คอนโดมิเนียม",NULL
1938,"condo","ดี 65 คอนโดมิเนียม A",NULL
1939,"condo","ดี เมโมเรีย พหลโยธิน 8 คอนโดมิเนียม",NULL
1940,"condo","ดี คอนโด แคมปัส รีสอร์ท บางแสน",NULL
1941,"condo","ดี คอนโด จรัญ 9 - บางขุนนนท์",NULL
1942,"condo","ดี คอนโด รัตนาธิเบศร์",NULL
1943,"condo","ดี คอนโด รามคำแหง",NULL
1944,"condo","ดี คอนโด รามคำแหง 64",NULL
1945,"condo","ดี คอนโด สาธุประดิษฐ์ 49",NULL
1946,"condo","ดี มูระ รัชโยธิน คอนโดมิเนียม",NULL
1947,"condo","ดี.เอส. ทาวเวอร์ 2",NULL
1948,"condo","ดี.เอส.ทาวเวอร์ 2",NULL
1949,"condo","ดี.ซี. ทาวเวอร์",NULL
1950,"condo","ดีคอน ไพร์ม รัตนาธิเบศร์",NULL
1951,"condo","ดีคอนโด ไมน์",NULL
1952,"condo","ดีบุรา พรานนก",NULL
1953,"condo","ดุลิยา ชาริสม่า",NULL
1954,"condo","ดุลิยาเพลส",NULL
1955,"condo","ดุสิต อเวนิว",NULL
1956,"condo","ตรีทศ ซิตี้ มารีน่า",NULL
1957,"condo","ตลาด และคอนโดเทล ศูนย์การค้าหนองแขม",NULL
1958,"condo","ตวันนา เรสซิเด้นส์ 1",NULL
1959,"condo","ติรติรา",NULL
1960,"condo","ตึกช้าง",NULL
1961,"condo","ทรีท็อปส์ คอนโดมิเนียม",NULL
1962,"condo","ทรู ทองหล่อ คอนโด",NULL
1963,"condo","ทวินทาวเวอร์",NULL
1964,"condo","ทองประชาคอนโดทาวน์ 5",NULL
1965,"condo","ท๊อปวิว ทาวเวอร์",NULL
1966,"condo","ทาวเวอร์ 1 ออฟฟิศ",NULL
1967,"condo","ทาวเวอร์พาร์ค",NULL
1968,"condo","ทาวน์อินทาวน์ออฟฟิศ คอนโด",NULL
1969,"condo","ทิพย์ธานี เรสซิเดนซ์",NULL
1970,"condo","ทิวริเวอร์เพลส",NULL
1971,"condo","ทิวลิป ไลท์ คอนโดมิเนียม",NULL
1972,"condo","ทิวลิปไลท์",NULL
1973,"condo","ที.วี.ซี.",NULL
1974,"condo","ที.วี.ซี. คอนโดมิเนียม 2",NULL
1975,"condo","ทีซี กรีน คอนโดมิเนียม เฟส 1",NULL
1976,"condo","ทีซี กรีน คอนโดมิเนียม เฟส 2",NULL
1977,"condo","ทีซี-กรีน คอนโดมิเนียม เฟส 1",NULL
1978,"condo","ทีซี-กรีน คอนโดมิเนียม เฟส ๒",NULL
1979,"condo","ทีวีซี คอนโด 2",NULL
1980,"condo","ธนาทรี",NULL
1981,"condo","ธัญญะคอนโดทาวน์",NULL
1982,"condo","ธาราเรือนเอก",NULL
1983,"condo","ธาราเรือนแก้ว",NULL
1984,"condo","นครพิงค์คอนโดมิเนียม",NULL
1985,"condo","นนทรี คอนโดมิเนียม",NULL
1986,"condo","นนทรีคอนโดมิเนียม",NULL
1987,"condo","นนทิพย์คอนโดวิล",NULL
1988,"condo","นว ลิฟวิ่ง คอนโด",NULL
1989,"condo","นวรัตน์ แมนชั่น",NULL
1990,"condo","นอตติ้ง ฮิลล์",NULL
1991,"condo","นอร์ทชอร์",NULL
1992,"condo","นอร์ทพ้อยท์",NULL
1993,"condo","นารา 9",NULL
1994,"condo","นาวิโอ หัวหิน คอนโดมิเนียม",NULL
1995,"condo","น้ำทะเล คอนโดมิเนียม",NULL
1996,"condo","นิติบุคลอาคารชุด เซเรนนิตี้ เรสซิเด้นท์ จอมเทียน",NULL
1997,"condo","นิติบุคลอาคารชุด เดอะ เทมโป แกรนด์ สาทร-วุฒากาศ",NULL
1998,"condo","นิติบุคลอาคารชุด เดอะ กรีน คอนโดมิเนียม",NULL
1999,"condo","นิติบุคลอาคารชุดเดอะเทมโป แกรนด์ สาทร-วุฒากาศ",NULL
2000,"condo","แฮปปี้คอนโดลาดพร้าว101 อาคาร เอช",NULL
2001,"condo","นิรันดร์ เรสซิเดนซ์",NULL
2002,"condo","นิรันดร์ เรสซิเดนซ์ 1",NULL
2003,"condo","นิรันดร์ เรสซิเดนซ์ 3 (D-R)",NULL
2004,"condo","นิรันดร์ เรสซิเดนซ์ 3 (X Y Z)",NULL
2005,"condo","นิรันดร์ เรสซิเดนซ์ 3(D-R)",NULL
2006,"condo","นิรันดร์ เรสซิเดนซ์ 3(X Y Z)",NULL
2007,"condo","นิรันดร์ แกรนด์วิลล์ พัทยา",NULL
2008,"condo","นิรันดร์ ซิตี้ ลาดพร้าว 101 อาคารเจ",NULL
2009,"condo","นิรันดร์ ซิตี้บางแค",NULL
2010,"condo","นิรันดร์ ซิตี้บางแค (PQRS)",NULL
2011,"condo","นิรันดร์แกรนด์วิลล์ พัทยา",NULL
2012,"condo","นิรันดร์คอนโดมิเนียม 2",NULL
2013,"condo","นิรันดร์คอนโดมิเนียม 2 (A-I)",NULL
2014,"condo","นิรันดร์ซิตี้บางแค 2",NULL
2015,"condo","นิรันดร์ซิตี้ลาดพร้าว 101 อาคารจี และเอช",NULL
2016,"condo","นิว โนเบิล แจ้งวัฒนะ",NULL
2017,"condo","นิวแลนด์",NULL
2018,"condo","นิวาติ ทองหล่อ 23",NULL
2019,"condo","นีเวร่าเอกมัย-รามอินทรา",NULL
2020,"condo","นูเวล",NULL
2021,"condo","บจ.กลางกรุง รีสอร์ท A2",NULL
2022,"condo","บจ.กลางกรุงรีสอร์ท (B1-B4)",NULL
2023,"condo","บจ.กลางกรุงรีสอร์ท A2",NULL
2024,"condo","บดินทร์ คอนโดมิเนียม",NULL
2025,"condo","บดินทร์สวีทโฮม",NULL
2026,"condo","บดินทร์สวีทโฮม 1",NULL
2027,"condo","บดินทร์สวีทโฮม 2",NULL
2028,"condo","บราวน์ รัชดา-ห้วยขวาง",NULL
2029,"condo","บริกซ์ คอนโดมิเนียม",NULL
2030,"condo","บริดจ์",NULL
2031,"condo","บริดจ์ นราธิวาส",NULL
2032,"condo","บริษัท อาคารชุด พรีม จำกัด",NULL
2033,"condo","บริษัท อาคารภคินท์ จำกัด",NULL
2034,"condo","บลิซ คอนโดมิเนียม",NULL
2035,"condo","บลิซ คอนโดมิเนียม แบริ่ง",NULL
2036,"condo","บลิซ คอนโดมิเนียม พระราม 9 - หัวหมาก",NULL
2037,"condo","บลิซ คอนโดมิเนียม ลาดพร้าว 107",NULL
2038,"condo","บลิซคอนโดมิเนียม ลาดพร้าว 107",NULL
2039,"condo","บลู เมาเท่น หัวหิน",NULL
2040,"condo","บลู เมาเท่น หัวหิน สำนักงานใหญ่",NULL
2041,"condo","บัดเจท คอนโด ติวานนท์ 3",NULL
2042,"condo","บางเสร่ คอนโดมิเนียม",NULL
2043,"condo","บางเสร่ บีช รีสอร์ท คอนโดมิเนียม",NULL
2044,"condo","บางเสร่คอนโดมิเนียม",NULL
2045,"condo","บางเสร่บีช คอนโดมิเนียม",NULL
2046,"condo","บางแคคอนโดทาวน์",NULL
2047,"condo","บางใหญ่ สแควร์ ซี 2",NULL
2048,"condo","บางใหญ่ สแควร์ บี 1",NULL
2049,"condo","บางใหญ่สแควร์ C1",NULL
2050,"condo","บางใหญ่สแควร์ เอ 1",NULL
2051,"condo","บางใหญ่สแควร์ ซี 2",NULL
2052,"condo","บางใหญ่สแควร์ บี 1",NULL
2053,"condo","บางใหญ่สแควร์ บี 2",NULL
2054,"condo","บางใหญ่สแควร์ซี 1",NULL
2055,"condo","บางกอก ริเวอร์มารีน่า",NULL
2056,"condo","บางกอก ฮอไรซอน รามคำแหง",NULL
2057,"condo","บางกอกริเวอร์มารีน่า",NULL
2058,"condo","บางขุนนนท์ทาวเวอร์",NULL
2059,"condo","บางนาคอมเพล็กซ์ เรสซิเดนเชียล",NULL
2060,"condo","บางนาคอมเพล็กซ์ ออฟฟิศ ทาวเวอร์",NULL
2061,"condo","บางพลีคอนโดมิเนียม อาคาร 1",NULL
2062,"condo","บางลำพูเพลส",NULL
2063,"condo","บางอ้อ ริเวอร์วิว",NULL
2064,"condo","บางอ้อริเวอร์ไซด์ ทาวเวอร์ 1",NULL
2065,"condo","บางอ้อริเวอร์ไซด์ทาวเวอร์ 1",NULL
2066,"condo","บางอ้อริเวอร์วิว",NULL
2067,"condo","บ้านเจ้าพระยา",NULL
2068,"condo","บ้านเอื้ออาทร เทพารักษ์ 1",NULL
2069,"condo","บ้านเอื้ออาทร เทพารักษ์ 3/2",NULL
2070,"condo","บ้านเอื้ออาทร เทพารักษ์ 3/3",NULL
2071,"condo","บ้านเอื้ออาทร เทพารักษ์ 3/4",NULL
2072,"condo","บ้านเอื้ออาทร เพชรเกษม 1",NULL
2073,"condo","บ้านเอื้ออาทร เพชรเกษม 2",NULL
2074,"condo","บ้านเอื้ออาทร เมืองใหม่บางพลี 6",NULL
2075,"condo","บ้านเอื้ออาทร เศรษฐกิจ 1",NULL
2076,"condo","บ้านเอื้ออาทร แพรกษา 3",NULL
2077,"condo","บ้านเอื้ออาทร แสมดำ",NULL
2078,"condo","บ้านเอื้ออาทร กระทุ่มแบน 1",NULL
2079,"condo","บ้านเอื้ออาทร กันตนา",NULL
2080,"condo","บ้านเอื้ออาทร นาจอมเทียน 1",NULL
2081,"condo","บ้านเอื้ออาทร นาจอมเทียน 2",NULL
2082,"condo","บ้านเอื้ออาทร บ่อพลับ",NULL
2083,"condo","บ้านเอื้ออาทร บางโฉลง 4",NULL
2084,"condo","บ้านเอื้ออาทร บางโฉลง 5",NULL
2085,"condo","บ้านเอื้ออาทร บางกระเจ้า",NULL
2086,"condo","บ้านเอื้ออาทร บางขุนเทียน 2/1",NULL
2087,"condo","บ้านเอื้ออาทร บางขุนเทียน 2/2",NULL
2088,"condo","บ้านเอื้ออาทร บางคูวัด",NULL
2089,"condo","บ้านเอื้ออาทร บางนา 1",NULL
2090,"condo","บ้านเอื้ออาทร บางบ่อ 3",NULL
2091,"condo","บ้านเอื้ออาทร บางบัวทอง 1",NULL
2092,"condo","บ้านเอื้ออาทร บางบัวทอง 2",NULL
2093,"condo","บ้านเอื้ออาทร ประชาพัฒนา 3",NULL
2094,"condo","บ้านเอื้ออาทร ประชาพัฒนา 4",NULL
2095,"condo","บ้านเอื้ออาทร ประชาพัฒนา 5",NULL
2096,"condo","บ้านเอื้ออาทร ประชาอุทิศ",NULL
2097,"condo","บ้านเอื้ออาทร ปัญญารามอินทรา",NULL
2098,"condo","บ้านเอื้ออาทร ป่าตัน 1",NULL
2099,"condo","บ้านเอื้ออาทร พรพระร่วงประสิทธิ์",NULL
2100,"condo","บ้านเอื้ออาทร พร้อมมิตร",NULL
2101,"condo","บ้านเอื้ออาทร พระประโทน 1 2",NULL
2102,"condo","บ้านเอื้ออาทร มีนบุรี 1",NULL
2103,"condo","บ้านเอื้ออาทร ร่มเกล้า 2",NULL
2104,"condo","บ้านเอื้ออาทร ร่มเกล้า 6",NULL
2105,"condo","บ้านเอื้ออาทร รัษฎา",NULL
2106,"condo","บ้านเอื้ออาทร รามอินทรา 117",NULL
2107,"condo","บ้านเอื้ออาทร ลาดหลุมแก้ว 1-2",NULL
2108,"condo","บ้านเอื้้ออาทร ลาดหลุมแก้ว 1-2",NULL
2109,"condo","บ้านเอื้ออาทร วัดพระเงิน 1",NULL
2110,"condo","บ้านเอื้ออาทร วัดพระเงิน 2",NULL
2111,"condo","บ้านเอื้ออาทร สมุทรปราการ 2",NULL
2112,"condo","บ้านเอื้ออาทร สมุทรปราการ 3",NULL
2113,"condo","บ้านเอื้ออาทร สรงประภา 1",NULL
2114,"condo","บ้านเอื้ออาทร หทัยราษฎร์ 1",NULL
2115,"condo","บ้านเอื้ออาทร หทัยราษฎร์ 2",NULL
2116,"condo","บ้านเอื้ออาทร หมอบาง",NULL
2117,"condo","บ้านเอื้ออาทร หัวหิน 1",NULL
2118,"condo","บ้านเอื้ออาทรเทพารักษ์ 3/1",NULL
2119,"condo","บ้านเอื้ออาทรเทพารักษ์ 3/2",NULL
2120,"condo","บ้านเอื้ออาทรเทพารักษ์ 3/3",NULL
2121,"condo","บ้านเอื้ออาทรเทพารักษ์ 3/4",NULL
2122,"condo","บ้านเอื้ออาทรเพชรเกษม 1",NULL
2123,"condo","บ้านเอื้ออาทรเพชรเกษม 2",NULL
2124,"condo","บ้านเอื้ออาทรเมืองใหม่บางพลี 6",NULL
2125,"condo","บ้านเอื้ออาทรเศรษฐกิจ 2",NULL
2126,"condo","บ้านเอื้ออาทรแพรกษา 1",NULL
2127,"condo","บ้านเอื้ออาทรแพรกษา 2",NULL
2128,"condo","บ้านเอื้ออาทรแพรกษา 3",NULL
2129,"condo","บ้านเอื้ออาทรแพรกษา 4",NULL
2130,"condo","บ้านเอื้ออาทรแสมดำ",NULL
2131,"condo","บ้านเอื้ออาทรกระทุ่มแบน 1",NULL
2132,"condo","บ้านเอื้ออาทรกระทุ่มแบน 2",NULL
2133,"condo","บ้านเอื้ออาทรกันตนา",NULL
2134,"condo","บ้านเอื้ออาทรข จรวิทย์ 1",NULL
2135,"condo","บ้านเอื้ออาทรขจรวิทย์ 1",NULL
2136,"condo","บ้านเอื้ออาทรขจรวิทย์ 2",NULL
2137,"condo","บ้านเอื้ออาทรคลองถนน 2",NULL
2138,"condo","บ้านเอื้ออาทรติดนิคม",NULL
2139,"condo","บ้านเอื้ออาทรถลาง 1",NULL
2140,"condo","บ้านเอื้ออาทรถลาง 2",NULL
2141,"condo","บ้านเอื้ออาทรถลาง 3",NULL
2142,"condo","บ้านเอื้ออาทรท่าอิฐ",NULL
2143,"condo","บ้านเอื้ออาทรนนทบุรี",NULL
2144,"condo","บ้านเอื้ออาทรนาเกลือ",NULL
2145,"condo","บ้านเอื้ออาทรนาจอมเทียน 1",NULL
2146,"condo","บ้านเอื้ออาทรนาจอมเทียน 2",NULL
2147,"condo","บ้านเอื้ออาทรนาจอมเทียน 3",NULL
2148,"condo","บ้านเอื้ออาทรนาจอมเทียน 4",NULL
2149,"condo","บ้านเอื้ออาทรนาจอมเทียน 5",NULL
2150,"condo","บ้านเอื้ออาทรบ่อพลับ",NULL
2151,"condo","บ้านเอื้ออาทรบางโฉลง 2",NULL
2152,"condo","บ้านเอื้ออาทรบางโฉลง 4",NULL
2153,"condo","บ้านเอื้ออาทรบางโฉลง 5",NULL
2154,"condo","บ้านเอื้ออาทรบางกระเจ้า",NULL
2155,"condo","บ้านเอื้ออาทรบางขุนเทียน 1",NULL
2156,"condo","บ้านเอื้ออาทรบางขุนเทียน 2/1",NULL
2157,"condo","บ้านเอื้ออาทรบางขุนเทียน 2/2",NULL
2158,"condo","บ้านเอื้ออาทรบางขุนเทียน 3/1",NULL
2159,"condo","บ้านเอื้ออาทรบางขุนเทียน 3/2",NULL
2160,"condo","บ้านเอื้ออาทรบางคูวัด",NULL
2161,"condo","บ้านเอื้ออาทรบางนา 1",NULL
2162,"condo","บ้านเอื้ออาทรบางบ่อ",NULL
2163,"condo","บ้านเอื้ออาทรบางบัวทอง 1",NULL
2164,"condo","บ้านเอื้ออาทรบางบัวทอง 2",NULL
2165,"condo","บ้านเอื้ออาทรบางพลี",NULL
2166,"condo","บ้านเอื้ออาทรบ้านคลองสวน",NULL
2167,"condo","บ้านเอื้ออาทรปทุมวิไล 1",NULL
2168,"condo","บ้านเอื้ออาทรปทุมวิไล 2",NULL
2169,"condo","บ้านเอื้ออาทรประชาพัฒนา 1",NULL
2170,"condo","บ้านเอื้ออาทรประชาพัฒนา 2",NULL
2171,"condo","บ้านเอื้ออาทรประชาพัฒนา 3",NULL
2172,"condo","บ้านเอื้ออาทรประชาพัฒนา 4",NULL
2173,"condo","บ้านเอื้ออาทรประชาพัฒนา 5",NULL
2174,"condo","บ้านเอื้ออาทรประชาอุทิศ",NULL
2175,"condo","บ้านเอื้ออาทรปัญญา รามอินทรา",NULL
2176,"condo","บ้านเอื้ออาทรปัญญารามอินทรา",NULL
2177,"condo","บ้านเอื้ออาทรป่าตัน 1",NULL
2178,"condo","บ้านเอื้ออาทรป่าตัน 2",NULL
2179,"condo","บ้านเอื้ออาทรพรพระร่วง ประสิทธิ์",NULL
2180,"condo","บ้านเอื้ออาทรพรพระร่วงประสิทธิ์",NULL
2181,"condo","บ้านเอื้ออาทรพร้อมมิตร",NULL
2182,"condo","บ้านเอื้ออาทรพระประโทน 1 2",NULL
2183,"condo","บ้านเอื้ออาทรพหลโยธิน 8",NULL
2184,"condo","บ้านเอื้ออาทรมิตรไมตรี",NULL
2185,"condo","บ้านเอื้ออาทรมีนบุรี 1",NULL
2186,"condo","บ้านเอื้ออาทรมีนบุรี 2",NULL
2187,"condo","บ้านเอื้ออาทรมีนบุรี 3",NULL
2188,"condo","บ้านเอื้ออาทรร่มเกล้า 1",NULL
2189,"condo","บ้านเอื้ออาทรร่มเกล้า 2",NULL
2190,"condo","บ้านเอื้ออาทรร่มเกล้า 3",NULL
2191,"condo","บ้านเอื้ออาทรร่มเกล้า 4",NULL
2192,"condo","บ้านเอื้ออาทรร่มเกล้า 5",NULL
2193,"condo","บ้านเอื้ออาทรร่มเกล้า 6",NULL
2194,"condo","บ้านเอื้ออาทรลาดกระบัง",NULL
2195,"condo","บ้านเอื้ออาทรศรีราชา 3",NULL
2196,"condo","บ้านเอื้ออาทรศรีราชา 4",NULL
2197,"condo","บ้านเอื้ออาทรสมุทรปราการ 1",NULL
2198,"condo","บ้านเอื้ออาทรสมุทรปราการ 2",NULL
2199,"condo","บ้านเอื้ออาทรสมุทรปราการ 3",NULL
2200,"condo","บ้านเอื้ออาทรสมุทรปราการ เฟส 2",NULL
2201,"condo","บ้านเอื้ออาทรสี่วาพาสวัสดิ์",NULL
2202,"condo","บ้านเอื้ออาทรหทัยราษฎร์ 1",NULL
2203,"condo","บ้านเอื้ออาทรหทัยราษฎร์ 2",NULL
2204,"condo","บ้านเอื้ออาทรหทัยราษฎร์ 2 บริษัท เอชบี แอสเสท แมเนจเม้นท์ แอนด์",NULL
2205,"condo","บ้านเอื้ออาทรหนองจะบก",NULL
2206,"condo","บ้านเอื้ออาทรหมอบาง",NULL
2207,"condo","บ้านเอื้ออาทรหัวหมาก",NULL
2208,"condo","บ้านเอื้ออาทรหัวหิน 3",NULL
2209,"condo","บ้านแสงจันทร์ คอนโดมิเนียม",NULL
2210,"condo","บ้านแสนสราญ",NULL
2211,"condo","บ้านกลางกรุง สยาม-ปทุมวัน",NULL
2212,"condo","บ้านกลางกรุงสยาม-ปทุมวัน",NULL
2213,"condo","บ้านกลางหัวหิน คอนโด",NULL
2214,"condo","บ้านชมดาว",NULL
2215,"condo","บ้านทิวลม ชะอำ",NULL
2216,"condo","บ้านนวธารา รีเวอร์ไลฟ์",NULL
2217,"condo","บ้านบุญบารมีคอนโดมิเนียม",NULL
2218,"condo","บ้านปทุมวัน",NULL
2219,"condo","บ้านประชานิเวศน์ 2",NULL
2220,"condo","บ้านปลายหาดวงศ์อมาตย์",NULL
2221,"condo","บ้านพร้อมพงษ์",NULL
2222,"condo","บ้านพระยาภิรมย์ รัชดา 2",NULL
2223,"condo","บ้านพระยาภิรมย์-รัชดา (อาคารเอ บี)",NULL
2224,"condo","บ้านพระยาภิรมย์-รัชดา อาคาร AB",NULL
2225,"condo","บ้านพหลโยธิน เพลส",NULL
2226,"condo","บ้านฟูลเฮ้าส์ เอ",NULL
2227,"condo","บ้านมนชเล",NULL
2228,"condo","บ้านรวงข้าว 1",NULL
2229,"condo","บ้านรวงข้าว 2 (B)",NULL
2230,"condo","บ้านรวงข้าว 3 (C)",NULL
2231,"condo","บ้านรวงข้าว 4",NULL
2232,"condo","บ้านรัชโยธิน",NULL
2233,"condo","บ้านรัชดา",NULL
2234,"condo","บ้านราชเทวีวิลล์ 45",NULL
2235,"condo","บ้านลักษณ์สาทร 1",NULL
2236,"condo","บ้านลักษณ์สาทร 2",NULL
2237,"condo","บ้านวิววิมาน",NULL
2238,"condo","บ้านสมประสงค์",NULL
2239,"condo","บ้านสมประสงค์หัวหิน",NULL
2240,"condo","บ้านสวน ซื่อตรง 1 อาคาร 8",NULL
2241,"condo","บ้านสวน ริมน้ำ 1",NULL
2242,"condo","บ้านสวน ริมน้ำ 2",NULL
2243,"condo","บ้านสวนเพชร พร้อมพงศ์ คอนโดมิเนียม",NULL
2244,"condo","บ้านสวนซื่อตรง 1 อาคาร 8",NULL
2245,"condo","บ้านสวนซื่อตรง 2",NULL
2246,"condo","บ้านสวนซื่อตรง 4",NULL
2247,"condo","บ้านสวนตะวันธรรม",NULL
2248,"condo","บ้านสวนธน (4)",NULL
2249,"condo","บ้านสวนธน (4) เอ",NULL
2250,"condo","บ้านสวนธน (4) เอเอ",NULL
2251,"condo","บ้านสวนธน (4) จี",NULL
2252,"condo","บ้านสวนธน (4) จี (บัญชีกลาง)",NULL
2253,"condo","บ้านสวนธน (4) ซี",NULL
2254,"condo","บ้านสวนธน (4) ดี",NULL
2255,"condo","บ้านสวนธน (4) บี",NULL
2256,"condo","บ้านสวนธน B-2X (ยกเว้น D)",NULL
2257,"condo","บ้านสวนริมน้ำ 1",NULL
2258,"condo","บ้านสวนริมน้ำ 2",NULL
2259,"condo","บ้านสวนริมน้ำ 3",NULL
2260,"condo","บ้านสวนลาซาล",NULL
2261,"condo","บ้านสวนสุโขทัย",NULL
2262,"condo","บ้านสาทร เจ้าพระยา",NULL
2263,"condo","บ้านสิริ เธอร์ตี้วัน",NULL
2264,"condo","บ้านสิริเธอร์ตี้วัน",NULL
2265,"condo","บ้านสิริสาทร สวนพลู",NULL
2266,"condo","บ้านสุขุมวิท 77 (เพชร)",NULL
2267,"condo","บ้านสุขุมวิท 77 (ไพทูรย์-ทับทิม)",NULL
2268,"condo","บ้านสุขุมวิท 77 (ไพลิน)",NULL
2269,"condo","บ้านหาดอู่ทอง",NULL
2270,"condo","บ้านอิงรัก",NULL
2271,"condo","บี แคมปัส",NULL
2272,"condo","บี คอนโด A B",NULL
2273,"condo","บี ยู โชคชัย 4",NULL
2274,"condo","บี-แคมปัส",NULL
2275,"condo","บีช วิลล่า วิภาวดี",NULL
2276,"condo","บีชฟร้อนท์ จอนเทียน เรสซิเด้นท์ คอนโดมิเนียม เอ",NULL
2277,"condo","บีทีเอส เรสซิเด้นซ์",NULL
2278,"condo","บุราสิริ สนามบินน้ำ",NULL
2279,"condo","ป.ธนาทาวเวอร์ 1",NULL
2280,"condo","ป.ธนาทาวเวอร์ 2",NULL
2281,"condo","ป.ปิ่นเกล้า คอนโดมิเนียม โครงการ 2",NULL
2282,"condo","ป.ปิ่นเกล้า คอนโดมิเนียม โครงการ 2 อาคาร 5",NULL
2283,"condo","ป.ปิ่นเกล้าคอนโดมิเนียม โครงการ 2",NULL
2284,"condo","ปทุมวัน รีสอร์ท",NULL
2285,"condo","ปทุมวันรีสอร์ท",NULL
2286,"condo","ประตูน้ำเพรสตีจ คอนโดมิเนียม",NULL
2287,"condo","ปัญจทรัพย์ สวีท",NULL
2288,"condo","ปัญจทรัพย์ สวีท คอนโดมิเนียม",NULL
2289,"condo","ปัญจทรัพย์สวีท คอนโดมิเนียม",NULL
2290,"condo","ปันนา เรสซิเดนซ์ 2 แอท นิมมาน",NULL
2291,"condo","ปันนาเรสซิเดนซ์ 2 แอท นิมมาน",NULL
2292,"condo","ป่าตอง ฮาร์เบอร์ วิว",NULL
2293,"condo","ปิ่นเกล้า คอนโดมิเนียม",NULL
2294,"condo","ปิ่นเกล้า พาวิลเลี่ยน",NULL
2295,"condo","ปิ่นเกล้า ริเวอร์ พาร์ควิว",NULL
2296,"condo","ฝักข้าวโพด 1",NULL
2297,"condo","ฝักข้าวโพด 2",NULL
2298,"condo","ฝักข้าวโพด 3",NULL
2299,"condo","พญาไท เพลส",NULL
2300,"condo","พญาไท พลาซ่า",NULL
2301,"condo","พรปิยะแมนชั่น",NULL
2302,"condo","พระยาภิรมย์ รีเจ้นท์ ตากสิน - สาทร",NULL
2303,"condo","พระราม 6 แมนชั่น A",NULL
2304,"condo","พระราม 6 แมนชั่น เอ",NULL
2305,"condo","พระรามหก แมนชั่น บี",NULL
2306,"condo","พระรามหก แมนชั่นบี",NULL
2307,"condo","พราว 3 คอนโดมิเนียม",NULL
2308,"condo","พราว เอ็กซ์ ทู",NULL
2309,"condo","พราวคอนโดมิเนียม",NULL
2310,"condo","พรีม่า ศรีนครินทร์",NULL
2311,"condo","พรีมิโอ เฟรสโก",NULL
2312,"condo","พรีมิโอ ควินโต",NULL
2313,"condo","พรีมิโอ วีโทร",NULL
2314,"condo","พฤกษา คอนโด",NULL
2315,"condo","พลัม คอนโด 60 รามคำแหง สเตชั่น",NULL
2316,"condo","พลัม คอนโด เอ็กซ์ตร้า พระราม 2",NULL
2317,"condo","พลัม คอนโด แจ้งวัฒนะ สเตชั่น เฟส 1",NULL
2318,"condo","พลัม คอนโด แจ้งวัฒนะ สเตชั่น เฟส 2",NULL
2319,"condo","พลัม คอนโด แจ้งวัฒนะ สเตชั่น เฟส 3",NULL
2320,"condo","พลัม คอนโด โชคชัย 4",NULL
2321,"condo","พลัม คอนโด นวมินทร์",NULL
2322,"condo","พลัม คอนโด มิกซ์ แจ้งวัฒนะ",NULL
2323,"condo","พลัม คอนโด รามคำแหง สเตชั่น",NULL
2324,"condo","พลัม นวมินทร์",NULL
2325,"condo","พลัมคอนโด พาร์ค รังสิต เฟส 1",NULL
2326,"condo","พลัมคอนโด รังสิต อไลฟ์ 1",NULL
2327,"condo","พลัมคอนโด รังสิต อไลฟ์ 2",NULL
2328,"condo","พลัส 67 คอนโดมิเนียม",NULL
2329,"condo","พลัส คอนโดมิเนียม หาดใหญ่ 1",NULL
2330,"condo","พลัส คอนโดมิเนียม หาดใหญ่ 2",NULL
2331,"condo","พลัส อยุธยา พาร์ค",NULL
2333,"condo","พหลเมโทร คอนโดมิเนียม",NULL
2334,"condo","พหลเมทโทร คอนโดมิเนียม",NULL
2335,"condo","พหลโยธิน เพลส",NULL
2336,"condo","พอร์ชแลนด์ 2 จอมเทียน รีสอร์ท คอนโดมิเนียม บี",NULL
2337,"condo","พัทยา แพด คอนโดมิเนียม",NULL
2338,"condo","พัทยา คอนโดเทล เชน",NULL
2339,"condo","พัทยา ซิตี้ รีสอร์ท",NULL
2340,"condo","พัทยา ฮิลล์ รีสอร์ท",NULL
2341,"condo","พัทยาไฮท์ คอนโดมิเนียม",NULL
2342,"condo","พัทยากลาง เซ็นเตอร์พ้อยท์ คอนโดมิเนียม",NULL
2343,"condo","พัทยากลางเซ็นเตอร์พ้อยท์ คอนโดมิเนียม",NULL
2344,"condo","พัทยาคอนโดเทลเชน",NULL
2345,"condo","พัทยาซิตี้รีสอร์ท",NULL
2346,"condo","พัทยาบีชคอนโด (1988)",NULL
2347,"condo","พัทยาพลาซ่า คอนโดเทล 1",NULL
2348,"condo","พัทยาฮิลล์ รีสอร์ท",NULL
2349,"condo","พันดาวเพลส สุขุมวิท 50",NULL
2350,"condo","พาร์ค เลน จอมเทียน เรสซิเด้นท์",NULL
2351,"condo","พาร์ค เอ็กโซ",NULL
2352,"condo","พาร์ค พาวิลเลี่ยน",NULL
2353,"condo","พาร์ค สิริ",NULL
2354,"condo","พาร์คเลน จอมเทียน เรสซิเด้นท์",NULL
2355,"condo","พาร์คเอ็กโซ",NULL
2356,"condo","พาราไดซ์ คอนโดมิเนียม",NULL
2357,"condo","พิงผา คอนโด",NULL
2358,"condo","พิงผา คอนโดมิเนียม",NULL
2359,"condo","พิชัย คอนโดมิเนียม",NULL
2360,"condo","พิชัยคอนโดมิเนียม",NULL
2361,"condo","พิบูลย์คอนโดทาวน์",NULL
2362,"condo","พิบูลวัฒนา",NULL
2363,"condo","พิพัฒน์ เพลส",NULL
2364,"condo","พี.เอ็ม.วาย บีชคอนโดมิเนียม",NULL
2365,"condo","พี.จี.พระราม 9 คอนโดมิเนียม",NULL
2366,"condo","พี.จี.พระราม 9 คอนโดมิเนียม อาคาร บี",NULL
2367,"condo","พีคส์ การ์เด้น",NULL
2368,"condo","พีคส์การ์เด้น",NULL
2369,"condo","พีที ทาวเวอร์",NULL
2370,"condo","ฟลอราวิลล์",NULL
2371,"condo","ฟลอร่าวิลล์",NULL
2372,"condo","ฟลอราวิลล์ 2",NULL
2373,"condo","ฟองคลื่น",NULL
2374,"condo","ฟอร์โมซ่า ลาดพร้าว 7",NULL
2375,"condo","ฟอร์จูน คอนโดทาวน์ 2",NULL
2376,"condo","ฟอร์จูนคอนโดทาวน์ 1",NULL
2377,"condo","ฟอร์จูนคอนโดทาวน์ 2",NULL
2378,"condo","ฟอร์จูนทาวน์ 1",NULL
2379,"condo","ฟอรั่ม ทาวเวอร์",NULL
2380,"condo","ฟ้าโดม คอนโดมิเนียม",NULL
2381,"condo","ฟิวส์ โมเบียส",NULL
2382,"condo","ฟิวส์ จันทน์ - สาทร",NULL
2383,"condo","ฟิวส์ มิติ สุทธิสาร-รัชดา",NULL
2384,"condo","ฟีล คอนโด ลาดพร้าว 122",NULL
2385,"condo","ฟีล พหล 34",NULL
2386,"condo","มอนเทอเรย์ เพลซ",NULL
2387,"condo","มาเจสติกทาวเวอร์",NULL
2388,"condo","มานนท์ เพลส",NULL
2389,"condo","มายคอนโด ลาดพร้าว 27",NULL
2390,"condo","มายรีสอร์ท บางกอก",NULL
2391,"condo","มายสตอรี่ ลาดพร้าว 71",NULL
2392,"condo","มาร์เบิ้ลเพลส อาคารชุด 1",NULL
2393,"condo","มาร์เวสท์ หัวหิน",NULL
2394,"condo","มาร์ค สุขุมวิท",NULL
2395,"condo","มารีน่า เบย์ฟร้อนท์ ศรีราชา",NULL
2396,"condo","มารีน่า เบย์ฟร้อนท์ ศรีราชา คอนโดมิเนียม",NULL
2397,"condo","มาลิบู เขาเต่า",NULL
2399,"condo","มิคโคนอส หัวหิน",NULL
2400,"condo","มิราจ สุขุมวิท คอนโดมิเนียม",NULL
2401,"condo","มิลเลนเนียม เรสซิเดนท์",NULL
2402,"condo","มิวนีค สุขุมวิท",NULL
2403,"condo","มีสไตล์ (สุขุมวิท-บางนา)",NULL
2404,"condo","มีสุวรรณ ทาวเวอร์",NULL
2405,"condo","มูนทาวเวอร์ คอนโดมิเนียม",NULL
2406,"condo","ยูโรคลาสสิค คอนโดนิเนียม",NULL
2407,"condo","ยูโรคลาสสิค คอนโดมิเนียม",NULL
2410,"condo","ยูคอนโดแอดแยกเกษตร",NULL
2411,"condo","ยูนิโอ พระราม 2 ท่าข้าม",NULL
2412,"condo","ยูนิกก้า",NULL
2413,"condo","ร่มโพธิ์คอนโดมิเนียม",NULL
2414,"condo","รมณียา คอนโดทาวน์",NULL
2415,"condo","รวมโชคคอนโดวิว 2",NULL
2416,"condo","ร่วมใจไฮท์",NULL
2417,"condo","รอแยลทาวเวอร์ 3",NULL
2418,"condo","ร็อคโค่ คอนโดมิเนียม อ่าวนาง",NULL
2419,"condo","ร๊อยซ์ ไพรเวท เรซิเดนซิซ",NULL
2420,"condo","รอยัล เรสซิเด้นซ์ 1",NULL
2421,"condo","รอยัล ริเวอร์ เพลส",NULL
2422,"condo","รังษิยา มหาชัย คอนโด",NULL
2423,"condo","รังสิยา มหาชัย คอนโดโฮม อาคาร บี",NULL
2424,"condo","รังสิยามหาชัย คอนโดโฮม อาคาร บี",NULL
2425,"condo","รัชดา ซิตี้ 18 (2)",NULL
2426,"condo","รัชดาเพรสทีจ",NULL
2427,"condo","รัชดาซิตี้ 18 (2)",NULL
2428,"condo","รัชดาซิตี้ 18 (3)",NULL
2429,"condo","รัชดาพาวิเลี่ยน",NULL
2430,"condo","รัชดาพาวิลเลี่ยน",NULL
2431,"condo","รัชอาภาทาวเวอร์ คอนโดมิเนียม",NULL
2432,"condo","รัตนโกสินทร์ ไอส์แลนด์ คอนโดมิเนียม",NULL
2433,"condo","รัตนาธิเบศร์ หนึ่งคอนโดมิเนียม",NULL
2434,"condo","รัตนาธิเบศร์แมนชั่น",NULL
2435,"condo","ราชเทวี ทาวเวอร์",NULL
2436,"condo","ราชเทวีทาวเวอร์",NULL
2437,"condo","ราชวิถี ซิตี้ รีสอร์ท",NULL
2438,"condo","ริเวนเดลล์ เอสเตรญ่า คอนโดมิเนียม",NULL
2439,"condo","ริเวนเดลล์ แอปโซลูท คอนโดมิเนียม",NULL
2440,"condo","ริเวนเดลล์ กรีนวิว คอนโดมิเนียม",NULL
2441,"condo","ริเวนเดลล์ พาร์ควิว คอนโดมิเนียม",NULL
2442,"condo","ริเวนเดลล์ รีเจ้นท์ คอนโดมิเนีย",NULL
2443,"condo","ริเวนเดลล์ รีเจ้นท์ คอนโดมิเนียม",NULL
2444,"condo","ริเวนดลล์ เอสเตรญ่า คอนโดมิเนียม",NULL
2445,"condo","ริเวอร์ เฮเว่น",NULL
2446,"condo","ริเวอร์ไซด์ เทาว์เวอร์ 1",NULL
2447,"condo","ริเวอร์ไซด์เทาว์เวอร์ 1",NULL
2448,"condo","ริเวอร์ไซด์เทาว์เวอร์ 2",NULL
2449,"condo","ริเวอร์ไรน์เพลส 4",NULL
2450,"condo","ริชพาร์ค @บางช่อน",NULL
2451,"condo","ริชพาร์ค@บางช่อน",NULL
2452,"condo","ริทึ่ม สุขุมวิท 50",NULL
2453,"condo","ริธึ่ม รัชดา-ห้วยขวาง",NULL
2454,"condo","ริธึ่ม สุขุมวิท 50",NULL
2455,"condo","ริธึ่ม อโศก",NULL
2456,"condo","ริธึ่มพหล อารีย์",NULL
2457,"condo","รินรดา ริเวอร์ไซด์",NULL
2458,"condo","รินรดาริเวอร์ไซด์",NULL
2459,"condo","รีเจ้นท์ โฮม 18",NULL
2460,"condo","รีเจ้นท์ โฮม 4",NULL
2461,"condo","รีเจ้นท์ โฮม บางซ่อน เฟส 27",NULL
2462,"condo","รีเจ้นท์ รัชดา ทาวเวอร์",NULL
2463,"condo","รีเจ้นท์ ออคิด คอนโด",NULL
2464,"condo","รีเจนท์ ออคิท คอนโด",NULL
2465,"condo","รีเจ้นท์ ออน เดอะ ปาร์ค 1",NULL
2466,"condo","รีเจนท์ ออน เดอะ ปาร์ค 3",NULL
2467,"condo","รีเจ้นท์ ออร์คิดส์ ตลาดพลู",NULL
2468,"condo","รีเจ้นท์โฮม 1",NULL
2469,"condo","รีเจ้นท์โฮม 12",NULL
2470,"condo","รีเจ้นท์โฮม 13",NULL
2471,"condo","รีเจ้นท์โฮม 14",NULL
2472,"condo","รีเจ้นท์โฮม 15",NULL
2473,"condo","รีเจ้นท์โฮม 18",NULL
2474,"condo","รีเจ้นท์โฮม 19",NULL
2475,"condo","รีเจ้นท์โฮม 20",NULL
2476,"condo","รีเจ้นท์โฮม 22",NULL
2477,"condo","รีเจ้นท์โฮม 4",NULL
2478,"condo","รีเจ้นท์โฮม 5",NULL
2479,"condo","รีเจ้นท์โฮม 6/1",NULL
2480,"condo","รีเจ้นท์โฮม 6/2",NULL
2481,"condo","รีเจ้นท์โฮม 7/1",NULL
2482,"condo","รีเจ้นท์โฮม 7/1 อาคาร D",NULL
2483,"condo","รีเจ้นท์โฮม 7/2",NULL
2484,"condo","รีเจ้นท์โฮม 8",NULL
2485,"condo","รีเจ้นท์โฮม ติวานนท์",NULL
2486,"condo","รีเจ้นท์โฮม สุขุมวิท 81",NULL
2487,"condo","รีเจ้นท์โฮม สุขุมวิท 97/1",NULL
2488,"condo","รีเจ้นท์รัชดา ทาวเวอร์",NULL
2489,"condo","รีเฟล็คชั่น จอมเทียน บีช พัทยา",NULL
2490,"condo","รีช พหลโยธิน 52",NULL
2491,"condo","รุ้งเพชร คอนโดมิเนียม",NULL
2492,"condo","รุ้งเพชรคอนโดมิเนียม",NULL
2493,"condo","รูเนะสุ ทองหล่อ 5",NULL
2494,"condo","ละติจูด คอนโด 1",NULL
2495,"condo","ละติจูด คอนโด 2",NULL
2496,"condo","ละติจูดคอนโด 1 และ 2",NULL
2497,"condo","ลัดดา คอนโดวิว",NULL
2498,"condo","ลัดดา พลัส คอนโดมิเนียม",NULL
2499,"condo","ลัดดาเพลส ศรีราชา คอนโด เอ",NULL
2500,"condo","ลา รอยัล บีช",NULL
2501,"condo","ลา วี ออง โรส เพลส",NULL
2502,"condo","ลาเมซอง 22",NULL
2503,"condo","ลาเมซอง พหลโยธิน 24",NULL
2504,"condo","ลากูน่า บีช รีสอร์ท จอมเทียน",NULL
2505,"condo","ลากูน่า บีช รีสอร์ท จอมเทียน 1",NULL
2506,"condo","ลากูน่า บีช รีสอร์ท จอมเทียน 2",NULL
2507,"condo","ลาวีค สุขุมวิท 57",NULL
2508,"condo","ลาสโคลินาส",NULL
2509,"condo","ลิเบอร์ตี้พาร์ค 2",NULL
2510,"condo","ลิปป์ รามคำแหง 43/1",NULL
2511,"condo","ลิฟ แอท นิมมาน",NULL
2512,"condo","ลิฟ แอท ฟอร์ตี้นาย",NULL
2513,"condo","ลิฟแอทไฟท์",NULL
2514,"condo","ลิฟวิ่ง เพลส",NULL
2515,"condo","ลิฟวิ่งเนสท์ รามคำแหง",NULL
2516,"condo","ลิฟวิ่งเพลส ลาดพร้าว 140",NULL
2517,"condo","ลิฟวิ่งเพลส ศูนย์วิจัย 2",NULL
2518,"condo","ลุมพินี เซ็นเตอร์ นวมินทร์",NULL
2519,"condo","วงศ์อมาตย์ไปรเวซี่ คอนโดมิเนียม",NULL
2520,"condo","วงศ์อำมาตย์ การ์เด้นบีช รีสอร์ท คอนโดมิเนียม",NULL
2521,"condo","วอเตอร์เกท พาวิลเลี่ยน",NULL
2522,"condo","วอเตอร์มาร์ค เจ้าพระยา ริเวอร์",NULL
2524,"condo","วิช แอท สยาม และ วิช แอท สยาม อาคารบี",NULL
2526,"condo","วิช แอท สามย่าน",NULL
2527,"condo","วิช ซิกเนเจอร์ มิดทาวน์ สยาม",NULL
2528,"condo","วิชแอทสยาม",NULL
2529,"condo","วิชแอทสยาม อาคาร บี",NULL
2530,"condo","วินด์ รัชโยธิน",NULL
2531,"condo","วินด์ สุขุมวิท 23",NULL
2532,"condo","วินด์เชลล์ นราธิวาส",NULL
2533,"condo","วิภาวิวส์แมนชั่น 2",NULL
2534,"condo","วิลเชอร์ คอนโดมิเนียม",NULL
2535,"condo","วิลล่า ราชเทวี",NULL
2536,"condo","วิลล่า ราชครู",NULL
2537,"condo","วิลล่า ลาซาล สุขุมวิท 105",NULL
2538,"condo","วิลล่า สิกขรา คอนโดมิเนียม",NULL
2539,"condo","วิลล่า อโศก",NULL
2540,"condo","วิลลาร์ นอร์เวย์ เรสซิเดนซ์ 1",NULL
2541,"condo","วิว ทาวเวอร์",NULL
2542,"condo","วิวทะเล เรสซิเด้นซ์ 6 คอนโดมิเนียม",NULL
2543,"condo","วิวทะเล เรสซิเดนซ์ คอนโดมิเนียม 4",NULL
2544,"condo","วิวทะเลจอมเทียน คอนโดมิเนียม",NULL
2545,"condo","วิวทะเลจอมเทียน คอนโดมิเนียม (1999) อาคารเอ",NULL
2546,"condo","วิวทะเลจอมเทียนคอนโดมิเนียม โครงการ 1",NULL
2547,"condo","วิสเปอร์ริ่งปาล์มสวีท",NULL
2548,"condo","วิสต้า การ์เด้นท์",NULL
2549,"condo","วี คอนโด เฟส เอ",NULL
2550,"condo","วี คอนโด แจ้งวัฒนะ",NULL
2551,"condo","วีรันดา เรสซิเด้นซ์ หัวหิน",NULL
2552,"condo","วีสเปซ คอนโด",NULL
2553,"condo","ศรีเจริญ คอนโดทาวน์",NULL
2554,"condo","ศรีธนาคอนโดมิเนียม 2",NULL
2555,"condo","ศรีนครินทร์ เพลซ คอนโดมิเนียม",NULL
2556,"condo","ศรีราชา คอนโดวิว",NULL
2557,"condo","ศรีวรา แมนชั่น 1",NULL
2558,"condo","ศรีวราแมนชั่น 1",NULL
2559,"condo","ศรีสุโขทัย คอนโดมิเนียม",NULL
2560,"condo","ศรีสุโขทัยคอนโดมิเนียม",NULL
2561,"condo","ศิรินเรสซิเดนซ์ คอนโด",NULL
2562,"condo","ศุภวรรณ อาคารอี",NULL
2563,"condo","ศุภาลัย เพลส",NULL
2564,"condo","ศุภาลัย เวลลิงตัน",NULL
2565,"condo","ศุภาลัย เวลลิงตัน 2",NULL
2566,"condo","ศุภาลัย เวอเรนด้า พระราม 9",NULL
2567,"condo","ศุภาลัย เวอเรนด้า รัชวิภา - ประชาชื่น",NULL
2568,"condo","ศุภาลัย เวอเรนด้า รัชวิภา-ประชาชื่น",NULL
2569,"condo","ศุภาลัย เวอเรนด้า รัตนาธิเบศร์",NULL
2570,"condo","ศุภาลัย เวอเรนด้า สถานีภาษีเจริญ",NULL
2571,"condo","ศุภาลัย เอลีท พญาไท",NULL
2572,"condo","ศุภาลัย เอลีท สรุวงศ์",NULL
2573,"condo","ศุภาลัย เอลีท สาทร-สวนพลู",NULL
2574,"condo","ศุภาลัย แยกติวานนท์",NULL
2575,"condo","ศุภาลัย โอเรียนทัล เพลส",NULL
2576,"condo","ศุภาลัย โอเรียนทัล สุขุมวิท 39",NULL
2577,"condo","ศุภาลัย ไพร์ม พระราม 9",NULL
2578,"condo","ศุภาลัย ไลท์ ท่าพระ-วงเวียนใหญ่",NULL
2723,"condo","อมันตา ลุมพินี",NULL
2579,"condo","ศุภาลัย ไลท์ รัชดาฯ-นราธิวาส-สาทร",NULL
2580,"condo","ศุภาลัย ไลท์ สาทร-เจริญราษฎร์",NULL
2581,"condo","ศุภาลัย ไอคอน สาทร",NULL
2582,"condo","ศุภาลัย คาซาริวา",NULL
2583,"condo","ศุภาลัย คิวท์ รัชโยธิน - พหลโยธิน 34",NULL
2584,"condo","ศุภาลัย ซิตี้ รีสอร์ท",NULL
2585,"condo","ศุภาลัย ซิตี้ รีสอร์ท แจ้งวัฒนะ",NULL
2586,"condo","ศุภาลัย ซิตี้ รีสอร์ท จรัญฯ 91",NULL
2587,"condo","ศุภาลัย ซิตี้ รีสอร์ท ชลบุรี",NULL
2588,"condo","ศุภาลัย ซิตี้ รีสอร์ท พระราม 8",NULL
2589,"condo","ศุภาลัย ซิตี้ รีสอร์ท ระยอง",NULL
2590,"condo","ศุภาลัย ซิตี้ รีสอร์ท รัชโยธิน- พหลโยธิน 32",NULL
2591,"condo","ศุภาลัย ซิตี้ รีสอร์ท รัชโยธิน-พหลโยธิน 32",NULL
2592,"condo","ศุภาลัย ซิตี้ รีสอร์ท รามคำแหง",NULL
2593,"condo","ศุภาลัย ซิตี้ รีสอร์ท สถานีแบริ่ง",NULL
2594,"condo","ศุภาลัย ซิตี้ รีสอร์ท สถานีพระนั่งเกล้า-เจ้าพระย",NULL
2595,"condo","ศุภาลัย ซิตี้ รีสอร์ท สถานีพระนั่งเกล้า-เจ้าพระยา",NULL
2596,"condo","ศุภาลัย ซิตี้ รีสอร์ท สุขุมวิท 107",NULL
2597,"condo","ศุภาลัย ซิตี้รีสอร์ท",NULL
2598,"condo","ศุภาลัย ซิตี้รีสอร์ท รามคำแหง",NULL
2599,"condo","ศุภาลัย ซิตี้ั รีสอร์ท",NULL
2600,"condo","ศุภาลัย ปาร์ค @ ดาวน์ทาวน์ ภูเก็ต",NULL
2601,"condo","ศุภาลัย ปาร์ค @ ภูเก็ต ซิตี้",NULL
2602,"condo","ศุภาลัย ปาร์ค 2",NULL
2603,"condo","ศุภาลัย ปาร์ค 3",NULL
2604,"condo","ศุภาลัย ปาร์ค แคราย - งามวงศ์วาน",NULL
2605,"condo","ศุภาลัย ปาร์ค แคราย-งามวงศ์วาน",NULL
2606,"condo","ศุภาลัย ปาร์ค แยกเกษตร",NULL
2607,"condo","ศุภาลัย ปาร์ค แยกติวานนท์",NULL
2608,"condo","ศุภาลัย ปาร์ค รัชโยธิน",NULL
2609,"condo","ศุภาลัย ปาร์ค ราชพฤกษ์ - เพชรเกษม",NULL
2610,"condo","ศุภาลัย ปาร์ค ศรีนครินทร์",NULL
2611,"condo","ศุภาลัย ปาร์ค สถานีแยกไฟฉาย",NULL
2612,"condo","ศุภาลัย ปาร์ค สถานีตลาดพลู",NULL
2613,"condo","ศุภาลัย ปาร์ค อโศก-รัชดา",NULL
2614,"condo","ศุภาลัย พรีเมียร์ เจริญนคร",NULL
2615,"condo","ศุภาลัย พรีเมียร์ รัชดา-นราธิวาส-สาทร",NULL
2616,"condo","ศุภาลัย พรีเมียร์ ราชเทวี",NULL
2617,"condo","ศุภาลัย พรีเมียร์ อโศก",NULL
2618,"condo","ศุภาลัย พรีมา ริวา",NULL
2619,"condo","ศุภาลัย มอนเต้ 2",NULL
2620,"condo","ศุภาลัย มอนเต้ แอท เวียงเชียงใหม่",NULL
2621,"condo","ศุภาลัย มาเรย์ @ พัทยา",NULL
2622,"condo","ศุภาลัย มาเรย์@พัทยา",NULL
2623,"condo","ศุภาลัย รัชดา-นราธิวาส-สาทร",NULL
2624,"condo","ศุภาลัย ริเวอร์ เพลส",NULL
2625,"condo","ศุภาลัย ริเวอร์ รีสอร์ท",NULL
2626,"condo","ศุภาลัย ริวา แกรนด์",NULL
2627,"condo","ศุภาลัย ลอฟท์ แจ้งวัฒนะ",NULL
2628,"condo","ศุภาลัย ลอฟท์ ประชาธิปก - วงเวียนใหญ่",NULL
2629,"condo","ศุภาลัย ลอฟท์ สถานีแคราย",NULL
2630,"condo","ศุภาลัย ลอฟท์ สถานีแยกไฟฉาย",NULL
2631,"condo","ศุภาลัย ลอฟท์ สถานีตลาดพลู",NULL
2632,"condo","ศุภาลัย ลากูน คอนโด",NULL
2633,"condo","ศุภาลัย วิสต้า แยกติวานนท์",NULL
2634,"condo","ศุภาลัย วิสต้า แอท ห้าแยกปากเกร็ด",NULL
2635,"condo","ศุภาลัย วิสต้า ภูเก็ต",NULL
2636,"condo","ศุภาลัย ศุภาลัย ปาร์ค แคราย-งามวงศ์วาน",NULL
2637,"condo","ศุภาลัยซิตี้รีสอร์ท",NULL
2638,"condo","ศุภาลัยปาร์ค เอกมัย-ทองหล่อ",NULL
2639,"condo","ศุภาลัยพรีเมียร์เพลส",NULL
2640,"condo","ศุภาลัยวิสต้า ศรีราชา- แยกท่าเรือแหลมฉบัง",NULL
2641,"condo","ศุภาลัยวิสต้า ศรีราชา-แยกท่าเรือ แหลมฉบัง",NULL
2642,"condo","ศุภาลัยวิสต้า ศรีราชา-แยกท่าเรือแหลมฉบัง",NULL
2643,"condo","สกายแลนด์ คอนโดมิเนียม",NULL
2644,"condo","สกายแลนด์คอนโดมิเนียม",NULL
2645,"condo","สกายบีช คอนโดมิเนียม",NULL
2646,"condo","สกุลไทย สุรวงศ์ ทาวเวอร์",NULL
2647,"condo","สตาร์วิว",NULL
2648,"condo","สปริงฟิลด์ บีช คอนโดมิเนียม",NULL
2649,"condo","สมคิด การ์เดนส์ คอนโดมิเนียม",NULL
2650,"condo","สมพงษ์คอนโดเทล 1",NULL
2651,"condo","สมพงษ์คอนโดเทล 2",NULL
2652,"condo","สมาร์ท คอนโด วัชรพล",NULL
2653,"condo","สมาร์ท คอนโด อ่อนนุช อาคาร เค",NULL
2654,"condo","สมาร์ท คอนโด อ่อนนุช อาคาร เจ",NULL
2655,"condo","สมาร์ท คอนโด อ่อนนุช อาคาร เอ",NULL
2656,"condo","สมาร์ท คอนโด อ่อนนุช อาคาร เอช",NULL
2657,"condo","สมาร์ท คอนโด อ่อนนุช อาคาร เอฟ",NULL
2658,"condo","สมาร์ท คอนโด อ่อนนุช อาคาร ไอ",NULL
2659,"condo","สมาร์ท คอนโด อ่อนนุช อาคาร จี",NULL
2660,"condo","สมาร์ท คอนโด อ่อนนุช อาคาร ซี",NULL
2661,"condo","สมาร์ท คอนโด อ่อนนุช อาคาร ดี",NULL
2662,"condo","สมาร์ท คอนโด อ่อนนุช อาคาร บี",NULL
2663,"condo","สมาร์ท คอนโด อ่อนนุช อาคาร อี",NULL
2664,"condo","สมาร์ทคอนโด พระราม 2",NULL
2665,"condo","สมาร์ทคอนโด วัชรพล",NULL
2666,"condo","สยามโอเชียนวิว",NULL
2667,"condo","สยามคอนโดมิเนียม",NULL
2668,"condo","สราญชลพัทยา คอนโดมิเนีย",NULL
2669,"condo","สราญชลพัทยา คอนโดมิเนียม",NULL
2670,"condo","สวอนเลค นิติ 2",NULL
2671,"condo","สวอนเลค นิติ 3",NULL
2672,"condo","สวอนเลค นิติ 4",NULL
2673,"condo","สวอนเลค นิติ 5",NULL
2674,"condo","สวอนเลคนิติ 1",NULL
2675,"condo","สวิฟท์ คอนโด เอฟ",NULL
2676,"condo","สัมมากร คอนโดมิเนียม",NULL
2677,"condo","สาทร เฮอริเทจ เรสซิเดนเซส",NULL
2678,"condo","สาทรเรสซิเด้นซ์",NULL
2679,"condo","สาธร เพลส",NULL
2680,"condo","สาธร การ์เด้น",NULL
2681,"condo","สายลม คอนโดเทล",NULL
2682,"condo","สายลมคอนโดเทล",NULL
2683,"condo","สายลมคอนโดมิเนียม",NULL
2684,"condo","สายลมสวีท",NULL
2685,"condo","สำนักงานบ้านเอื้ออาทร หนองหอย 2",NULL
2686,"condo","สำนักงานบ้านเอื้ออาทรร่มเกล้า 4",NULL
2687,"condo","สำนักงานบ้านเอื้ออาทรหนองหอย 2",NULL
2688,"condo","สำนักงานอาคารแฟลตโครงการเอื้ออาทร สวนพลูพัฒนา",NULL
2689,"condo","สำนักงานอาคารแฟลตโครงการเอื้ออาทรสวนพลูพัฒนา",NULL
2690,"condo","สินเพชรคอนโดทาวน์",NULL
2691,"condo","สินเศรษฐีเรซิเดนซ์ ทาวน์ 3",NULL
2692,"condo","สินทวีคอนโด A B D E",NULL
2693,"condo","สินทวีคอนโด ดี",NULL
2694,"condo","สินธานี เรสซิเด้นท์ ทาวเวอร์",NULL
2695,"condo","สินสาธร ทาวเวอร์",NULL
2696,"condo","สิริเมโทร รัชดา-วิภาวดี",NULL
2697,"condo","สีลม เทอเรส",NULL
2698,"condo","สีลม พาร์ค วิว",NULL
2699,"condo","สีลมคอนโดมิเนียม",NULL
2700,"condo","สีลมสวีท",NULL
2701,"condo","สุขใจการ์เดน",NULL
2702,"condo","สุขสวัสดิ์ โมเดิร์น คอนโดวิว",NULL
2703,"condo","สุขาภิบาล 3 แมนชั่น",NULL
2704,"condo","สุขุมวิท ซิตี้ รีสอร์ท",NULL
2705,"condo","สุขุมวิท ปาร์ค",NULL
2706,"condo","สุขุมวิท ลิฟวิ่ง ทาวน์",NULL
2707,"condo","สุขุมวิท สวีท",NULL
2708,"condo","สุขุมวิทซิตี้รีสอร์ท",NULL
2709,"condo","สุขุมวิทปาร์ค",NULL
2710,"condo","สุพรีมคอนโดราชวิถี 3",NULL
2711,"condo","สุรวงศ์ ซิตี้ รีสอร์ท",NULL
2712,"condo","สุรวงษวัฒนาคาร",NULL
2713,"condo","สุรวงษ์วัฒนาคาร",NULL
2714,"condo","สุวรรณนคร คอนโด",NULL
2715,"condo","หนึ่ง คอนโดมิเนียม",NULL
2716,"condo","หนึ่งคอนโดมิเนียม",NULL
2717,"condo","หาดใหญ่ คันทรีโฮม",NULL
2718,"condo","หาดใหญ่ คันทรี่โฮม",NULL
2719,"condo","อดามาส หัวหิน คอนโดมิเนียม",NULL
2720,"condo","อมร วิลเลจ เพลส",NULL
2721,"condo","อมรันทา เรสซิเด้นซ์",NULL
2722,"condo","อมันตา- รัชดา",NULL
2724,"condo","อมันตา-รัชดา",NULL
2725,"condo","อมารี เรสซิเด้นเซส พัทยา",NULL
2726,"condo","อยู่รวย คอนโด",NULL
2727,"condo","อยู่รวยคอนโด",NULL
2728,"condo","ออโรร่า คอนโดมิเนียม",NULL
2729,"condo","ออกัส",NULL
2730,"condo","อ่อนนุชเพลส",NULL
2731,"condo","ออนป้าทาวเวอร์",NULL
2732,"condo","ออมนิคอมเพล็กซ์",NULL
2733,"condo","ออริจินส์ พระราม 2",NULL
2734,"condo","อะเมซอน เรสซิเด้นซ์",NULL
2735,"condo","อะพลูคอนโด",NULL
2736,"condo","อะพูล คอนโด",NULL
2737,"condo","อันนา คอนโด ๑",NULL
2738,"condo","อันนา คอนโด ๒",NULL
2739,"condo","อันนา คอนโด ๓",NULL
2740,"condo","อันนา คอนโด ๔",NULL
2741,"condo","อัลติจูด สามย่าน-สีลม",NULL
2742,"condo","อัสสกาญจน์ ซิตี้ เฟส เวล่า 2 รามคำแหง",NULL
2743,"condo","อัสสกาญจน์ ซิตี้ เฟสซี อาคาร ซี14-ซี21",NULL
2744,"condo","อัสสกาญจน์ ซิตี้ เฟสซี อาคาร ซี5-ซี12",NULL
2745,"condo","อัสสกาญจน์ ซิตี้ เฟสบี อาคาร B4",NULL
2746,"condo","อัสสกาญจน์ ซิตี้ เฟสบี อาคาร บี4",NULL
2747,"condo","อัสสกาญจน์ ซิตี้ อาคาร ซี14-ซี2",NULL
2748,"condo","อัสสกาญจน์เพลส โครงการลาดพร้าว",NULL
2749,"condo","อัสสกาญจน์เพลส ศรีนครินทร์",NULL
2750,"condo","อัสสกาญจน์ซิตี้ เวล่า รามคำแหง",NULL
2751,"condo","อาเซี่ยน ซิตี้ รีสอร์ท",NULL
2752,"condo","อาเซี่ยนทาวเวอร์",NULL
2753,"condo","อาคารชุดพักอาศัย มหาวิทยาลัยมหิดล ณ ศาลายา",NULL
2754,"condo","อาคารสวางคนิเวศ สภากาชาดไทย",NULL
2755,"condo","อาร์ ซี เค ทาวเวอร์",NULL
2756,"condo","อาร์เอส ทาวเวอร์",NULL
2757,"condo","อาร์ติซาน รัชดา",NULL
2758,"condo","อาร์ทิมิส กรุงเทพ",NULL
2759,"condo","อาสตร้าคอนโด",NULL
2760,"condo","อาสะ อยุธยา - โรจนะ",NULL
2761,"condo","อำนวยรักษ์คอนโดมิเนียม",NULL
2762,"condo","อินเตอร์ ลักส์ พรีเมียร์ สุขุมวิท 13",NULL
2763,"condo","อินโทร คอนโดมิเนียม",NULL
2764,"condo","อินชิโอ้",NULL
2765,"condo","อินซิโอ้",NULL
2766,"condo","อินทราวิว คอนโดทาวน์",NULL
2767,"condo","อินสไปร์ เพลส พระราม 9",NULL
2768,"condo","อิลีเม้นท์ ศรีนครินทร์ 1-2",NULL
2769,"condo","อิลีเม้นท์ ศรีนครินทร์ 3",NULL
2770,"condo","อิลีเม้นท์ ศรีนครินทร์ 3 เอ สเปซ อโศก-รัชดา",NULL
2771,"condo","อิลีเม้นท์ ศรีนครินทร์ 4-5",NULL
2772,"condo","อิลีเม้นท์ ศรีนครินทร์ 6-7",NULL
2773,"condo","อิสธานัน คอนโด 1",NULL
2774,"condo","อีควิน็อคซ์ พหล-วิภา",NULL
2775,"condo","อีลิท ศาลายา",NULL
2776,"condo","อีส ทาวเวอร์",NULL
2777,"condo","อีส พระราม 2",NULL
2778,"condo","ฮอลล์มาร์ค แจ้งวัฒนะ",NULL
2779,"condo","ฮอลล์มาร์ค งามวงศ์วาน",NULL
2780,"condo","ฮัมเบิลลีฟวิ่ง แอด ศุภฤกษ์",NULL
2781,"condo","ฮาเว่น ลุคซ์",NULL
2782,"condo","ฮาร์โมนี ลิฟวิ่ง พหลโยธิน 11 อาคาร 1 และ 2",NULL
2783,"condo","ฮิลล์ไซด์ พลาซ่า แอนด์ คอนโดเทล 4",NULL
2784,"condo","ฮิลล์ไซด์ พายัพ คอนโดมิเนียม 8",NULL
2785,"condo","ฮิลล์ไซด์ พายัพ คอนโดมิเนียม 9",NULL
2786,"condo","ฮิลล์ไซด์พลาซ่า แอนด์ คอนโดเทล 4",NULL
2788,"condo","ฮิลล์ไซด์พายัพคอนโดมิเนียม 7",NULL
2789,"condo","ฮิว สุขุมวิท",NULL
2790,"condo","เซ็นทารา อเวนิว เรสซิเดนซ์",NULL
2791,"condo","เซ็นทารา อเวนิว เรสซิเดนซ์ แอนด์ สวีท พัทยา",NULL
2792,"condo","ควินน์ สุขุมวิท 101",NULL
2793,"condo","เดอะ เบลกราเวีย รัชดา-ลาดพร้าว 15",NULL
2794,"condo","เดอะ เบลกลาเวีย รัชดา-ลาดพร้าว 15",NULL
2795,"condo","นิรันดร์เรซิเดนซ์ 2",NULL
2796,"condo","เดอะมาร์คแลนด์คอนโดทาวน์",NULL
2797,"condo","แอ๊บสแตร็กส์ สุขุมวิท 66/1 เดอะมูน",NULL
2798,"condo","จอมเทียนคอมเพลกซ์คอนโดเทล",NULL
2799,"condo","ดับบลิว พี เซ็นทรัล คอนโดมิเนียม",NULL
2800,"condo","บางแสนรอยัลบีชคอนโดมิเนียม",NULL
2801,"condo","วิวทะเลจอมเทียนคอนโดมิเนียม",NULL
2802,"village","บ้านพฤกษา ๑๒๖ เทพารักษ์ -กิ่งแก้ว",NULL
2803,"village","วรารักษ์-โรจนะ",NULL
2804,"village","หมู่บ้านมารวย ฉะเชิงเทรา",NULL
2805,"village","MMC",NULL
2806,"village","THE RUX รามอินทรา- หทัยราษฎร์",NULL
2807,"village","เกตุนุติ เชอมีเน่",NULL
2808,"village","เกตุนุติการ์เด้น",NULL
2809,"village","เจ ทาวน์ สุขุมวิท-แพรกษา",NULL
2810,"village","เชียงใหม่กรีนวันเล่",NULL
2811,"village","เซนมูระ ศรีนครินทร์ บางนา",NULL
2812,"village","เดลี่ บาย อารียา",NULL
2813,"village","เดอะ เซนโทร สุขุมวิท 113",NULL
2814,"village","เดอะ เทอเรซ รามอินทรา",NULL
2815,"village","เดอะ เมทโทร รัตนาธิเบศร์",NULL
2816,"village","เดอะ แพลนท์ เพรส ทีจ - แจ้งวัฒนะ",NULL
2817,"village","เดอะ คอนเนค 12 เอ",NULL
2819,"village","เดอะ คอนเนค 3",NULL
2820,"village","เดอะ คัลเลอร์ พรีเมี่ยม เกษตร-นวมินทร์",NULL
2821,"village","เดอะ คัลเลอร์ส บางนา-วงแหวนฯ 2",NULL
2822,"village","เดอะ คัลเลิร์ส เลชเชอร์ บางนา กม. 10",NULL
2823,"village","เดอะ พลีโน่ สุขสวัสดิ์ 30",NULL
2824,"village","เดอะ ฟิวชั่น",NULL
2825,"village","เดอะเทอเรซ พระราม 2",NULL
2826,"village","เดอะเทอเรซ พระราม2",NULL
2827,"village","เดอะเบลส",NULL
2828,"village","เดอะแกรนด์ พระรามสอง คอร์ทยาร์ด",NULL
2829,"village","เดอะแกรนด์ วงแหวน-ประชาอุทิศ",NULL
2830,"village","เดอะแพลนท์ บางแค (ภัสสร 30)",NULL
2831,"village","เดอะแพลนท์ บางนา",NULL
2832,"village","เดอะแพลนท์ พระราม 9 - วงแหวน",NULL
2833,"village","เดอะแพลนท์ พัฒนาการ 38",NULL
2834,"village","เดอะคลัสเตอร์ วิลล์ ราชพฤกษ์-สิรินธร",NULL
2835,"village","เดอะคอนเนค 1 กิ่งแก้ว-สุวรรณภูมิ",NULL
2836,"village","เดอะคอนเนค 10",NULL
2837,"village","เดอะคอนเนค 15",NULL
2838,"village","เดอะคอนเนค 32",NULL
2839,"village","เดอะคัลเลอร์ เกษตร 1",NULL
2840,"village","เดอะคัลเลอร์ส เลชเชอร์ บางนา กม.8",NULL
2841,"village","เดอะคัลเลอร์ส กาญจนาภิเษก-ราชพฤกษ์ 2",NULL
2842,"village","เดอะคัลเลอร์ส พรีเมี่ยม วงแหวน-รามอินทรา",NULL
2843,"village","เดอะคัลเลอร์ส รังสิต-คลอง 4",NULL
2844,"village","เดอะคัลเลอร์ส วงแหวน-รามอินทรา",NULL
2845,"village","เดอะทรัสต์ ทาวน์ ราชพฤกษ์-รัตนาธิเบศน์",NULL
2846,"village","เดอะทรัสต์ ทาวน์ วงแหวน-ลำลูกกา",NULL
2847,"village","เดอะทรัสต์ ทาวน์ ศรีนครินทร์-แพรกษา ",NULL
2848,"village","เดอะนอร์ธเทิร์นไพร์ม",NULL
2849,"village","เดอะบูเลอวาร์ด ศรีราชา",NULL
2850,"village","เดอะริคโค้ เรสซิเดนท์ วงแหวน-หทัยราษฏร์",NULL
2851,"village","เดอะริคโค้ทาวน์ พหลโยธิน-สายไหม",NULL
2852,"village","เดอะลากูน",NULL
2853,"village","เดอะวิลเลจ บางนา-วงแหวน",NULL
2854,"village","เดอะวิลเลจ บางนา-วงแหวนฯ",NULL
2855,"village","เดอะวิลล่า รามคำแหง สุวรรณภูมิ",NULL
2856,"village","เดอะึคัลเลอร์ส บางนา-วงแหวน",NULL
2857,"village","เต็มสิริ วิลเลจ",NULL
2858,"village","เทรนดี้ ธารา พระราม 2",NULL
2859,"village","เธียรี่ พระราม 2",NULL
2860,"village","เนเบอร์โฮม",NULL
2861,"village","เนอวานา พาร์ค สุขุมวิท77",NULL
2862,"village","เบล็สทาวน์ ศรีนครินทร์ - หนามแดง",NULL
2863,"village","เปี่ยมภิรมย์ รีสอร์ท",NULL
2864,"village","เปี่ยมสุข เอสเกต กรุงเทพ - ปทุมธานี",NULL
2865,"village","เพชร วงแหวน",NULL
2866,"village","เพชรเกษม 3",NULL
2867,"village","เพชรวงแหวน",NULL
2868,"village","เพอร์เฟค เพลส (๑) รัตนาธิเบศร์-ราชพฤกษ์",NULL
2869,"village","เพอร์เฟค เพลส 3 รัตนาธิเบศร์",NULL
2870,"village","เพอร์เฟค เพลส พระราม 5 - ราชพฤกษ์",NULL
2871,"village","เพอร์เฟค เพลส รัตนาธิเบศร์",NULL
2872,"village","เพอร์เฟค เพลส ราชพฤกษ์ เฟส 1",NULL
2873,"village","เพอร์เฟค เพลส วงแหวน-รามคำแหง",NULL
2874,"village","เพอร์เฟค เพลส วงแหวน-รามคำแหง (2)",NULL
2875,"village","เพอร์เฟค พาร์ค ราชพฤกษ์",NULL
2876,"village","เพอร์เฟค พาร์ค สุวรรณภูมิ",NULL
2877,"village","เพอร์เฟคเพลส รัตนาธิเบศร์",NULL
2878,"village","เพอร์เฟคเพลส รามคําแหง เดอะเลคโซน",NULL
2879,"village","เมืองเอก โครงการ 4",NULL
2880,"village","เรือนภิษา",NULL
2881,"village","เวอรีเดียน ราชพฤกษ์",NULL
2882,"village","เศรณี สรงประภา ดอนเมือง",NULL
2883,"village","เศรณีสรงประภา",NULL
2884,"village","เศรษฐสิริ ประชาชื่น เรสซิเด้นท์ 1",NULL
2885,"village","เศรษฐสิริ ราชพฤกษ์ - จรัญฯ",NULL
2886,"village","เศรษฐสิริ ราชพฤกษ์ จรัญฯ 2",NULL
2887,"village","เศรษฐสิริ วงแหวน- สุขาภิบาล 2",NULL
2888,"village","เศรษฐสิริ วงแหวน-สุขาภิบาล 2",NULL
2889,"village","เศรษฐสิริชัยพฤกษ์ - แจ้งวัฒนะ",NULL
2890,"village","เสนา พาร์ค วิลล์",NULL
2891,"village","เสนาแกรนด์โฮม รังสิต",NULL
2892,"village","เอ็มเมอรัลด์ รีสอร์ท",NULL
2893,"village","เอส.พี.ทาวโฮม จอมเทียน",NULL
2894,"village","เอสต้าโฮม ไพรเวทพาร์ค",NULL
2895,"village","เออบาโน รามคำแหง 94",NULL
2896,"village","เฮ้าส์ เดอะ ฮัมบูร์ก",NULL
2897,"village","แกรนด์ โมนาโค",NULL
2898,"village","แกรนด์ โมนาโค เฟส 1",NULL
2899,"village","แกรนด์ คอนโดเทล พัทยา",NULL
2900,"village","แกรนด์ บางกอก บูเลอวาร์ด รัชดา-รามอินทรา",NULL
2901,"village","แกรนด์ บางกอกบูเลอวาร์ด พระราม 9 - ศรีนครินทร์",NULL
2902,"village","แกรนด์ มณีรินทร์",NULL
2903,"village","แกรนด์คาแนล ประชาชื่น",NULL
2904,"village","แกรนด์มณีรินทร์ ศรีราชา",NULL
2905,"village","แกรนดิโอ ลาดพร้าว - เกษตรนวมินทร์",NULL
2906,"village","แฟคตอรี่แลนด์ 2",NULL
2907,"village","แฟมิลี่ซิตี้โฮม 2",NULL
2908,"village","แลนด์แอนด์เฮ้าส์ พาร์ค",NULL
2909,"village","แลนด์แอนด์เฮ้าส์ พาร์ค (โคราช)",NULL
2910,"village","แฮปปี้แลนด์ แกรนด์วิลล์",NULL
2911,"village","โกเด้น นีโอ อ่อนนุช-พัฒนาการ",NULL
2912,"village","โกล เด้น ทาวน์ 2 อ่อนนุช-พัฒนาการ",NULL
2913,"village","โกลเด้น เฮอริเทจ เฟส 2",NULL
2914,"village","โกลเด้น ทาวน์ เฉลิมพระเกียรติ-สวนหลวง",NULL
2915,"village","โกลเด้น ทาวน์ เฉลิมพระเกียรติฯ-สวนหลวง",NULL
2916,"village","โกลเด้น ทาวน์ เพชรเกษม",NULL
2917,"village","โกลเด้น ทาวน์ รามอินทรา คู้บอน",NULL
2918,"village","โกลเด้น ทาวน์ ศรีนครินทร์-สุขุมวิท",NULL
2919,"village","โกลเด้น ทาวน์ สาทร",NULL
2920,"village","โกลเด้น ทาวน์ อ่อนนุช-พัฒนาการ",NULL
2921,"village","โกลเด้น นีโอ บางนา-กิ่งแก้ว",NULL
2922,"village","โกลเด้นทาวน์ 2 อ่อนนุช - ลาดกระบัง",NULL
2923,"village","โกลเด้นทาวน์ รัตนาธิเบศร์- สถานีรถไฟฟ้าไทรม้า",NULL
2924,"village","โกลเด้นนครา",NULL
2925,"village","โนเบิล จีโอ พระราม 5",NULL
2926,"village","โนเบิล จีโอ วัชรพล",NULL
2927,"village","โนโววิลล์ ลำลูกกา คลอง 2",NULL
2928,"village","โบเลโร่ วิลล่า",NULL
2929,"village","โอเรียลเท็ล บีช รีสอร์ท",NULL
2930,"village","โฮมเพลส เดอะพาร์ค วงแหวน - พระราม 9",NULL
2931,"village","โฮมเพลส รังสิต",NULL
2932,"village","โฮมเพลส รัตนาธิเบศร์",NULL
2933,"village","โฮมเพลสรัตนาธิเบศร์",NULL
2936,"village","ไทม์โฮม(สวนหลวง-อ่อนนุช)",NULL
2937,"village","ไทยสมบูรณ์ 3",NULL
2938,"village","ไพรเวท เนอวานา เรสซิเดนซ์",NULL
2939,"village","ไพรเวท รามอินทรา",NULL
2940,"village","ไพร์มเพลส เดอะ กรีนเนอรี่ บางใหญ่",NULL
2941,"village","ไพร์มเพลส เดอะกรีนเนอรี่ บางใหญ่",NULL
2942,"village","ไรมอนพาร์ค",NULL
2943,"village","ไลโอ วงแหวน-รามอินทรา",NULL
2944,"village","ไลฟ์ บางกอก บูเลอวาร์ด ราชพฤกษ์-จรัญสนิทวงศ์",NULL
2945,"village","ไอลีฟ ทาวน์ 1 พระราม 2 กม.14",NULL
2946,"village","ไอลีฟ พาร์ค 1 พระราม 2 กม.14",NULL
2947,"village","กรีนวิลล์",NULL
2948,"village","กรูฟวิลล์ ลำลูกกา คลอง 4",NULL
2949,"village","กฤษดา ลากูน",NULL
2950,"village","กฤษดานคร 19",NULL
2951,"village","กลอรี่ เฮ้าส์ 94/2",NULL
2952,"village","กัสโต้ เทพารักษ์",NULL
2953,"village","กัสโต้ ท่าน้ำนนท์",NULL
2954,"village","กัสโต้ พหลโยธิน- รามอินทรา",NULL
2955,"village","กัสโต้ พหลโยธิน-รามอินทรา",NULL
2956,"village","กัสโต้ พหลโยธิน-สายไหม",NULL
2957,"village","กัสโต้ ราชพฤกษ์-พระราม 5",NULL
2958,"village","กัสโต้ รามคำแหง",NULL
2959,"village","กัสโต้ วงแหวน-พระราม 5",NULL
2960,"village","กัสโต้ สาทร - ตากสิน",NULL
2961,"village","กัสโต้ สาทร-ตากสิน",NULL
2962,"village","กัสโต้เทพารักษ์",NULL
2963,"village","กาญจน์กนก วิลล์ 5",NULL
2964,"village","กานดา ริมคลอง 2",NULL
2965,"village","กิตตินคร การ์เด้นวิลล์",NULL
2966,"village","คฤหาสน์ทายาท",NULL
2967,"village","คาซ่า Legend เกษตร-นวมินทร์",NULL
2968,"village","คาซ่า วิลล์ บางนา-สุวรรณภูมิ",NULL
2969,"village","คาซ่าแกรนด์ สุขาภิบาล 5",NULL
2970,"village","คาซ่าซิตี้ เอกมัย- รามอินทรา นวลจันทร์ 2",NULL
2971,"village","คาซ่าซิตี้ เอกมัย-รามอินทรา นวลจันทร์ 2",NULL
2972,"village","คาซ่าซิตี้ วัชรพล-เพิ่มสิน",NULL
2973,"village","คาซ่าวิลล์ บางนา-เทพารักษ์",NULL
2974,"village","คาซ่าวิลล์ ราชพฤกษ์-รัตนาธิเบศร์ 2",NULL
2975,"village","คาซ่าวิลล์ รามอินทรา-วงแหวน",NULL
2976,"village","คาซ่าวิลล์ วัชรพล",NULL
2977,"village","คาซ่าวิลล์ สุขาภิบาล 5",NULL
2978,"village","คุณาลัย พรีม",NULL
2979,"village","ฉัตรหลวง โครงการ 11",NULL
2980,"village","ชนันธร กรีนวิลล์",NULL
2981,"village","ชมรม เพื่อนบ้านชิชา",NULL
2982,"village","ชมรมเพื่อน บ้านชิชา",NULL
2983,"village","ชมรมเพื่อนบ้านชิชา",NULL
2984,"village","ชลลดา บางบัวทอง",NULL
2985,"village","ชวนชื่น การ์เด้นวิลล์",NULL
2986,"village","ชวนชื่น ปาร์ค",NULL
2987,"village","ชวนชื่น รีเจ้นท์",NULL
2988,"village","ชวนชื่น วัชรพล",NULL
2989,"village","ชวนชื่นการ์เด้นวิลล์",NULL
2990,"village","ชวนชื่นพาร์ควิลล์",NULL
2991,"village","ชัยพฤกษ์ (แจ้งวัฒนะ-ราชพฤกษ์",NULL
2992,"village","ชัยพฤกษ์ (แจ้งวัฒนะ-ราชพฤกษ์)",NULL
2993,"village","ชัยพฤกษ์ 1 สุวินทวงศ์",NULL
2994,"village","ชัยพฤกษ์ 2 สุวินทวงศ์",NULL
2995,"village","ชัยพฤกษ์ เทพารักษ์",NULL
2996,"village","ชัยพฤกษ์ เพชรเกษม 81",NULL
2997,"village","ชัยพฤกษ์ ติวานนท์",NULL
2998,"village","ชัยพฤกษ์ ติวานนท์ - วงแหวน",NULL
2999,"village","ชัยพฤกษ์ ทวีวัฒนา",NULL
3000,"village","ชัยพฤกษ์ บางใหญ่ 2",NULL
3001,"village","ชัยพฤกษ์ บางใหญ่ 3",NULL
3002,"village","ชัยพฤกษ์ บางใหญ่ 4",NULL
3003,"village","ชัยพฤกษ์ บางบัวทอง",NULL
3004,"village","ชัยพฤกษ์ ปิ่นเกล้า-สาทร",NULL
3005,"village","ชัยพฤกษ์ รังสิต - คลอง 4",NULL
3006,"village","ชัยพฤกษ์ รัตนาธิเบศร์ - วงแหวน",NULL
3007,"village","ชัยพฤกษ์ วงแหวนรัตนาธิเบศร์",NULL
3008,"village","ชัยพฤกษ์ วัชรพล",NULL
3009,"village","ชัยพฤกษ์และบุศรินทร์ รังสิต คลอง 2",NULL
3010,"village","ชัยพฤกษ์บางใหญ่ 1",NULL
3011,"village","ชัยพฤกษ์บางใหญ่ 2",NULL
3012,"village","ซิกเนเจอร์ เพชรเกษม 69",NULL
3013,"village","ซิกเนเจอร์ รามอินทรา",NULL
3014,"village","ซิตี้เซนส์ เพชรเกษม 69",NULL
3015,"village","ซิตี้เซนส์ สรงประภา",NULL
3016,"village","ซิลค์ โรด เพลส",NULL
3017,"village","ซีเค วิลล์ 2",NULL
3018,"village","ซื่อตรง โคซี่ รังสิต คลอง 6 เฟส 2",NULL
3019,"village","ซื่อตรงโคซี่ รังสิต คลอง 6 เฟส 1",NULL
3020,"village","ดิ เอ๊กคลูซีฟ สาทร-กัลปพฤกษ์",NULL
3021,"village","ดิ เอ็กซ์คลูซีฟ สาทร-กัลปพฤกษ์",NULL
3022,"village","ดิ เอ็นเทอร์",NULL
3023,"village","ดิ เอ็นเทอร์ คลิก",NULL
3024,"village","ดิ เออบาน่า 2",NULL
3025,"village","ดิเอ็กซ์คลูซีฟ พัฒนาการ เอกมัย ทองหล่อ",NULL
3026,"village","ดิเอ็กซ์คลูซีฟ สวนหลวง ร.9",NULL
3027,"village","ดิเอ็กซ์คลูซีฟทาวน์โฮม สวนหลวง ร.9",NULL
3028,"village","ดิเออบาน่า 1",NULL
3029,"village","ดิเออบาน่า1",NULL
3030,"village","ตรีพฤกษ์ นครปฐม",NULL
3031,"village","ทรัพย์ทวีโฮมแฟคตอรี่",NULL
3032,"village","ทรัพย์ทวีประเสริฐ",NULL
3033,"village","ทวีมิตร",NULL
3034,"village","ทาวน์ อเวนิว พระราม 9",NULL
3035,"village","ทาวน์ อเวนิวฟอร์เต้ พระราม 2",NULL
3036,"village","ทาวน์พลัส",NULL
3037,"village","ทาวน์พลัส (เพชรเกษม-บางแค)",NULL
3038,"village","ทาวน์พลัส (ลาดพร้าว 101)",NULL
3039,"village","ทาวน์พลัส เทพารักษ์",NULL
3040,"village","ทาวน์พลัส พระรามเก้า",NULL
3041,"village","ทาวน์พลัสเอ็กซ์ ประชาชื่น",NULL
3042,"village","ทิพธนา เพชรเกษม 53",NULL
3043,"village","ทิพย์พิมาน บ้านริมน้ำ",NULL
3044,"village","ทิพย์พิมานการ์เด้น",NULL
3045,"village","ทู แกรนด์ โมนาโค บางนา - วงแหวน",NULL
3046,"village","ทู แกรนด์ โมนาโค บางนา-วงแหวน",NULL
3047,"village","ธนะธำรง วิลเลจ",NULL
3048,"village","ธัญญาภิรมย์ คลอง 5",NULL
3049,"village","ธาดา ทาวน์ เคิร์ฟ",NULL
3050,"village","ธาดา พาร์ค 2",NULL
3051,"village","ธาดาพาร์ค 2",NULL
3052,"village","ธารารมณ์ รามคำแหง 150",NULL
3053,"village","ธารารมณ์ รามคำแหง 150 (สำนักงานใหญ่)",NULL
3054,"village","ธารารมณ์ หัวหมาก",NULL
3055,"village","นนท์ณิชา-พระนั่งเกล้า",NULL
3056,"village","นนทรี ฟลอร่า",NULL
3057,"village","นนทรี รีเจ้นท์",NULL
3058,"village","นันทนาการ์เด้น",NULL
3059,"village","นันทวัน รามคำแหง",NULL
3060,"village","นันทวัน ศรีนครินทร์",NULL
3061,"village","นันทวัน-ประชาชื่น",NULL
3062,"village","นันทวันรามอินทรา",NULL
3063,"village","นาราโฮม",NULL
3064,"village","นาราสิริ พระราม 2",NULL
3065,"village","นิติบุคคลอาคารชุดหมู่บ้านจัดสรรบุศรินทร์ (วงแหวน-รัตนาธิเบศร์)",NULL
3066,"village","นิรันดร์ เดอะ คอนเนค 3",NULL
3067,"village","นิรันดร์ วิลล์ ศรีนครินทร์",NULL
3068,"village","นิรันดร์วิลล์ 8",NULL
3069,"village","บริษัท เพื่อการจัดการของหมู่บ้าน จัดสรรโนเบิลจีโอวัชรพล จำกัด",NULL
3070,"village","บริษัท เพื่อการจัดการของหมู่บ้านจัดสรร โนเบิลจีโอวัชรพล จำกัด",NULL
3071,"village","บริษัท เพื่อการจัดการของหมู่บ้านจัดสรรโนเบิลจีโอ วัชรพล จำกัด",NULL
3072,"village","บลูลากูน",NULL
3073,"village","บางกอก บูเลอวาร์ด รามอินทรา",NULL
3074,"village","บางกอกบูเลอวาร์ด ราชพฤกษ์-พระราม 5",NULL
3075,"village","บางกอกบูเลอวาร์ด รามอินทรา",NULL
3076,"village","บางกอกบูลเลอวาร์ด รามอินทรา",NULL
3077,"village","บ้านเอกเขนก",NULL
3078,"village","บ้านแมกไม้ (รามอินทรา)",NULL
3079,"village","บ้านแสนรัก ปากช่อง - เขาใหญ่",NULL
3080,"village","บ้านใหม่ พระราม 2 (2)",NULL
3081,"village","บ้านใหม่ พระราม 9 ศรีนครินทร์",NULL
3082,"village","บ้านใหม่พระราม 2 (2)",NULL
3083,"village","บ้านไม้อิงธาร",NULL
3084,"village","บ้านกรองทอง กรุงเทพกรีฑา",NULL
3085,"village","บ้านกฤษณา พระราม 5- กาญจนาภิเษก",NULL
3086,"village","บ้านกลางเมือง เดอะปารีส",NULL
3087,"village","บ้านกลางเมือง เดอะปารีส พระรามเก้า-รามคำแหง",NULL
3088,"village","บ้านกลางเมือง เอสเซ็นส์ พระราม 9 - ลาดพร้าว",NULL
3089,"village","บ้านกลางเมือง เอสเซ้นส์ สาทร-ตากสิน 2",NULL
3090,"village","บ้านกลางเมือง เอสเซ็นส์ อ่อนนุช-วงแหวน",NULL
3091,"village","บ้านกลางเมือง เออบาเนี่ยน พระราม9-ลาดพร้าว",NULL
3092,"village","บ้านกลางเมือง สุขุมวิท 77",NULL
3093,"village","บ้านกลางเมืองบริติชทาวน์ ศรีนครินทร์",NULL
3094,"village","บ้านกลางเมืองสุขุมวิท 77",NULL
3095,"village","บ้านกลางกรุง สาทร - นราธิวาส",NULL
3096,"village","บ้านปิ่นเกล้า เฟส 1",NULL
3097,"village","บ้านพนาลี 18",NULL
3098,"village","บ้านพนาลี 37 ( พฤกษา 74/3 )",NULL
3099,"village","บ้านพนาลี 37 (พฤกษา 74/3)",NULL
3100,"village","บ้านพนาลี 51 เทพารักษ์-เมืองใหม่",NULL
3101,"village","บ้านพรไพลิน สุขุมวิท 101/1",NULL
3102,"village","บ้านพฤกษา 77/1",NULL
3103,"village","บ้านพฤกษา วิลล์ 41",NULL
3104,"village","บ้านพฤกษาทาวน์ (PKT๐๘)",NULL
3105,"village","บ้านพฤกษาทาวน์ พีเคที 002",NULL
3106,"village","บ้านพฤกษาวิลล์ 41",NULL
3107,"village","บ้านพฤกษาวิลล์ 50/1",NULL
3108,"village","บ้านพิศาลเทียนทะเล 20 โครงการ 1",NULL
3109,"village","บ้านพุทธชาด 10",NULL
3110,"village","บ้านพุทธชาด 18 (พฤกษา 84/2)",NULL
3111,"village","บ้านฟ้า กรีน พาร์ค รอยัล ธนบุรีรมย์",NULL
3112,"village","บ้านฟ้ากรีนพาร์ค รังสิต เฟส 2",NULL
3113,"village","บ้านฟ้าปิยรมย์ เทอร์เร่",NULL
3114,"village","บ้านฟ้าปิยรมย์ เลค แอนด์ พาร์ค",NULL
3115,"village","บ้านฟ้าปิยรมย์ พรีเมียร์ พาร์ค",NULL
3116,"village","บ้านฟ้ารังสิต",NULL
3117,"village","บ้านฟ้าลากูน",NULL
3118,"village","บ้านภัททาวิลเลจ",NULL
3119,"village","บ้านภัทรา รามคำแหง 76",NULL
3120,"village","บ้านภัทรา ลำลูกกา",NULL
3121,"village","บ้านภัทรา อ่อนนุช - วงแหวน",NULL
3122,"village","บ้านภัสสร 4",NULL
3123,"village","บ้านภัสสร พัฒนาการ 2 (PS61)",NULL
3124,"village","บ้านภาณุ 1",NULL
3125,"village","บ้านภาณุ 2",NULL
3126,"village","บ้านรัช ธานี 10",NULL
3127,"village","บ้านรัชธานี 10",NULL
3128,"village","บ้านราชพฤกษ์ รามอินทรา - หทัยราฎร์",NULL
3129,"village","บ้านลภาวัน ดีน่า",NULL
3130,"village","บ้านลาดพร้าว 1",NULL
3131,"village","บ้านวนิศา",NULL
3132,"village","บ้านวรารักษ์",NULL
3133,"village","บ้านวรารักษ์ รังสิต คลอง 3",NULL
3134,"village","บ้านศุภวรรณ",NULL
3135,"village","บ้านสถาพร รังสิต คลอง 3",NULL
3136,"village","บ้านสถาพร รังสิต คลอง 3 ปทุมธานี",NULL
3137,"village","บ้านสระสวน",NULL
3138,"village","บ้านสวนจันท์",NULL
3139,"village","บ้านสวนจินดารมย์ 3",NULL
3140,"village","บ้านสวนซื่อตรง ลาดพร้าว 71",NULL
3141,"village","บ้านสวนริมคลอง บางมด",NULL
3142,"village","บ้านสวนริมคลองบางมด",NULL
3143,"village","บ้านสหภาพ 6",NULL
3144,"village","บ้านสินทรัพย์นคร",NULL
3145,"village","บ้านสินธร รังสิต",NULL
3146,"village","บ้านอิสสระ พระราม 9",NULL
3147,"village","บาหลี บีช",NULL
3148,"village","บาหลี บีช BN1",NULL
3149,"village","บี สแควร์ พระราม 9 - เหม่งจ๋าย",NULL
3150,"village","บุราสิริ ราชพฤกษ์ - เเจ้งวัฒนะ",NULL
3151,"village","บุศรินทร์ ปิ่นเกล้า",NULL
3152,"village","บุศรินทร์-เทพารักษ์",NULL
3153,"village","บุศรินทร์รังสิต 1",NULL
3154,"village","ประภัสสรวิลล์",NULL
3155,"village","ปรัชญา บิซโฮม อ่อนนุช-สุวรรณภูมิ",NULL
3156,"village","ปริญญดา ไลท์ พระราม 5",NULL
3157,"village","ปริญลักษณ์ ไลท์ พระราม 5",NULL
3158,"village","ปริญลักษณ์ ไลท์- วงแหวน สาทร",NULL
3159,"village","ปริญลักษณ์ ไล้ท์ วงแหวน สาทร",NULL
3160,"village","ปริญลักษณ์ ไลท์-วงแหวน สาทร",NULL
3161,"village","ปริญลักษณ์ นวมินทร์",NULL
3162,"village","ปรีชา ราม 2 ราษฎร์พัฒนา",NULL
3163,"village","ปรีชา สุวินทวงศ์",NULL
3164,"village","ปัญฐิญา แพรกษา",NULL
3165,"village","ปาริชาต - ปิ่นเกล้า",NULL
3166,"village","ปาริชาต 345",NULL
3167,"village","ปาริชาต สุวินทวงศ์",NULL
3168,"village","ปิ่นเกล้า เฟส 1",NULL
3169,"village","ปิยวรารมย์ รังสิต คลองสี่",NULL
3170,"village","ปิยวรารมย์รังสิต คลองสี่",NULL
3171,"village","พนาลี 16",NULL
3172,"village","พนาลี 27",NULL
3173,"village","พนาลี 33",NULL
3174,"village","พนาสนธิ์ การ์เด้นโฮม 8",NULL
3175,"village","พนาสนธิ์วิลล่า-เทพารักษ์",NULL
3176,"village","พนาสนธฺ์การ์เด้นโฮม 8",NULL
3177,"village","พร้อมพัฒน์ ไพร์ม",NULL
3178,"village","พร้อมพัฒน์ไพร์ม",NULL
3179,"village","พฤกษ์พิมาน การ์เด้น",NULL
3180,"village","พฤกษ์ภิรมย์ บางขุนเทียน",NULL
3181,"village","พฤกษ์ลดา 2 (ท่าข้าม-พระราม 2 )",NULL
3182,"village","พฤกษ์ลดา 2 (ท่าข้าม-พระราม 2)",NULL
3183,"village","พฤกษ์ลดา บางนา",NULL
3184,"village","พฤกษ์ลดา รังสิต คลอง 4",NULL
3185,"village","พฤกษ์ลดา วงแหวน - รัตนาธิเบศร์",NULL
3186,"village","พฤกษ์ลดาปิ่นเกล้า สาย 5",NULL
3187,"village","พฤกษา 11",NULL
3188,"village","พฤกษา 12",NULL
3189,"village","พฤกษา 12/1",NULL
3190,"village","พฤกษา 13",NULL
3191,"village","พฤกษา 15",NULL
3192,"village","พฤกษา 40",NULL
3193,"village","พฤกษา 45",NULL
3194,"village","พฤกษา 77/1",NULL
3195,"village","พฤกษา บี",NULL
3196,"village","พฤกษา วิลเลจ 27",NULL
3197,"village","พฤกษา วิลเลจ 34",NULL
3198,"village","พฤกษา วิลเลจ 5",NULL
3199,"village","พฤกษา วิลล์ 28",NULL
3200,"village","พฤกษา วิลล์ 42",NULL
3201,"village","พฤกษา วิลล์ 53/2",NULL
3202,"village","พฤกษาทาวน์ 81",NULL
3203,"village","พฤกษาทาวน์พรีเว่ อ่อนนุช 66 - ศรีนครินท",NULL
3204,"village","พฤกษาทาวน์พรีเว่ อ่อนนุช 66 - ศรีนครินทร์",NULL
3205,"village","พฤกษาทาวน์พรีเว่อ่อนนุช 66 - ศรีนครินทร์",NULL
3206,"village","พฤกษาพรรณแกรนด์ ลำพยา 2",NULL
3207,"village","พฤกษาวิลเลจ 2",NULL
3208,"village","พฤกษาวิลเลจ 27",NULL
3209,"village","พฤกษาวิลเลจ 5",NULL
3210,"village","พฤกษาวิลล์ 10",NULL
3211,"village","พฤกษาวิลล์ 16/2",NULL
3212,"village","พฤกษาวิลล์ 2 ดอนเมือง",NULL
3213,"village","พฤกษาวิลล์ 28",NULL
3214,"village","พฤกษาวิลล์ 32",NULL
3215,"village","พฤกษาวิลล์ 42",NULL
3216,"village","พฤกษาวิลล์ 53/2",NULL
3217,"village","พฤกษาวิลล์ 6",NULL
3218,"village","พฤกษาวิลล์ 62/2",NULL
3219,"village","พลีโน่ วงแหวน-รามอินทรา",NULL
3220,"village","พัชรเพลส",NULL
3221,"village","พาทิโอ แจ้งวัฒนะ",NULL
3222,"village","พาทิโอ พัฒนากา",NULL
3223,"village","พาทิโอ พัฒนาการ",NULL
3224,"village","พาร์คเวย์ ชาเล่ต์ โครงการ 2",NULL
3225,"village","ภัคภิรมย์ พูลวิลล่า ซัมเมอร์",NULL
3226,"village","ภัทร โมทาวน์",NULL
3227,"village","ภัทรโมทาวน์",NULL
3228,"village","ภัสสร 1",NULL
3229,"village","ภัสสร ๑๓",NULL
3230,"village","ภัสสร 25 บางนา",NULL
3231,"village","ภัสสร 28 กิ่งแก้ว-หนามแดง",NULL
3232,"village","ภัสสร 3",NULL
3233,"village","ภัสสร 4",NULL
3234,"village","ภัสสร เพรสทีจ อ่อนนุช",NULL
3235,"village","ภิรมย์วิลล์ พระราม 2 - เทียนทะเล 20",NULL
3236,"village","ภูเก็ตวิลล่า 5",NULL
3237,"village","มณีรินทร์",NULL
3238,"village","มณีรินทร์ เลค แอนด์ ลากูน",NULL
3239,"village","มณีรินทร์ เลค แอนด์ ลากูน (รังสิต)",NULL
3240,"village","มณีรินทร์ พาร์ค รังสิต (50 ไร่)",NULL
3241,"village","มณีรินทร์ พาร์ค รัตนาธิเบศร์",NULL
3242,"village","มณีรินทร์ รัตนาธิเบศร์",NULL
3243,"village","มนสิกา",NULL
3244,"village","มหาชัยเมืองทอง",NULL
3245,"village","มัณฑนา - ปิ่นเกล้า พระราม 5",NULL
3246,"village","มัณฑนา - อ่อนนุช วงแหวน",NULL
3247,"village","มัณฑนา แจ้งวัฒนะ ราชพฤกษ์",NULL
3248,"village","มัณฑนา และบุศรินทร์ ธนบุรีรมย์",NULL
3249,"village","มัณฑนา บางใหญ่",NULL
3250,"village","มัณฑนา รังสิต คลอง 2",NULL
3251,"village","มัณฑนา ราชพฤกษ์",NULL
3252,"village","ร่มรื่นกรีนพาร์ค (ซอยคุณพระ)",NULL
3253,"village","ร้อยพฤกษา",NULL
3254,"village","รัชธานี 10",NULL
3255,"village","ราชธานี คลองหลวง",NULL
3256,"village","รุ่งอรุณเพลส",NULL
3257,"village","ลดาวัลย์ ปิ่นเกล้า-เพชรเกษม",NULL
3258,"village","ลดาวัลย์-ศรีนครินทร์",NULL
3259,"village","ลลิล กรีนวิลล์ พระราม 9-อ่อนนุช-สุวรรณภูมิ",NULL
3260,"village","ลัดดารมย์ ปิ่นเกล้า",NULL
3261,"village","ลัดดารมย์ รัตนาธิเบศร์",NULL
3262,"village","ลัดดารมย์ ราชพฤกษ์ รัตนาธิเบศร์",NULL
3263,"village","ลัดดารมย์ ราชพฤกษ์-รัตนาธิเบศร์",NULL
3264,"village","ลัดดารมย์ วัชรพล เฟส 2",NULL
3265,"village","ลัดดารมย์ วัชรพล เฟส 3",NULL
3266,"village","ลัดดารมย์ อีลีแกนท์ ราชพฤกษ์ พระราม 5-2",NULL
3267,"village","ลัดดารมย์ อีลีแกนท์ ราชพฤกษ์-พระราม 5-2",NULL
3268,"village","ลันตา รีสอร์ท ไลฟ์",NULL
3269,"village","ลัลลี่วิลล์ ธนบุรีรมย์",NULL
3270,"village","ลัลลี่วิลล์ ศรีนครินทร์",NULL
3271,"village","ลาวัลเล่ หัวหิน",NULL
3272,"village","วรารมย์ เพชรเกษม 81 เฟส",NULL
3273,"village","วรารมย์ เพชรเกษม 81 เฟส 2",NULL
3274,"village","วรารมย์ แก้วนวรัฐ",NULL
3275,"village","วรารมย์ ประชาอุทิศ ธนบุรี",NULL
3276,"village","วรารมย์ พรีเมี่ยม วัชรพล-จตุโชติ",NULL
3277,"village","วรารมย์ พหลโยธิน สายไหม",NULL
3278,"village","วินด์มิลล์",NULL
3279,"village","วินนิ่ง เรสซิเด้นท์ (สาทร-กัลปพฤกษ์)",NULL
3280,"village","วินนิ่งเรสซิเด้นท์ (สาทร-กัลปพฤกษ์)",NULL
3281,"village","วินสัน",NULL
3282,"village","วิลล่า โนวา วัชรพล - สายไหม",NULL
3283,"village","วิลล่า โนวา วัชรพล-สายไหม",NULL
3284,"village","วิลลาจจิโอ พระราม 2",NULL
3285,"village","วิลลาจจีโอ บางนา -เทพารักษ์",NULL
3286,"village","วิสทาวน์ ปลวกแดง - แม่น้ำคู้",NULL
3287,"village","วีวิลเลจ เฟส 2",NULL
3288,"village","ศรีราชา เลคไซด์",NULL
3289,"village","ศศิธร",NULL
3290,"village","ศิวาลัยวิลเลจ 4",NULL
3291,"village","ศุภาลัย การ์เด้นวิลล์ วงแหวนปิ่นเกล้า - พระราม 5",NULL
3292,"village","ศุภาลัย พรีโม่ บางแสน",NULL
3293,"village","ศุภาลัย พาร์ควิลล์ พระราม 2-ท่าข้าม",NULL
3294,"village","ศุภาลัย พาร์ควิลล์ ร่มเกล้า-สุวรรณภูมิ",NULL
3295,"village","ศุภาลัย มณฑลา ปิ่นเกล้า-พุทธมณฑล สาย 1",NULL
3296,"village","ศุภาลัย มณฑลาปิ่นเกล้า- พุทธมณฑล สาย 1",NULL
3297,"village","ศุภาลัย มณฑลาปิ่นเกล้า-พุทธมณฑล สาย 1",NULL
3298,"village","ศุภาลัย วิลล์ กิ่งแก้ว-ศรีนครินทร์",NULL
3299,"village","ศุภาลัย วิลล์ ราชพฤกษ์ - เพชรเกษม 48",NULL
3300,"village","ศุภาลัย วิลล์ วงแหวน - รัตนาธิเบศร์",NULL
3301,"village","ศุภาลัย สุวรรณภูมิ",NULL
3302,"village","ศุภาลัย ออร์คิด ปาร์ค 3",NULL
3303,"village","ศุภาลัยบุรี - รังสิต",NULL
3304,"village","ศุภาลัยมณฑลาปิ่นเกล้า พุทธมณฑล สาย 1",NULL
3305,"village","ศุภาลัยวิลล์ พระราม 2",NULL
3306,"village","ศุภาลัยวิลล์ วงแหวน - รัตนาธิเบศร์",NULL
3307,"village","สมฤทัยวิลเลจ",NULL
3308,"village","สมาคมชาวหมู่บ้าน เศรษฐสิริ - รามอินทรา",NULL
3309,"village","สยาม ไอยรา รีสอร์ต",NULL
3310,"village","สราญสิริ ราชพฤกษ์ - แจ้งวัฒนะ",NULL
3311,"village","สาริน ซิตี้",NULL
3312,"village","สาริน ซิตี้ (เฉลียงจันทร์)",NULL
3313,"village","สาริน ซิตี้ (เมฆา)",NULL
3314,"village","สาริน อเวนิว",NULL
3315,"village","สารินซิตี้ (คินตา พาวิลเลี่ยน)",NULL
3316,"village","สารินซิตี้ -โครงการสายลม",NULL
3317,"village","สำเพ็ง 2 เฟส 1",NULL
3318,"village","สำเพ็ง 2 เฟส 2",NULL
3319,"village","สำนักงาน สามมุขธานี",NULL
3320,"village","สินทรัพย์ นครการ์เด้น",NULL
3321,"village","สินทรัพย์นครการ์เด้น",NULL
3322,"village","สิมิลัน รีฟ",NULL
3323,"village","สีวลี เชิงดอย",NULL
3324,"village","สีวลี ปิ่นเกล้า-สาทร",NULL
3325,"village","สีวลี รังสิต 1",NULL
3326,"village","สีวลีเชิงดอย",NULL
3327,"village","สุริยาเพอร์เฟค",NULL
3328,"village","หมู่บ้านเสริฐศิริ",NULL
3329,"village","หมู่บ้านการ์เด้นโฮม",NULL
3330,"village","หมู่บ้านขวัญเวียง 1",NULL
3331,"village","หมู่บ้านจัดสรร รสา แม็กวิลล์",NULL
3332,"village","หมู่บ้านจัดสรรบ้านฟ้าปิยรมย์ เทอร์เร่",NULL
3333,"village","หมู่บ้านชมฟ้าและวรางกูล คลอง 2",NULL
3334,"village","หมู่บ้านดิโอเรียนตัลเฮ้าส์",NULL
3335,"village","หมู่บ้านท้อปแลนด์รัษฏา",NULL
3336,"village","หมู่บ้านปรีชา ราม 1 ถนนราษฎร์พัฒนา",NULL
3337,"village","หมู่บ้านพนาสนธิ์ การ์เด้นโฮม 3",NULL
3338,"village","หมู่บ้านศิขริน",NULL
3339,"village","หมู่บ้านศีขริน",NULL
3340,"village","หมู่บ้านอินดี้ 2 ศรีนครินทร์",NULL
3341,"village","อนันดา บีช ไลฟ์",NULL
3342,"village","อนันดา สปอร์ตไลฟ์",NULL
3343,"village","อนันดาสปอร์ตไลฟ์",NULL
3344,"village","อนาวิลล์",NULL
3345,"village","อัญดา",NULL
3346,"village","อารีน่าพาร์ค",NULL
3347,"village","อารียา เมทโทร เกษตร",NULL
3348,"village","อารียา โคโม่ บางนา-วงแหวนฯ",NULL
3349,"village","อารียา ทูบี",NULL
3350,"village","อินดี้ ประชาอุทิศ 90 (2)",NULL
3351,"village","อินนิชิโอ พระราม ๒",NULL
3352,"village","อินนิซิโอ ปิ่นเกล้า ศาลายา",NULL
3353,"village","อิมเมจ เพลส พุทธมณฑล สาย 4",NULL
3354,"village","ฮาบิเทีย เกาะแก้ว",NULL
3355,"village","ฮาบิเทีย บางใหญ่",NULL
3356,"village","ฮาบิทาวน์ วัชรพล",NULL
3357,"village","ฮาบีเทีย วัชรพล",NULL
3358,"village","ชลลดา วงแหวน รัตนาธิเบศร์",NULL
3359,"village","ชลลดา วงแหวนรัตนาธิเบศร์",NULL
3360,"village","ลัดดารมย์ Elegance วงแหวน - สาทร",NULL
3362,"village","โกลเด้น นีโอ รามอินทรา-วงแหวน",""
3363,"condo","บ้านริมธาร คอนโดมิเนียม",""
3364,"company","เอ็กซ์ตร้า เซอร์วิส","Extra-Service"
3365,"company","ลูกค้าใหม่",""
3366,"village","บางกอก บูเลอวาร์ด เทพารักษ์-วงแหวน",""
2398,"condo","มาลิบู เขาเต่า",""
3367,"village","ศุภาลัย พาร์ควิลล์ วงแหวน-ราชพฤกษ์",""
3368,"company","เซ็นจูรี่ ทเวนตี้วัน",""
3369,"condo","เอสเพน คอนโด เฟส บี",""
3371,"condo","บันยันทรี เรสซิเดนซ์ ริเวอร์ไซด์ กรุงเทพ","Banyan Tree Residences Riverside Bangkok"
426,"company","จัดการทรัพย์สินและชุมชน จำกัด","Cemco"
1465,"condo","เอช. อาร์. เรซิเดนซ์ โครงการ 5","H.R"
3372,"condo","แฮปปี้คอนโด ลาดพร้าว 101 South","Happy Condo  ลาดพร้าว 101 South"
3373,"village","แฮปปี้วิลล์ ดอนเมือง","Happyville Donmuang"
3374,"village","ไลฟ์ บางกอก บูเลอวาร์ด แจ้งวัฒนะ","Life Bangkok Boulevard แจ้งวัฒนะ"
3375,"condo","มา เมซอง คอนโด ลาดพร้าว 94","Ma Maison Condo (มา เมซอง คอนโด) ลาดพร้าว 94"
3376,"village","โนเบิล รีวอล์ฟ รัชดา","Noble Revolve รัชดา (NRR)"
3377,"condo","โนเบิล เพลินจิต","(NOBLE PLOENCHIT) (NPC)"
3378,"","RK International (WT)","RK International (WT)"
3379,"company","S & S (เอสแอนด์เอส สุขุมวิท)",""
3380,"condo","เอส ซี เพลส","SC Place"
3381,"condo","ซีดรีมคอนโดมิเนียม ศรีราชา","(Sea Dream)"
3361,"condo","ทรีคอนโด สุขุมวิท 52","Tree Condo สุขุมวิท 52"
