company_id,Company,new_company_id
57,*** IRM (เดอะเทมโป)>>,350.0
7,(PMC) บริษัท พร็อพเพอร์ตี้ แมเนจเม้นท์ คอนโทรล,624.0
2,( ยูไลฟ์)เดอะทรัสต์ คอนโด อมตะ-ชลบุรี,712.0
1,( บ.รวมนครก่อสร้าง (ประเทศไทย) ),320.0
3,(Art On The Hill) ดิ อาร์ท เรสซิเด้นซ์,1912.0
4,(Big Tree Residence ),577.0
5,(CBM) Facilities Management (Thailand) Co. Ltd.,14.0
6,(M-Ladprao (เอ็ม ลาดพร้าว),14.0
8,(Raimon land Ekkamai) เดอะลอฟท์ เอกมัย (The Loft Ekkamai),343.0
9,(Rhom Bho Property Public) เดอะไทเทิ้ล ฮาโล 1 (The Title Halo 1) (ภูเก็ต)),722.0
10,(Rhom Bho Property Public) ร่มโพธิ์ พร็อเพอร์ตี้ _เดอะไทเทิ้ล ฮาโล 1 (The Title Halo 1) (ภูเก็ต)),722.0
11,(RSG)ระยองคอนโดเชน,921.0
12,(Savills)เดอะ ลอฟท์ เย็นอากาศ (The Lofts Yennakart)- ส่งเมล์มา ส่งต่อให้ทุกคนแล้ว,447.0
13,(Savills)เดอะ ลอฟท์ เย็นอากาศ (The Lofts Yennakart)- ส่งเมล์มาวันที่27/01/2564 ส่งต่อให้ทุกคนแล้ว,447.0
14,(Tree Condo สุขุมวิท 52 (ทรีคอนโด สุขุมวิท 52),3361.0
15,(Twin),1963.0
16,(V Condo ลาดกระบัง Phase B) ( วี คอนโด ลาดกระบัง เฟส บี ),792.0
17,(V Condo ลาดกระบัง Phase B) วี คอนโด ลาดกระบัง เฟส บี,792.0
18,(V Condo ลาดกระบัง Phase B) วี คอนโด ลาดกระบัง เฟส บี - ส่งเมล์มาวันที่ 8/3/2565 ส่งต่อให้ทุกคนแล้ว,792.0
19,(Water's Edge Condominium ),834.0
21,(เลอโคเต้ ทองหล่อ 8 ),1425.0
20,(เดอะซีเครซ หัวหิน) (ประจวบคีรีขันธ์),202.0
22,(เศรษฐสิริ ราชพฤกษ์ จรัญฯ 2)),2886.0
23,(เอดี คอนโดมิเนียม ไฮเอท) (AD Condominium Hiace) (A.D. Houses),5.0
24,(โกลเด้น เฮอริเทจ เฟส 2),2913.0
25,(โกลเด้น นีโอ รามอินทรา-วงแหวน ),3362.0
26,(โครงการ Kingpower รางน้ำ),357.0
27,(โครงการ Kingpower รางน้ำ) (LANx2),357.0
28,(โครงการ Kingpower สุวรรณภูมิ),357.0
29,(โครงการบ้านวารีภิรมย์),357.0
30,(ไนท์บริดจ์ คอลลาจ สุขุมวิท 107 ),248.0
31,(ไอ-เฮ้าส์ ลากูน่า การ์เด้น 2)  (ไอ-เฮ้าส์ ลากูน่า การ์เด้น 3),1644.0
32,(ไอทะเลคอนโดมิเนียม),124.0
33,(คอลเลซซิโอ สาทร-พิพัฒน์),1744.0
34,(คุณมยุรี ลุ่มร้อย)_(บ้านริมธาร คอนโดมิเนียม ),3363.0
35,(บ.เอ็กซ์ตร้า เซอร์วิส)(Extra-Service),3364.0
36,(บ.ปาล์มฮิลส์ พรอพเพอร์ตี้ เซอร์วิส _ (บ. ปาล์มฮิลส์ เรสซิเดนซ์ เซอร์วิส) (เพชรบุรี),609.0
37,(บริดจ์) (พหลโยธิน 37) (Bridge),2030.0
38,(บริษัทบริหาร),3365.0
39,(บางกอก บูเลอวาร์ด เทพารักษ์-วงแหวน)>>( ดิ แอดเดรส พญาไท) >>( ซิตี้วิลล่า 1 (อาคารD1 D2)(City Villa 1 D1 D2 ),3366.0
40,(บ้านพฤกษา สุขสวัสดิ์-ประชาอุทิศ (พฤกษา 128),508.0
41,(บ้านสวนธน (4) (อาคาร A B C),2248.0
42,(พาร์คแลนด์ 6),772.0
43,(พาร์คแลนด์ 6) (The Parkland 6),772.0
44,(ม.กรีนพลัสมอลล์ 3),2788.0
45,(ม.พาร์คเวย์ ชาเล่ต์ โครงการ 2),3224.0
46,(ริธึ่ม รัชดา-ห้วยขวาง),2453.0
47,(ลูกค้าใหม่),3365.0
48,(ลูกค้าใหม่ชลบุรี),3365.0
49,(วี คอนโดศาลายา วี 1 ทาวเวอร์) (วี คอนโดศาลายา วี 2 ทาวเวอร์),783.0
50,(ศุภาลัย วิลล์ เชียงใหม่),812.0
51,(อะพูล คอนโด (Apool Condo)-,2736.0
54,*** Import Excel ให้ จี สไตล์ คอนโด 2 ติดต่อ คุณสจี 097-176-2081 (ด่วน),1782.0
76,*** Remote เพิ่มทะเบียน 1 ทะเบียน ให้ PMC หน่วยงาน รีเจ้นท์ โฮม 20 ติดต่อ คุณเบน 061-423-4777 091-871-5822 (ลูกค้าจะจ่ายเช็ค วันที่ 25/2/65),624.0
67,*** Remote ADDx1 ให้ Acute หน่วยงาน เดอะ ทรี จรัญ ติดต่อ คุณเมย์ 065-964-2636,195.0
72,*** Remote เพิมทะเบีน 1 ทะเบียน+Import ให้ สิริ ศรีลาซาล หน่วยงานของ PLM ติดต่อ คุณแอน 095-3699483 (ลูกค้าจะจ่ายเช็คค่าเช่าให้ภายในวันที่ 18/4/65 ) ส่งเมล์ต่อให้ทุกคนแล้ว,629.0
83,*** Remote เพิ่มทะเบียน CM-GL หน่วยงาน ปิ่นเกล้าคอนโดมีเนียม ให้ PLM ติดต่อ คุณแอน 02-322-2388 ต่อ15,629.0
68,*** Remote Update Program ให้ ซี.เค แลนด์ แอนด์ เฮ้าส์ ดีเวลลอปเม้นท์ ติตด่อ คุณจอย 088-2494554 (ลูกค้าโอนเงินแล้ว วันที่ 28/12/64 ยอด 5 200 บาท),458.0
77,*** Remote เพิ่มทะเบียน 1 ทะเบียน ให้ PPM หน่วยงาน 185 ราชดำริ ติดต่อ คุณสมชาย 02-260-6000 ต่อ 108 (ลูกค้าฝากเช็คให้แล้ว วันที่ 12/5/2565 ยอด 5 350 บาท),663.0
69,*** Remote Update Program ให้ พัทยาฮิลล์ รีสอร์ท,2348.0
70,*** Remote เพิ่ม LAN 1 จุด ให้ สหกรณ์เคหสถานชุมชนคลองเตย (แฟลต 14) ติดต่อ คุณเปิ้ล 02-671-5927 (ทำเสร็จแล้วจะโอนให้เลย),842.0
71,*** Remote เพิ่ม LANx1 ให้ อมรันทา เรสซิเด้นซ์ ติดต่อ คุณวรรณกร 083-4436642 (ด่วน) (ลูกค้าโอนเงินมาแล้ว วันที่ 1/2/65 ยอด 2 675 บาท),2721.0
73,*** Remote เพิ่มทะเบีน 1 ทะเบียน+คืนข้อมูลสำรอง ให้ BTP หน่วยงาน สีลมแกรนด์ เทอเรส (ด่วน) ลูกค้าโอนเงินให้แล้ว วันที่ 3/2/65 ยอด 5 200 บาท ส่งเมล์ต่อให้ทุกคนแล้ว////ติดต่อคุณบุหงา 081-752-0313   02-466-8488-89,744.0
74,*** Remote เพิ่มทะเบียน 1 ทะเบียน ให้ BTP หน่วยงาน อพาร์ทเม้น ปิติสุขสิริ (โอนเงินวันที่ 26/9/65 ยอด 5 200 บาท) ส่งเมล์ต่อให้ทุกคนแล้ว,744.0
75,*** Remote เพิ่มทะเบียน 1 ทะเบียน ให้ CRM หน่วยงาน แวร์เดย์ ติดต่อ คุณก้อง 083-178-1835,508.0
78,*** Remote เพิ่มทะเบียน 1 ทะเบียน ให้ ทัฟฟ์ เซอร์วิส (CRM) หน่วยงาน 624 คอนโดเลต รัชดา 36 ติตด่อ คุณก้อง 083-178-1835 (ด่วน) ลูกค้าโอนเงินแล้ว วันที่ 31/1/65 ยอด 5 350 บาท,508.0
79,*** Remote เพิ่มทะเบียน 1 ทะเบียน ให้ บ.ทรู หน่วยงาน พลัม คอนโด นวมินทร์ ติดต่อ คุณชุติมา 096-7184894 (ลูกค้าฝากเช็คให้แล้ว),498.0
80,*** Remote เพิ่มทะเบียน 1 ทะเบียน ที่ ยูนิตี้ หน่วยงาน เอ สเปซ มี บางนา (ใช้สิทธิ์โอนเสิทธิ์ จะโอนให้ภายใน 3 วัน) ติตด่อ คุณเนย 092-509-3091,717.0
81,*** Remote เพิ่มทะเบียน 1 ทะเบียน+ข้อมูลสำรอง ให้ ศุภาลัย วิสต้า แยก ติวานนท์ (ด่วน) ลูกค้าโอนเงินมาแล้ว วันที่ 4/2/56 ยอด 5 200 บาท ส่งเมล์ต่อให้ทุกคนแล้ว **โทร. 081-752-0313   02-466-8488-89 คุณบุหงา,2633.0
82,*** Remote เพิ่มทะเบียน 3 ทะเบียน (เฉพาะ CM) ที่ บเพอร์เฟค พร็อพเพอร์ตี้ แอนด์ แอคเค้าท์ติ้ง (1.คาซ่าวิลล์ วัชรพล-เพิ่มสิน 2.อมาร์ป้า คอนโดมิเนียม 3.ไลฟ ซอย 12) ติดต่อ คุณเพชร 098-304-8629 (ลูกค้าโอนเงินมาแล้ว วันที่ 5/9/65 ยอด 15 600 บาท) (ด่วน) ลูกค้ารออยู่,141.0
119,*** ตอน 10.30 น. Remote เพิ่ม LAN 1 จุดให้ เคหะชุมชนร่มเกล้า 1 ติตด่อ คุณหญิง 091-864-9299 (ลูกค้าฝากเช็คให้แล้ว วันที่ 22/2/65 ยอด 2 675 บาท),1016.0
279,City Ville A-G (ซิตี้วิลล์ ตึก A-G) City Ville B E F G (ซิตี้วิลล์ ตึก B E F G),226.0
88,*** Remote ลงโปรแกรม CM+Import ให้ บ้านกลางเมือง บริติชทาวน์ ศรีนครินทร์ หน่วยงาน ของ PMC ส่งเมล์ต่อให้ทุกคนแล้ว,624.0
86,*** Remote ลงโปรแแกรม CM+Import+ตั้งรหัส+เซ็ตแบบฟอร์ม ให้ ดิ เอช เอกมัย และเพิ่มทะเบียน 1 ทะเบียน ที่ Acute รายละเอียดตามเมล์ที่ส่งให้ (ลุกค้าจะนำเช็คฝากให้พรุ่งนี้ และส่ง Pay-In ให้คะ) ส่งต่อให้ทุกคนแล้ว --**--ติดต่อ คุณก้อย 061-582-2446,195.0
89,*** Remote ลงโปรแกรม CM+Import ให้หน่วยงาน เดอะเชดด์ สาทร 1 ของ Acute ส่งเมล์ต่อให้ทุกคนแล้ว (ลูกค้าจะฝากเช็คให้ภายในวันพรุ่งนี้),195.0
177,13.20 Savills ติดตั้งสิทธิ์ CM MARQUE Marque สุขุมวิท (มาร์ค สุขุมวิท) (บ.เมเจอร์ เรสซิเด้นส์ ซื้อ) (ยังไม่ต่อ MA) 10/04/2019 ติดตั้งถึงวันที่ 05/04/2022 >OK    Email,447.0
91,*** Remote ลงโปรแกรม CM-AP ให้ เวียร์ 7 และเพิ่มทะเบียนที่ยูนิตี้ ติดต่อ คุณฟ้า 082-947-1924 (ลูกค้าใช้สิทธิ์โอนสิทธิ์ โอนเงินให้พรุ่งนี้),717.0
92,*** Remote ลงโปรแกรม CM-AP ให้ แชปเตอร์วัน อีโค คอนโดมิเนียม หน่วยงานขอยูนิตี้ ติดต่อ คุณเนย 092-509-3091 (ลูกค้าจะฝากเช็คให้วันพรุ่งนี้ ใช้สิทธิ์โอนสิทธิื) (นิติมีโปรแกรมอยู่แล้วให้ลงโปรแกรมใหม่คนละโฟลเดอร์ อย่าไปลบโปรแกรมของลูกค้า),717.0
90,*** Remote ลงโปรแกรม CM+คืนข้อมูลสำรอง ให้ The niche ID ลาดพร้าว 130 หน่วยงานของ บ.เอ็ม แมเนจเม้นท์ ติดต่อ คุณออฟ 094-836-1860 (ลูกค้าโอนเงินแล้ว วันที่ 20/1/65 ยอด 13 312) ส่งเมล์ต่อให้ทุกคนแล้ว,218.0
94,*** Remote ลงโปรแกรม HJ ให้ ม.ธาดาพาร์ค 2 ติดต่อ คุณอารีรัตน์ 098-283-5700 (ลูกค้าโอนเงินให้แล้ว วันที่ 31/3/65 ยอด 25 680 บาท),3051.0
95,*** Remote ลงโปรแกรม HJ ให้ ราชพฤกษ์ เกษตร - นวมินทร์ หน่วยงานของ บ. เอ.ซี. พร็อพเพอร์ตี้ กรุ๊ป ติดต่อ คุณเอก 083-935-8875 (ลูกค้าโอนเงินให้แล้ว วันที่ 2/4/65 ยอด 30 160 บาท),184.0
96,*** Remote ลงโปรแกรม HJ+ตั้งรหัสระดับ 1 และ 3 ให้ ม.ปรีชา ไพรเวท บีช ระยอง หน่วยงานวิลล์คอน ส่งเมล์ต่อให้ทุกคนแล้ว (ซื้อในนามนิติ พรุ่งนี้วิลล์คอนจะฝากเช็คและส่ง Pay-In ให้ทางเมล์)--แจ้งติดต่อกลับ 097-934-5754 คุณทิพย์--//--รบกวนลงโปรแกรมซอฟท์บิสที่ โครงการหมู่บ้านปรีชา ไพรเวท บีช ระยอง - สร้าง User Password ระดับ 3 และล็อคสิทธิ์ผู้ใชระดับ1 ตามเอกสารแนบให้ด้วยค่ะ ติดต่อคุณเจี๊ยบ 090-916-2058,775.0
97,*** SMC ขอแจ้งถอนโปรแกรม SoftBiz จำนวน 2 ไซต์ค่ะ 1.เซ็นทริค สถานีติวานนท์ 083-595-1953 คุณปุ๊ก 2.แอชตัน อโศก 097-004-7848 คุณมาย,234.0
98,*** เช็ค Format Excel ก่อนลงโปรแกรมให้ โครงการ ดิ อินดี๊ด คอนโด แกรนด์ คาแนล หน่วยงาน บ.แกรนด์ พี พรอพเพอร์ตี้ ติดต่อ คุณน้ำ 063-071-1071 (ลูกค้าโอนเงินมาแล้ว วันที่ 12/10/65 ยอด 36 380 บาท)-ส่งมาทางไลน์,252.0
99,*** เดอะเบส พัทยากลาง - ส่งเมล์มา ส่งต่อให้ทุกคนแล้ว (ทำให้ลูกค้าก่อน เพราะลูกค้าจะเร่งชำระเงินให้) (The Base),1205.0
100,*** เมโทร ส่งเมล์มา มาให้เพิ่มทะเบียนที่ Head ส่งต่อให้ทุกคนแล้ว1. นิติบุคคลอาคารชุด สวอนเลค นิติ 1 (SWK1)2.นิติบุคคลอาคารชุด สวอนเลค นิติ 2 (SWK2)3. นิติบุคคลอาคารชุด สวอนเลค นิติ 3 (SWK3)4.นิติบุคคลอาคารชุด สวอนเลค นิติ 4 (SWK4)5.นิติบุคคลอาคารชุด สวอนเลค นิติ 5 (SWK5),157.0
102,*** เวอร์ติคอล แจ้งถอนโปรแกรม หน่วยงานยูนิโอ จรัญ 3 ติดต่อ คุณบุ๋ม 082-559-4961 ส่งเมล์ต่อให้ทุกคนแล้ว,174.0
103,*** แอทอีสต์ คอนโดมิเนียม ส่ง Format Excel มาให้ตรวจความถูกต้องก่อนลงโปรแกรม (ด่วน) ติดต่อ คุณวิภาพร 089-117-1466-ส่งมาทางไลน์,1559.0
104,*** โทรกลับ เมืองใหม่บางพลี 17 ติดต่อ คุณกุ้ง 098-839-0490 (ลูกค้าแจ้งว่าข้อมูลเยอะ และแพ็คข้อมูล ให้เช็คและแจ้งด้วย จะได้เสนอราคาให้ราคาลูกค้าถูกค่ะ),1408.0
105,*** โทรกลับ เอ็มเมอรัลด์ รีสอร์ท ติดต่อ คุณนัท 095-1239954 ม.เอ็มเมอรัลด์ รีสอร์ท (หัวหิน) (Emerald Resort Hua Hin),2892.0
106,*** โทรกลับ คุณสุมน 081-855-7130 สอบถามการใช้งาน GL (ซื้อโปรแกรม GL ส่วนตัว),420.0
107,*** โทรกลับ ซิตี้โฮมหาดใหญ่ คุณฝน 088-7883097 ซิตี้โฮม หาดใหญ่ (สงขลา),1831.0
108,*** โทรกลับ พงษ์ทอง บางประอิน หน่วยงานของ ส.วัฒนา ติดต่อ คุณตุ๊ก 081-9337884 (ด่วน) ลูกค้าเจอปัญหาใหม่,814.0
109,*** โทรกลับ ม.เดอะ คอนเนค 12 เอ ติตด่อ คุณชัยยุทธ 098-1042213 เดอะคอนเนค 12 เอ (The Connect 12 A ),2817.0
110,*** โทรกลับ ม.เดอะคอนเนค 12 A ติดต่อ คุณชัยยุทธ 098-1042213 (ตัดหนี้ผิด) เดอะคอนเนค 12 เอ (The Connect 12 A ),2817.0
111,*** โทรกลับ อัสสกาญจน์เพลส โครงการลาดพร้าว ติตด่อ คุณป้อม 090-0047897 โปรแกรมมีปัญหา คีย์น้ำแล้วบันทึกไม่ได้ค่ะ (ด่วน) ลูกค้าใหม่,2748.0
112,*** โนเบิล จีโอ พระราม 5 ส่งข้อมูลมาให้เช็คก่อนลง Format Excel ติดต่อ คุณเล็ก 095-773-5965 (ด่วน) ลูกค้าใหม่ยังไม่ได้ลงโปรแกรม-ส่งมาทางไลน์,2925.0
115,*** ไอสไตล์ พร๊อพเพอร์ตี้_IQ (ไลฟ์ บางกอก บูเลอวาร์ด รัชวิภา) - ส่งเมล์มา ให้ติดตั้งสิทธิ์ ด่วน ลูกค้ารออยู่ พึ่งส่งเมล์ได้,370.0
116,*** กัสโต้ ท่าน้ำนนท์- ส่งเมล์มา มาอีกครั้ง (พร้อมย้ายแล้ว),2953.0
117,*** ตอน 10.00 น. Remote เพิ่มทะเบียน 3 ทะเบียน (1.เดอะ ทรีโอการ์เด้นท์ 2.ศุภาลัย ปาร์ค แยกเกษตร 3.พลัมแจ้งวัฒนะ เฟส 3)ให้ บ.เมเจอร์ พร็อพเพอร์ตี้ เซอร์วิส ติดต่อ คุณอ้น 090-991-5827 (ลูกค้าฝากเช็คให้แล้ว วันที่ 20/9/2565 ยอด 15 600 บาท),155.0
118,*** ตอน 10.00 น. Remote ลงโปรแกรม GL ให้ เดอะสตาร์เอสเตทแอทนราธิวาส ติดต่อ คุณแม็ค 091-214-1894 (ด่วน) ลูกค้าใหม่พึ่งลงโปรแกรม CM,1341.0
121,*** ตอน 11.00 น. PMC ให้ ถอนโปรแกรม หน่วยงาน อินดี้รังสิต คลอง 3 ติดต่อ 095-554-8849 (คุณตั้ม) หรือ 088-300-7159 ( คุณปู ) ส่งเมล์ต่อให้ทุกคนแล้ว,624.0
130,*** ตอนนี้ Remote เพิ่มทะเบียน 1 ทะเบียน ที่ ทรู หน่วยงาน ศุภาลัย พาร์ควิลล์ วงแหวน-ราชพฤกษ์ ติดต่อ คุณติ้ง 096-718-4894 ของหน่วยงาน ตอน 13.30 น. ลงโปรแกรม CM ที่หน่วยงาน ติดต่อคุณเก๋ 096-190-2907 (ลูกค้าฝากเช็คให้แล้ว วันที่ 18/7/2565 ยอด 11 232 บาท),498.0
128,*** ตอน 15.00 น. Remote ลงโปรแกรม CM-AP ให้ บางเสร่ ไฮท์ หน่วยงาน ยูนิตี้ คุณอ้อย 095-371-6833 คุณอร 085-326-1562 (จะจ่ายเงินหลังจากลงโปรแกรม 7 วัน = 1 มิ.ย. 2564),717.0
127,*** ตอน 15.00 น. - 16.00 น. เวอร์ติคอลส่งเมล์แจ้งให้ถอนโปแรกรม หน่วยงาน (เอชทู โกลว์ คอนโดมิเนียม (H2 Glow) (เอชทู โครมร์ คอนโดมิเนียม (H2 Chrome)(เอชทู กลาส คอนโดมิเนียม (H2 Glsss)ติดต่อ คุณแต้ว ได้ที่เบอร์ 080-650-5186 -ส่งเมล์ต่อให้ทุกคนแล้ว,174.0
120,*** ตอน 10.30 น. Remote ลบโปรแกรมเครื่องเก่าของ บางแสนมหานคร และลงโปรแกรม CM เครื่องใหม่ หน่วยงาน หมู่บ้านปลื้มสุข (ลงโปรแกรมเปล่า ยังไม่มีข้อมูล) ติดต่อ คุณอร 086-3044387 (ลูกค้าฝากเช็คให้แล้ว 7/5/64 ยอด 4 680 บาท พึ่งสะดวกให้ดำเนินการ) (ด่วน) ลูกค้ารออยู่,568.0
122,*** ตอน 13.00 น. Remote ลงโปรแกรม CM+Setค่าต่างๆ+Import+สอนการใช้งาน ให้ บ้านเอื้ออาทรหนองจะบก ติดต่อ คุณต๊ะ 095-221-3414 (ด่วน) (ลูกค้าโอนเงินมาแล้ว วันที่ 4/1/65 ยอด 30 160 บาท)แนบตัวอย่างส่งมาทางไลน์-(เงื่อนไขเหมือนเดิมทุกอย่าง),2205.0
123,*** ตอน 13.00 น. สอนการใช้งาน CM-GL ให้ เดอะแกรนด์คอนโด (บ.กองเงินซิตี้โฮม) ติดต่อ คุณออย 089-261-1519 093-175-0999,383.0
126,*** ตอน 14.00 น. Remote ลงโปรแกรม HJ+Import ให้ เดอะ ทรัสต์ สุวรรณภูมิ - เทพารักษ์ หน่วยงานของ บ.เดอะ วัน แมเนจเม้นท์ ติตด่อ คุณหัทยา 064-978-9889 (ด่วน) (ลูกค้าโอนงินมาแล้ว วันที่ 26/5/65 ยอด 2 675 บาท)***,112.0
125,*** ตอน 13.30 น. ลงโปรแกรม CM ที่หน่วยงาน ศุภาลัย พาร์ควิลล์ วงแหวน-ราชพฤกษ์ ติดต่อคุณเก๋ 096-190-2907 (ลูกค้าฝากเช็คให้แล้ว วันที่ 18/7/2565 ยอด 11 232 บาท),3367.0
129,*** ตอน 17.00 น. Remote ถอนโปแรกรม HJ ที่ หมู่บ้านคอนเนค 32 (เดิม บ.เอส พร็อพเพอร์ตี้ แมเนจเม้นท์ แอนด์ เอ็นจิเนียริ่ง เช่าอยู่) และ Remote ลงโปรแกรม HJ+GL+คืนข้อมูล HJ ให้ เดอะคอนเนค 32 ใหม่ (นิติซื้อเอง โอนเงินให้แล้ว วันที่ 5/4/65 ยอด 31 030 บาท),226.0
131,*** ตอนนี้ Remote ลงโปรแกรม HJ+สอนการใช้งาน ให้ บริษัท ทีทีทีที จำกัด ติดต่อ คุณโต 084-6354282 (ด่วน) ลูกค้ารออยู่ (โอนเงินแล้ว วันที่ 3/5/65 ยอด 24 960 บาท (รบกวนทำให้ก่อน),525.0
134,*** บ.เจ พลัส พร็อพเพอร์ตี้ เมเนจเม้นท์ ส่ง Excel มาให้เช็คก่อนลงโปรแกรม หน่วยงาน ไอซียูบางนา อาคารซี ติดต่อ คุณเสาวลักษ์ 087-6802635 (ลูกค้าโอนเงินมาแล้ว วันที่ 1/8/65 ยอด 30 160 บาท) (ด่วน) ถ้าข้อมูลเรียบร้อย ลูกค้าจะให้ติดตั้งโปรแกรม ช่วงบ่ายเลยคะ ส่งเมล์ต่อให้ทุกแล้ว,86.0
135,*** บ.เดอะไนน์ พร๊อพเพอร์ตี้ แมเนจเมนท์ - ส่งเมล์มา แจ้งยกเลิก หน่วยงาน เดอะนิช ไอดี 130 ส่งต่อให้ทุกคนแล้ว ***เบอร์โทรติดต่อ 091-886-2396 คุณบริพัตร,117.0
136,*** บ.เอฟ พร็อพเพอร์ตี้ ส่งเมล์มาให้เพิ่มทะเบียน 1 ทะเบียน ที่ Head หน่วยงาน สาริน ซิตี้ (ส่งเมล์ต่อให้ทุกคนแล้ว),214.0
225,Acute (เอซีอาร์ แมเนจเม้นท์)-(เดอะทรี พริวาต้า),195.0
137,*** บ.ทัฟฟ์ เซอร์วิส (CRM) - ส่ง Format Excel มาให้ตรวจสอบก่อนลงโปรแกรมพรุ่งนี้ ของหน่วยงาน ม.ลิฟวิ่ง เรสซิเด้นซ์ ติดต่อ คุณก้องภพ 083-178-1835 (ลูกค้าซื้อโปรแกรมไว้ยังไม่ได้ลงโปรแกรม ใบเสร็จเลขที่ 64/0840 64/0841)-ส่งมาทางไลน์,508.0
139,*** พรุ่งนี้ รบกวน Import ให้ ทรู(โมโนป่าหล่าย) ด้วยค่ะ ส่งต่อให้ทุกคนแล้ว (1/10/2564),498.0
144,*** ยูนิตี้ - ส่งเมล์มถอนโปรแกรม ส่งต่อให้ทุกคนแล้ว,717.0
145,*** ยูนิตี้ (Unity) - ส่งเมล์มา มาให้เพิ่มทะเบียน 1 ทะเบียน หน่วยงาน (โอเชี่ยน เรสซิเดนซ์ (มิตรภาพ ขอนแก่น )) ส่งต่อให้ทุกคนแล้ว,717.0
152,**** Remote เพิ่มทะเบียน 1 ทะเบียน เฉพาะ CM ให้ บ.เพอร์เฟค พร็อพเพอร์ตี้ แอนด์ แอคเค้าท์ติ้ง หน่วยงาน อินนิซิโอ ปิ่นเกล้า-วงแหวน ติดต่อ คุณเพชร 098-304-8629 (ลุกค้าโอนเงินมาแล้ว วันที่ 27/9/2565 ยอด 5 200 บาท),141.0
138,*** บจก.เซ็นจูรี่ ทเวนตี้วัน (เดอะวันพลัส แกรนด์ รามคำแหง) - ส่งเมล์มา ส่งต่อให้ทุกคนแล้ว /// เรียน เจ้าหน้าที่ ที่เกี่ยวข้อง    รบกวนรีโมทตั้งค่าล็อคการแก้ไข รหัสของหน่วยงาน ไม่ให้แก้ไขใบแจ้งหนี้ และใบเสร็จ ได้คะ ของหน่วยงาน นิติบุคคลอาคารชุด เดอะวันพลัส แกรนด์ รามคำแหง ติดต่อคุณปาร์ม โทร.090-1528288     หากมีข้อสงสัยติดต่อ กุ้ง / บัญชีสำนักงานใหญ่ บจก.เซ็นจูรี่ ทเวนตี้วัน โทร.0939626551,3368.0
148,*** อัสสกาญจน์เพลส ศรีนครินทร์ - รบกวนค่ะ แก้ไขเพิ่มเติม ครั้งที่แล้ว ลูกหนี้ ผิดพลาดค่ะ ติดต่อ คุณปุ่น 087-012-8831,2749.0
140,*** ม.เดอะทรัสต์ ทาวน์ ศรีนครินทร์ -แพรกษา ส่ง Format Excel มาให้เช็คก่อนลงโปรแกรม (ด่วน) ลูกค้าใหม่ ส่งต่อให้ทุกคนแล้ว,2847.0
141,*** ม.ไทม์โฮม(สวนหลวง-อ่อนนุช) - ส่ง Format Excel มาให้ Import ส่งต่อให้ทุกคนแล้ว (ด่วน) ลูกค้าใหม่พึ่งลงโปรแกรม ***ติดต่อคุณอฐพรรณ 082-379-1519***,2936.0
142,*** ม.กัสโต้ ราชพฤกษ์-พระราม 5 - ส่ง Format Excel มาให้เช็คก่อน ก่อนลงโปรแกรมพรุ่งนี้ ติดต่อ คุณธนกร 099-287-8282 (ด่วน) ลูกค้าฝากเช็คให้แล้ว วันที่ 11/1/65 ยอด 24 960 บาท,2957.0
143,*** ม.วี วิลเลจ 2 - ส่ง Format Excel มาให้ตรวจสอบก่อนลงโปรแรกม ติดต่อ คุณวาที 096-916-6988 (ด่วน)-ส่งมาทางไลน์,3287.0
149,**** Remote Update Program ให้ เบลกราเวีย เรสสิเดนซ์ ติดต่อ คุณสุพรรณษา (ลูกค้าโอนเงินมาแล้ว),1355.0
150,**** Remote Update Program ให้ พาร์ค เอ็กโซ ติดต่อ คุณไก่ 092-225-2448 (ลูกค้าโอนเงินให้แล้ว วันที่ 24/2/65 ยอด 4 056 บาท),2351.0
151,**** Remote เพิ่ม LAN 1 จุด ให้ บ.เมนเฟรท โลจิสติกส์ (ไทยแลนด์) ติดต่อ คุณเสาวนีย์ 092-247-2237 (ลูกค้าโอนเงินแล้ว วันที่ 1/3/65 ยอด 2 080 บาท ) (ด่วน) ลูกค้ารออยู่,162.0
153,**** Remote เพิ่มทะเบียน 1 ทะเบียน ให้ บ.เจ ไลน์ แมเนจเม้นท์ หน่วยงาน เดอะคริส 2 ติดต่อ คุณภัทริน 080-078-9991 (ฝากเช็คให้วันนี้ ยอด 10 400 บาท),85.0
155,**** Remote เพิ่มทะเบียน 1 ทะเบียน+เอาข้อมูลสำรองคืนให้ ให้ บ.บีทีพี แอคเค้าติ้ง แมเนจเม้นท์ หน่วยงาน คัลเลอร์ส พรีเมี่ยม กาญจนาภิเษก-ราชพฤกษ์ 3 ติตด่อ คุณบุหงา 0817520313 02-4668488-89 (ลูกค้าโอนเงินมาแล้ว วันที่ 19/1/65 ยอด 5 200 บาท) ส่งเมล์ต่อให้ทุกคนแล้ว,744.0
226,Acute (เอซีอาร์ แมเนจเม้นท์)(โมทีฟ คอนโด),195.0
156,**** Remote ลงโปรแกรม CM ให้ โฮป แอนด์ กาย คอนโดทาวน์ หน่วยงานของ บ.ไทย แอซเซ็ท พร็อพเพอร์ตี้ แอนด์ เจ.พี ติดต่อ คุณสิทธิศักดิ์ 098-886-4062 (วางบิลแล้ว),320.0
159,**** ตอน 09.30 น. Remote Update Program +เพิ่มทะเบียน 1 ทะเบียน ให้ บริษัท ไทย แอซเซ็ท พร็อพเพอร์ตี้ แอนด์ เจ.พี จำกัด หน่วยงาน แคทลียาแลนด์ ติดต่อ คุณแหว๋ว 095-9270687 (ลูกค้าโอนเงินแล้ว),320.0
171,10.41 Savills ติดตั้งสิทธิ์ CM CLP ชิดลม เพลส หมดวันที่ 31/10/2022 ติดตั้งถึง 31/10/2022 >OK    Email  : Service โดย kwan ,447.0
172,11.06 Savills ติดตั้งสิทธิ์ CM BPS บ้านปิยะสาทร หมดวันที่ 31/10/2022 ติดตั้งถึงวันที่ 31/10/2022 >OK    Email  : Service โดย kwan ,447.0
173,11.07 Savills ติดตั้งสิทธิ์ GL BPS บ้านปิยะสาทร หมดวันที่ 31/10/2022 ติดตั้งถึงวันที่ 31/10/2022 >OK    Email  : Service โดย kwan ,447.0
174,11.09 Savills ติดตั้งสิทธิ์ GL STP สาทร พาร์ค เพลส หมดวันที่ 31/12/2022 ติดตั้งถึงวันที่ 31/12/2022 >OK    Email ,447.0
170,@Ryan Ao ตอน 16.00 น. เดมโม CM (Any Desk) ให้ คอนโด แอทอีสต์ คอนโดมิเนียม สำหรับ 2 นิติบุคคล ติตด่อ คุณต้อย 089-117-1466 (ลูกค้าใหม่),1559.0
165,***บ.ไอสไตล์ พร็อพเพอร์ตี้ (IQ) ให้ Remote ถอนโปรแกรม หน่วยงาน แบงค์คอก เฟลิซ สุขุมวิท 69-1 ติตด่อ คุณนิว 080-925-6219 (ด่วน) เจ้าหน้าที่อยู่หน้างาน และจะส่งเมล์แจ้งทีหลัง,370.0
163,***โทรกลับ บ.เดอะไนน์ พร๊อพเพอร์ตี้ แมเนจเมนท์(The Nine Property) (ทาวน์พลัส เกษตร – นวมินทร์ ) - ลืมรหัสระดับ 3 คุณสุพจน์โทรมาแจ้งและส่งเมล์มา ให้แจ้งคุณณัฐมน 091-795-7349 ได้เลยค่ะ . ขอรหัสlevel3 . คุณส่งต่อข้อความนี้เมื่อ อ 30/11/2021 16:33 คุณส่งต่อข้อความนี้เมื่อ อ 30/11/2021 16:33 Supoj I <bu1@the-nine.co.th> อ 30/11/2021 16:30 เรียนโปรแกรมซอฟบิซครับ ผมสุพจน์อินเพชรฝ่ายบริหารบริษัทเดอะไนน์มีความประสงค์ขอรหัสlevel3หน่วยงานทาวน์พลัสเกษตรนวมินทร์ครับ ขอบคุณครับ,117.0
157,**** โทรกลับ เปี่ยมรักเรสซิเด้นซ์ ติดต่อ นิติ 086-4093892 (ด่วน) ลูกค้ารออยู่  เปี่ยมรักเรสซิเด้นซ์,1363.0
158,**** โทรกลับ สินเกษม คุณบี 088-6642666 สินเกษม (บ้านสวนจันทน์),861.0
160,**** ตอน 10.00 น. Remote ลงโปรแกรม CM ให้ เดอะ ล็อฟ พระตำหนัก ติดต่อ คุณเก๋ 094-2540265 (ลูกค้าฝากเช็คให้แล้ว) (ด่วน) เดอะ ล็อฟ พระตำหนัก (The Loft พระตำหนัก ),1179.0
161,**** ตอน 10.30 น. ADDx1 ในโปรแกรม ของ สยามโอเรียนทัล สตาร์ ติดต่อ คุณนก 091-790-4144 (ด่วน) (ลูกค้าโอนเงินมาแล้ว วันที่ 21/2/65 ยอด 10 400 บาท),834.0
162,**** บ้านเอื้ออาทรบางนา 1 - ส่ง Format Excel มาให้เช็คก่อน Import (ด่วน) ลูกค้าลงโปรแกรมตอนบ่าวยวันนี้ เสร็จแล้วส่งให้พี่โอ Import ให้ลูกค้า ติดต่อ นิติ 095-543-8505 คุณปกรณ์ 063-295-5515 คุณอ้อย 063-285-9444>>> - ยังทำไม่เสร็จ ส่งให้ตรวจเฉยๆ จะตรวจสอบกับเจ้าหน้าที่ ที่เข้าไป,2161.0
164,***ตอน 10.00 น.โทรกลับ นิรันดร์คอนโดมิเนียม 2 (A-I) ติดต่อ คุณสุพล 098-8978541 (ใส่รหัสผิด 3 ครั้ง) นิรันดร์คอนโดมิเนียม2(A-I),2013.0
168,.ฟิวส์ สาทร - ตากสิน,755.0
176,123 ฟายด์ ลีฟวิ่ง จำกัด,3370.0
169,@Ryan Ao โทรกลับ ศุภาลัยวิลล์พระราม 2 ติดต่อ คุณเล็ก 088-4984009 เรื่องนัดเดมโม ผ่านโปรแกรมรีโมท,3305.0
215,Acute - ส่งเมล์มา ส่งต่อให้ทุกคนแล้ว,195.0
199,49 พลัส,951.0
200,49 พลัส คอนโดมิเนียม (49 Plus Condominium ),951.0
178,13.42 Savills ติดตั้งสิทธิ์ GL STP สาทร พาร์ค เพลส หมดวันที่ 31/12/2021 ติดตั้งถึงวันที่ 13/02/2022 >OK    Email ,447.0
179,14.41 Savills ติดตั้งสิทธิ์ CM 28CL (ทเวนตี้เอท ชิดลม) (SC Asset ซื้อ) หมดวันที่ 25/08/2020 ติดตั้งถึงวันที่ 07/06/2022 >OK      : Service โดย kwan ,447.0
180,14.51 Savills ติดตั้งสิทธิ์ CM STP สาทร พาร์ค เพลส หมดวันที่ 31/12/2021 ติดตั้งถึงวันที่ 31/12/2021 >OK    Email  ,447.0
181,15.02 Savills ติดตั้งสิทธิ์ GL SST สุขสาธร หมดวันที่ 14/11/2021 ติดตั้งถึงวันที่ 06/03/2022 >OK    : Service โดย kwan ,447.0
182,15.04 Savills ติดตั้งสิทธิ์ CM CTS City Smart (ใช้สิทธิ์ของ เดอะ โคฟ พัทยา) หมดวันที่ 31/12/2022 ติดตั้งถึงวันที่ 31/12/2022 >OK    Email,447.0
183,15.04 Savills ติดตั้งสิทธิ์ GL CTS City Smart (ใช้สิทธิ์ของ เดอะ โคฟ พัทยา) หมดวันที่ 31/12/2022 ติดตั้งถึงวันที่ 31/12/2022 >OK    Email,447.0
185,15.10 Savills ติดตั้งสิทธิ์ GL SST สุขสาธร หมดวันที่ 14/11/2021 ติดตั้งถึงวันที่ 09/02/2022 >OK    : Service โดย kwan ,447.0
214,Acqua condo(Entrust),206.0
189,18 บิซ จำกัด,2.0
190,185 ราชดำริ,949.0
191,2Be Home นวมินทร์,121.0
192,2Be Home นวมินทร์ (163)),121.0
193,2be home ประดิษฐ์มนูญธรรม,121.0
194,2be home ประดิษฐ์มนูญธรรม (ทูบีโฮม ประดิษฐ์มนูธรรม),121.0
195,2be home ประดิษฐ์มนูญธรรม   (2Be Home นวมินทร์ (163)),121.0
196,33 ทาวเวอร์,950.0
197,33 ทาวเวอร์ (33 Tower),950.0
198,38 แมนชั่น,138.0
201,59 เฮอริเทจ,952.0
202,59 เฮอริเทจ ( 59 Heritage ),952.0
203,59 เฮอริเทจ ( 59 Heritage ) (LANx2),952.0
204,59 เฮอริเทจ ( Heritage ),952.0
205,59 เฮอริเทจ (59 Heritage),952.0
206,59 เฮอริเทจ (Heritage 59),952.0
207,624 คอนโดเลต รัชดา 36 - ส่งเมล์มา ส่งต่อให้ทุกคนแล้ว,953.0
208,624 คอนโดเลต รัชดา 36 (624 Condolette รัชดา 36),953.0
209,624 คอนโดเลต รัชดา 36 (624 Condolette รัชดา 36)- ส่งเมล์มา วันที่ 15/2/2565 ส่งต่อให้ทุกคนแล้ว,953.0
213,Abstract (The Moon) (แอ็บสแตร็กส์ สุขุมวิท 66/1 เดอะมูน),1564.0
210,81,3370.0
211,88 เดอะเทอมินอล,3370.0
212,88 เดอะเทอร์มินอล,3370.0
253,CBM) Facilities Management ( M-Ladprao (เอ็ม ลาดพร้าว) - ส่งเมล์มา ส่งต่อให้ทุกคนแล้ว,14.0
254,CBM) Facilities Management (M-Ladprao (เอ็ม ลาดพร้าว),14.0
231,AD Condominium Hiace (เอ.ดี คอนโดมิเนียม ไฮเอท) (AD House),5.0
247,BTP,744.0
248,BTP (บ.บีทีพี แอคเค้าติ้ง แมเนจเม้นท์)(เดอะ เบสท์ การบัญชี),744.0
249,BTP (บีทีพี แอคเค้าติ้ง แมเนจเม้นท์)(เดอะ เบสท์ การบัญชี),744.0
245,Belgravia Residence (เบลกราเวีย เรสสิเดนซ์),1355.0
232,AD Lake and resort (เอ.ดี เลค แอนด์ รีสอร์ท หัวหิน),1448.0
233,Airlink Residence 1  2 (แอร์ลิงค์ เรสซิเดนซ์),1565.0
234,Amazon (อะเมซอน เรสซิเด้นซ์),2734.0
235,AMF Condominium,7.0
236,A-Space Me บางนา (เอ สเปซ มี บางนา,1443.0
237,A-Space Me บางนา (เอ สเปซ มี บางนา),1443.0
238,A-Space สุขุมวิท AB (เอ สเปซ สุขุมวิท เอ-บี),1444.0
239,Aspen Condo B ( เอสเพน คอนโด เฟส บี),3369.0
240,Bangkok Horizon เพชรเกษม 48,248.0
241,Bangkok Horizon เพชรเกษม 48>บ. แกรนด์ เวิร์ค พลัส แอสเสท,248.0
242,Bangkok Horizon เพชรเกษม P 48,248.0
243,Banyan Tree Residences Riverside Bangkok,3371.0
244,Beach Villa ( บีช วิลล่า วิภาวดี),2275.0
246,BPM(บ.บิซิเนส พร๊อพเพอร์ตี้ แมเนจเม้นท์),580.0
250,Built Heart - แจ้งยกเลิกหน่วยงาน เทมโป ควอด สะพานใหม่ ส่งต่อให้ทุกคนแล้ว,582.0
251,Casa Royal (คาซ่า โรยัล),405.0
252,Casaluna Paradiso B (คาซาลูนา พาราดิโซ คอนโดมิเนียม บี),1757.0
255,Cemco (เคหะชุมชนร่มเกล้า 8)- ส่งเมล์มา ส่งต่อให้ทุกคนแล้ว,426.0
256,Cemco (คลองจั่นเพลส) - ส่งเมล์มา ส่งต่อให้ทุกคนแล้ว,426.0
257,Cemco (บ้านเอื้ออาทรประชาอุทิศ) - ส่งเมล์มา ส่งต่อให้ทุกคนแล้ว,426.0
259,Centric Sea (เซ็นทริค ซี พัทยา),1060.0
260,City Tower (ซิตี้ทาวเวอร์คอนโดมิเนียม),1833.0
261,City Ville (ซิตี้วิลล์ ตึก E F G),226.0
262,City Ville A (ซิตี้วิลล์ ตึก A),226.0
263,City Ville A-G (ซิตี้วิลล์ ตึก A-G),226.0
264,City Ville A-G (ซิตี้วิลล์ ตึก A-G) (ซิตี้วิลล์ ตึก A),226.0
265,City Ville A-G (ซิตี้วิลล์ ตึก A-G) (ซิตี้วิลล์ ตึก B),226.0
321,I House Lagoona Garden 1 (ไอ-เฮ้าส์ ลากูน่าการ์เด้น 1),1646.0
289,CRM (ทัฟฟ์ เซอร์วิส (Tuff Service) - ส่งเมล์มาให้ถอนโปรแกรม หน่วยงาน แวร์เด ส่งเต่อให้ทุกคนแล้ว,508.0
322,IQ - Remote ลงโปรแกรม CM หน่วยงาน นาภิรมย์ นวนคร ส่งต่อให้ทุกคนแล้ว****ลูกค้านัดติดตั้ง พรุ่งนี้ จะโทรมาแจ้งอีกทีเมื่อถึงนิติแล้ว,370.0
323,IQ - ส่งเมล์มา ให้ลงโปรแกรม HJ+Import ให้หน่วยงาน ฮาบิเทีย ปัญญาอินทรา ส่งต่อให้ทุกคนแล้ว,370.0
324,IQ - ส่งเมล์มา ส่งต่อให้ทุกคนแล้ว,370.0
325,IQ - ส่งเมล์มาวันที่ 28/4/2564 ส่งต่อให้ทุกคนแล้ว,370.0
326,IQ (บางกอกบูเลอวาร์ด สาทร - ราชพฤกษ์),370.0
302,F Property (เอฟ พรอพเพอร์ตี้ แมเนจเม้นท์),214.0
280,City Ville A-G (ซิตี้วิลล์ ตึก A-G) City Ville C D (ซิตี้วิลล์ ตึก C และ D),226.0
281,City Ville A-G (ซิตี้วิลล์ ตึก A-G) City Ville C D (ซิตี้วิลล์ ตึก C และ D) (ซิตี้วิลล์ ตึก E F G),226.0
282,City Ville A-G (ซิตี้วิลล์ ตึก A-G) City Ville E F G (ซิตี้วิลล์ ตึก E F G),226.0
283,City Ville A-G (ซิตี้วิลล์ ตึก A-G) City Ville E F G (ซิตี้วิลล์ ตึก E F G)),226.0
284,City Ville A-G (ซิตี้วิลล์ ตึก C และ D),226.0
285,City Ville A-G (ซิตี้วิลล์ ตึก C และ D)(ซิตี้วิลล์ ตึก E F G),226.0
286,City Ville A-G (ซิตี้วิลล์ ตึก E F G),226.0
287,Classic Garden Home (Pattaya),3370.0
292,D 65A (D'Well Grand Asset),477.0
288,Company Name,3370.0
293,D 65A (D'Well Grand Asset)(บ. ดี เวล แกรนด์ แอสเสท ),477.0
294,D Condo รามคำแหง ดีคอนโด,1943.0
290,Cushman & Wakefield,3370.0
291,Cushman & Wakefield Services (Thailand) Co.  Ltd. (บริษัท คุชแมน แอนด์ เวคฟีลด์ เซอร์วิสเซส (ประเทศไทย) จำกัด),3370.0
295,D Condo สาธุประดิษฐ์ 49(ดี คอนโด สาธุประดิษฐ์ 49),1945.0
296,Dazzle สุขุมวิท 7 คอนโด (ดาซเซิล),1870.0
297,Dazzle สุขุมวิท 7 คอนโด(ดาซเซิล),1870.0
298,Dazzle สุขุมวิท 7 คอนโด(ดาซเซิล)>บ.เพอร์เฟค เพรสทิจ พร็อพเพอร์ตี้(**แต่ลูกค้าแจ้งว่า คณิต แมนเนจเม้นท์ บริหาร),1870.0
299,DECO B,271.0
300,DECO B_C,271.0
301,Escent Ville Chiangmai,462.0
303,Four Street (โฟร์สตรีท แมนชั่น),1609.0
304,FUJITSU SYSTEMS BUSINESS (มิซูมิ)(WT),16.0
305,Gemo Town 2 (เจโมทาวน์ 2),91.0
306,GFPT NICHIREI (WT),17.0
307,GFPT นิชิเร (WT),17.0
308,Golden Pattaya Condominium (โกลเด้นพัทยาคอนโดมิเนียม-ชลบุรี),1586.0
309,Grand Pleno รามอินทรา-วงแหวน,3370.0
312,H.R เรซิเดนซ์ โครงการ 4 (HR4),956.0
310,Green Living A-B (กรีนลิฟวิ่ง พัทยา อาคาร เอ-บี),1701.0
311,Gusto รามคำแหง (ม.กัสโต้ รามคำแหง),2958.0
313,H.R เรซิเดนซ์ โครงการ 4 (เอช. อาร์. เรซิเดนซ์ โครงการ 4),956.0
314,H.R เรซิเดนซ์ โครงการ 4 (เอช. อาร์. เรซิเดนซ์ โครงการ 4) (HR 4),956.0
315,H.R เรซิเดนซ์ โครงการ 4 (เอช. อาร์. เรซิเดนซ์ โครงการ 4) (HR4),956.0
318,HKR Facilities Management (เกรส ไอวอรี่ ( Grace Ivory) สุโขทัย เรสซิเด้นเซส) - ส่งเมล์มา ส่งต่อให้ทุกคนแล้ว,960.0
317,Happy Condo ลาดพร้าว 101 South,3372.0
319,HRเรสซิเด้นท์ โครงการ5 (เอช.อาร์.เรสซิเด้นท์ โครงการ5 ),1465.0
320,I Condo สุขุมวิท 105-1 2,1656.0
328,Iris Avenue 1(ลาดกระบัง)(ไอริส แอเวนิว อาคาร 1 ),1676.0
528,IRM (ม.คณาสิริ),350.0
823,IRM-Extra (บ้านเขาใหญ่ คอนโด อาคาร เอ และ บี),350.0
824,IRM-Extra (บ้านเขาใหญ่ คอนโด อาคาร เอ และ บี) >>,350.0
953,J Line Management (เจ ไลน์ แมเนจเม้นท์),85.0
952,ITF สีลมพาเลซ(ไอทีเอฟ-สีลมพาเลส),1675.0
954,Janus (เจนัส),98.0
957,JIPM_Janus( เจไอพีเอ็ม) (เจนัส),98.0
958,JIPM_Janus( บ.เจไอพีเอ็ม) (เจนัส),98.0
955,Jewelry Trade(JTC -สีลม)( จิวเวลรี่ เทรด เซ็นเตอร์-สีลม),1780.0
956,JIPM_Janus( เจไอพีเอ็ม),98.0
985,PLM,629.0
986,PLM (แกรนด์ เดอ วิลล์ ),629.0
987,PLM (แกรนด์ เดอ วิวล์),629.0
988,PLM (แกรนด์เดอวิว) - ส่ง Format Excel มาให้ Import ส่งต่อให้ทุกคนแล้ว,629.0
989,PLM (รีสอร์ทต้าเย็นอากาศ) - ส่ง Format Excel แก้ไข มาให้ Import ส่งต่อให้ทุกคนแล้ว,629.0
1001,PPM,663.0
1002,PPM (นิว โนเบิล แจ้งวัฒนะ ),663.0
1003,PPM (นิว โนเบิล แจ้งวัฒนะ ) - ส่งเมล์มา ส่งต่อให้ทุกคนแล้ว,663.0
1004,PPM (นิว โนเบิล แจ้งวัฒนะ) - ส่งเมล์มา ส่งต่อให้ทุกคนแล้ว,663.0
1005,PPM (บ.พีพีเอ็ม เเมนเนจเมนท์),663.0
1006,PPM (รีเจนท์ ออน เดอะ ปาร์ค 3) - ส่งเมล์มา ส่งต่อให้ทุกคนแล้ว,663.0
1007,PPM (ศุภาลัย เพลส),663.0
1008,PPM (ศุภาลัย เพลส) - ส่งเมล์มา ส่งต่อให้ทุกคนแล้ว,663.0
1009,PPM( เดอะ แคปปิตอล เอกมัย - ทองหล่อ) (ไอดีโอ สาทร ตากสิน)- ส่งเมล์มา ส่งต่อใหุ้ทกคนแล้ว,663.0
970,M-Ladprao (เอ็ม ลาดพร้าว),14.0
972,Moniiq สุขุมวิท 64 (โมนิค สุขุมวิท 64),370.0
973,Muniq Langsuan,370.0
974,Muniq Langsuan ( มิวนีค หลังสวน),370.0
975,Muniq Langsuan (มิวนีค หลังสวน),370.0
959,K.จุฑามาศ อรุณเพชรประทีป_(ม.แฮปปี้วิลล์ ดอนเมือง (Happyville Donmuang),3373.0
960,La Maison 22 (ลาเมซอง 22),2502.0
961,La Masion พหลโยธิน 24 (ลาเมซอง พหลโยธิน 24),2503.0
962,Lakeshore North (เลคชอว์ นอร์ท),1414.0
965,lnt - Intersection ( อินท์ - อินเตอร์เซคชั่น ),932.0
963,Life Bangkok Boulevard แจ้งวัฒนะ (ม.ไลฟ์ บางกอก บูลเลอรวาร์ด แจ้งวัฒนะ),3374.0
966,Ma Maison Condo (มา เมซอง คอนโด) ลาดพร้าว 94,3375.0
964,LIV49 Liv @ 49 (ลิฟ แอท ฟอร์ตี้นาย) (Lucky Living Properties Co.Ltd.),2512.0
967,Magnolias บางนา-ตราด (แมกโนเลียส์ บางนา-ตราด),268.0
968,Manor สนามบินน้ำ (แมเนอร์สนามบินน้ำ),1534.0
969,Marque สุขุมวิท (มาร์ค สุขุมวิท) (บ.เมเจอร์ เรสซิเด้นส์ ซื้อ) (ยังไม่ต่อ MA) 10/04/2019 ติดตั้งถึงวันที่ 21/12/2021 >OK    Email,152.0
971,MMC,2805.0
979,Noble Reveal (โนเบิลรีวีล),1599.0
977,Nathasa _(แกรนด์ วิว คอนโด )(Grand View Condo (ชลบุรี) _(ณัฐสา แกรนด์ คอนโดวิว),27.0
976,Nathasa _(แกรนด์ วิว คอนโด )(Grand View Condo (ชลบุรี),27.0
978,Nathasa แกรนด์คอนโดวิลล์ (ชลบุรี),27.0
980,Noble Revolve รัชดา (NRR) (โนเบิล รีวอล์ฟ รัชดา),3376.0
981,NPC (โนเบิล เพลินจิต),3377.0
982,NV Val (บ.เอ็น.วี.วอล ),205.0
983,NV Val (บ.เอ็น.วี.วอล),205.0
984,PA Linn,653.0
990,Plus 67 (พลัส 67 คอนโดมิเนียม),2328.0
1000,Porchland 2 จอมเทียน Resort (พอร์ชแลนด์ 2) (พอร์ชแลนด์ 59958),2336.0
1130,เกรซแกรนด์โฮม 2 (ชลบุรี),959.0
1014,Raimon Land Services (The Loft Ekkamai) เดอะลอฟท์ เอกมัย,343.0
1031,RSG,921.0
1032,RSG - ส่งเมล์ถอนโปรกรมต่อให้ทุกคนแล้ว,921.0
1033,RSG (บ้านพักแจ้งวัฒนะ และบ้านพักนนทบุรี ),921.0
1034,RSG (บ้านพักแจ้งวัฒนะฯ และบ้านพักนนทบุรี),921.0
1035,RSG (บ้านสวนธน (4) อาคาร เอเอ  ดี จี),921.0
1040,Savills,447.0
1041,Savills - ส่งเมล์มา ส่งต่อให้ทุกคนแล้ว,447.0
1043,Savills (ซาวิลส์),447.0
1044,Savills (ดิ เอส อโศก) - ส่งเมล์มา ส่งต่อให้ทุกคนแล้ว,447.0
1045,Savills (ดิ เอส อโศก) - ส่งเมล์มาวันที่ 11/01/2564 ส่งต่อให้ทุกคนแล้ว,447.0
1061,SMC,234.0
1024,Remote เพิ่มทะเบียน หน่วยงาน เดอะคิวบ์ ลอฟท์ ลาดพร้าว 107 ให้ Metro และ Import ส่งเมล์ให้ทุกคนแล้ว,157.0
1011,PRESENT EKACHAI (พรีเซนต์ เอกชัย ),958.0
1012,Promt Condominium,635.0
1013,Raimon Land Sathorn (ไรมอนด์ แลนด์))(โครงการ เทตต์ สาทร 12),34.0
1016,Raimon Land Services (The Loft Ekkamai)(ไรมอนด์ แลนด์),35.0
1019,Raimon Land Services(ไรมอนด์ แลนด์)),35.0
1020,Raimon Land Services(ไรมอนด์ แลนด์))(โครงการ เทตต์ สาทร 12),35.0
1021,Regent Home 18,2473.0
1022,Regent Home 19,2474.0
1023,Remote เพิ่ม LAN 1 จุด ให้ ม.มัณฑนา และบุศรินทร์ ธนบุรีรมย์ ติดต่อ คุณชาติชาย 080-057-7728 ( ลงโปรแกรมวันที่ 31/5/2564),3248.0
1025,Remote ลงโปแรกรม CM ให้ เรสซิเดนซ์ วัน โปรแกรมเดิมอยู่ไดว์ C ให้ลงที่ไดว์ E copy มาคะ+Set ตั้งค่าใบเสร็จใหม่ (ด่วน) ลุกค้ารออยู่ (ลูกค้าโอนเงินมาแล้ว วันที่ 3/8/65 ยอด 31 303 บาท),1411.0
1026,Remote ลงโปรแกรม CM+Import ให้หน่วยงาน เดอะเชดด์ สาทร 1 ของ Acute ส่งเมล์มาวันที่ 22/3/2564 -ส่งต่อให้ทุกคนแล้ว (ลูกค้าจะฝากเช็คให้ภายในวันพรุ่งนี้),202.0
1027,Rivendell Parkview Condominium,2441.0
1028,RK International,3378.0
1029,RK International (WT),3378.0
1030,RPM (พลัส อยุธยา ปาร์ค),2331.0
1036,S & S (เอสแอนด์เอส สุขุมวิท),3379.0
1049,SC Place (เอส ซี เพลส),3380.0
1037,S1 RAMA9( เอสวัน พระราม 9),1496.0
1038,Savill ( เซอเลส อโศก) - ส่งเมล์มา ส่งต่อให้ทุกคนแล้ว--//---ขอแจ้งแก้ไขใบแจ้งหนี้ให้ใบที่ชำระแล้ว มียอดเป็นศูนย์ ของหน่วยงาน เซอเลส อโศก (CLA) ติดต่อ (จนท.การเงิน น้องมาร์ค 062-236-4469,447.0
1039,Savill (สาธร พาร์ค เพลส) - ส่งเมล์มา ส่งต่อให้ทุกคนแล้ว,447.0
1050,SC พัฒนาการ,808.0
1051,Sea and sky (ซี แอนด์ สกาย) (Beyond บิยอนด์),581.0
1052,Sea and sky (ซีแอนด์สกายคอนโดภูเก็ต),581.0
1053,Sea Dream( ซีดรีมคอนโดมิเนียม ศรีราชา),3381.0
1054,Siam Condominium (สยามคอนโดมิเนียม),2667.0
1055,Siam Oriental Dream (สยาม โอเรียนทัล ดรีม),834.0
1056,Siam Oriental Plaza,834.0
1057,Siamese (ไซมิสสุรวงศ์),1625.0
1058,Silk Road Place (ซิลค์โรดเพลส),3016.0
1060,Smartservice (อะพูล คอนโด (Apool Condo)- ส่งเมล์มาวันที่8/11/2564 ส่งต่อให้ทุกคนแล้ว,823.0
1059,Sixty-Six (ชลบุรี),3370.0
1128,x,3370.0
1127,Wish @ สามย่าน ( วิช แอท สามย่าน),2526.0
1111,Tuff (ทัฟฟ์ เซอร์วิส) (CRM),508.0
1112,Tuff (ทัฟฟ์ เซอร์วิส) (CRM) (เดอะคัลเลอร์ เกษตร 2),508.0
1108,True Property (ทรู พร็อพเพอร์ตี้ เซอวิส),498.0
1062,SMC (ไอดีโอ คิว ราชเทวี ) - ส่งเมล์มา ส่งต่อให้ทุกคนแล้ว,234.0
1074,The Connect 12 A (ม.เดอะคอนเนค 12 A),2817.0
1072,The Clubhouse Residence (เดอะคลับเฮาส์ เรสซิเด้นท์) ( แคทาลีน่า - ชลบุรี )(Katalina),1129.0
1073,The Clubhouse Residence(เดอะคลับเฮาส์ เรสซิเด้นท์) ( แคทาลีน่า - ชลบุรี ),1129.0
1076,The Exclusive สวนหลวง ร.9 (ม.ดิเอ็กซ์คลูซีฟ สวนหลวง ร.9),3026.0
1066,Swan Lake 2(สวอนเลคนิติ 2),2670.0
1091,The Smart Group (เดอะสมาร์ท กรุ๊ป),124.0
1092,The Smart Group (เดอะสมาร์ทกรุ๊ป),124.0
1068,The Art (ดิ อาร์ท เรสซิเด้นซ์ (ชลบุรี)),1912.0
1095,The Sukhothai Residences - ส่งเมล์แจ้งให้ถอนโปรแกรม หน่วยงาน เกรสไอวอรี่ ส่งเต่อให้ทุกคนแล้ว,960.0
1086,The Parkland 2 (เดอะพาร์คแลนด์ 2),1299.0
1087,The Parkland 3 (เดอะพาร์คแลนด์ บางนา 3 อาคาร 5-6),562.0
1065,SST (สุขสาทร),3370.0
1064,SSP2,3370.0
1067,Tempo Grand วุฒากาศ( บิลท์ ฮาร์ท ),582.0
1071,The Clubhouse Residence ( แคทาลีน่า - ชลบุรี ),3370.0
1069,The Book,731.0
1070,The Capital ( เดอะ แคปปิตอล เอกมัย-ทองหล่อ(เคพีเอ็น กรุ๊ป คอร์ปอเรชั่น)),76.0
1077,The Gallery Condominium A (เดอะ แกลลอรี่ คอนโดมิเนียม อาคารเอ),1101.0
1075,The Connextion 2 (เดอะคอนเน็กซ์ชั่น 2) (Building Design),3370.0
1078,The Happiness C (เดอะ แฮปปี้เนส ซี),1107.0
1079,The Indeed อมตะ,1913.0
1080,The Kump Condo ABCD (ชลบุรี),50.0
1081,The Link 4 (เดอะลิงค์ 4),1324.0
1082,The Loft สีลม (เดอะ ลอฟท์ สีลม) (ไรมอนด์ แลนด์ สีลม) (Raimon Land Silom ),1181.0
1083,The Mark รัชดา (เดอะมารค์รัชดาแอพอตลิ่ง),1309.0
1084,The Palm ( เดอะปาล์ม วงศ์อมาตย์ บีช คอนโดมิเนียม ),1296.0
1085,The Palm (เดอะ ปาล์ม วงศ์อมาตย์ บีช คอนโดมิเนียม),1296.0
1089,The Ricco Phahonyothin-Saimai (เดอะริคโค),2851.0
1088,THE PLANT สรงประภา (โครงการ 2),3370.0
1090,The Room รัชดา-ลาดพร้าว (เดอะรูม รัชดา-ลาดพร้าว),1317.0
1094,The Stage เตาปูน,1335.0
1093,The Space Condo 2(เดอะสเปซ คอนโด 2 (โคราช),1336.0
1097,The Tepp,507.0
1098,The Title V (เด็อะไทเทิ้ล เฟส 5 (The Title 5 -ภูเก็ต),722.0
1099,The Tree Interchange (เดอะทรี อินเตอร์เชนจ์),1155.0
1100,The Trust พัทยาใต้,3370.0
1101,The Trust อมตะ ( เดอะทรัสต์ คอนโด อมตะ-ชลบุรี)(ไอไลฟ์ แมเนจเม้นท์),362.0
1102,The Ville Condominium (Thai Asset Property),321.0
1103,To be home (ทูบีโฮม นวมินทร์ 163(บริษัท เดอะบียอนด์)),121.0
1104,Town Avenue Rama2 (ทาวน์ อเวนิวพระราม 2),3370.0
1105,TPJ Condominium,3370.0
1107,Tree Condo สุขุมวิท 42 (ทรี คอนโด สุขุมวิท 42) (บ.บิ๊ก ทรี แอสเสท),577.0
1106,Tree Condo สุขุมวิท 40(Tree Condo เอกมัย)(ทรี คอนโดสุขุมวิท 40) (ทรี คอนโด เอกมัย),3370.0
1113,U Condo (ยูคอนโดแอดแยกเกษตร),2410.0
1110,TU Dome (LANx1),506.0
1109,TU Dome,506.0
1115,Urbitia ทองหล่อ (เออร์บิเทีย ทองหล่อ),1500.0
1114,Unity,717.0
1119,V Property (บ.วี พร็อพเพอร์ตี้เมเนจเม้นท์),784.0
1120,Vantage (แวนเทจ),1544.0
1121,Venetian Signature (เวเนเชี่ยน ซิกเนเจอร์ คอนโด รีสอร์ท พัทยา),1433.0
1122,VIP Condochain พัทยา,629.0
1123,VIP คอนโดเชน พัทยา (VIP Condochain พัทยา),629.0
1124,Voke สุขุมวิท 31,764.0
1125,Voke สุขุมวิท 31>(One Propery,764.0
1129,เกตุนุติ เชอมีเน่,2807.0
1126,Watermark (วอเตอร์มาร์ค เจ้าพระยา ริเวอร์),2522.0
1131,เกรทไชน่า (Great China),63.0
1132,เกรทไชน่า มิลเลนเนียม,63.0
1133,เกรทไชน่า มิลเลนเนียม (Great Chaina),63.0
1134,เกรทไชน่า มิลเลนเนียม (Great Chaina) (LANx3),63.0
1159,เคส รัชดา คอนโดมิเนียม,967.0
1160,เคส รัชดา คอนโดมิเนียม (Kes รัชดา),967.0
1147,เค.ลาย แมนชั่น,964.0
1148,เค.ลาย แมนชั่น (บ้านชมดาว),964.0
1149,เค.ลาย แมนชั่น>บ้านชมดาว,964.0
1135,เกรทพร๊อพเพอร์ตี้,60.0
1143,เก้ากะรัตคอนโดทาวน์ ( 9 กะรัต -ชลบุรี),961.0
1144,เก้ากะรัตคอนโดทาวน์ ( 9 กะรัต -ชลบุรี) - ส่งเมล์มา ส่งต่อให้ทุกคนแล้ว,961.0
1145,เกียรติธานี ซิตี้ แมนชั่น,962.0
1146,เกียรติธานี ซิตี้ แมนชั่น - ส่งเมล์มา ส่งต่อให้ทุกคนแล้ว,962.0
1150,เคเอสอี เรียลตี้ แมนเนจเมนท์ (ม.ไลฟ์บางกอก บูเลอวาร์ด ),70.0
1151,เคที แมเนจเม้นท์ (KT Management ) หมู่บ้านพนาลี 22 (พฤกษา41/1),72.0
1152,เคนซิงตัน,965.0
1153,เคนซิงตัน ( Kensington ),965.0
1154,เคนซิงตัน เพลส,966.0
1155,เคนซิงตัน เพลส (Kensington Place),966.0
1156,เคนซิงตัน เพลส (Kensington Place) (แจ้งวัฒนะ),966.0
1157,เคนซิงตัน เพลส (Kensington Place) (แจ้งวัฒนะ) (LANx1),966.0
1158,เคนซิงตัน เพลส (Kensington Place)(แจ้งวัฒนะ),966.0
1161,เคสรัชดา(บริษัท วิษณี จำกัด),781.0
1164,เคหะชุมชน แหลมฉบัง 3 (ชลบุรี),977.0
1165,เคหะชุมชน แหลมฉบัง 3 (ชลบุรี) (LANx1 ),977.0
1163,เคหสถานกรุงเทพ ฯ - ส่งเมล์มา ส่งต่อให้ทุกคนแล้ว,968.0
1162,เคหสถานกรุงเทพ ฯ,968.0
1166,เคหะชุมชนและบริการชุมชน นาเกลือ,987.0
1167,เคหะชุมชนและบริการชุมชน นาเกลือ - ส่งเมล์มา ส่งต่อให้ทุกคนแล้ว,987.0
1168,เคหะชุมชนและบริการชุมชน นาเกลือ - ส่งเมล์มา ส่งต่อให้ทุกคนแล้ว (รอบ2),987.0
1169,เคหะชุมชนและบริการชุมชน บางใหญ่ (วัดพระเงิน),2109.0
1170,เคหะชุมชนและบริการชุมชน บางปู 1,1543.0
1171,เคหะชุมชนและบริการชุมชน บางปู 2,988.0
1173,เคหะชุมชนและบริการชุมชน ลาดกระบัง 2/3,971.0
1172,เคหะชุมชนและบริการชุมชน มิตรไมตรี 1,983.0
1174,เคหะชุมชนและบริการชุมชนเชียงรากน้อย,993.0
1175,เคหะชุมชนและบริการชุมชนเทพารักษ์ 3/1,994.0
1176,เคหะชุมชนและบริการชุมชนเทพารักษ์ 3/1 (LANx1),994.0
1177,เคหะชุมชนและบริการชุมชนตลาดไท 1,3370.0
1178,เคหะชุมชนและบริการชุมชนถลาง (ภูเก็ต),995.0
1179,เคหะชุมชนและบริการชุมชนถลาง 4 (ภูเก็ต),995.0
1180,เคหะชุมชนและบริการชุมชนถลาง(ภูเก็ต),995.0
1181,เคหะชุมชนและบริการชุมชนบางบ่อ 1,996.0
1182,เคหะชุมชนและบริการชุมชนบางบ่อ 1 (บางบ่อ แพ็ค 1,996.0
1184,เคหะชุมชนและบริการชุมชนประชาอุทิศ,997.0
1185,เคหะชุมชนและบริการชุมชนผู้มีรายได้น้อยถึงปานกลาง จังหวัดชลบุรี (ห้วยกะปิ),3370.0
1186,เคหะชุมชนและบริการชุมชนลพบุรีราเมศวร์,990.0
1187,เคหะชุมชนและบริการชุมชนลพบุรีราเมศวร์ ( สงขลา ),990.0
1188,เคหะชุมชนและบริการชุมชนลาดกระบัง 2/1,973.0
1189,เคหะชุมชนและบริการชุมชนลาดกระบัง 2/2,985.0
1546,เดอะ มาริน ภูเก็ต (LANx 1),1169.0
1220,เคหะชุมชนร่มเกล้า 1 (LANx1),1016.0
1221,เคหะชุมชนร่มเกล้า 10,1017.0
1241,เจ ไลน์ แมเนจเม้นท์ (J Line Management ),85.0
1242,เจ ไลน์ แมเนจเม้นท์)(J Line Management ),85.0
1231,เคหะชุมชนร่มเกล้า 9 (Cemco),426.0
1253,เจนัส,98.0
1190,เคหะชุมชนและบริการชุมชนลาดกระบัง 2-1,973.0
1191,เคหะชุมชนแหลมฉบัง 1,999.0
1192,เคหะชุมชนแหลมฉบัง 1 (ชลบุรี),999.0
1193,เคหะชุมชนแหลมฉบัง 1 2 3 (ชลบุรี),999.0
1194,เคหะชุมชนแหลมฉบัง 2,1000.0
1195,เคหะชุมชนแหลมฉบัง 2 (ชลบุรี),1000.0
1197,เคหะชุมชนธนบุรี 4,1002.0
1196,เคหะชุมชนแหลมฉบัง1,999.0
1198,เคหะชุมชนธนบุรี 5,1003.0
1199,เคหะชุมชนธนบุรี 6,1004.0
1200,เคหะชุมชนธนบุรี 7,1005.0
1201,เคหะชุมชนธนบุรี 8,1006.0
1202,เคหะชุมชนธนบุรี 8 - ส่งเมล์มา ส่งต่อให้ทุกคนแล้ว,1006.0
1203,เคหะชุมชนนนทบุรี 3,1007.0
1204,เคหะชุมชนนนทบุรี 3 (LANx1),1007.0
1205,เคหะชุมชนนวนคร,1008.0
1206,เคหะชุมชนบางนา 1,1009.0
1207,เคหะชุมชนบางนา 1 (LANx2),1009.0
1208,เคหะชุมชนบางนา 2,1010.0
1209,เคหะชุมชนบางนา 2 (LANx1),1010.0
1210,เคหะชุมชนพัทยา 1,1011.0
1211,เคหะชุมชนพัทยา 1 (LANx1),1011.0
1212,เคหะชุมชนพัทยา 2,1012.0
1213,เคหะชุมชนพัทยา 2 3,1013.0
1214,เคหะชุมชนพัทยา 2 3 (LANx1),1013.0
1215,เคหะชุมชนพัทยา 3,1014.0
1217,เคหะชุมชนภูเก็ต 2,1015.0
1222,เคหะชุมชนร่มเกล้า 2,1018.0
1224,เคหะชุมชนร่มเกล้า 3,1019.0
1225,เคหะชุมชนร่มเกล้า 4,1020.0
1226,เคหะชุมชนร่มเกล้า 5,657.0
1227,เคหะชุมชนร่มเกล้า 6,1021.0
1228,เคหะชุมชนร่มเกล้า 7,1022.0
1229,เคหะชุมชนร่มเกล้า 8,1023.0
1230,เคหะชุมชนร่มเกล้า 9,1024.0
1232,เคหะชุมชนร่มเกล้า2,1018.0
1233,เคหะชุมชนออเงิน 1,1025.0
1234,เคหะชุมชนออเงิน 3,1026.0
1235,เคหะบางกะปิ 1,1027.0
1236,เคหะบางกะปิ 2,1030.0
1237,เคหะร่มเกล้า 4,1020.0
1238,เคหะลำลูกกา,1031.0
1239,เคียงทะเล (ชลบุรี),1032.0
1240,เงินเพิ่มพูล (Union Mall (Umall)),82.0
1244,เจ คอนโด สาทร-กัลปพฤกษ์,1034.0
1245,เจ คอนโด สาทร-กัลปพฤกษ์ (J Condo),1034.0
1247,เจ ทาวน์ สุขุมวิท-แพรกษา (J Town),2809.0
1248,เจ อาร์ วาย คอนโดมิเนียม พระราม 9 (JRY Rama9),1035.0
1249,เจ อาร์ วาย คอนโดมิเนียม พระราม 9 (JRY),1035.0
1250,เจ.ดับบลิว.บูเลอวาร์ด อาคารเอและบี (JW Boulevard A-B ),1036.0
1252,เจซี ทาวเวอร์ (JC Tower),3370.0
1255,เจมโมโปลิส ฟรีโซน (Gemopolis Free Zone) - แฟคตอรี่ คอนโด หนึ่ง (Factory Condo 1)- ส่งเมล์มา ส่งต่อให้ทุกคนแล้ว,1042.0
1256,เจมโมโปลิส ฟรีโซน (Gemopolis Freezone),1042.0
1290,เซ็นจูรี่ ปาร์ค (Century Park),1054.0
1291,เซ็นจูรี่ ปาร์ค คอนโดมิเนียม,1055.0
1292,เซ็นจูรี่ ปาร์ค คอนโดมิเนียม (Century Park),1054.0
1293,เซ็นจูรี่ ปาร์ค คอนโดมิเนียม (LANx4),1054.0
1294,เซ็นจูรี่ปาร์ค คอนโดมิเนียม (Century Park),1054.0
1295,เซนต์ชาร์ม คอนโดมิเนียม เฟส 1 (ST CHARM),1056.0
1296,เซนต์ชาร์ม คอนโดมิเนียม เฟส 1 (ST.Charm),1056.0
1297,เซ็นต์หลุยส์ แกรนด์ เทอเรส (St.Louis Grand Terrace ),1057.0
1298,เซ็นต์หลุยส์ แกรนด์ เทอเรส(St.Louis Grand Terrace ),1057.0
1299,เซ็นต์หลุยส์ แกรนด์เทอเรส(แกรนด์ แอสเซท),1057.0
1300,เซนทริค ซี พัทยา,1059.0
1303,เซ็นทริค ซีน สุขุมวิท 64,1061.0
1304,เซ็นทริค ซีน สุขุมวิท 64 ( Centric Scene สุขุมวิท 64),1061.0
1305,เซ็นทริค ซีน สุขุมวิท64,1061.0
1306,เซ็นทริค ซีน สุขุมวิทวิท64,
1307,เซ็นทริค รัชดา - สุทธิสาร,1063.0
1308,เซ็นทริค รัชดา - สุทธิสาร - ส่ง Format Excel ให้ Import ส่งต่อให้ทุกคนแล้ว>>,1063.0
1309,เซ็นทริค รัชดา - สุทธิสาร - ส่งเมล์มา ส่งต่อให้ทุกคนแล้ว>>,1063.0
1310,เซ็นทริค รัชดา - สุทธิสาร- ส่งเมล์มา ส่งต่อให้ทุกคนแล้ว,1063.0
1311,เซ็นทริค รัชดา สุทธิสาร,
1312,เซ็นทริค รัชดา -ห้วยขวาง (CENTRIC รัชดา - ห้วยขวาง),1062.0
1313,เซ็นทริค รัชดา -ห้วยขวาง (Centric- รัชดา -ห้วยขวาง),1062.0
1314,เซ็นทริค สถานีติวานนท์,
1315,เซ็นทริคเพลส (Centric Place),1066.0
1316,เซ็นทริคซีนอารีย์ 2,
1317,เซ็นทารา อเวนิว เรสซิเดนซ์,2790.0
1318,เซ็นทารา อเวนิว เรสซิเดนซ์ (Centara Avenue Residence ),2790.0
1319,เซ็นทารา อเวนิว เรสซิเดนซ์ (Centara Avenue Residence )( เซ็นทารา อเวนิว เรสซิเดนซ์ แอนด์ สวีท พัทยา)),2790.0
1302,เซ็นทริค ซี พัทยา (Centric Sea พัทยา),1060.0
1265,เจมโมโปลิส ฟรีโซน  แฟคตอรี่ คอนโด หนึ่ง - ส่งเมล์มา ส่งต่อให้ทุกคนแล้ว,1042.0
1273,เฉลิมนิจ อาร์ต เดอ เมซอง,3370.0
1269,เจมโมทาวน์ หนึ่ง (Gemo Town 1),1045.0
1270,เจมโมทาวน์ หนึ่ง (Gemo Town 1)_(เจมโมทาวน์ สอง (Gemo Town 2))),1045.0
1268,เจมโมทาวน์ สอง (Gemo Town 2),1046.0
1267,เจมโมทาวน์ 2 ( Gemotown ) (GL),1046.0
1266,เจมโมทาวน์ 1 2 (Gemo Town 1 ),1045.0
1271,เจริญกรุงเพลส,629.0
1272,เจริญกรุงคอนโดมีเนียม 1,1047.0
1274,เชียงใหม่กรีนวันเล่,2810.0
1275,เชียงใหม่กรีนวันเล่ (LANx1),2810.0
1276,เชียงใหม่กรีนวัลเลย์,2810.0
1280,เซเรนิตี้ วงศ์อมาตย์ คอนโดมิเนียม (Serenity),1049.0
1277,เชียงใหม่ริเวอร์ไซด์ คอนโดมิเนียม,1048.0
1278,เซเรนนิตี้ เรสซิเด้นท์ จอมเทียน,1996.0
1279,เซเรนนิตี้ เรสซิเด้นท์ จอมเทียน (Serenity Residence),1996.0
1281,เซเรนิตี้ วงศ์อมาตย์ คอนโดมิเนียม (Serenity)(ชลบุรี),1049.0
1282,เซ็นเซนทริค ซี พัทยา (Centric Sea พัทยา ),1059.0
1301,เซนทริค ซี พัทยา (Centric Sea พัทยา ),1059.0
1283,เซ็นเตอร์คอนโดเทล (Center Condotel ),1051.0
1284,เซ็นเตอร์คอนโดเทล (ชลบุรี) (Center Condotel ),1051.0
1285,เซ็นเตอร์คอนโดเทล (ชลบุรี) (Center Condotel ) (LANx4),1051.0
1286,เซ็นจูเรียน ปาร์ค (Centurion Park),1052.0
1287,เซ็นจูรี่ ไฮทส์ - 1(Century Heights 1,1053.0
1288,เซ็นจูรี่ ไฮทส์ - 1(Century Heights 1),1053.0
1320,เซ็นทารา อเวนิว เรสซิเดนซ์ (ชลบุรี) (Centara Avenue Residence),2790.0
1321,เซ็นทารา อเวนิว เรสซิเดนซ์ แอนด์ สวีท พัทยา (Centara Avenue Residence ),2790.0
1322,เซ็นทารา อเวนิว เรสซิเดนซ์ แอนด์ สวีท พัทยา)) (Centara Avenue Residence ),2790.0
1323,เซ็นทารา อเวนิว เรสซิเดนซ์ ชลบุรี,2790.0
1324,เซ็นทารา อเวนิว เรสซิเดนซ์(เซ็นทารา อเวนิว เรสซิเดนซ์ แอนด์ สวีท พัทยา)) (Centara Avenue Residence ) (LANx1),2790.0
1325,เซ็นทารา อเวนิว เรสซิเดนซ์_(เซ็นทารา อเวนิว เรสซิเดนซ์ แอนด์ สวีท พัทยา)) (Centara Avenue Residence ) (LANx1),2790.0
1326,เซ็นทารา อเวนิว เรสซิเดนซ์_(เซ็นทารา อเวนิว เรสซิเดนซ์ แอนด์ สวีท พัทยา)) (Centara Avenue Residence ) (LANx2),2790.0
1327,เซนมูระ ศรีนครินทร์ บางนา,2811.0
1328,เซนมูระ ศรีนครินทร์ บางนา (Zenmura),2811.0
1329,เซนส์ พหลโยธิน ( Sense พหลโยธิน ),1067.0
1330,เซนส์ พหลโยธิน (Sense พหลโยธิน ),1067.0
1331,เซนส์ สุขุมวิท (Sense),1068.0
1332,เซนสิริทาวน์ แหลมฉบัง เฟส2 (Censiri Town Laem Chabang),1546.0
1333,เซนสิริทาวน์ แหลมฉบัง2,1546.0
1334,เซล รัตนาธิเบศร์,1070.0
1335,เซอเลส อโศก,1071.0
1336,เซอร์เคิล คอนโดมิเนียม,1072.0
1337,เซอร์เคิล คอนโดมิเนียม (Circle Condominium ),1072.0
1338,เซอร์เคิล คอนโดมิเนียม (Circle Condominium),1072.0
1339,เซอร์เคิล คอนโดมิเนียม (Circle),1072.0
1340,เซอร์เคิล ลีฟวิ่ง โปรโตไทป์ (Circle Living Prototype),
1341,เซอร์เคิลคอนโดมิเนียม,1072.0
1342,เซอราโน่ พระราม 2 เฟส 1 (Serano Rama2 Phase 1),1073.0
1343,เด็น วิภาวดี,1074.0
1344,เดลี่ บาย อารียา ( Daily by Areeya ),2812.0
1345,เดอะ เครส ซานโตร่า (The Crest Santora)(หัวหิน),
1346,เดอะ เครสท์ สุขุมวิท 34,1077.0
1347,เดอะ เครสท์ สุขุมวิท 34 (The Crest สุขุมวิท 34 ),1077.0
1348,เดอะ เชดด์ สาทร 1(The Shade -สาทร 1),1195.0
1349,เดอะ เซนโทร คอนโด บางแสน (ชลบุรี),
1350,เดอะ เซนโทร สุขุมวิท 113 (The Centro -สุขุมวิท 113),2813.0
1351,เดอะ เทรเชอร์,1198.0
1352,เดอะ เทรเชอร์ (The Treasure),1198.0
1353,เดอะ เทอเรซ รามอินทรา,2814.0
1354,เดอะ เทอเรซ รามอินทรา (The Terrace รามอินทรา),2814.0
1355,เดอะ เทอร์เรส เรสซิเดนซ์ คอนโดมีเนียม,1081.0
1356,เดอะ เนเจอร์ ซิตี้ เพชรเกษม-69,
1357,เดอะ เบลกราเวีย รัชดา-ลาดพร้าว 15,2793.0
1358,เดอะ เบลกราเวีย รัชดา-ลาดพร้าว 15 (The Belgravia รัชดา-ลาดพร้าว 15),2793.0
1359,เดอะ เบลกลาเวีย รัชดา-ลาดพร้าว 15,2794.0
1360,เดอะ เบลกลาเวีย รัชดา-ลาดพร้าว 15 (Belgravia),2794.0
1361,เดอะ เบลกลาเวีย รัชดา-ลาดพร้าว 15 (The Belgravia ),2794.0
1362,เดอะ เบลกลาเวีย รัชดา-ลาดพร้าว 15 (The Belgravia รัชดา-ลาดพร้าว 15),2794.0
1363,เดอะ เบลล่า คอนโด พระราม 2,1082.0
1364,เดอะ เบลล่า คอนโด พระราม 2 (ภูเก็ต),404.0
1365,เดอะ เบลล่า คอนโด พระราม 2 (ภูเก็ต) (The Bella Condo Rama2),404.0
1366,เดอะ เบส พัทยากลาง (The Base- พัทยากลาง ),1205.0
1367,เดอะ เบส หทัยราษฎร์ (The Best-หทัยราษฎร์),
1368,เดอะ เบส หทัยราษฎร์ (The Best-หทัยราษฎร์) - ส่งเมล์มา ส่งต่อให้ทุกคนแล้ว,
1369,เดอะ เบส หทัยราษฎร์ (The Best-หทัยราษฎร์) (1),
1370,เดอะ เพรสซิเด้นท์ เพชรเกษม - บางแค,1084.0
1371,เดอะ เพรสซิเด้นท์ สาทร-ราชพฤกษ์,1207.0
1372,เดอะ เพรสซิเด้นท์ สาทร-ราชพฤกษ์ เฟส 1,1086.0
1373,เดอะ เพรสซิเด้นท์ สาทร-ราชพฤกษ์ เฟส 2,1087.0
1374,เดอะ เพรสซิเด้นท์ สุขุมวิท 81 (เดอะ เพรสซิเด้นท์ สุขุมวิท อาคาร เอ),1088.0
1375,เดอะ เพรสซิเด้นท์ สุขุมวิท อาคาร เอ,1089.0
1376,เดอะ เพรสซิเด้นท์ สุขุมวิท อาคาร บี,1090.0
1377,เดอะ เพรสซิเด้นท์ สุขุมวิท อาคาร บี The President สุขุมวิท B,1090.0
1549,เดอะ รมู สขุมุวิท 21,
1378,เดอะ เพรสสิเด้นท์ สุขุมวิท-สมุทรปราการ,1091.0
1379,เดอะ เพรสสิเด้นท์ สุขุมวิท-สมุทรปราการ (The President สุขุมวิท-สมุทรปราการ),1091.0
1380,เดอะ เพลส กาญจนาภิเษก-ราชพฤกษ์,
1381,เดอะ เมเปิ้ล แอท รัชดา-ลาดพร้าว (The Maple @ รัชดา-ลาดพร้าว ),1092.0
1382,เดอะ เมทโทร รัตนาธิเบศร์,2815.0
1383,เดอะ เม้าท์เท้น คอนโดมิเนียม เอ (The Mountail A),1094.0
1384,เดอะ เม้าท์เท้น คอนโดมิเนียม เอ (The Mountain A) (ชลบุรี),1094.0
1385,เดอะ เม้าท์เท้น คอนโดมิเนียม เอ (ชลบุรี),1094.0
1386,เดอะ เม้าท์เท้น คอนโดมิเนียม เอ (ชลบุรี) ( The Mountain Condominium A ),1094.0
1387,เดอะ เม้าท์เท้น คอนโดมิเนียม เอ (ชลบุรี) ( The Mountain Condominium A ) (LANx1),1094.0
1388,เดอะ เม้าท์เท้น คอนโดมิเนียม เอ (ชลบุรี) (The Mountain A),1094.0
1389,เดอะ เม้าส์เท้น คอนโดมิเนียม เอ (ชลบุรี) ( The Mountain Condominium A ) (LANx1),1095.0
1390,เดอะ เรสซิเดนซ์ หัวหิน (The Residence หัวหิน (Amari หัวหิน),1096.0
1391,เดอะ เรสซิเดนซ์ หัวหิน (The Residence) (ประจวบ) - อมารี หัวหิน (Amari),896.0
1392,เดอะ เรสซิเดนซ์ หัวหิน (ประจวบ) อมารี หัวหิน (Amari The Residence),896.0
1393,เดอะ เรสซิเดนซ์ หัวหิน (ประจวบ) อมารี หัวหิน (Amari The Residence)- ส่งเมล์มา ให้ลงโปรแกรมให้ใหม่ แจ้งลูกค้าว่ารีโมทติดตั้งได้เลยค่ะ ส่งต่อให้ทุกคนแล้ว,896.0
1394,เดอะ เรสซิเดนซ์ หัวหิน (ประจวบ) อมารี หัวหิน (Amari The Residence)- ส่งเมล์มา ส่งต่อให้ทุกคนแล้ว,896.0
1395,เดอะ เลจเจ้นท์ (The Legend ) เพชรบุรี),1097.0
1396,เดอะ เอสเตท ท่าพระ (The Estate ท่าพระ),1211.0
1397,เดอะ เฮริเทจ สวีท (ภูเก็ต) (The Heritage Suite),1098.0
1398,เดอะ แกนรด์ คอนโดมิเนียม) (ปราจีนบุรี),
1403,เดอะ แคช พระราม 3 (สำโรง) อาคาร เอ บี ซี ดี,
1404,เดอะ แคปปิตอล เอกมัย-ทองหล่อ (The Capital),1102.0
1405,เดอะ แคปปิตอล ราชปรารภ-วิภาฯ,
1406,เดอะ แพลนท์ เพรส ทีจ - แจ้งวัฒนะ,2816.0
1407,เดอะ แมทท์ 1 (สาทร-ท่าพระ) - ส่งเมล์มา ส่งต่อให้ทุกคนแล้ว,
1408,เดอะ แมทท์ 1 (สาทร-ท่าพระ) (The Matt),
1409,เดอะ แมทท์ 1 (สาทร-ท่าพระ) (The Matt) (LANx1),
1410,เดอะ แมทท์ 2 ( The Matt 2),
1411,เดอะ แมทท์ คอนโด สุขุมวิท 101 (The Matt Condo สุขุมวิท 101),
1412,เดอะ แลนด์สเคป คอนโดมิเนียม แสงจันทร์ ระยอง,1106.0
1415,เดอะ โคฟ คอนโดมิเนียม,1108.0
1416,เดอะ โคฟ คอนโดมิเนียม (The Cove),1108.0
1417,เดอะ โคฟ คอนโดมิเนียม (The Cove) - ส่งเมล์มา ส่งต่อให้ทุกคนแล้ว,1108.0
1418,เดอะ โคฟ คอนโดมิเนียม (The Cove) -ชลบุรี,1108.0
1419,เดอะ โคฟ คอนโดมิเนียม (The Cove) -ชลบุรี (LANx2),1108.0
1420,เดอะ โมนาเวล คอนโด (The Mona Vale ),1110.0
1421,เดอะ โมนาเวล คอนโด (The Mona Vale),1110.0
1422,เด็อะ ไทเทิ้ล เฟส 3 (ภูเก็ต) (The Title 3),1223.0
1423,เดอะ ไทเทิ้ล เรซิเดนซีส์(ในยาง-ภูเก็ต) - ส่งเมล์มา ส่งต่อให้ทุกคนแล้ว,
1424,เดอะ ไทเทิล เลเจนดารี บางเทา (ภูเก็ต) (The Title Legendary Bangtao),
1425,เดอะ ไพรเวซี่ เรวดี โครงการ ( เอ บี ซี ดี),
1426,เดอะ ไพรเวซี่ เรวดี โครงการ เอ,1112.0
1427,เดอะ ไพรเวซี่ เรวดี โครงการ เอ บี ซี ดี,1112.0
1428,เดอะ ไพรเวซี่ เรวดี โครงการ ซี,1113.0
1429,เดอะ ไพรเวซี่ เรวดี โครงการ ซี ( เอ บี ซี ดี),1113.0
1547,เดอะ มาริน ภูเก็ต (The Marin Phuket) (LANx1),1169.0
1413,เดอะ แฮปปี้เนส ซี,1107.0
1414,เดอะ แฮปปี้เนส ซี (The Happiness C ),1107.0
1399,เดอะ แกลเลอรี่ คอนโดมิเนียม ( The Gallery Condominium ),1100.0
1400,เดอะ แกลเลอรี่ คอนโดมิเนียม( The Gallery Condominium ),1100.0
1430,เดอะ ไพรเวซี่ งามวงศ์วาน โครงการเอ บี,
1431,เดอะ ไพรเวซี่ ติวานนท์ โครงการ เอ,
1432,เดอะ ไพรเวซี่ ประชาอุทิศ โครงการ เอ,1116.0
1433,เดอะ ไพรเวซี่ ประชาอุทิศ โครงการ เอ ( the Privacy ประชาอุทิศ A ),1116.0
1434,เดอะ ไพรเวซี่ ประชาอุทิศ โครงการ ซี ( the Privacy ประชาอุทิศ C ),1117.0
1435,เดอะ ไพรเวซี่ ประชาอุทิศ โครงการ บี ( The Privacy ประชาอุทิศ B ),1118.0
1436,เดอะ ไรส์ (RISE),
1437,เดอะ ไลต์ สวนหลวง คอนโดมิเนียม,
1438,เดอะ ไลท์ นิวยอร์ก ( The Light Newyork ),1119.0
1439,เดอะ ไลท์เฮาส์,
1446,เดอะ กรีน เพลส (The Green Place ),1121.0
1447,เดอะ กรีน คอนโดมิเนียม (The Green Condominium),1121.0
1448,เดอะ กรีน ลิฟวิ่ง คอนโด พัทยา อาคารเอ (The Green Living),1121.0
1449,เดอะ กรีน ลิฟวิ่ง คอนโด พัทยา อาคารเอ บี (The Green Living),1121.0
1450,เดอะ กรีน ลิฟวิ่ง คอนโด พัทยา อาคารบี (The Green Living),1121.0
1451,เดอะ กรีนเพลส คอนโดมิเนียม 3 (เอฟ),1121.0
1452,เดอะ กรีนเพลส คอนโดมิเนียม 3 (เอฟ)( The Green Place Condominium 3 (F)),1121.0
1454,เดอะ คริสตัล คอนโดมิเนียม 2 เรวดี 1 ( The Crystal Condominium 2 เรวดี 1 ),1126.0
1455,เดอะ คริสตัล คอนโดมิเนียม 2 เรวดี 1 (The Crystal Condominium 2 เรวดี 1),1126.0
1456,เดอะ คริสตัล คอนโดมิเนียม รัตนาธิเบศร์ 3 (The Crystal Condominium-รัตนาธิเบศร์ 3),1127.0
1457,เดอะ คริสตัล บลิส,1128.0
1458,เดอะ คริสตัล บลิส (The Crystal Bliss),1128.0
1459,เดอะ คลาวด์ คอนโดมิเนียม,1130.0
1460,เดอะ คลาวด์ คอนโดมิเนียม (The Cloud Condo),1130.0
1461,เดอะ คลาวด์ คอนโดมิเนียม (The Cloud),1130.0
1462,เดอะ ควอเตอร์,
1463,เดอะ คอนเน็กซ์ชั่น คอนโดมิเนียม (แคราย-รัตนาธิเบศร์) ( The Connexion Condominium ),1131.0
1464,เดอะ คอนเนค 3 ( The Connect 3),2819.0
1465,เดอะ คอนเนค 3 (THE CONNECT 3),2819.0
1466,เดอะ คอนเนค อัพ 3 ลาดพร้าว 126 ( เดอะคอนเนค 32),2819.0
1467,เดอะ คอลเล็ครัชดา 32,1134.0
1468,เดอะ คัลเลอร์ พรีเมียม,
1469,เดอะ คัลเลอร์ พรีเมี่ยม เกษตร-นวมินทร์ (The Color Premium เกษตร-นวมินทร์ ),2820.0
1470,เดอะ คัลเลอร์ พรีเมี่ยม เกษตร-นวมินทร์(The Color Premium ),2820.0
1471,เดอะ คัลเลอร์รี่ วีวิค (The Colory Vivid),1135.0
1472,เดอะ คัลเลอร์ส บางนา-วงแหวนฯ 2,2821.0
1473,เดอะ คัลเลิร์ส เลชเชอร์ บางนา กม. 10 (The Colors Leisure กม.10),2822.0
1474,เดอะ คิวบ์ นวมินทร์-รามอินทรา (The Cube นวมินทร์-รามอินทรา ),1136.0
1475,เดอะ คิวบ์ ประชาอุทิศ อาคาร เอ,1137.0
1476,เดอะ คิวบ์ ประชาอุทิศ อาคาร เอ ( The Cube ประชาอุทิศ A ),1137.0
1477,เดอะ คิวบ์ พลัส แจ้งวัฒนะ (The Cube Plus แจ้งวัฒนะ),1266.0
1478,เดอะ คิวบ์ พลัส แจ้งวัฒนะ (The Cube Plus แจ้งวัฒนะ) (LANx1),1266.0
1479,เดอะ คิวบ์ รามคำแหง,1141.0
1480,เดอะ คิวบ์ รามคำแหง - ส่งเมล์มา ส่งต่อให้ทุกคนแล้ว,1141.0
1481,เดอะ คิวบ์ รามคำแหง (THE CUBE รามคำแหง),1141.0
1482,เดอะ คิวบ์ สเตชั่น รามอินทรา 109 (The Cube Station),1142.0
1483,เดอะ ซี - ส่งเมล์มา ส่งต่อให้ทุกคนแล้ว,1145.0
1484,เดอะ ซี - ส่งเมล์มา ส่งต่อให้ทุกคนแล้ว (The Zea),1145.0
1485,เดอะ ซี (The Zea) (ชลบุรี),1145.0
1548,เดอะ มิลลิเนี่ยมคอนโด,
1486,เดอะ ซี (The Zea) (ชลบุรี) - ส่งเมล์มา ส่งต่อให้ทุกคนแล้ว,1145.0
1487,เดอะ ซี (The Zea) (ศรีราชา)(ชลบุรี),1145.0
1488,เดอะ ซีเครซ หัวหิน) (ประจวบคีรีขันธ์),1145.0
1489,เดอะ ดิโพลแมท 39 (The Diplomat 39),1147.0
1490,เดอะ ดิโพลแมท สาทร,1148.0
1491,เดอะ ดิโพลแมท สาทร (The Diplomat Sathorn),1148.0
1492,เดอะ ดิโพลแมท สาทร (The Diplomat- สาทร),1148.0
1493,เดอะ ดิโพลแมท สาทร (The Diplomat- สาทร) - ส่งเมล์มา ส่งต่อให้ทุกคนแล้ว,1148.0
1494,เดอะ ดิโพลแมท สาทร (The Diplomat- สาทร) - ส่งเมล์มาวันที่27/8/2564 ส่งต่อให้ทุกคนแล้ว,1148.0
1495,เดอะ ทรัสต์ คอนโด แอท บีทีเอส เอราวัณ(THE TRUST CONDO @ BTS),
1496,เดอะ ทรัสต์ คอนโด งามวงศ์วาน,1149.0
1497,เดอะ ทรัสต์ คอนโด งามวงศ์วาน - ส่งเมล์มา ส่งต่อให้ทุกคนแล้ว,1149.0
1498,เดอะ ทรัสต์ ทาวน์ รังสิต,
1499,เดอะ ทรัสต์ ทาวน์ ราชพฤกษ์-รัตนาธิเบศร์,
1500,เดอะ ทรัสต์ ทาวน์ ราชพฤกษ์-รัตนาธิเบศร์ (The Trust Town ),
1501,เดอะ ทรัสต์ ทาวน์ วงแหวน-กาญจนาภิเษก,
1502,เดอะ ทรัสต์ ศรีนครินทร์-แพรกษา,
1503,เดอะ ทรัสต์ ศรีนครินทร์-แพรกษา (TTP),
1504,เดอะ ทรัสต์ สุวรรณภูมิ - เทพารักษ์,
1505,เดอะ ทรี พริวาต้า,1151.0
1506,เดอะ ทรี พริวาต้า ( The Tree Privata ),1151.0
1507,เดอะ ทรี พริวาต้า (The Tree Privata),1151.0
1508,เดอะ ทรี ลาดพร้าว 15 ( The Tree -ลาดพร้าว 15),1153.0
1509,เดอะ ทรี ลาดพร้าว 15 (The Tree ลาดพร้าว 15),1153.0
1510,เดอะ ทรี ลาดพร้าว 15 (The Tree ลาดพร้าว),1153.0
1517,เดอะ นิช ไอดี ลาดพร้าว 130 (The Niche ID ลาดพร้าว 130),
1518,เดอะ บรีซ (นราธิวาส),1157.0
1519,เดอะ บรีซ นราธิวาส,1157.0
1520,เดอะ พริโอ คอนโด (The Prio Condo (เชียงใหม่),1160.0
1521,เดอะ พลีโน่ สุขสวัสดิ์ 30 (The Pleno สุขสวัสดิ์ 30 ),2823.0
1522,เดอะ พลีโน่ สุขสวัสดิ์ 30 (The Pleno สุขสวัสดิ์ 30),2823.0
1523,เดอะ พอยต์ คอนโด แหลมฉบัง,1546.0
1524,เดอะ พอร์ท สุขสวัสดิ์,1161.0
1525,เดอะ พอร์ท สุขสวัสดิ์ ( The Port สุขสวัสดิ์ ),1161.0
1526,เดอะ พาโนรา ภูเก็ต ( The Panora ภูเก็ต ),1297.0
1527,เดอะ พาโนรา ภูเก็ต ( The Panora ภูเก็ต ) (LAN-ใกล้x1_LANไกลx1-ไกล),1297.0
1528,เดอะ พาโนรา ภูเก็ต ( The Panora ภูเก็ต ) [(LANx1 (ระยะใกล้)) และ (LANx1 (ระยะไกล))],1297.0
1529,เดอะ พาโนรา ภูเก็ต (The Panora),1297.0
1530,เดอะ พาทิโอ คอนโดมิเนียม อาคาร บี,
1531,เดอะ พาร์คแลนด์ 4,1300.0
1532,เดอะ พาร์คแลนด์ 4 (The Parkland 4),1300.0
1533,เดอะ พาร์คแลนด์ 4 (The Parkland 4) - ส่งเมล์มา ส่งต่อให้ทุกคนแล้ว,1300.0
1535,เดอะ พาร์คแลนด์ เพชรเกษม,1164.0
1536,เดอะ พาร์คแลนด์ เพชรเกษม ( The Parkland เพชรเกษม ),1164.0
1537,เดอะ พาร์คแลนด์ งามวงศ์วาน-แคราย,1166.0
1538,เดอะ พาร์คแลนด์ งามวงศ์วาน-แคราย - ส่งเมล์มา ส่งต่อให้ทุกคนแล้ว,1166.0
1539,เดอะ พาร์คแลนด์ บางนา (อาคารเซ็นเตอร์) (The Parkland),
1540,เดอะ พาร์คแลนด์ ระยอง ( The Parkland ระยอง ),1167.0
1541,เดอะ พาร์คแลนด์ ระยอง ( The Parkland ระยอง),1167.0
1542,เดอะ พาร์คแลนด์ ระยอง (The Parkland ระยอง),1167.0
1543,เดอะ ฟิวชั่น - อยุธยา (THE FUSION),2824.0
1544,เดอะ ฟีลเจอร์ (ชลบุรี),
1545,เดอะ มาริน ภูเก็ต,1169.0
1534,เดอะ พาร์คแลนด์ เพชร เกษม(เจนัส),98.0
1511,เดอะ ทรี อินเตอร์เชนจ์ (The Tree Interchange ),1155.0
1550,เดอะ รอยัล ศาลาแดง (TRS),
1551,เดอะ ริเวียร่าจอมเทียน (ริเวียร่า ลักซ์ซูรี่ ) (Riviera Luxury),1171.0
1552,เดอะ ริเวียร่าจอมเทียน (ริเวียร่า ลักซ์ซูรี่ ) (Riviera Luxury)- ส่งเมล์มา ส่งต่อให้ทุกคนแล้ว,1171.0
1553,เดอะ รีเจ้นท์ คอนโดมิเนียม,1172.0
1554,เดอะ รีเจ้นท์ คอนโดมิเนียม (The Regent Condominium),1172.0
1555,เดอะ รีเจ้นท์ บางเทา คอนโดมิเนียม ( THE REGENT บางเทา ),1173.0
1556,เดอะ รีเจ้นท์ บางเทา คอนโดมิเนียม (THE REGENT บางเทา)(ภูเก็ต),1173.0
1557,เดอะ รีเซิร์ฟ สุขุมวิท 61 (The Reserve Sukhumvit 61 ),1175.0
1558,เดอะ รีเซิร์ฟ สุขุมวิท 61 (เฟส 1) (The Reserve Sukhumvit 61 ),1175.0
1559,เดอะ รีเซิร์ฟ สุขุมวิท 61 ไฮด์อเวย์ (The Reserve Sukhumvit 61 Hideaway Condominium),1175.0
1560,เดอะ รีเซิร์ฟ สุขุมวิท 61 ไฮด์อเวย์ (เฟส 2) (The Reserve Sukhumvit 61 Hideaway Condominium),1175.0
1561,เดอะ รีโว ลาดพร้าว 48 (Revo),1316.0
1562,เดอะ รีโว ลาดพร้าว 48 (The Revo),1316.0
1563,เดอะ รูม สุขุมวิท 21,1177.0
1564,เดอะ รูม สุขุมวิท 21 ( The Room Sukhumvit 21 ),1177.0
1565,เดอะ รูม สุขุมวิท 21 (The Room สุขุมวิท 21),1177.0
1566,เดอะ รูม สุขุมวิท 62 (The Room สุขุมวิท 62 ),1178.0
1567,เดอะ รูม สุขุมวิท 62 (The Room-สุขุมวิท 62),1178.0
1568,เดอะ รูม สุขุมวิท 62 (The Room-สุขุมวิท 62) - ส่งเมล์มา ส่งต่อให้ทุกคนแล้ว,1178.0
1569,เดอะ รูม สุขุมวิท 62 (The Room-สุขุมวิท 62) (LANx2),1178.0
1570,เดอะ ล็อฟ พระตำหนัก (The Loft พระตำหนัก ),1179.0
1571,เดอะ ล็อฟ พระตำหนัก (The Loft พระตำหนัก )ส่งเมล์มา ส่งต่อให้ทุกคนแล้ว,1179.0
1572,เดอะ ลอฟ์ท สาทร (TLS ),
1573,เดอะ ลอฟท์ สาทร (TLS),
1575,เดอะ ลีฟ พัฒนาการ - ส่งเมล์มา ส่งต่อให้ทุกคนแล้ว,1182.0
1576,เดอะ ลีฟ พัฒนาการ ( The Leaf),1182.0
1577,เดอะ ลีฟ พัฒนาการ ( The Leaf) - ส่งเมล์มา ส่งต่อให้ทุกคนแล้ว,1182.0
1578,เดอะ ลีฟ พัฒนาการ (The Leaf พัฒนาการ ),1182.0
1579,เดอะ วอเตอร์ฟร้อนท์ (Waterfront ภูเก็ต )(JTC),
1580,เดอะ วอเตอร์ฟร้อนท์(Waterfront ภูเก็ต )(JTC),
1581,เดอะ วอเตอร์ฟอร์ด ไดมอนด์ สุขุมวิท 30/1 ( The Waterford Diamond -สุขุมวิท 30/1),1183.0
1582,เดอะ วอเตอร์ฟอร์ด ไดมอนด์ สุขุมวิท 30/1 ( The Waterford Diamond -สุขุมวิท 30/1) (LANx1),1183.0
1583,เดอะ วอเตอร์ฟอร์ด ไดมอนด์ สุขุมวิท 30/1(Waterford Diamond สุขุมวิท 30/1),1183.0
1584,เดอะ วอเตอร์ฟอร์ด พาร์ค คอนโดมิเนียม (Waterford Park),1329.0
1585,เดอะ วอเตอร์ฟอร์ด รอยัล สูท (The Waterford Royal Suites ),1326.0
1586,เดอะ วอเตอร์ฟอร์ด รามา 4 ( The Waterford Rama 4 ),1187.0
1587,เดอะ วอเตอร์ฟอร์ด รามา 4 (Waterford Rama4 ),1187.0
1588,เดอะ วอเตอร์ฟอร์ด รามา 4/1 ( The Waterford Rama 4/1 ),1187.0
1589,เดอะ วอเตอร์ฟอร์ด รามา 4/1 ( The Waterford Rama 4/1 ) (LANx1),1187.0
1590,เดอะ วอเตอร์ฟอร์ด รามา 4/2 ( The Waterford Rama 4/2 ),1187.0
1591,เดอะ วอเตอร์ฟอร์ด รามา 4/3 ( The Waterford Rama 4/3 ),1187.0
1592,เดอะ วอเตอร์ฟอร์ด รามา 4/3 4/5 ( The Waterford Rama 4/3 4/5 ),1187.0
1593,เดอะ วอเตอร์ฟอร์ด รามา 4/4 ( The Waterford Rama 4/4 ),1187.0
1594,เดอะ วอเตอร์ฟอร์ด รามา 4/4 ( The Waterford Rama 4/4 ) (LANx1),1187.0
1595,เดอะ วัน พลัส คอนโดมิเนียม,1189.0
1596,เดอะ วัน พลัส คอนโดมิเนียม (The One Plus Condominium),1189.0
1597,เดอะ วัน พลัส คอนโดมิเนียม (The One Plus),1189.0
1598,เดอะ วิชั่น เรสซิเด้นซ์ (The Vision Residence),1190.0
1599,เดอะ วิชั่น เรสซิเด้นซ์ ชลบุรี (The Vision Residence ),1190.0
1600,เดอะ วิชั่น เรสซิเด้นซ์ ชลบุรี (THE VISION RESIDENCE),1190.0
1601,เดอะ วิชั่น เรสซิเด้นซ์ ชลบุรี (THE VISION RESIDENCE) - ส่งเมล์ต่อให้ทุกคนแล้ว (ลูกค้าฝากเช็คให้แล้ว),1190.0
1602,เดอะ วิลล์ คอนโดมิเนียม,
1603,เดอะ วิลล์ คอนโดมิเนียม (The Ville Condominium),
1604,เดอะ สเตชั่น สาทร-บางรัก,
1872,เดอะทรี จรัญสนิทวงศ์ 30,
1605,เดอะ สแตรนด์ อินดิ๊ด คอนโด (เดอะสแตนอินดี๊ด คอนโด ),1337.0
1606,เดอะ สแตรนด์ อินดิ๊ด คอนโด (เดอะสแตนอินดี๊ด คอนโด ) (The Strand Indeed Condo),1337.0
1607,เดอะ สตาร์ เอสเตท แอท นราธิวาส (The Star Estate @ นราธิวาส),1341.0
1608,เดอะ สุรวงศ์,1191.0
1609,เดอะ สุรวงศ์ - ส่งเมล์มา ส่งต่อให้ทุกคนแล้ว,1191.0
1610,เดอะเครสซันโดล่า หัวหิน,
1611,เดอะเครสท์ ซานโตรา หัวหิน (ประจวบ) (The Crest Santora)(หัวหิน),1193.0
1612,เดอะเครสท์ สุขุมวิท 49,
1613,เดอะเชดด์ สาทร 1,1195.0
1614,เดอะเชดด์ สาทร 1 (The Shade -สาทร 1),1195.0
1615,เดอะเชดด์ สาธร 1 (The Shade),
1616,เดอะเชนจ์ รีแลกซ์ คอนโด (The Change Relax Condo),
1617,เดอะเซนต์ เรสิเดนเซส,1196.0
1618,เดอะเทมโป ร่วมฤดี (Tempo ร่วมฤดี),
1619,เดอะเทมโป รัชดา (Tempo รัชดา),1197.0
1620,เดอะเทรเชอร์ (The Treasure ),1198.0
1621,เดอะเทรนดี้ (The Trendy),1199.0
1622,เดอะเทอเรซ พระราม 2,2826.0
1623,เดอะเทอเรซ พระราม 2 - ส่งเมล์มา ส่งต่อให้ทุกคนแล้ว,2826.0
1624,เดอะเทอเรซ พระราม 2 (The Terraca Rama 2),2826.0
1625,เดอะเน็กซ์ การ์เด้นท์ มิกซ์ (คอนโด เดอะ เน็กซ์ สุขุมวิท 52 การ์เด้น มิกซ์ ),1201.0
1626,เดอะเน็กซ์ การ์เด้นท์ มิกซ์ (คอนโด เดอะ เน็กซ์ สุขุมวิท 52 การ์เด้น มิกซ์ ) - ส่งเมล์มา ส่งต่อให้ทุกคนแล้ว,1201.0
1627,เดอะเน็กซ์ การ์เด้นท์ มิกซ์ (คอนโด เดอะ เน็กซ์ สุขุมวิท 52 การ์เด้น มิกซ์ ) (The Next Garden Mix),1201.0
1628,เดอะเนสท์ 71 (The Nest 71),
1629,เดอะเนสท์ สุขุมวิท 22,1202.0
1630,เดอะเนสท์ สุขุมวิท 22 (The Nest -สุขุมวิท 22 ),1202.0
1631,เดอะเนสท์เพลินจิต,
1634,เดอะเนียร์,
1635,เดอะเนียร์ (The Near),
1636,เดอะเบเวอร์ลี่ แมนชั่น - ส่งเมล์มา ส่งต่อให้ทุกคนแล้ว,1203.0
1637,เดอะเบเวอร์ลี่ แมนชั่น (The Beverly Mansion),1203.0
1638,เดอะเบเวอร์ลี่ แมนชั่น (The Beverly Mansion) - ส่งเมล์มา ส่งต่อให้ทุกคนแล้ว,1203.0
1639,เดอะเบเวอร์ลี่ แมนชั่น (The Beverly Mansion) - ส่งเมล์มาวันที่ 16/9/2564 ส่งต่อให้ทุกคนแล้ว,1203.0
1640,เดอะเบลกราเวีย รัชดา-ลาดพร้าว 15,2793.0
1641,เดอะเบลส (The Bless),2827.0
1644,เดอะเพ้นท์ (The Paint Condominium Green  Blue Tower,
1645,เดอะเพ้นท์ คอนโดมิเนียม กรีน ทาวเวอร์,
1646,เดอะเพ้นท์ คอนโดมิเนียม กรีน ทาวเวอร์ เดอะเพ้นท์ คอนโดมิเนียม บลู ทาวเวอร์,
1647,เดอะเพ้นท์ คอนโดมิเนียม บลู  กรีน ทาวเวอร์,
1648,เดอะเพ้นท์ คอนโดมิเนียม บลู ทาวเวอร์,
1649,เดอะเพ้นท์ คอนโดมิเนียม บลู ทาวเวอร์ (The Paint Condominium Blue Tower),
1650,เดอะเพ้นท์ พาเลท ( The Paint Palette ),1206.0
1651,เดอะเพรสซิเด้นท์ สาทร-ราชพฤกษ์ (เฟส 1),1207.0
1652,เดอะเพรสซิเด้นท์ สาทร-ราชพฤกษ์ เฟส 1,1086.0
1653,เดอะเพรสพัทยา(PLM),
1654,เดอะเพลนเนอรี่ (The Plenery ),1208.0
1655,เดอะเพลนเนอรี่ สาทร,1208.0
1656,เดอะเมทโทร - รัตนาธิเบศร์,
1657,เดอะเมทโทร รามคำแหง,
1658,เดอะเลคส์ (The Lakes),1209.0
1659,เดอะเอสเตท ท่าพระ (The Estate ท่าพระ),1211.0
1660,เดอะแกรนด์ เอ.ดี. จอมเทียน บีช พัทยา (THE GRAND AD),1212.0
1661,เดอะแกรนด์ พระรามสอง คอร์ทยาร์ด (The Grand Rama2 Courtyard),2828.0
1662,เดอะแกรนด์ วงแหวน-ประชาอุทิศ,2829.0
1663,เดอะแกรนด์ วงแหวน-ประชาอุทิศ (The Grand วงแหวน-ประชาอุทิศ),2829.0
1664,เดอะแซงชัวรี่ คอนโดมิเนียม เอ (Sanctuary A),1103.0
1642,เดอะเบส พัทยากลาง,1205.0
1643,เดอะเบส พัทยากลาง (The Base- พัทยากลาง ),1205.0
1665,เดอะแซงชัวรี่ คอนโดมิเนียม เอ บี ซี (The Sanctuary Condominium A B C ),1103.0
1666,เดอะแซงชัวรี่ คอนโดมิเนียม เอ บี ซี (The Sanctuary Condominium A B C ) (LANx1),1103.0
1667,เดอะแซงชัวรี่ คอนโดมิเนียม ซี (The Sanctuary Condominium C),1103.0
1668,เดอะแซนด์ อาคาร AB,1524.0
1669,เดอะแบงค็อค สาทร-ตากสิน,
1670,เดอะแบงค็อค สาทร-ตากสิน (The Bangkok สาทร-ตากสิน),
1671,เดอะแพลน รามอินทรา,
1672,เดอะแพลนท์ เอลิท พัฒนาการ,
1674,เดอะแพลนท์ บางนา,2831.0
1675,เดอะแพลนท์ ปากเกร็ด,
1677,เดอะแพลนท์ พัฒนาการ 38,2833.0
1678,เดอะแพลนท์ สรงประภา ดอนเมือง,
1679,เดอะแมททริค (The Matrix),1218.0
1680,เดอะแมททริค (The Matrix) - ส่งเมล์มา ส่งต่อให้ทุกคนแล้ว,1218.0
1681,เดอะโฟร์ตี้ ไนน์ พลัส ทู คอนโดมิเนียม ( The Fourty-Nine Plus 2 Condominium ),1220.0
1682,เดอะโฟร์ตี้ ไนน์ พลัส ทู คอนโดมิเนียม (The Fourty-Nine Plus 2 Condominium ),1220.0
1683,เดอะโฟร์ตี้ ไนน์ พลัส ทู คอนโดมิเนียม (The Fourty-Nine Plus 2),1220.0
1684,เดอะโฟร์ตี้ไนน์ พลัสทู คอนโดมิเนียม ( The Fourty-Nine Plus 2 Condominium ),1220.0
1685,เดอะโฟร์วิงส์ เรสซิเดนซ์,
1686,เดอะโฟร์วิงส์ เรสซิเด้นซ์,1221.0
1687,เดอะโฟร์วิงส์ เรสซิเด้นซ์ - ส่ง Format Excel มา ส่งต่อให้ทุกคนแล้ว,1221.0
1688,เดอะโฟร์วิงส์ เรสซิเด้นซ์ (Four Wings Residence),1221.0
1689,เดอะโฟร์วิงส์ เรสซิเดนซ์ (Four Wings),
1690,เดอะโมนาเวล เพชรเกษม 39 (The Mona Vale เพชรเกษม 39),2866.0
1691,เดอะโมนาเวล เพชรเกษม 39 (The Mona Vale เพชรเกษม 39)),2866.0
1692,เดอะไดมอนด์ นวนคร-ตลาดไท,1222.0
1693,เด็อะไทเทิ้ล เฟส 3 (The Title 3 -ภูเก็ต),1223.0
1694,เด็อะไทเทิ้ล เฟส 3 (The Title 3 -ภูเก็ต) - (เด็อะไทเทิ้ล เฟส 5 (The Title 5 -ภูเก็ต),1223.0
1695,เดอะไทเทิ้ล เรสซิเดนซี่ส์ (ในยาง-ภูเก็ต) (The Title Residencies ภูเก็ต),1227.0
1696,เดอะไทเทิ้ล เรสซิเดนซี่ส์ (ในยาง-ภูเก็ต) (The Title Residencies ภูเก็ต) (เดอะไทเทิ้ล ราไวย์ ในยาง-ภูเก็ต (THE TITLE RAWAI (ในยาง-ภูเก็ต),1227.0
1697,เดอะไทเทิ้ล เรสซิเดนซี่ส์ (ในยาง-ภูเก็ต) (The Title Residencies ภูเก็ต) -เดอะไทเทิ้ล ราไวย์ ในยาง-ภูเก็ต (THE TITLE RAWAI (ในยาง-ภูเก็ต),1227.0
1698,เดอะไทเทิ้ล ราไวย์ ในยาง-ภูเก็ต (THE TITLE RAWAI (ในยาง-ภูเก็ต) -(เดอะไทเทิ้ล เรสซิเดนซี่ส์ (ในยาง-ภูเก็ต) (The Title Residencies ภูเก็ต),1227.0
1705,เดอะไพน์ หัวหิน (THE PINE หัวหิน),1230.0
1706,เดอะไพรเวซี ประชาอุทิศ โครงการ ซี,
1673,เดอะแพลนท์ บางแค (ภัสสร 30)(The Plantบางแค (ภัสสร 30),2830.0
1676,เดอะแพลนท์ พระราม 9 - วงแหวน ( The Plant Rama 9- วงแหวน),2832.0
1699,เดอะไทเทิ้ล วี (The Title V (ภูเก็ต)),722.0
1700,เดอะไทเทิ้ล วี (The Title V (ภูเก็ต)) (The Title 5),722.0
1701,เดอะไทเทิ้ล วี (The Title V ),722.0
1707,เดอะไพรเวซี ประชาอุทิศ โครงการ ซี *** โทรกลับ เดอะ ไพรเวซี่ ประชาอุทิศ โครงการ ซี คุณธีระพล 097-1209829 (ส่งใบเสนอราคา MA ให้ลูกค้าพิจารณาใหม่แล้ว),1117.0
1708,เดอะไพรเวซี่ พระราม 9 (THE PRIVACY RAMA9),1231.0
1709,เดอะไพรเวซี่ รัชดา-สุทธิสาร มี อาคารเอ บี,
1710,เดอะไพรเวซี่ รัชดา-สุทธิสาร มี อาคารเอ บี ซี,
1711,เดอะไพรเวซี่ รัชดา-สุทธิสาร มี อาคารซี,
1712,เดอะไพรเวซี่ รัชดา-สุทธิสาร มี อาคารบี ซี,
1713,เดอะไพรเวท คอนโดมิเนียม แอด สุทธิสาร (The Private Condominium @ สุทธิสาร ),1232.0
1714,เดอะไพรเวท คอนโดมิเนียม แอด สุทธิสาร (The Private Condominium @ สุทธิสาร),1232.0
1715,เดอะไพร์ด พัทยาสาย 2 อาคารบี,1233.0
1716,เดอะไพร์ด พัทยาสาย 2 อาคารบี คอนโดมิเนียม,1234.0
1717,เดอะไพร์ด พัทยาสาย 2 อาคารบี คอนโดมิเนียม ( The Pride ),1233.0
1718,เดอะไพร์ด พัทยาสาย 2 อาคารบี คอนโดมิเนียม (The Pride Pattaya Sai 2 Building B),1233.0
1719,เดอะไพร์ด พัทยาสาย 2 อาคารบี คอนโดมิเนียม (The Pride Pattaya Sai 2 Building B) - ส่งเมล์มา ส่งต่อให้ทุกคนแล้ว,1233.0
1720,เดอะไพร์ด พัทยาสาย 2 อาคารบี คอนโดมิเนียม (The Pride Pattaya Sai 2 Building B) - ส่งเมล์มาวันที่ 10/6/2564 ส่งต่อให้ทุกคนแล้ว,1233.0
1721,เดอะไพร์ม 11 คอนโดมิเนียม (The Prime 11),1236.0
1722,เดอะไพร์ม 11 คอนโดมิเนียม(The Prime 11),1236.0
1723,เดอะไพร์ม 11 คอนโดมิเนียม(The Prime 11)- ส่งเมล์มา ส่งต่อให้ทุกคนแล้ว,1236.0
1724,เดอะไมอามี่บางปู 8 (Miami บางปู 8 ),1237.0
1725,เดอะไรซ์ เรสซิเดนซ์ - สงขลา (The Rise Residence - สงขลา ),1238.0
1726,เดอะไรซ์ เรสซิเดนซ์ - สงขลา (The Rise Residence - สงขลา ) (LANx2)),1238.0
1727,เดอะไรซ์ เรสซิเดนซ์ - สงขลา (The Rise Residence - หาดใหญ่),1238.0
1728,เดอะไรซ์ เรสซิเดนซ์ - หาดใหญ่ (The Rise Residence),1238.0
1729,เดอะไรซ์ เรสซิเดนซ์ (หาดใหญ่ สงขลา) (The Rise Residence),1238.0
1730,เดอะไรซ์ เรสซิเดนซ์ (หาดใหญ่ สงขลา) (The Rise Residence) - ส่งเมล์มา ส่งต่อให้ทุกคนแล้ว,1238.0
1731,เดอะไรซ์ เรสซิเดนซ์ หาดใหญ่ (The Rise Residence),1238.0
1732,เดอะไรส์ คอนโดมิเนียม บี 1 (The Rise B1),1239.0
1733,เดอะไรส์ คอนโดมิเนียม บี 1 (ชลบุรี) (The Rise Condominium B1),1239.0
1734,เดอะไรส์ คอนโดมิเนียม บี 2,1240.0
1735,เดอะไรส์ คอนโดมิเนียม บี 3,
1736,เดอะไรส์ คอนโดมิเนียม บี 3 (The Rise B3),
1737,เดอะไรส์ คอนโดมิเนียม บี 4 (ชลบุรี),1241.0
1738,เดอะไรส์ คอนโดมิเนียม บี 4 (ชลบุรี) ( The Rise B4 ),1241.0
1739,เดอะไรส์ คอนโดมิเนียม บี 4 (ชลบุรี) (The Rise B 4),1241.0
1740,เดอะไรส์ คอนโดมิเนียม บี 4 (ชลบุรี) (The Rise B4),1241.0
1741,เดอะไลท์ ลาดพร้าว,
1742,เดอะไลท์ ลาดพร้าว (8)),
1743,เดอะไลท์เฮ้าส์,1242.0
1744,เดอะไลท์เฮ้าส์ (The Light House),1242.0
1745,เดอะไลน์ พหลโยธิน พาร์ค อาคาร เอ,1243.0
1746,เดอะไลน์ พหลโยธิน พาร์ค อาคาร เอ (The Line พหลโยธิน พาร์ค อาคาร เอ),1243.0
1747,เดอะไลน์ พหลโยธิน พาร์ค อาคาร เอ (The Line),1243.0
1748,เดอะไฮท์,
1749,เดอะไฮท์ (The Height),
1750,เดอะกรีนเพลส,1122.0
1751,เดอะกรีนเพลส คอนโดมิเนียม 1,1121.0
1752,เดอะกรีนเพลส คอนโดมิเนียม 1 ตึก อี,1121.0
1753,เดอะกรีนเพลส คอนโดมิเนียม ๒,1121.0
1754,เดอะกรีนเพลส คอนโดมิเนียม ๒ ( The Green Place 2),1121.0
1755,เดอะกรีนเพลส คอนโดมิเนียม ๒ ตึก เอ,1121.0
1756,เดอะกรีนเพลส คอนโดมิเนียม 3 (เอฟ),1121.0
1757,เดอะกั๊ม คอนโดมิเนียม ตึก F-G,119.0
1758,เดอะกั๊ม คอนโดมิเนียม ตึก F-G (The Kump Condominium F-G),119.0
1759,เดอะกั๊ม คอนโดมิเนียม ตึก(I) (The Kump I ),119.0
1760,เดอะกั๊ม ตึก M (The Kump M),
1819,เดอะคิวบ์ ประชาอุทิศ อาคาร บี,1138.0
1761,เดอะกั๊มคอนโดมิเนียม (E K) (The Kump E K) - ส่ง Email ให้ทุกคนแล้ว,119.0
1762,เดอะกั๊มคอนโดมิเนียม (E K)(The Kump CondominiumE K),119.0
1763,เดอะกั๊มคอนโดมิเนียม H (The Kump Condominium H),119.0
1764,เดอะกั๊มคอนโดมิเนียม H (The Kump Condominium H) (ชลบุรี),119.0
1765,เดอะกั๊มคอนโดมิเนียม H (The Kump H),119.0
1766,เดอะกัสโต้ แอท หัวเวียง-ลำปาง,1249.0
1767,เดอะการ์เด้นคอนโด,
1768,เดอะคริส 2,1251.0
1769,เดอะคริส 2 (The Kris 2),1250.0
1770,เดอะคริส 3 (The Kris 3),49.0
1771,เดอะคริส 5 (คอนโดมิเนียม),1250.0
1772,เดอะคริส 5 คอนโดมิเนียม,1250.0
1773,เดอะคริส 5 คอนโดมิเนียม (The Kris 5),1250.0
1774,เดอะคริส 6 (The Kris 6 ),1250.0
1775,เดอะคริส 6 (The Kris 6 )- ส่งเมล์มา ส่งต่อให้ทุกคนแล้ว,1250.0
1776,เดอะคริส 7 (The Kris 7),1250.0
1777,เดอะคริส เอ็กซ์เพรส 2,1256.0
1778,เดอะคริส เอ็กซ์เพรส 2 (The Kris Express 2),1250.0
1779,เดอะคลัสเตอร์ วิลล์ ราชพฤกษ์-สิรินธร,2834.0
1781,เดอะคอนเนค 10 (The Connect 10),2836.0
1783,เดอะคอนเนค 15 (The Connect 15 ),2837.0
1784,เดอะคอนเนค 32,2838.0
1785,เดอะคอนเนค 32 (The Connect 32),2819.0
1786,เดอะคอมพลีท ราชปรารภ (The Complete ราชปรารภ),1257.0
1787,เดอะคัลเลอร์ (บางนา กม.10 (The Color),
1788,เดอะคัลเลอร์ เกษตร 1 (The Color เกษตร 1),2839.0
1789,เดอะคัลเลอร์ เกษตร 2,
1790,เดอะคัลเลอร์ส เลชเชอร์ บางนา กม.8 ( The Color Leisure บางนา กม.8 ),2840.0
1791,เดอะคัลเลอร์ส เลชเชอร์ บางนา กม.8 (The Color Leisure บางนา กม.8),2840.0
1792,เดอะคัลเลอร์ส กาญจนาภิเษก-ราชพฤกษ์ 2,2841.0
1793,เดอะคัลเลอร์ส กาญจนาภิเษก-ราชพฤกษ์ 2 - ส่งเมล์มา ส่งต่อให้ทุกคนแล้ว,2841.0
1794,เดอะคัลเลอร์ส พรีเมียม บางนา-วงแหวน,
1795,เดอะคัลเลอร์ส พรีเมี่ยม บางนา-วงแหวน,
1796,เดอะคัลเลอร์ส พรีเมียม บางนา-วงแหวน (The Colors Premium บางนา-วงแหวน),
1797,เดอะคัลเลอร์ส พรีเมี่ยม วงแหวน-รามอินทรา (The Colors Premium วงแหวน-รามอินทรา),2842.0
1798,เดอะคัลเลอร์ส พรีเมี่ยม วงแหวน-รามอินทรา (The Colors Premium- วงแหวน-รามอินทรา),2842.0
1799,เดอะคัลเลอร์ส พรีเมี่ยม วงแหวน-รามอินทรา( THE COLORS PREMIUM วงแหวน รามอินทรา),2842.0
1800,เดอะคัลเลอร์ส รังสิต-คลอง 4,2843.0
1801,เดอะคัลเลอร์ส วงแหวน - รามอินทรา,2844.0
1802,เดอะคัลเลอร์ส วงแหวน - รามอินทรา - ส่ง Format Excel มาให้ Import ส่งต่อให้ทุกคนแล้ว,2844.0
1803,เดอะคัลเลอร์ส วงแหวน - รามอินทรา - ส่ง Format Excel มาให้ Import ส่งต่อให้ทุกคนแล้ว***ส่งเมลล์มาวันที่ 21/01/2564,2844.0
1804,เดอะคัลเลอร์ส วงแหวน - รามอินทรา - ส่งเมล์มา ส่งต่อให้ทุกคนแล้ว,2844.0
1805,เดอะคัลเลอร์ส วงแหวน - รามอินทรา (The Coolors วงแหวน - รามอินทรา ),2844.0
1806,เดอะคัลเลอร์ส วงแหวน - รามอินทรา (The Coolors วงแหวน - รามอินทรา ) ( อารียา 3)),2844.0
1807,เดอะคัลเลอร์ส วงแหวน รามอินทรา 2 เฟส 4,
1808,เดอะคัลเลอร์ส วงแหวน-รามอินทรา,2844.0
1809,เดอะคิทท์ แจ้งวัฒนะ อาคาร ซี,1260.0
1810,เดอะคิทท์ แจ้งวัฒนะ อาคาร ซี (The Kith แจ้งวัฒนะ C ),1260.0
1811,เดอะคิทท์ แจ้งวัฒนะ อาคาร บี (The Kith แจ้งวัฒนะ B ),1261.0
1812,เดอะคิทท์ พลัส นวมินทร์ อาคารเอและบี,1262.0
1813,เดอะคิทท์ ลำลูกกา อาคารเอ 1 และอาคารเอ 2 (THE KITH ลำลูกกา A1 A2),1263.0
1814,เดอะคิทท์ สุขุมวิท 113? อาคาร เอ บี?,
1815,เดอะคิทท์ สุขุมวิท 113? อาคาร บี?,
1816,เดอะคิทท์7 (ไอคิวบริหาร),
1817,เดอะคิวบ์ แจ้งวัฒนะ (THE CUBE แจ้งวัฒนะ),1264.0
1818,เดอะคิวบ์ แจ้งวัฒนะ (THE CUBE แจ้งวัฒนะ) (LANx1),1264.0
1820,เดอะคิวบ์ พรีเมียม รัชดา 32,1265.0
1821,เดอะคิวบ์ พลัส พหลโยธิน 56,1267.0
1822,เดอะคิวบ์ ลอฟท์ ลาดพร้าว 107 (The Cube Loft-ลาดพร้าว 107),1268.0
1823,เดอะคีย์ แจ้งวัฒนะ (The Key-แจ้งวัฒนะ),1269.0
1824,เดอะคีย์ อุดมสุข,1270.0
1825,เดอะคีย์ อุดมสุข (The Key อุดมสุข ),1270.0
1826,เดอะซิกเนเจอร์ บายเออร์บาโน,1271.0
1827,เดอะซิกเนเจอร์ บายเออร์บาโน (Six Nature By Urbano,1271.0
1828,เดอะซิกเนเจอร์ บายเออร์บาโน (The Signature By Urbano),1271.0
1829,เดอะซิกเนเจอร์ บายเออร์บาโน (สะพานควาย),1271.0
1830,เดอะซิตี้ คอนโดมิเนียม 1 2 (The City Condominium 1 2),
1831,เดอะซิตี้ คอนโดมิเนียม 2 (The City Condominium 2) (ภูเก็ต)),1144.0
1832,เดอะซิตี้งามวงศ์วาน,
1833,เดอะซิมโฟนี (ชลบุรี) (The Symphony อาคาร Condo B),
1834,เดอะซี,1145.0
1835,เดอะซี - ส่งเมล์มา ส่งต่อให้ทุกคนแล้ว,1145.0
1836,เดอะซีไซด์ ส คอนโดมิเนียม (ประจวบ),1145.0
1837,เดอะซีไซด์ส คอนโดมิเนียม (ประจวบ),1145.0
1838,เดอะซีไซด์ส คอนโดมิเนียม (ประจวบ) ( The Seaide's condominium ),1145.0
1839,เดอะซีไซด์ส คอนโดมิเนียม (ประจวบ) ( The Seaide's condominium )),1145.0
1840,เดอะซีไซด์ส คอนโดมิเนียม (ประจวบ) ( The Seaside's condominium )),1145.0
1841,เดอะซีไซด์ส คอนโดมิเนียม (ประจวบ) (Seaside Condominium),1145.0
1842,เดอะซี้ด เมมโมรี่สยาม (The Seed Memory Siam ),1145.0
1843,เดอะซี๊ด แจ้งวัฒนะ,1145.0
1844,เดอะซีรีส์ ติวานนท์,1277.0
1845,เดอะซีรีส์ ติวานนท์ (The Series),1145.0
1846,เดอะทรัส คอนโด นครปฐม,
1847,เดอะทรัส คอนโด นครปฐม - ส่งเมล์มา ส่งต่อให้ทุกคนแล้ว,
1848,เดอะทรัสต์ เรสซิเด้นซ์ ปิ่นเกล้า (The Trust Residence ปิ่นเกล้า),1278.0
1849,เดอะทรัสต์ เรสซิเด้นซ์ ปิ่นเกล้า (The Trust Residence ปิ่นเกล้า) - ส่งเมล์มา ส่งต่อให้ทุกคนแล้ว,1278.0
1850,เดอะทรัสต์ เรสซิเด้นซ์ ปิ่นเกล้า (The Trust Residence ปิ่นเกล้า) (LANx1),1278.0
1851,เดอะทรัสต์ เรสซิเด้นซ์ ปิ่นเกล้า(The Trust Residence ปิ่นเกล้า),1278.0
1852,เดอะทรัสต์ เรสซิเด้นซ์ รัชดา พระราม 3,
1853,เดอะทรัสต์ เรสซิเด้นซ์ รัชดา-พระราม 3 (The Trust Residence รัชดา Rama3 ),1280.0
1854,เดอะทรัสต์ เรสซิเด้นซ์ รัชดา-พระราม 3 (The Trust Residence รัชดา Rama3 ) - ส่งเมล์มา ส่งต่อให้ทุกคนแล้ว,1280.0
1855,เดอะทรัสต์ เรสซิเด้นซ์ รัชดา-พระราม 3 (The Trust Residence รัชดา Rama3 ) - ส่งเมล์มาวันที่ 25/01/2564 ส่งต่อให้ทุกคนแล้ว,1280.0
1856,เดอะทรัสต์ เรสซิเด้นซ์ รัชดา-พระราม 3 (The Trust Residence รัชดา Rama3 )- ส่งไลน์มา ส่งต่อให้ทุกคนแล้ว,1280.0
1857,เดอะทรัสต์ คอนโด นครปฐม - ส่งเมล์มา ส่งต่อให้ทุกคนแล้ว,1281.0
1858,เดอะทรัสต์ คอนโด นครปฐม (The Trust Condo -นครปฐม),1281.0
1859,เดอะทรัสต์ คอนโด นครปฐม The Trust Condo -นครปฐม,1281.0
1860,เดอะทรัสต์ ทาวน์ ราชพฤกษ์-รัตนาธิเบศน์ (The Trust Town ),2845.0
1861,เดอะทรัสต์ ทาวน์ วงแหวน-ลำลูกกา,2846.0
1862,เดอะทรัสต์ ทาวน์ วงแหวน-ลำลูกกา (The Trust Town วงแหวน-ลำลูกกา),2846.0
1863,เดอะทรัสต์ ทาวน์ วงแหวน-ลำลูกกา (คลอง 5),2846.0
1869,เดอะทรัสต์ วิลล์ กาญจนาภิเษก-หทัยราษฎร์,
1871,เดอะทรัสต์ซิตี้ งามวงศ์วาน 25,
1873,เดอะทรี จรัญสนิทวงศ์ 30 (The Tree จรัญสนิทวงศ์ 30),
1874,เดอะทรี จรัญฯ 30 (The Tree -จรัญฯ 30 ),
1875,เดอะทรี ดินแดง-ราชปรารภ,1282.0
1876,เดอะทรี พริวาต้า (The Tree Privata),1151.0
1877,เดอะทรี ลาดพร้าว15 (The Tree ลาดพร้าว),1153.0
1879,เดอะทรีโชคชัย 4,1284.0
1880,เดอะทีค พัฒนาการ,1285.0
1881,เดอะนิช ไอดี พระราม 2 เฟส 1 (The Niche ID Rama 2 Phase1),1286.0
1882,เดอะนิช ไอดี พระราม 2 เฟส 1(The Niche ID Rama2 Phase 1),1286.0
1883,เดอะนิช ไอดี ลาดพร้าว 130,
1884,เดอะนิช ไอดี ลาดพร้าว 130 (The niche ID ลาดพร้าว 130),
1885,เดอะนิช ไอดี ลาดพร้าว วังหิน คอนโดมิเนียม,
1886,เดอะนิช ไอดี ลาดพร้าว วังหิน คอนโดมิเนียม (The Niche ID ลาดพร้าว วังหิน),
1887,เดอะนิช ไอดี ลาพร้าว 130 อาคารซีและอาคารดี (The niche ID ลาดพร้าว 130),1287.0
1888,เดอะนิช ซิตี้ ลาดพร้าว 130 อาคาร เอ และ อาคาร บี,1289.0
1889,เดอะนิช ตากสิน (The Niche ตากสิน),1290.0
1890,เดอะนิช รัชดา-ห้วยขวาง,
1891,เดอะนิช ลาดพร้าว 48 อาคาร 1,1291.0
1892,เดอะนิช ลาดพร้าว 48 อาคาร 1- ส่งเมล์มา ส่งต่อให้ทุกคนแล้ว,1291.0
1893,เดอะนิช ลาดพร้าว 48 อาคาร 1- ส่งเมล์มาวันที่ 16/4/2564 ส่งต่อให้ทุกคนแล้ว,1291.0
1894,เดอะนิชลาดพร้าว 48 อาคาร 1 - ส่งเมล์มา ส่งต่อให้ทุกคนแล้ว,1291.0
1895,เดอะนิมมานา (The Nimmana) (เชียงใหม่ ),1292.0
1896,เดอะนิมมานา (The Nimmana) (เชียงไหม่ ),1292.0
1897,เดอะนิมมานา (The Nimmana) (เชียงไหม่ ) - ส่ง Format Excel มา ส่งต่อให้ทุกคนแล้ว,1292.0
1898,เดอะนิมมานา (The Nimmana) (เชียงไหม่ )- ส่ง Format Excel มา ส่งต่อให้ทุกคนแล้ว,1292.0
1899,เดอะนิมมานา (เชียงใหม่ ),1292.0
1900,เดอะนิมมานา (เชียงไหม่ ),1292.0
1901,เดอะนิมมานา (เชียงไหม่ ) (Nimmana),1292.0
1902,เดอะนิมมานา (เชียงไหม่ )- ส่ง Format Excel มาให้ Import ส่งต่อให้ทุกคนแล้ว,1292.0
1903,เดอะบรีซ,1157.0
1904,เดอะบรีซ (The Breeze),1157.0
1905,เดอะบรีซ หัวหิน (The Breeze หัวหิน) (ประจวบ),1157.0
1906,เดอะบรีซ หัวหิน (ประจวบ),1157.0
1907,เดอะบรีซ หัวหิน (ประจวบ) - ส่งเมล์มา ส่งต่อให้ทุกคนแล้ว,1157.0
1908,เดอะบรีซ หัวหิน (ประจวบ) (The Breeze หัวหิน),1157.0
1909,เดอะบรีซ หัวหิน (ประจวบ) (The Breeze),1157.0
1910,เดอะบรีซ หัวหิน (ประจวบ)- ส่ง Format Excel มาให้ Import ส่งต่อให้ทุกคนแล้ว (ด่วน) ลูกค้าพึ่งลงโปรแกรม,1157.0
1911,เดอะบรีซ หัวหิน รบกวนเจ้าหน้าที่ติดต่อกลับ 0813729118 เรื่องการออกใบแจ้งหนี้,1157.0
1912,เดอะบาลานซ์ (ปิ่นเกล้า- สาย5) ( The Balance ),
1913,เดอะบีช พาเลซ ( The Beach Palace ),1294.0
1914,เดอะบีช พาเลซ (ชะอำ-เพชรบุรี) ( The Beach Palace ),1294.0
1915,เดอะบูเลอวาร์ด ศรีราชา (GL),2849.0
1916,เดอะบูเลอวาร์ด ศรีราชา (The Boulevard ศรีราชา),2849.0
1917,เดอะบูเลอวาร์ด ศรีราชา (The Boulevard ศรีราชา) (GL),2849.0
1919,เดอะพรีเว่ รัชดาภิเษก 30,
1920,เดอะพรีมิโอ เลคฮิลล์ (Premio Lake Hill),
1928,เดอะพาร์คแลนด์ บางนา,
1921,เดอะพาร์คแลนด์ 1 (The Parkland 1 ),1298.0
1924,เดอะพาร์คแลนด์ 2 (The Parkland 2),1299.0
1925,เดอะพาร์คแลนด์ 2 (The Parkland 2) - ส่งเมล์มา ส่งต่อให้ทุกคนแล้ว,1299.0
1926,เดอะพาร์คแลนด์ 3,562.0
1927,เดอะพาร์คแลนด์ 3 (The Parkland 3 ),562.0
1929,เดอะพาร์คแลนด์ บางนา 3 อาคาร 5  6 (The Parkland 3),562.0
1931,เดอะพาร์คแลนด์ บางนา อาคาร 5  6 (The Parkland 3),562.0
1930,เดอะพาร์คแลนด์ บางนา 6,562.0
1918,เดอะปาล์ม วงศ์อมาตย์ บีช คอนโดมิเนียม (The Palm ),1296.0
1932,เดอะพาร์คแลนด์ รัชดา-ท่าพระ,1302.0
1936,เดอะพาร์คแลนด์ศรีนครินทร์ - ส่งเมล์มา ส่งต่อให้ทุกคนแล้ว,1303.0
1940,เดอะฟายน์ บาย ฟายน์โฮม อารีย์ 4 ( The Fine by Fine Home อารีย์ 4 ),1306.0
1941,เดอะฟ้าอารีย์ 4,1307.0
1942,เดอะฟิฟท์อเวนิว คอนโดมิเนียม อาคารเอ และบี,1308.0
1943,เดอะฟิฟท์อเวนิว คอนโดมิเนียม อาคารเอ และบี - ส่งเมล์มา วันที่ 30/4/2564 ให้ลงโปรแกรมใหม่ ส่งต่อให้ทุกคนแล้ว,1308.0
1944,เดอะฟิฟท์อเวนิว คอนโดมิเนียม อาคารเอ และบี - ส่งเมล์มาให้ลงโปรแกรมใหม่ ส่งต่อให้ทุกคนแล้ว,1308.0
1945,เดอะฟิฟท์อเวนิว คอนโดมิเนียม อาคารเอ และบี (The Fifth Avenue อุบลชาติ),1308.0
1946,เดอะฟิฟท์อเวนิว คอนโดมิเนียม อาคารเอ และบี (The Fifth Avenue อุบลชาติ) - ส่งเมล์มา ส่งต่อให้ทุกคนแล้ว,1308.0
1947,เดอะฟิฟท์อเวนิว คอนโดมิเนียม อาคารเอ และบี (The Fifth Avenue อุบลชาติ)- ส่งเมล์มา ส่่งต่อให้ทุกคนแล้ว,1308.0
1948,เดอะฟิฟท์อเวนิว คอนโดมิเนียม อาคารเอและบี,1308.0
1949,เดอะมาร์ค รัชดา - แอร์พอร์ตลิงค์,1309.0
1953,เดอะมารค์รัชดาแอพอตลิ่ง,
1954,เดอะมาสเตอร์สาทร เอ๊กเซ็กคูทีฟ (The Master สาทร Exclusive),1311.0
1955,เดอะมาสเตอร์สาทร เอ๊กเซ็กคูทีฟ (The Master สาทร Exclusive)- ส่งเมล์มา วันที่7/4/2565 ส่งต่อให้ทุกคนแล้ว,1311.0
1956,เดอะมาสเตอร์สาทร เอ๊กเซ็กคูทีฟ (The Master สาทร Exclusive)- ส่งเมล์มา ส่งต่อให้ทุกคนแล้ว,1311.0
1957,เดอะมิดด์ คอนโดมิเนียม 1 ( The Midd Condominium),1312.0
1958,เดอะมิดด์ คอนโดมิเนียม 1 (The Midd Condominium),1312.0
1959,เดอะมิดด์ คอนโดมิเนียม 1 (The Midd Condominium) (LANx1),1312.0
1960,เดอะมิดด์ คอนโดมิเนียม 1(The Midd Condominium 1),1312.0
1961,เดอะมิดด์ คอนโดมิเนียม 1(The Midd Condominium),1312.0
1962,เดอะมิลลิเนียม คอนโด,1313.0
1963,เดอะรอยัล ระยอง,
1964,เดอะรอยัล ระยอง - ส่งเมล์มา ส่งต่อให้ทุกคนแล้ว,
1965,เดอะรักซ์ รามอินทรา-หทัยราษฎร์,
1966,เดอะรักซ์ รามอินทรา-หทัยราษฎร์ ( THE RUX รามอินทรา-หทัยราษฎร์ ),2806.0
1971,เดอะรีเซิร์ฟ เกษมสันต์ 3 (The Reserve เกษมสันต์ 3,1314.0
1980,เดอะลอฟท์ เย็นอากาศ (TLY),
1981,เดอะลอฟท์ อโศก (The loft อโศก ),1322.0
1934,เดอะพาร์คแลนด์ ศรีนครินทร์ (The Parkland),1303.0
1937,เดอะพาร์คแลนด์ศรีนครินทร์ เลคไซด์ (The Parkland ศรีนครินทร์ Lakeside ),1305.0
1938,เดอะพาร์คแลนด์ศรีนครินทร์ เลคไซด์ (The Parkland ศรีนครินทร์ Lakeside ) - ส่งเมล์มา ส่งต่อให้ทุกคนแล้ว,1305.0
1939,เดอะพาร์คแลนด์ศรีนครินทร์ เลคไซด์ (THE PARKLAND ศรีนครินทร์ LAKESIDE),1305.0
1950,เดอะมาร์ค รัชดา - แอร์พอร์ตลิงค์ (The Mark รัชดา-Airport Link),1309.0
1974,เดอะรูม สาทร - เซนต์หลุยส์ (The Room สาทร-St.Louis),1318.0
1970,เดอะริคโค้ทาวน์ พหลโยธิน-สายไหม (The Ricco Phahonyothin-Saimai ),2851.0
1967,เดอะริคโค (The Ricco Phahonyothin-Saimai ),2851.0
1968,เดอะริคโค้ เรสซิเดนท์ วงแหวน-หทัยราษฏร์,2850.0
1969,เดอะริคโค้ เรสซิเดนท์ วงแหวน-หทัยราษฏร์ (The Ricco Residence),2850.0
1976,เดอะรูม สาทร-ตากสิน (The Room สาทร-ตากสิน),1319.0
1978,เดอะรูม สุขุมวิท 69 ( The Room Sukhumvit 69 ),1320.0
1977,เดอะรูม สุขุมวิท 69,1320.0
1973,เดอะรูม พระราม 4 (The Room Rama4),1321.0
1975,เดอะรูม สาทร-ตากสิน,1319.0
1979,เดอะรูมพระราม 4 (The Room Rama4),1321.0
1972,เดอะรูม 62,3370.0
1983,เดอะลิ้งค์ 3 (The Link 3),1323.0
1984,เดอะลิ้งค์ 3 (The Link 3) (ถ.สุขุมวิท 50)),1323.0
1985,เดอะลิ้งค์ 4 (The Link 4),1324.0
1987,เดอะวอเตอร์ฟอร์ด รอยัล สูท (The Waterford Royal Suites ),1326.0
1988,เดอะวอเตอร์ฟอร์ด สุขุมวิท 50/1,1328.0
1989,เดอะวอเตอร์ฟอร์ด สุขุมวิท 50/1 ( The Waterford),1328.0
1990,เดอะวอเตอร์ฟอร์ด สุขุมวิท 50/1 ( The Waterford) (LANx1),1328.0
1991,เดอะวอเตอร์ฟอร์ด สุขุมวิท 50/1 (The Waterford 50/1),1328.0
1992,เดอะวอเตอร์ฟอร์ด สุขุมวิท 50/1 (The Waterford สุขุมวิท 50/1) - ส่งเมล์มา ส่งต่อให้ทุกคนแล้ว,1328.0
1993,เดอะวอเตอร์ฟอร์ดพาร์คคอนโดมิเนียม (Waterford Park),1329.0
1994,เดอะวันพลัส - แกรนด์ รามคำแหง,1330.0
1995,เดอะวันพลัส - แกรนด์ รามคำแหง (The One Plus Grand),1330.0
1996,เดอะวันพลัส คอนโดมิเนียม,1189.0
1997,เดอะวันพลัส-แกรนด์ รามคำแหง,1330.0
1998,เดอะวินเนอร์ (The Winner),1331.0
1999,เดอะวินเนอร์ (The Winner) (LANx1),1331.0
2000,เดอะวิลเลจ (The Vilage ),1332.0
2001,เดอะวิลเลจ บางนา-วงแหวน,2853.0
2002,เดอะวิลเลจ บางนา-วงแหวน (The Vilage บางนา-วงแหวน),1332.0
2003,เดอะวิลล์ เอ็กซ์ เพรซ คอนโดมิเนียม,
2004,เดอะวิลล์ เอ็กซ์ เพรซ คอนโดมิเนียม (The Ville Express),
2005,เดอะวิลล่า รามคำแหง สุวรรณภูมิ,2855.0
2006,เดอะวิลล่า หัวหิน,
2007,เดอะวิลล่า หัวหิน(The Villa หัวหิน ),
2008,เดอะวิว โคซี บีช เรสซิ เด้นซ์ ( The View Cozy Beach ),1333.0
2009,เดอะวิว โคซี บีช เรสซิ เด้นซ์ ( The View Cozy Beach ) - ส่งเมล์มา ส่งต่อให้ทุกคนแล้ว,1333.0
2010,เดอะวิว โคซี บีช เรสซิ เด้นซ์ ( The View Cozy Beach Residence ),53.0
2011,เดอะวิว โคซี บีช เรสซิ เด้นซ์ ( The View Cozy Beach Residence ) - ส่งเมล์มา ส่งต่อให้ทุกคนแล้ว,53.0
2012,เดอะวิว โคซี บีช เรสซิ เด้นซ์ (The View Cozy Beach Residence),53.0
2013,เดอะวิว คอนโดมิเนียม สวนหลวง,
2014,เดอะศิริ (เชียงใหม่) (ใช้เฉพาะ GL),
2024,เดอะสแตนอินดี๊ด คอนโด (ชลบุรี),1337.0
2025,เดอะสกาย คอนโด,1338.0
2026,เดอะสกาย คอนโด (The Sky Condo),1338.0
2027,เดอะสกาย คอนโด (The Sky Condo) -- ยังไม่จ่ายเงิน,1338.0
2028,เดอะสกาย คอนโด (The Sky Condo) - ส่ง Format Excel มาให้ Import ส่งต่อให้ทุกคนแล้ว (ด่วน) ลูกค้าใหม่,1338.0
2029,เดอะสกาย คอนโด (ชลบุรี) ( The Sky Condo ),1338.0
2030,เดอะสกาย สุขุมวิท (The Sky Sukumvit ),1339.0
2031,เดอะสกาย สุขุมวิท(The Sky Sukumvit ),1339.0
2032,เดอะสตาร์ เอ (The Star A,
2033,เดอะสตาร์ เอ (The Star A),
2034,เดอะสตาร์ บี (The Star B),
2037,เดอะอเวนิว เรสซิเด้นซ์ คอนโดมิเนียม ( The Avenue Ressidence ),1342.0
2038,เดอะอเวนิว เรสซิเด้นซ์ คอนโดมิเนียม (The Avenue Residence),1342.0
2039,เต็มสิริ วิลเลจ,2857.0
2040,เต็มสิริแกรนด์,
2041,เต็มสิริแกรนด์ - ส่งเมล์มา ส่งต่อให้ทุกคนแล้ว,
2042,เตาปูน แมนชั่น ทาวเวอร์ บี,1343.0
2043,เตาปูนแมนชั่น ทาวเวอร์ เอ,1344.0
2044,เตาปูนแมนชั่น ทาวเวอร์ เอ (LANx1),1344.0
2045,เทเวศร์ แมนชั่น,1345.0
1982,เดอะลิงค์ 3 (The Link 3),1323.0
1986,เดอะลิงค์ 5 (The Link 5),1325.0
2015,เดอะสเตจ เตาปูน อินเตอร์เชนจ์ (THE STAGE เตาปูน INTERCHANGE),1335.0
2019,เดอะสเปซ คอนโด 1 2 (โคราช) (The Space Condo 1 2),1336.0
2046,เทตต์ สาทร ทเวลฟ์ (โครงการ เทตต์ สาทร 12),
2047,เทพมงคล คอนโด รามคำเเหง 58/5,1346.0
2048,เทพมงคล คอนโด รามคำเเหง 58/5 - ส่ง Format Excel มา Import ส่งต่อให้ทุกคนแล้ว,1346.0
2049,เทพมงคล คอนโด รามคำเเหง 58/5 - ส่ง Format Excel มาให้ Import ส่งต่อให้ทุกคนแล้ว,1346.0
2050,เทมโป เอ็ม ติวานนท์ (Tempo M Tiwanon),
2051,เทมโป ควอด สะพานใหม่,399.0
2052,เทมโป ควอด สะพานใหม่ (Tempo Quad),399.0
2053,เทมโป รัชดา,1197.0
2054,เทมโป รัชดา (Tempo รัชดา),
2055,เทมโป วัน (รามคำแหง-พระราม 9),
2056,เทมโป วัน (รามคำแหง-พระราม 9) (Tempo One (รามคำแหง-พระราม 9)),
2057,เทมโป วัน (รามคำแหง-พระราม 9) (Tempo One Rama9),
2058,เทรนดี้ ธารา พระราม 2,2858.0
2059,เทศบาลเมืองบ้านฉาง,
2060,เนเบอร์โฮม,2860.0
2061,เนเบอร์โฮม (Neighbour Home)(HJ,2860.0
2062,เนเบอร์โฮม (Neighbour Home)(HJ),2860.0
2063,เนอร์วาน่า เพลส (Nirvana place Juristic Condominium ) (ชลบุรี),1347.0
2064,เนอร์วาน่า เพลส (Nirvana Place),1347.0
2065,เนอร์วาน่า เพลส (Nirvana Place) (ชลบุรี),1347.0
2066,เนอวานา พาร์ค สุขุมวิท77,2861.0
2067,เบญจศรี คอนโดมิเนียม,1348.0
2068,เบนเพลส,
2069,เบฟเวอร์รี่ ฮิลล์ แมนชั่น (Beverly Hill Mansion),1349.0
2070,เบฟเวอร์รี่ ฮิลล์ แมนชั่น (Beverly Hill Mansion) - ส่งเมล์มา ส่งต่อให้ทุกคนแล้ว,1349.0
2071,เบฟเวอร์รี่ ฮิลล์ แมนชั่น (Beverly Hill Mansion) - ส่งเมล์มาวันที่ 12/7/2564 ส่งต่อให้ทุกคนแล้ว,1349.0
2072,เบย์วิว รีสอร์ท ( Bayview Resort ),1351.0
2073,เบย์วิว รีสอร์ท ( Bayview Resort ) (ชลบุรี),1351.0
2074,เบ็ล อเวนิว 1,1353.0
2075,เบ็ล อเวนิว 1 (Belle Avenue 1),1353.0
2076,เบ็ล อเวนิว 1 (Belle Avenue 1) - ส่งเมล์มา ส่งต่อให้ทุกคนแล้ว,1353.0
2077,เบ็ล อเวนิว 2 ( Belle Avenue 2 ),1354.0
2078,เบ็ล อเวนิว 2 (Belle Avenue 2),1354.0
2079,เบ็ล อเวนิว 2 (ฺ Belle Avenue 2 ),1354.0
2080,เบ็ล อเวนิว 2 (ฺBelle Avenue 2 ),1354.0
2083,เบล็ชเชอร์ จรัญฯ96/1 - ส่ง Format Excel มาให้เช็คก่อน Import ลงโปรแกรม ติดต่อ คุณเดชาธร (เอฟ) 085-593-5228 (ด่วน) ลูกค้าใหม่-**ส่งข้อมูลมาทางไลน์**,3365.0
2084,เบล็ชเชอร์ จรัญฯ96/1 - ส่ง Format Excel มาให้เช็คก่อน Import ลงโปรแกรม ติดต่อ คุณเดชาธร (เอฟ) 085-593-5228 (ด่วน) ลูกค้าใหม่-มีการแก้ไขเพิ่มเติม ลูกค้าให้ติดต่อกลับ,3365.0
2085,เบลล่า คอสต้า (Bellla Costa) ประจวบคีรีขันธ์,1356.0
2086,เบล็สเชอร์ จรัญสนิทวงศ์ 96/1 (Bleisure),
2087,เบล็สทาวน์ ศรีนครินทร์ - หนามแดง,2862.0
2088,เปรมสิริ บูทิค พาร์ค อาคาร A,1357.0
2089,เปรมสิริ บูทิค พาร์ค อาคาร A - ส่งเมล์มา ส่งต่อให้ทุกคนแล้ว,1357.0
2090,เปรมสิริ บูทิค พาร์ค อาคาร ซี,1358.0
2091,เปรมสิริ บูทิค พาร์ค อาคาร ดี,1359.0
2092,เปรมสิริ บูทิค พาร์ค อาคาร ดี - ส่งเมล์มา ส่งต่อให้ทุกคนแล้ว,1359.0
2093,เปรมสิริ บูทิค พาร์ค อาคาร อี,1360.0
2094,เปรมสิริ บูทิค พาร์ค อาคารอี - ส่งเมล์มา ส่งต่อให้ทุกคนแล้ว,1360.0
2095,เปรมสิริ บูทิค พาร์ค อาคารอี- ส่งเมล์มาย้ายโปรแกรมตั้งแต่วันที่ 9/3/65 สะดวกย้ายวันนี้ ตอน 10.30 น. ติตด่อ คุณออย 083-978-3291,1360.0
2096,เปรมสิริ อาคาร B,
2097,เปรมสิริบูทิค พาร์ค อาคาร บี,1362.0
2098,เปรมสิริบูทิค พาร์ค อาคาร บี - ส่งเมล์มา ส่งต่อให้ทุกคนแล้ว,1362.0
2101,เพชร 9 ทาวเวอร์ ( Petch 9 Tower),
2102,เพชรเกษม 3,2866.0
2103,เพชรเก้า ทาวเวอร์ ( Petch 9 Tower)_(เพชร 9 ทาวเวอร์ ( Petch 9 Tower),
2099,เปี่ยมรักเรสซิเด้นซ์,1363.0
2100,เปี่ยมรักเรสซิเด้นซ์ - ส่งเมล์มา ส่งต่อให้ทุกคนแล้ว,1363.0
2104,เพชรไพลินคอนโดทาวน์,1364.0
2105,เพชรไพลินคอนโดทาวน์ - ส่งเมล์มา ส่งต่อให้ทุกคนแล้ว,1364.0
2106,เพ็ชรรัตน์เลควิลล์,
2107,เพรสซิเด้นท์ คอนโดทาวน์ 1,1365.0
2108,เพรสซิเด้นท์ คอนโดทาวน์ 1  2,1365.0
2109,เพรสซิเด้นท์ คอนโดทาวน์ 1 2,1365.0
2110,เพรสซิเด้นท์ คอนโดทาวน์ 2,1366.0
2111,เพรสทีจ คอนโดมิเนียม,1367.0
2112,เพรสทีจ คอนโดมิเนียม (Prestige ),1367.0
2113,เพรสทีจ คอนโดมิเนียม (Prestige),1367.0
2114,เพรสิเดนท์ พาร์ค ฮาร์เบอร์วิว มะฮอกกานี ทาวเวอร์,1368.0
2115,เพรสิเดนท์ พาร์ค ฮาร์เบอร์วิว มะฮอกกานี ทาวเวอร์ (President Park Harbour View Mahogany Tower),1368.0
2116,เพรสิเดนท์พาร์ค พาร์ควิว ทาวเวอร์ ( President Park  Park View Tower Condominium ) (LANx2),1369.0
2117,เพรสิเดนท์พาร์ค พาร์ควิว ทาวเวอร์ (President Park Parkview Tower ),1369.0
2118,เพรสิเดนท์พาร์ค พาร์ควิว ทาวเวอร์ (President Park Parkview Tower),1369.0
2119,เพรสิเดนท์พาร์ค พาร์ควิว ทาวเวอร์ (President Park Parkview Tower) (LANx2),1369.0
2120,เพรสิเดนท์พาร์ค พาร์ควิว ทาวเวอร์ (President Park Parkview Tower) (สุขุมวิท 24),1369.0
2121,เพลสซิเด้นท์ปาร์ค,
2122,เพลินเพลิน คอนโดมิเนียม สนามบินน้ำ-รัตนาธิเบศร์ 2,
2123,เพอร์เฟค เพลส พระราม 5 - ราชพฤกษ์,2870.0
2124,เพอร์เฟค เพลส รัตนาธิเบศร์,2877.0
2125,เพอร์เฟค เพลส ราชพฤกษ์,2872.0
2126,เพอร์เฟค พาร์ค ราชพฤกษ์,2875.0
2127,เพอร์เฟค พาร์ค สุวรรณภูมิ,2876.0
2128,เพอร์เฟค พาร์ค สุวรรณภูมิ - ส่งเมล์มา วันที่13/12/2564และ วันที่ 14/12/2564 -ส่งสำเนาบัตร+(ลูกค้าขอเลื่อน วันเพิ่มผู้ใช้งาน เป็นวันที่ (16/12/2564)) ส่งต่อให้ทุกคนแล้ว,2876.0
2129,เพอร์เฟค พาร์ค สุวรรณภูมิ เฟส 1,2876.0
2130,เพอร์เฟค พาร์ค สุวรรณภูมิ- ส่งเมล์มา ส่งต่อให้ทุกคนแล้ว,2876.0
2131,เพอร์เฟคเพลส รามคําแหง เดอะเลคโซน (Perfect Place รามคําแหง The Lake Zon),1209.0
2132,เพอร์เฟคเพลส รามคําแหง เดอะเลคโซน (Perfect รามคำแหง The Lake Zone),1209.0
2133,เพิร์ล เรสซิเดนซ์,1370.0
2134,เพิร์ล เรสซิเดนซ์ - ส่งเมล์มา ส่งต่อให้ทุกแล้ว,1370.0
2135,เพิร์ล เรสซิเดนซ์ (Pearl Residence),1370.0
2136,เพิร์ล เรสซิเดนซ์ (Pearl Residence) - ส่งเมล์มา ส่งต่อให้ทุกคนแล้ว,1370.0
2137,เพิรล์การ์เด้น คอนโดมิเนียม,
2138,เพิร์ลการ์เด้น คอนโดมิเนียม ( Pearl Garden Condominium ),1371.0
2139,เพิร์ลการ์เด้น คอนโดมิเนียม (Pearl Garden),1371.0
2140,เพียว ซันเซท บีช คอนโดมิเนียม บี ซี,1373.0
2141,เพียว ซันเซท บีช คอนโดมิเนียม บี ซี (Pure Sunset BC),1372.0
2142,เพียว ซันเซท บีช คอนโดมิเนียม บี ซี (ชลบุรี) (Pure Sunset),1372.0
2143,เพียว ซันเซท บีช คอนโดมิเนียม บี ซี (ชลบุรี) (Pure Sunset) (LANx1),1372.0
2144,เฟรเกรนท์ 71 คอนโดนิเนียม (Fragrant 71),1374.0
2145,เฟรเกรนท์ 71 คอนโดนิเนียม(Fragrant 71),1374.0
2146,เฟรช คอนโด,1375.0
2147,เฟรช คอนโดมิเนียม,1375.0
2148,เฟรช คอนโดมิเนียม (Fresh condominium),1375.0
2149,เฟิร์ส ทาวเวอร์ ( First Tower ),1377.0
2150,เฟิร์ส ทาวเวอร์ ( First Tower ) (LANx1),1377.0
2151,เมเจอร์ ซ.10,
2153,เมโทร พาร์ค สาทร 2-1,1383.0
2154,เมโทร พาร์ค สาทร 2-1 2-2,1383.0
2155,เมโทร พาร์ค สาทร 2-2,1384.0
2156,เมโทร พาร์ค สาทร 2-3,1385.0
2158,เมโทร พาร์ค สาทร 3-1,1386.0
2159,เมโทร พาร์ค สาทร 3-2,1387.0
2163,เมโทร สกาย รัชดา,1390.0
2165,เมโทร สกาย วุฒากาศ,1391.0
2166,เมโทรลักซ์ เกษตร,1393.0
2167,เมโทรลักซ์ เกษตร - ส่งเมล์มา ส่งต่อให้ทุกคนแล้ว,1393.0
2168,เมโทรลักซ์ พระราม 4,1394.0
2170,เมกะพร๊อพเพอร์ตี้,
2171,เม็งรายทาวเวอร์,1396.0
2172,เม็งรายทาวเวอร์ ( เม็งรายกาแลทองทาวเวอร์)),1396.0
2173,เม็งรายทาวเวอร์ (เม็งรายกาแลทองทาวเวอร์),1396.0
2174,เม็งรายทาวเวอร์ (กาแลทองทาวเวอร์),1396.0
2175,เมธาเพลสรัชดา,1398.0
2176,เมอร์ลินทาวเวอร์ 1,1401.0
2177,เมอร์ลินทาวเวอร์ 1 ( Merlin Tower 1 ),1400.0
2178,เมอร์ลินทาวเวอร์ 1 (Merlin Tower 1),1400.0
2179,เมืองเอก โครงการ 4,2879.0
2180,เมืองเอก โครงการ 4- ส่งเมล์มา ส่งต่อให้ทุกคนแล้ว,2879.0
2181,เมืองเอก โครงการ 4- ส่งเมล์มาวันที่ 22/9/2564 ส่งต่อให้ทุกคนแล้ว,2879.0
2182,เมืองใหม่บางพลี 12,1403.0
2183,เมืองใหม่บางพลี 13,1404.0
2184,เมืองใหม่บางพลี 14,1405.0
2185,เมืองใหม่บางพลี 15,1406.0
2186,เมืองใหม่บางพลี 16,1407.0
2188,เมืองใหม่บางพลี 18,1402.0
2189,เมืองใหม่บางพลี 19,1409.0
2190,เมืองทอง,164.0
2191,เมืองทอง เซอร์วิสเซส แอนด์ แมเน็จเม้นท์,164.0
2192,เมืองทอง เซอร์วิสเซส แอนด์ แมเน็จเม้นท์(MSM),104.0
2193,เมืองทองเซอร์วิส,104.0
2194,เมืองทองบางนา อาคาร บี 1 2,
2195,เย็นบายดี คอนโด,
2196,เย็นสบายดี คอนโด ลาดพร้าว 101,
2197,เรสซิเดนซ์ 52 แอด บีทีเอส-อ่อนนุช,
2198,เรสซิเดนซ์ 52 แอด บีทีเอส-อ่อนนุช (Residence 52 @BTS),
2201,เรือนภิษา,2880.0
2202,เรือนภิษา (ชลบุรี),2880.0
2203,เลขที่ 12 ซอยสุขุมวิท 13 ถนนสุขุมวิท แขวงคลองเตยเหนือ เขตวัฒนา กรุงเทพฯ 10110 เลขประจำตัวผู้เสียภาษี 0994000949804,
2204,เลคกรีน (Lake Green),1412.0
2205,เลคชอว์ เวสท์ (Lakeshore West),1413.0
2209,เลควิวคอนโดมิเนียม อาคารเจนีวา (Lakeview Condominium Geneva),1416.0
2210,เลควิวคอนโดมิเนียม อาคารเจนีวา (Lakeview Condominium Geneva) - ส่งเมล์มา ส่งต่อให้ทุกคนแล้ว,1416.0
2211,เลควิวคอนโดมิเนียม อาคารเจนีวา (Lakeview Geneva),1416.0
2212,เลควิวคอนโดมิเนียมอาคารริเวียร่า,1418.0
2213,เลควิวคอนโดมิเนียมอาคารริเวียร่า (Lakeview Condominium Riviera),1418.0
2214,เลควิวคอนโดมิเนียมอาคารวิคตอเรีย ( Lake View Condominium Victoria),1419.0
2215,เลทีเซีย (Letycia),1420.0
2216,เลสโต คอนโด สุขุมวิท 113,
2217,เลสโต คอนโด สุขุมวิท 113 (Lesto Condo สุขุมวิท 113),
2218,เลสโต คอนโด สุขุมวิท 113 (Lesto Condo),
2219,เลอ โมนาโค เรสซิเดนซ์,1427.0
2220,เลอ โมนาโค เรสซิเดนซ์ ( Le Monaco Residence ) (LANx4),1427.0
2221,เลอ โมนาโค เรสซิเดนซ์ (Le Monaco Residence),1427.0
2224,เลอ พรีเมียร์ 1 (Le Premier 1),1431.0
2225,เลอ พรีเมียร์ 2,
2226,เลอ พรีเมียร์ 2 (Le Premier 2),
2227,เลอ รัฟฟิเน่,
2228,เลอ รัฟฟิเน่   วิทยุ คอมเพล็กซ์,
2229,เลอ ริช (สาธุประดิษฐ์),1423.0
2187,เมืองใหม่บางพลี 17,1408.0
2222,เลอ ครีก คอนโด (Le Crique),370.0
2223,เลอ ครีก คอนโด(Le Crique),370.0
2206,เลคชอว์ นอร์ท,1414.0
2207,เลคชอว์ นอร์ท ( Lakeshore North),1414.0
2208,เลคชอว์ นอร์ท (Lakeshore North ),1414.0
2199,เรสซิเดนซ์ วัน ( Residence One ) (ชลบุรี),1411.0
2200,เรสซิเดนซ์ วัน(Residence One),1411.0
2230,เลอ ริช (สาธุประดิษฐ์) - ส่งเมล์มา ส่งต่อให้ทุกคนแล้ว,1423.0
2231,เลอ ริช (สาธุประดิษฐ์) (พระราม 3 )),1423.0
2232,เลอเซเเลส (Le Celeste),1424.0
2233,เลอเซแลส ----ยังไมได้ซื้อโปรแกรม จึงยังไม่ได้ติดตั้งโปรแกรม---- ส่งเมล์มาให้ปริ้นรายงานให้ ตามข้อมูลสำรองที่ส่งมาให้เมื่อวันจันทร์ ส่งต่อให้ทุกคนแล้ว,
2234,เลอโคเต้ สุขุมวิท 14 (Le Cote สุขุมวิท 14),1426.0
2235,เลอโมนาโค เรสซิเดนซ์ ( Le Monaco Residence ),1427.0
2236,เลอฌ็อง อาคาร เอ,1428.0
2237,เลอฌ็อง อาคาร เอ ( Le Champ A ),1428.0
2238,เลอฌ็องลาดพร้าว บี,1429.0
2239,เลอฌ็องลาดพร้าว บี - ส่งเมล์มา ส่งต่อให้ทุกคนแล้ว,1429.0
2240,เลอฌ็องลาดพร้าว บี - ส่งไลน์มา วันที่15/9/2564  . Fw: ลบค่าน้ำประปาเดือน 11/2020 Phornnarong Suwannapratheep <phornnarong@hotmail.com> พ 15/9/2021 16:16 . . From: Aoraphan Khongrub <kubkib.aora@gmail.com> Sent: Wednesday  September 15  2021 15:58 To: Webmaster@softbizplus.com <Webmaster@softbizplus.com> Subject: ลบค่าน้ำประปาเดือน 11/2020  . เรียน เจ้าหน้าที่ รบกวนลบค่าน้ำประปาเดือน 11/2020 ออกได้ไหมค่ะ (เบอร์ติดต่อนะค่ะ 0829024299 กิ๊บ) ขอบคุณมากคะ .,1429.0
2241,เลอฌ็องลาดพร้าว บี (Le Champ B),1429.0
2242,เลอฌ็องลาดพร้าว บี (Le Champ ลาดพร้าว B)- ส่งเมล์มา ส่งต่อให้ทุกคนแล้ว,1429.0
2243,เลอฌ็องลาดพร้าว บี (Le Champs B),1429.0
2244,เลอฌ็องลาดพร้าว บี _เลอฌ็อง บี ( (Le Champs B),1429.0
2245,เลอนิส เอกมัย,1430.0
2246,เลอนิส เอกมัย - ส่งเมล์มา ส่งต่อให้ทุกคนแล้ว,1430.0
2247,เลอพรีเมียร์ 1 (Le Premier 1),1431.0
2248,เลอพรีเมียร์ 2 (Le Premier 2),
2249,เลอรัก คอนโด (LLK),
2250,เลอรัก คอนโดน (LLK),
2251,เลอรัก สกายวอล์ค (Sky Walk) (Le Luk Condominium Tower B,
2252,เลอรัก สกายวอล์ค (Sky Walk) (Le Luk Condominium Tower B ),
2253,เลอรัก สกายวอล์ค (Sky Walk) (Le Luk Condominium Tower B ) (LANx1),
2254,เลอริช-อารีย์,1423.0
2255,เลิศมงคลทอง คอนโด 2,1432.0
2256,เลิศมงคลทอง คอนโด 2 (ท้ายบ้าน  สมุทรปราการ),1432.0
2261,เวนโต้ คอนโด ( Vento Condo),1434.0
2262,เวย์ชินเขต,
2263,เวอร์ติพลัส 98 (Vertiplus 98),176.0
2264,เวอรันด้า เรสซิเดนส์,
2265,เวอรีเดียน ราชพฤกษ์,2881.0
2266,เวิร์ฟ ติวานนท์-รังสิต (Verve),
2267,เวียร์ 7,
2268,เวียร์ 7 (Viia 7),
2269,เศรณี สรงประภา ดอนเมือง,2882.0
2270,เศรษฐสิริ ประชาชื่น เรสซิเด้นท์,2884.0
2271,เศรษฐสิริ ประชาชื่น เรสซิเด้นท์ 1,2884.0
2272,เศรษฐสิริ ประชาชื่น เรสซิเด้นท์ 1 - ส่งเมล์มา ส่งต่อให้ทุกคนแล้ว,2884.0
2273,เศรษฐสิริ ประชาชื่น เรสซิเด้นท์ 1 - ส่งเมล์มาวันที่ 5/4/2564 ส่งต่อให้ทุกคนแล้ว***ลูกค้าสะดวกเวลา 10.00น. วันเสาร์ 10/4/2564 **,2884.0
2276,เศรษฐสิริ วงแหวน-สุขาภิบาล  (เสรีไทย),
2277,เศรษฐสิริ วงแหวน-สุขาภิบาล 2,2888.0
2278,เศรษฐสิริ วงแหวน-สุขาภิบาล 2 (เสรีไทย),2888.0
2279,เสนาแกรนด์โฮม รังสิต,2891.0
2280,เสนาทิพย์ ลิฟวิ่งเพลส,1437.0
2281,เสนาพาร์ควิลล์,2890.0
2282,เอ ไลฟ์ สุขุมวิท 76,1439.0
2283,เอ ไลฟ์ สุขุมวิท 76 (ALIVE Sukhumvit 76),1439.0
2284,เอ ไลฟ์ สุขุมวิท 76 (ALIVE Sukhumvit 76) (LANx1),1439.0
2285,เอ ไลฟ์ สุขุมวิท 76 (LANx1),1439.0
2286,เอ พลัส 2 @ รัตนาธิเบศร์,1440.0
2287,เอ พลัส 2 @ รัตนาธิเบศร์ (A Plus2),1440.0
2257,เวเนเชี่ยน ซิกเนเจอร์ คอนโด รีสอร์ท พัทยา (Venetian Signature,1433.0
2288,เอ สเปซ เกษตร-นวมินทร์,1441.0
2289,เอ สเปซ เพลย์ (A-Space Play),1442.0
2290,เอ สเปซ เพลย์ (A-Space Play)- ส่งเมล์มา ส่งต่อให้ทุกคนแล้ว,1442.0
2291,เอ สเปซ เอ บี ซี อโศก-รัชดา - ส่งเมล์มา ส่งต่อให้ทุกคนแล้ว,
2298,เอ สเปซ อโศก-รัชดา เซาธ์ทาวเวอร์ (อาคารF-G),
2299,เอ สเปซ อโศก-รัชดา เอบีซี (A-Space อโศก-รัชดา ABC),1445.0
2300,เอ สเปซ อโศก-รัชดา ไฮอเวย์,
2301,เอ สเปซ อโศก-รัชดา นอร์ธทาวเวอร์ ( A-Space อโศก-รัชดา North)(อาคาร D-E),545.0
2302,เอ สเปซ อโศก-รัชดา-ไฮด์อเวย์,
2310,เอ.ดี.เลค แอนด์ รีสอร์ท หัวหิน,1451.0
2311,เอเซ่ รัชดา คอนโดมิเนียม,1452.0
2312,เอเซียซิตี้ไลฟ์ คอนโดมิเนียม-(สมบัติบุรี ),1454.0
2313,เอเซียซิตี้ไลฟ์ คอนโดมิเนียม-(สมบัติบุรี ) (LANx1),1454.0
2314,เอเทรี่ยม พหลฯ-สุธิสาร (Atrium),1456.0
2315,เอเวอร์กรีน วิว ทาวเวอร์ (EVERGREEN VIEW TOWER),1457.0
2316,เอเวอร์กรีน วิว ทาวเวอร์ (Evergreen ViewI Tower),1457.0
2317,เอเวอร์กรีน วิว ทาวเวอร์ (Evergreen ViewI Tower) (LANx1),1457.0
2318,เอเวอร์กรีน วิว ทาวเวอร์(EVERGREEN VIEW TOWER),1457.0
2319,เอแบคคอนโดทาวน์ อาคาร เอ,1458.0
2320,เอแบคคอนโดทาวน์ อาคาร เอ (ABAC Condotown A ),1458.0
2321,เอแบคคอนโดทาวน์ อาคาร เอ (ABAC Condotown A),1458.0
2322,เอแบคคอนโดทาวน์ อาคาร เอ บี (ABAC Condotown A  B ),1458.0
2323,เอแบคคอนโดทาวน์ อาคาร เอและบี (ABAC Condotown A  B),1458.0
2324,เอแบคคอนโดทาวน์ อาคาร เอ-บี (ABAC Condotown A-B ),1458.0
2325,เอ็กซ์ซีด ทุ่งกราด คอนโดมิเนียม บี ( Ekceed ทุ่งกราด Condominium B ) (ชลบุรี),1460.0
2326,เอ็กซ์ซีด ทุ่งกราด คอนโดมิเนียม บี (ชลบุรี),1460.0
2327,เอ็กซ์ซีด ทุ่งกราด คอนโดมิเนียม บี (ชลบุรี) (Ekceed B),1460.0
2328,เอ็กซ์ซีด ทุ่งกราด คอนโดมิเนียม บี (ชลบุรี) (Ekceed ทุ่งกราด B),1460.0
2329,เอกธานีคอนโดทาวน์สุขี 2,
2330,เอกพิพัฒนา,192.0
2331,เอกสิน,1461.0
2332,เอกสิน คอนโดมิเนียม อาคารดี,1462.0
2333,เอกสินเพลส,1463.0
2334,เอคควิตี้ พร็อพเพอร์ตี้ (Equity Property),
2335,เอคควิตี้ พร็อพเพอร์ตี้(Equity Property),
2336,เอควา เรสซิเดนซ์ สุขุมวิท 49,1464.0
2337,เอควา เรสซิเดนซ์ สุขุมวิท 49 (Aequa Residence Sukhumvit49 ),1464.0
2338,เอควา เรสซิเดนซ์ สุขุมวิท 49 (Aequa Residence Sukhumvit49 ) - ส่งเมล์มา ส่งต่อให้ทุกคนแล้ว,1464.0
2339,เอควา เรสซิเดนซ์ สุขุมวิท 49 (Aequa Residence Sukhumvit49 ) (LANx1 ),1464.0
2340,เอควา เรสซิเดนซ์ สุขุมวิท 49 (Aequa Residence),1464.0
2341,เอช ทู สโตน คอนโดมิเนียม,
2342,เอช ทู สตีล คอนโดมิเนียม (H2 Steel) เอช ทู สโตน คอนโดมิเนียม (H2 Stone),
2343,เอช ทู สตีล คอนโดมิเนียม เอช ทู สโตน คอนโดมิเนียม,
2344,เอช ทู สตีล-สโตน คอนโดมิเนียม (H2 Steel - Stone),
2646,แฮปปี้คอนโด ลาดพร้าว101,2000.0
2303,เอ.ดี เลค แอนด์ รีสอร์ท หัวหิน,1448.0
2304,เอ.ดี เลค แอนด์ รีสอร์ท หัวหิน (AD Lake and Resort ),1448.0
2305,เอ.ดี เลค แอนด์ รีสอร์ท หัวหิน-(เพชรบุรี) (AD Lake and Resort ),1448.0
2292,เอ สเปซ มี บางนา,1443.0
2293,เอ สเปซ มี บางนา (A-Space Me บางนา),1443.0
2294,เอ สเปซ มี บางนา (A-Space Me บางนา) (LANx2),1443.0
2295,เอ สเปซ สุขุมวิท เอ-บี (A-Space สุขุมวิท A-B),1444.0
2296,เอ สเปซ สุขุมวิท เอ-บี(A-Space สุขุมวิท AB),1444.0
2297,เอ สเปซ สุขุมวิท เอ-บี(A-Space สุขุมวิท AB) (LANx1),1444.0
2347,เอชทู โกลว์ คอนโดมิเนียม (H2 Glow) เอชทู โครมร์ คอนโดมิเนียม (H2 Chrome) เอชทู กลาส คอนโดมิเนียม (H2 Glsss),
2348,เอชทู กลาส คอนโดมิเนียม (H2 Glsss),
2349,เอชทู กลาส คอนโดมิเนียม (H2 Glsss)-เอชทู โกลว์ คอนโดมิเนียม (H2 Glow)-เอชทู โครมร์ คอนโดมิเนียม (H2 Chrome),
2350,เอชอาร์.ไดเจสท์ (2013) (HR.DIGEST)(โปรแกรมพิมพ์เช็ค),201.0
2362,เอดี บางเสร่ เลค แอนด์ รีสอร์ท,1466.0
2363,เอท ทองหล่อ เรสซิเด้นท์เซส (Eight ทองหล่อ Residences),
2364,เอท ทองหล่อ เรสซิเด้นท์เซส (Eight ทองหล่อ Residences) - ส่งเมล์มา วันที 26/7/2565 ส่งต่อให้ทุกคนแล้ว,
2365,เอท ทองหล่อ เรสซิเด้นส์เซส,1467.0
2366,เอท ทองหล่อ เรสซิเด้นส์เซส (Eight ทองหล่อ Residences) (LANx1 ),1467.0
2367,เอท ทองหล่อ เรสซิเด้นส์เซส (Eight ทองหล่อ),1467.0
2368,เอ็นเตอร์ไพร์ซ ปาร์ค,
2369,เอ็นเตอร์ไพร์ซ ปาร์ค (EnterpriZe Park ),
2370,เอ็นเตอร์ไพร์ซ ปาร์ค (EnterpriZe Park),
2371,เอพลัส 2 รัตนาธิเบศร์,
2372,เอพีพี 168 เอ็นจิเนียริ่ง,209.0
2373,เอพีพี 168 เอ็นจิเนียริ่ง (APP),209.0
2376,เอ็ม โซไซตี้ คอนโดมิเนียม,
2377,เอ็ม ที คอนโดมิเนียม (MT Condominium),1468.0
2378,เอ็มไพร์ เฮ้าส์ (Empire House),1470.0
2379,เอ็มไพร์ สวัสดี,
2380,เอ็มที เรสซิเด้นท์ คลองหลวง,1471.0
2381,เอ็มที เรสซิเด้นท์ คลองหลวง (MT Resident-คลองหลวง),1471.0
2382,เอลลิโอ เดล เรย์(เดอะเวิร์คส์),
2383,เอลิส ติวานนท์ อาคาร บี (Aliss ติวานนท์ B),1473.0
2384,เอลิส ติวานนท์ อาคารเอ (Alisss Tiwanon A) (เอลิสคอนโดมิเนียม ทาวเวอร์เอ),1474.0
2385,เอส เอส พี 2 (SSP2),1475.0
2386,เอส ซี เพลส (SC Place ),3380.0
2387,เอส ซี เพลส (SC Place),3380.0
2388,เอส วัน ปาร์ค คอนโดมิเนียม (S1 Park Condomimium ),1497.0
2389,เอส วัน ปาร์ค คอนโดมิเนียม (S1 Park Condomimium ) - ส่งเมล์มา ส่งต่อให้ทุกคนแล้ว,1497.0
2390,เอส วัน ปาร์ค คอนโดมิเนียม(S1 Park Condominium),1497.0
2391,เอส สเปซ คอนโด (A Space Condo) (ฉะเชิงเทรา),1477.0
2392,เอส สเปซ คอนโด (S Space Condo) (ฉะเชิงเทรา),1477.0
2393,เอส สเปซ คอนโด (ฉะเชิงเทรา),1477.0
2394,เอส สยาม คอนโดทาวน์,1480.0
2395,เอส สยาม คอนโดทาวน์ (LANx2),1480.0
2396,เอส สยาม คอนโดทาวน์ (S.Siam Condotown),1480.0
2397,เอส สยาม คอนโดทาวน์ (S.Siam Condotown) (LANx2),1480.0
2398,เอส.สยาม คอนโดทาวน์ (LANx2),1480.0
2399,เอส.สยาม คอนโดทาวน์ (S Siam Condotown (LANx2)),1480.0
2400,เอสเซ็นท์ เชียงใหม่ (Escent เชียงใหม่),1486.0
2361,เอดี คอนโดมิเนียม ไฮเอท (AD Condominium Hiace) (A.D. Houses),5.0
2375,เอฟ พรอพเพอร์ตี้ แมเนจเม้นท์,214.0
2355,เอซีอาร์ แมเนจเม้นท์ ( Acute ) (แมเนอร์สนามบินน้ำ ( Manor สนามบินน้ำ ),1534.0
2346,เอช.อาร์.เรสซิเด้นท์ โครงการ 5 (HR เรสซิเด้นท์ โครงการ 5),1465.0
2345,เอช. อาร์. เรซิเดนซ์ โครงการ 5 (HRเรสซิเด้นท์ โครงการ5),1465.0
2351,เอซีอาร์ แมเนจเม้นท์ ( Acute ),202.0
2352,เอซีอาร์ แมเนจเม้นท์ ( Acute ) ( โครงการ มิว ),202.0
2401,เอสเซ็นท์ ขอนแก่น (Escent ขอนแก่น),1482.0
2402,เอสเซ็นท์ ระยอง (Escent Rayong),1483.0
2403,เอสเซ็นท์ ระยอง (Escent Rayong) - ส่งเมล์มา ส่งต่อให้ทุกคนแล้ว,1483.0
2404,เอสเซ็นท์ วิลล์ เชียงใหม่ (Escent Ville เชียงใหม่ ),1484.0
2405,เอสเซ็นท์ วิลล์ เชียงราย (โครงการพิเศษเชียงราย )(Escent ville เชียงราย ),1485.0
2406,เอสเปคสุขุมวิท GH,
2407,เอสเพน คอนโด เฟส เอ,
2411,เอสโทร คอนโดมิเนียม,
2412,เอสคิว สุขุมวิท 101/1,1488.0
2413,เอสคิว สุขุมวิท 101/1 (Esque),1488.0
2414,เอสตา เบ (เอ บี ซี) (Estabe A B C ),
2415,เอสตา เบ (เอ บี ซี) (Estabe A B  C ),
2416,เอสตา เบ (ซี) (Estabe C ),
2417,เอสต้า บลิซ (Esta Bliss),1494.0
2418,เอสต้า บลิซ(Esta Bliss),1494.0
2419,เอสตาเบ เอ บี ซี,1490.0
2420,เอสต้าโฮม ไพรเวทพาร์ค (Esta Home Private Park),2894.0
2421,เอสปันญ่า คอนโด รีสอร์ท พัทยา (Espana Condo Resort พัทยา),1495.0
2422,เอสปันญ่า คอนโด รีสอร์ท พัทยา (Espana Condo Resort พัทยา) (LANx2),1495.0
2424,เอสวันปาร์ค คอนโดมิเนียม (S1 Park Condomimium ) (ชลบุรี),1497.0
2425,เอสอี เอสเตท (SE Estate)( VIP คอนโด ),243.0
2426,เออบาโน่ แอบโซลูท สาทร - ตากสิน (Urbano Absolute Sathon - Taksin),
2427,เออบาโน รามคำแหง 94( Urbano รามคำแหง 94),2895.0
2428,เออร์เบิน สาทร URBAN SATHORN (Marcopolo Villa),
2429,เออร์เบิน สาทร_ URBAN SATHORN (Marcopolo Villa),
2430,เออร์บาน่า สุขุมวิท 15,1499.0
2431,เออร์บาน่า สุขุมวิท 15 (Urbana สุขุมวิท 15),1499.0
2432,เออร์บิเทีย ทองหล่อ,1500.0
2434,เอื้ออมรสุข (สุขุมวิท 22) (AMS),245.0
2435,เอื้ออมรสุข ยานนาวา,1501.0
2436,เอื้ออาทร ขจรวิทย์ 2,2136.0
2437,เอื้ออาทร สุวรรณภูมิ 2 (นิติฯ 5),
2438,เอื้ออาทรกระทุ่มเเบน 2 - ส่งเมล์มา ส่งต่อให้ทุกคนแล้ว,
2439,เอื้ออาทรนาจอมเทียน 3,2147.0
2440,เอื้ออาทรบางพลี,2165.0
2441,เอื้ออาทรบึงกุ่ม 1,1502.0
2442,เอื้ออาทรบึงกุ่ม 1 - ส่งเมล์มา ส่งต่อให้ทุกคนแล้ว (แจ้งลุกค้าว่ารีโมทลงโปรแกรมให้ค่ะ),1502.0
2443,เอื้ออาทรประชาพัฒนา 3,2171.0
2444,เอื้ออาทรประชาพัฒนา 5,2173.0
2445,เอื้ออาทรหนองหอย 2 (เชียงใหม่),
2446,เฮริเทจสวีทภูเก็ต,
2447,เฮ้าส์ เดอะ ฮัมบูร์ก,2896.0
2448,เฮ้าส์ เดอะ ฮัมบูร์ก (Haus Hamburg),2896.0
2449,เฮ้าส์ เดอะ ฮัมบูร์ก (Haus The Hamburg),2896.0
2450,แกรนด์ โมนาโค เฟส 1,2898.0
2451,แกรนด์ โมนาโค เฟส 1 (Grand Monaco 1),2897.0
2452,แกรนด์ โมนาโค เฟส 1 (Grand Monaco Phase 1),2897.0
2453,แกรนด์ โมนาโค เฟส 1 (Grand Monaco Phase 1) - ส่งเมล์มา ส่งต่อให้ทุกคนแล้ว,2897.0
2454,แกรนด์ คอนโดเทล พัทยา (Grand Condotel พัทยา),2899.0
2455,แกรนด์ คอนโดเทล พัทยา( GRAND CONDOTEL พัทยา),2899.0
2456,แกรนด์ คาริบเบียน คอนโด รีสอร์ท พัทยา,1506.0
2457,แกรนด์ คาริบเบียน คอนโด รีสอร์ท พัทยา (Grand Caribbean Condo Resort),1506.0
2458,แกรนด์ คาริบเบียน คอนโด รีสอร์ท พัทยา (Grand Caribbean Condo Resort) (LANx1),1506.0
2459,แกรนด์ ทิวลิป คอนโดมิเนียม,1507.0
2460,แกรนด์ ทิวลิป คอนโดมิเนียม (Grand Tulip),1507.0
2461,แกรนด์ ทิวลิป คอนโดมิเนียม (Grand Tutip),1507.0
2462,แกรนด์ บางกอก บูเลอวาร์ด สาทร-ราชพฤกษ์,
2463,แกรนด์ บางกอกบูเลอวาร์ด พระราม 9 - ศรีนครินทร์,2901.0
2464,แกรนด์ พาร์ควิว อโศก (Grand Parkview อโศก),1508.0
2465,แกรนด์ ฟลอริด้า บีช ฟร้อน คอนโด รีสอร์ท พัทยา,1509.0
2408,เอสเพน คอนโด เฟส บี,3369.0
2409,เอสเพน คอนโด เฟส บี (Aspen Condo B ),3369.0
2423,เอสวัน พระราม 9 (S1 RAMA9),1496.0
2433,เออร์บิเทีย ทองหล่อ ( Urbitia ทองหล่อ),1500.0
2466,แกรนด์ ฟลอริด้า บีช ฟร้อน คอนโด รีสอร์ท พัทยา (Grand Florida Beachfront Condo Resort)_(ชลบุรี),1509.0
2467,แกรนด์ ฟลอริด้า บีช ฟร้อน คอนโด รีสอร์ท พัทยา_(ชลบุรี),1509.0
2468,แกรนด์ ฟลอริด้า บีช ฟร้อน คอนโด รีสอร์ท พัทยา_(ชลบุรี) (Grand Florida Beachfront Condo Resort),1509.0
2469,แกรนด์ มณีรินทร์ (ศรีราชา),2902.0
2470,แกรนด์ รอยัล นิศาชล,
2471,แกรนด์ อเวนิว เรสซิเดนซ์ (Grand Avenue Residence),1510.0
2472,แกรนด์ อเวนิว เรสซิเดนซ์ (Grand Avenue Residence) (LANx1),1510.0
2473,แกรนด์ อเวนิว เรสซิเดนซ์ (Grand Avenue Residence) (LANx2),1510.0
2474,แกรนด์ อเวนิว เรสซิเดนซ์ (Grand Avenue Residence)- ส่งเมล์มา วันที่ 12/1/2565 ส่งต่อให้ทุกคนแล้ว,1510.0
2475,แกรนด์ อเวนิว เรสซิเดนซ์ (Grand Avenue Residence)- ส่งเมล์มา ส่งต่อให้ทุกคนแล้ว,1510.0
2476,แกรนด์ไดมอนด์ ประตูน้ำ,
2477,แกรนด์ไดมอนด์-ประตูน้ำ ( Grand Diamond-ประตูน้ำ ),1511.0
2478,แกรนด์ไดมอนด์-ประตูน้ำ ( Grand Diamond-ประตูน้ำ ) (LANx1),1511.0
2479,แกรนด์คาแนล ประชาชื่น,2903.0
2480,แกรนด์บางกอกบูเลอวาร์ด รัชดา-รามอินทรา2,2900.0
2481,แกรนด์พาเลซ อาคารเอ ( Grand Palace A ),1512.0
2482,แกรนด์พาเลซ อาคารบี ( Grand Palace B ),1513.0
2483,แกรนด์มณีรินทร์ ศรีราชา (ชลบุรี),2902.0
2484,แกรนดิโอ ลาดพร้าว - เกษตรนวมินทร์ (Grandio),2905.0
2485,แก้วพฤกษา,1514.0
2486,แก้วพฤกษา (LANx2),1514.0
2487,แคทลียา แลนด์ 72,
2488,แคทลียา คอนโดเทล,1515.0
2489,แคทลียาแลนด์,
2490,แคทลียาแลนด์ 72,
2491,แคสเซีย คอนโดมิเนีย (Cassia),
2492,แคสเซีย คอนโดมิเนียม (Cassia Condominium),1516.0
2493,แชปเตอร์ วัน โมเดิร์น ดัชต์ (Chapter one modern dutch ),1517.0
2494,แชปเตอร์ วัน มิดทาวน์ ลาดพร้าว 24 (Chapter One Midtown ลาดพร้าว 24 ),1518.0
2495,แชปเตอร์วัน เดอะ แคมปัส,
2496,แชปเตอร์วัน เดอะ แคมปัส (Chapter One The Campus),
2497,แชปเตอร์วัน เดอะ แคมปัส (เกษตร),
2498,แชปเตอร์วัน เดอะ แคมปัส (เกษตร) (Chapter One The Campus),
2499,แชปเตอร์วัน ชายน์ บางโพ,1519.0
2500,แชปเตอร์วัน ชายน์ บางโพ (Chapter One Shine บางโพ),1519.0
2501,แชปเตอร์วัน อีโค รัชดา - ห้วยขวาง,1520.0
2502,แชปเตอร์วัน อีโค รัชดา - ห้วยขวาง (Chapter One Eco),1520.0
2503,แชปเตอร์วัน อีโค รัชดา-ห้วยขวาง,1520.0
2504,แชปเตอร์วัน อีโค รัชดา-ห้วยขวาง (Chapter Eco รัชดา-ห้วยขวาง),1520.0
2505,แชปเตอร์วัน อีโค รัชดา-ห้วยขวาง (Chapter One Eco รัชดา-ห้วยขวาง),1520.0
2506,แชปเตอร์วัน อีโค รัชดา-ห้วยขวาง (Chapter One Eco),1520.0
2507,แชฟวี่ คอนโดมิเนียม,1521.0
2508,แชฟวี่ คอนโดมิเนียม (Savvi ),1521.0
2509,แชฟวี่ คอนโดมิเนียม (Savvi),1521.0
2510,แชมเบอร์ส เฌอ,1522.0
2511,แชมเบอร์ส เฌอ (Chamber Cher),1522.0
2512,แชมเบอรี่ คอนโด,1523.0
2513,แชมเบอรี่ คอนโด (Chambery Condo),1523.0
2514,แซนด์ คอนโดมิเนียม (Sands) (พระตำหนัก แซนด์-ชลบุรี),636.0
2515,แซนด์ คอนโดมิเนียม (Sands) (พระตำหนัก แซนด์-ชลบุรี) (LANx1),636.0
2516,แซฟวี่ คอนโดมิเนียม ( Savvi Condominium ),1526.0
2517,แซฟวี่ คอนโดมิเนียม (Savvi),1526.0
2518,แบงค์คอก เฟลิซ วิภาวดี 30 (Bangkok Feliz วิภาวดี 30 ),1527.0
2519,แบงค์คอก เฟลิซ สุขุมวิท 69-1,
2520,แบงค์คอก เฟลิซ -สุขุมวิท 69-1,
2521,แบงค์คอก ฮอไรซอน เพชรเกษม,1528.0
2522,แบงค์คอก ฮอไรซอน เพชรเกษม - ส่ง Format Excel มาให้ Import ส่งต่อให้แล้ว (ด่วน) ลูกค้าพึ่งลงโปรแกรม,1528.0
2525,แบงค์คอก ฮอไรซอน รัชดา-ท่าพระ,1529.0
2533,แพรกษาคอนโดมิเนียม,
2534,แพรนด้าจิวเวอร์รี่,
2535,แฟคตอรี่ คอนโด หนึ่ง (GL),1530.0
2536,แฟคตอรี่ คอนโด หนึ่ง (GL) (Factory Condo 1),1530.0
2537,แฟคตอรี่แลนด์ 2,2906.0
2538,แฟคตอรี่แลนด์ 2 - ส่งเมล์มา ส่งต่อให้ทุกคนแล้ว,2906.0
2539,แฟมมิลี่ ทาวน์ (Family Town),1531.0
2540,แฟมมิลี่ ปาร์ค (Family Park),1532.0
2541,แฟมมิลี่ทาวน์ (Family Town),1531.0
2542,แฟร์ ทาวน์เวอร์,1533.0
2543,แฟร์ ทาวน์เวอร์ (Fair Tower),1533.0
2544,แฟร์ ทาวน์เวอร์ (Fair Tower) (สุขุมวิท 50),1533.0
2548,แมกโนเลีย ไฟน์เนส,268.0
2549,แมกโนเลีย ไฟน์เนสท์ คอร์ปอเรชั่น (Magnolia Finest),268.0
2550,แมกโนเลีย ไฟน์เนสท์ คอร์ปอเรชั่น (Magnolia Finest) (LANx1),268.0
2551,แมกโนเลีย ไฟน์เนสท์ คอร์ปอเรชั่น(Magnolia Finest),268.0
2552,แมกโนเลีย ไฟน์เนสท์ คอร์ปอเรชั่น(Magnolia Finest) (Magnolia Southern California สุวรรณภูมิ),268.0
2553,แมกโนเลียส์ เซาท์เทิร์น แคลิฟอร์เนีย สุวรรณภูมิ,
2555,แมกซ์ คอนโดมิเนียม เกษตร-วิภาวดี,1535.0
2556,แมกซ์ คอนโดมิเนียม เกษตร-วิภาวดี (MAX CONDOMINIUM),1535.0
2557,แมกซ์คอนโด งามวงศ์วาน-แคราย,1536.0
2558,แมกซ์ซี่ คอนโด,1537.0
2559,แมกซ์ซี่ คอนโด (Maxxi Condo),1537.0
2560,แม็กนิกซ์ รามอินทรา 21,
2561,แม่กลอง,1538.0
2562,แมนฮัตตัน พาร์ค เรสสิเด้นท์ เซส,
2563,แม่น้ำ เรสซิเดนท์,1539.0
2564,แลนด์แอนด์เฮ้าส์ พาร์ค (โคราช) (Land & House Park โคราช ),2908.0
2565,แลนด์แอนด์เฮ้าส์ พาร์ค (โคราช) (Land & House Park โคราช ) - ส่งเมล์มา ส่งต่อให้ทุกคนแล้ว,2908.0
2566,แลนด์แอนด์เฮ้าส์ พาร์ค (โคราช) (Land & House Park โคราช ) - ส่งเมล์มาเมื่อวานวันที่ 6/7/2564,2908.0
2567,แลนด์แอนด์เฮ้าส์ พาร์ค (โคราช) (Land & House Park โคราช ) (LANx2),2908.0
2569,แวร์เด้,
2570,แวร์เด้ (Verde),
2571,แหลมฉบังทาวเวอร์,1550.0
2572,แหลมฉบังทาวเวอร์ (ชลบุรี),1546.0
2573,แอคควา(Acqua Condo)(AQC),
2574,แอชตัน อโศก,
2575,แอชตัน อโศก (Ashton),
2576,แอด บีทีเอส เรสซิเด้นซ์ ( @ BTS Residence ),1551.0
2577,แอดเดอร่า แจ้งวัฒนะ,1552.0
2578,แอดเดอร่า แจ้งวัฒนะ คอนโดมิเนียม,1552.0
2579,แอตแลนติส คอนโด รีสอร์ท พัทยา (Atlantis Condo Resort Pattaya),1553.0
2580,แอตแลนติส คอนโด รีสอร์ท พัทยา (Atlantis Condo Resort Pattaya) (LANx2),1553.0
2581,แอตแลนติส คอนโด รีสอร์ท พัทยา (Atlantis Condo Resort Pattaya) (LANx3),1553.0
2582,แอตแลนติส คอนโด รีสอร์ท พัทยา (Atlantis Condo Resort Pattaya)- ส่งเมล์มา ส่งต่อให้ทุกคนแล้ว,1553.0
2583,แอตแลนติส คอนโด รีสอร์ท พัทยา (Atlantis Condo Resort พัทยา),1553.0
2584,แอท ซิตี้ สุขุมวิท(At City สุขุมวิท) (@ City),1554.0
2585,แอทโมช คาแนล รังสิต,1555.0
2586,แอทโมช คาแนล รังสิต (Atmoz Kanaal),1555.0
2587,แอททรี เวสท์ (At Tree West East North),1556.0
2588,แอททรี เวสท์ (พิษณุโลก) (At Tree West  East  North),1556.0
2589,แอททรี เวสท์ (พิษณุโลก) (At Tree West  East  North) (LANx3),1556.0
2554,แมกโนเลียส์ บางนา-ตราดฯ (Magnolias บางนา-ตราด),268.0
2545,แมเนอร์สนามบินน้ำ - ส่งเมล์มา ส่งต่อให้ทุกคนแล้ว,1534.0
2546,แมเนอร์สนามบินน้ำ ( Manor สนามบินน้ำ ),1534.0
2547,แมเนอร์สนามบินน้ำ ( Manor สนามบินน้ำ ) (LANx1),1534.0
2568,แวนเทจ (Vantage),1544.0
2606,แอร์ลิงค์ เรสซิเดนซ์ 2 (Airlink Residence 2),1565.0
2607,แอร์ลิงค์ เรสซิเด้นซ์ เฟส 3,1568.0
2617,แอร์ลิงค์ เรสซิเดนซ์(Airlink Residence 1  2),1565.0
2618,แอร์ลิ้งค์ เรสซิเด้นท์ เฟส 2,
2619,แอล สไตล์ คอนโด( L Style Condo),1570.0
2620,แอล สไตล์ คอนโด( L Style Condo) - ส่งเมล์มา ส่งต่อให้ทุกคนแล้ว,1570.0
2621,แอสปาย พระราม 9,
2622,แอสปาย รัชดา-วงศ์สว่าง,1572.0
2623,แอสปาย รัชดา-วงศ์สว่าง (Aspire รัชดา-วงศ์สว่าง),1572.0
2624,แอสปาย รัชดา-วงศ์สว่าง (Aspire วงศ์สว่าง),1572.0
2625,แอสปาย รัชดา-วงศ์สว่าง (Aspire),1572.0
2626,แอสปาย สาทร-ท่าพระ,1573.0
2627,แอสปายพระราม 4 (Aspire Rama 4 ),1574.0
2628,แอสปายศรีนครินทร์,
2630,แฮปปี้ คอนโดฯ รัชดา 18 ABCD (Happy Condo & Sportclu),
2632,แฮปปี้แลนด์ วิลล์ ลาซาล,
2633,แฮปปี้คอนโด แอนด์สปอร์ต คลับ รัชดา 18(จัดการทรัพย์สินและชุมชน),426.0
2634,แฮปปี้คอนโด ดอนเมือง เดอะเทอมินอล ( Happy Condo The Terminal ),1578.0
2635,แฮปปี้คอนโด ดอนเมือง เดอะเทอมินอล (Happy Condo ดอนเมือง The Terminal),1578.0
2636,แฮปปี้คอนโด ดอนเมือง เดอะเทอมินอล (Happy Condo ดอนเมือง The Terminal) (LANx1),1578.0
2637,แฮปปี้คอนโด ดอนเมือง เดอะเทอมินอล (Happycondo Donmuang TheTerminal) (LANx1),1578.0
2638,แฮปปี้คอนโด ลาดพร้าว 101 อาคาร G,1579.0
2641,แฮปปี้คอนโด ลาดพร้าว 101 อาคารเซาท์ (Happy Condo South),
2642,แฮปปี้คอนโด ลาดพร้าว 101 อาคารดี และ อาคารอี,1580.0
2643,แฮปปี้คอนโด ลาดพร้าว 101 อาคารนอร์ธ,1581.0
2644,แฮปปี้คอนโด ลาดพร้าว 101 อาคารนอร์ธ ( Happy Condo North ),1581.0
2645,แฮปปี้คอนโด ลาดพร้าว 101 อาคารนอร์ธ (Happy Condo North ),1581.0
2596,แอ็บสแตร็กส์ สุขุมวิท 66/1 เดอะมูน (Abstract สุขุมวิท 66/1 The Moon ),1564.0
2594,แอ็บสแตร็กส์ สุขุมวิท 66/1 เดอะซัน (Abstract สุขุมวิท 66/1 The Sun ),1563.0
2595,แอ็บสแตร็กส์ สุขุมวิท 66/1 เดอะซัน (Abstract สุขุมวิท 66/1 The Sun )- ส่งเมล์มา ส่งต่อให้ทุกคนแล้ว,1563.0
2597,แอร์ลิงค์ เรสซิเดนซ์ - ส่งเมล์มา ส่งต่อให้ทุกคนแล้ว,1565.0
2598,แอร์ลิงค์ เรสซิเดนซ์ - ส่งเมล์มา2/2/2564 ส่งต่อให้ทุกคนแล้ว,1565.0
2599,แอร์ลิงค์ เรสซิเดนซ์ - ส่งเมล์มาวันที่ 2/2/2564ส่งต่อให้ทุกคนแล้ว,1565.0
2600,แอร์ลิงค์ เรสซิเดนซ์ (Airlink Residence 1 2),1565.0
2601,แอร์ลิงค์ เรสซิเดนซ์ 1 (Airlink Residence 1),1565.0
2602,แอร์ลิงค์ เรสซิเดนซ์ 1 (Airlink Residence 1) (LANx1),1565.0
2603,แอร์ลิงค์ เรสซิเดนซ์ 1 2 (Airlink Residence 1 2),1565.0
2604,แอร์ลิงค์ เรสซิเดนซ์ 1 2 (Airlink Residence 1 2) (LANx2),1565.0
2605,แอร์ลิงค์ เรสซิเดนซ์ 1 2 (Airlink Residence 1 2)- ส่งเมล์มา ส่งต่อให้ทุกคนแล้ว,1565.0
2616,แอร์ลิงค์ เรสซิเดนซ์(Airlink Residence 1  2 ),1565.0
2611,แอร์ลิงค์ เรสซิเดนซ์ เฟส 4 (Airlink Residence 4 ),1569.0
2608,แอร์ลิงค์ เรสซิเดนซ์ เฟส 3 (Airlink Residence Phase 3),1567.0
2609,แอร์ลิงค์ เรสซิเดนซ์ เฟส 3 (Airlink Residence Phase 3)- ส่งเมล์มา ส่งต่อให้ทุกคนแล้ว,1567.0
2610,แอร์ลิงค์ เรสซิเดนซ์ เฟส 3 (อาคาร 6) (Airlink Residence Phase 3),1567.0
2629,แฮปปี้ คอนโด ลาดพร้าว 101 อาคารเอช (Happy Condo ลาดพร้าว 101 H),2000.0
2639,แฮปปี้คอนโด ลาดพร้าว 101 อาคาร G ( Happy Condo ลาดพร้าว 101 G),1579.0
2640,แฮปปี้คอนโด ลาดพร้าว 101 อาคาร G (HAPPY CONDO ลาดพร้าว 101 G),1579.0
2631,แฮปปี้ คอนโดฯ รัชดา 18 ABCD (Happy Condo & Sportclub),
2647,แฮปปี้คอนโดลาดพร้าว 101 อาคารเซ้าท์ (Happy Condo South),
2648,แฮปปี้คอนโดลาดพร้าว 101 อาคารดี และ อาคาร อี,1580.0
2649,โกเด้น นีโอ อ่อนนุช-พัฒนาการ,2911.0
2650,โกรว รัตนาธิเบศร์ คอนโดมิเนียม (Grow),
2651,โกล เด้น ทาวน์ 2 อ่อนนุช-พัฒนาการ,2912.0
2652,โกล เด้น ทาวน์ 2 อ่อนนุช-พัฒนาการ - ส่งเมล์มา ส่งต่อให้ทุกคนแล้ว,2912.0
2653,โกล เด้น ทาวน์ อ่อนนุช-พัฒนาการ,2920.0
2655,โกลเด้น ทาวน์ เฉลิมพระเกียรติฯ-สวนหลวง,2915.0
2656,โกลเด้น ทาวน์ เฉลิมพระเกียรติฯ-สวนหลวง (โกลเด้นทาวน์ 345)),2915.0
2657,โกลเด้น ทาวน์ เพชรเกษม,2916.0
2658,โกลเด้น ทาวน์ วัชรพล - สุขาภิบาล 5,
2659,โกลเด้น ทาวน์ อ่อนนุช-พัฒนาการ,2920.0
2663,โกลเด้น นีโอ อ่อนนุช - พัฒนาการ,
2664,โกลเด้นท์ โคสท์ (Golden Coast ),1584.0
2665,โกลเด้นท์ โคสท์ (GOLDEN COAST),1584.0
2666,โกลเด้นท์โคสท์ (GOLDEN COAST),1584.0
2667,โกลเด้นท์โคสท์ 2 (Golden Coast 2 ) (ชลบุรี),1584.0
2668,โกลเด้นทาวน์ 2 อ่อนนุช - ลาดกระบัง,2922.0
2669,โกลเด้นทาวน์ 2 อ่อนนุช - ลาดกระบัง (GDT 2),2922.0
2670,โกลเด้นทาวน์ 3 บางนาสวนหลวง,
2671,โกลเด้นทาวน์ 3 บางนา-สวนหลวง,
2672,โกลเด้นทาวน์ รัตนาธิเบศร์- สถานีรถไฟฟ้าไทรม้า,2923.0
2673,โกลเด้นทาวน์ รามอินทรา -คู้บอน,
2674,โกลเด้นทาวน์ วังหิน-แตงอ่อน,
2675,โกลเด้นทาว์น วังหิน-แตงอ่อน,
2676,โกลเด้นนครา,2924.0
2679,โคโค่ ซี คอนโดมิเนียม เฟส 1 2,
2680,โคโตบูกิ เพลส คอนโดมิเนียม,1588.0
2681,โคโตบูกิ เพลส คอนโดมิเนียม (Kotobuki Place),1588.0
2682,โคโตบูกิ เพลส คอนโดมิเนียม (KOTOBUKI),1588.0
2683,โคปาคาบาน่า บีช จอมเทียน (Copacabana Beach Jomtien),1589.0
2684,โคปาคาบาน่า บีช จอมเทียน (Copacabana Beach Jomtien) ( LANx3),1589.0
2685,โคปาคาบาน่า บีช จอมเทียน (Copacabana Beach Jomtien) (LANx2),1589.0
2686,โคปาคาบาน่า บีช จอมเทียน (Copacabana Beach Jomtien) (LANx3),1589.0
2687,โครงการ 28CL (ทเวนตี้เอท ชิดลม) (บ.เอสซี แอสเสท คอร์ปอเรชั่น),
2688,โครงการ มีนบุรี 2(บริษัท สัมมากร จำกัด),
2689,โครงการ สวิฟท์ คอนโด_(สวิฟท์ คอนโด เอฟ ( Swift Condo F),292.0
2690,โครงการเคหะชุมชนบ่อนไก่อาคารแฟลต 12 ชั้น ค.1 และ ค.2,
2691,โครงการกัลปพฤกษ์ แกรนด์ พาร์ค จังหวัดเชียงราย,
2692,โครงการบ้านวันดี กลางเมือง มหาชัย,
2693,โชคชัยร่วมมิตร คอนโดมิเนียม,1591.0
2694,โชคชัยร่วมมิตร คอนโดมิเนียม - ส่งเมล์มา ส่งต่อให้ทุกคนแล้ว,1591.0
2695,โซซิโอ เรฟเฟอร์เร้นซ์ 61,
2696,โซซิโอ เรฟเฟอร์เร้นซ์ 61 (Socio Reference 61),
2697,โซซิโอ ร่วมฤดี,
2698,โซซิโอ ร่วมฤดี (Socio ร่วมฤดี),
2699,โซซิโอ อินทามระ (Socio อินทามระ ),1592.0
2700,โซซิโอ อินทามระ (Socio),1592.0
2751,โบ๊ทเฮ้าส์ หัวหิน เอ บี ซี(Boat House A B C),299.0
2752,โบ๊ทเฮ้าส์ หัวหิน เอ บี ซี เดอะ เลจเจ้นท์ และหมู่บ้านจัดสรร (Boat House A B C   The Legend) เพชรบุรี,299.0
2753,โบ๊ทเฮ้าส์ หัวหิน ซี (Boat House C) เพชรบุรี,299.0
2754,โบ๊ทเฮ้าส์ หัวหิน บี (Boat House B) เพชรบุรี,299.0
2755,โบ๊ทเฮ้าส์ หัวหินบี ซี(Boat House B C),299.0
2660,โกลเด้น นีโอ บางนา-กิ่งแก้ว,2921.0
2662,โกลเด้น นีโอ รามอินทรา-วงแหวน,3362.0
2677,โกลเด้นพัทยาคอนโดมิเนียม-ชลบุรี (Golden Pattaya Condominium )(โกลเด้นพัทยาคอนโดมิเนียม-ชลบุรี),1586.0
2701,โทรกลับ Jones Lang (เรื่องเบี้ยปรับ) ส่งเมล์ต่อให้แล้ว . เรียน คุณชุติมา . ตามที่เรียนปรึกษาทางโทรศัพท์ เรื่องของการเซ็ทการคำนวณ surcharge จากเงินต้น . เนื่องจากมีโครงการที่ทาง JLL บริหารและมีการใช้โปรแกรมนี้ จึงอยากขอปรึกษาถึงกรณีเซ็ทวิธีการคำนวณ ขออนุญาตยกตัวอย่างคร่าวๆ ถึงการรับชำระบางส่วน ทั้งภายใน 180 วัน และเกิน 180 วัน ซึ่งอัตราการคำนวณจะแตกต่างกัน . เช่น ณ วันที่ 1/1/21 due date 31/1/21 มีการออกใบแจ้งหนี้ เป็นจำนวนเงิน 9 000บาท  30/6/21 ชำระบางส่วนเท่ากับ 4 000 บาท surcharge 12%   31/10/21 ชำระบางส่วนเท่ากับ 3 000 บาท surcharge 20%  .  โปรแกรมจะสามารถคำนวณการชำระแบบแบ่งจ่ายได้หรือไม่คะ หรือมีวิธีแนะนำไหมคะ . Please do not hesitate to contact me if your require further information. .  Warm regards  Ms.Rungnapa Saewong T +66 (0)7 623 8299  Assistant Accounting Manager  Property and Asset Management M +66 (0)94 395 6479  Jones Lang LaSalle Management Limited F +66 (0)7 623 8298 .,24.0
2705,โทรบ้านรองเมือง หน่วยงาน ของ บ.เบเน่ เบเน่ ติดต่อ คุณโอห์ม 096-737-4737 (ด่วน) (ลูกค้าเข้าโปรแกรมไม่ได้ พึ่งลงโปรแกรม),134.0
2707,โนเบิล แอมเบียนส์ สุขุมวิท 42 (Noble Ambience),1593.0
2708,โนเบิล โซโล -,1594.0
2709,โนเบิล โซโล (Noble Solo),1594.0
2710,โนเบิล ไลท์ (Noble Light),1595.0
2713,โนเบิล จีโอ วัชรพล,2926.0
2714,โนเบิล จีโอ วัชรพล (Noble Geo วัชรพล),2926.0
2715,โนเบิล จีโอ วัชรพล (Noble Geo วัชรพล) - ส่งเมล์มา ส่งต่อให้ทุกคนแล้ว,2926.0
2716,โนเบิล รีเฟล็ก (Noble Reflex),
2717,โนเบิล รีเฟลกซ์,
2718,โนเบิล รีเฟลกซ์ (Noble Reflex),
2719,โนเบิล รีเวนต์,1596.0
2720,โนเบิล รีเวนต์ (Noble Revent),1596.0
2721,โนเบิล รีโว สีลม,1597.0
2722,โนเบิล รีโว สีลม (Noble Revo สีลม ),1597.0
2723,โนเบิล รีโว สีลม (Noble Revo),1597.0
2724,โนเบิล รีมิกซ์,1598.0
2725,โนเบิล รีมิกซ์ ( Noble Remix),1598.0
2726,โนเบิล รีมิกซ์ (Noble Remix),1598.0
2731,โนเบิล อเบิฟ (Noble Above),
2732,โนเบิล อนาวานา,
2733,โนเบิล อนาวานา ปิ่นเกล้า,
2734,โนเบิล อะเบิฟ ไวร์เลส-ร่วมฤดี,
2735,โนเบิล? รีดี,
2736,โนเบิล? รีดี - ส่งเมล์มา ส่งต่อให้ทุกคนแล้ว,
2737,โนเบิล? รีดี (Noble Re D),
2738,โนเบิล? รีดี (Noble Re:D),
2739,โนเบิลเฮ้าส์ พญาไท (Noble House พญาไท),1600.0
2740,โนเบิลเฮ้าส์ พญาไท (Noble House พญาไท) (LANx1),1600.0
2741,โนเบิลรีเฟลกซ์,
2742,โนเบิลรีฟอร์ม (Noble Reform),
2743,โนโววิลล์ ลำลูกกา คลอง 2,2927.0
2744,โบ๊เบ๊ทาวเวอร์ 1 2,1602.0
2745,โบเลโร่ วิลล่า,2928.0
2746,โบ๊ทเฮ้าส์ หัวหิน เอ (Boat House A),299.0
2747,โบ๊ทเฮ้าส์ หัวหิน เอ (Boat House A) เพชรบุรี,299.0
2748,โบ๊ทเฮ้าส์ หัวหิน เอ บี ซี (Boat House A B C ) เพชรบุรี _เดอะ เลจเจ้นท์ (The Legend ) เพชรบุรี),299.0
2749,โบ๊ทเฮ้าส์ หัวหิน เอ บี ซี (Boat House A B C ) เพชรบุรี _เดอะ เลจเจ้นท์ (The Legend ) เพชรบุรี) _ม.โบ๊ทเฮ้าส์ หัวหิน,299.0
2750,โบ๊ทเฮ้าส์ หัวหิน เอ บี ซี (Boat House ABC) เพชรบุรี ( เดอะ เลจเจ้นท์ (The Legend ) เพชรบุรี),299.0
2953,ไอดีโอ บลูโคฟ สาทร,
2711,โนเบิล จีโอ พระราม 5,2925.0
2712,โนเบิล จีโอ พระราม 5 (Noble Geo Rama 5),2925.0
2729,โนเบิล รีวีล ( Noble Reveal ),1599.0
2704,โทรกลับ ศุภาลัยวิลล์พระราม 2 ติดต่อ คุณสมควร 095-5242644 (ด่วน) (ลูกค้าใหม่ยังไม่ซื้อโปรแกรม) (อธิบายขั้นตอนการทำ AP),3305.0
2730,โนเบิล รีวีล(Noble Reveal,1599.0
2727,โนเบิล รีวอล์ฟ รัชดา (NRR),3376.0
2728,โนเบิล รีวอล์ฟ รัชดา (NRR) ( Noble Revolve รัชดา (NRR)),3376.0
2706,โนเบิล เพลินจิต (NOBLE PLOENCHIT (NPC)),3377.0
2756,โบทานิก้า เขาใหญ่ ( โคราช),1607.0
2757,โบทานิก้า เขาใหญ่ (โคราช),1607.0
2758,โฟคัส เพลินจิต,
2759,โฟคัส คอนโดมิเนียม (Focus Condominium ),
2760,โฟคัส ออน ศาลาแดง,1608.0
2761,โฟคัส ออน ศาลาแดง ( Focus on ศาลาแดง ),1608.0
2762,โฟคัสคอนโดมิเนียม (Focus),
2767,โมเดอร์น พร็อพเพอร์ตี้ แมเนจเม้นท์ (Modern Property),
2768,โมเดอร์นโฮมเพลส 1-4 (Modern Home Place ),1611.0
2769,โมเดิร์น คอนโด (Modern Condo),1612.0
2770,โมเดิร์น คอนโด (Modern Condo) (อาคาร C D),1612.0
2771,โมเดิร์น วิลล์ (Modern Ville),
2772,โมเดิร์นทาวน์,
2773,โมเดิร์นทาวน์ (Modern Town),
2774,โมโน ป่าหล่าย,
2775,โมโน ป่าหล่าย (Mono ป่าหล่าย),
2776,โมโน ป่าหล่าย (Mono),
2777,โมดัส บีชฟร้อนท์ คอนโดมิเนียม เอ,1613.0
2778,โมดัส บีชฟร้อนท์ คอนโดมิเนียม เอ (Modus Beachfront A),1613.0
2779,โมดิช รัชดา 32 (Modiz),1614.0
2780,โมทีฟ คอนโด (Motive Condo),1615.0
2783,โรงเรียนนานาชาติ เอไอเอสบี รามอินทรา (AISB ),308.0
2784,โรงเรียนนานาชาติ เอไอเอสบี รามอินทรา (โรงเรียน อนุบาลนานาชาติ ลิตเติ้ลโคอาล่า รามอินทรา) (AISB ),308.0
2785,โรงเรียนอนุบาลนานาชาติลิตเติ้ลโคอาล่า (Little Koala),311.0
2786,โรงเรียนอนุบาลนานาชาติลิตเติ้ลโคอาล่า (Little Koala) (พระราม 4),311.0
2787,โว้ค 16 อาคาร เอ  บี,
2789,โว้ค 31(Voke สุขุมวิท 31),
2790,โว้ค เพลส,
2791,โว้ค เพลส (Vogue Place),
2792,โว้ค เพลส (Voke Place),
2796,โอเชี่ยน เรสซิเดนซ์ (มิตรภาพ-ขอนแก่น),
2797,โอเรียลเต็ล ทาวเวอร์ คอนโดมิเนียม (Oriental Tower Condominium ),1617.0
2798,โอเรียลเท็ล บีช,2929.0
2799,โอเรียลเท็ล บีช รีสอร์ท,2929.0
2800,โอเรียลเท็ล บีช รีสอร์ท (Oriental Beach Resort),2929.0
2801,โอกาส 105 คอนโดมิเนียม,1618.0
2802,โอกาส หัวหิน,1619.0
2803,โอกาส หัวหิน ( ประจวบ),1619.0
2804,โอภัส,314.0
2805,โฮป แอนด์ กาย คอนโดทาวน์,1620.0
2806,โฮป แอนด์ กาย คอนโดทาวน์ ( Hope and Guy Condotown ),1620.0
2807,โฮป แอนด์ กาย คอนโดทาวน์ (Hope and Guy Condotown),1620.0
2808,โฮมเพลส,1611.0
2809,โฮมเพลส (โฮมเพลส เดอะพาร์ค วงแหวน-พระราม 9),2930.0
2810,โฮมเพลส เดอะพาร์ค วงแหวน-พระราม 9,2930.0
2811,โฮมเพลส รังสิต,2931.0
2812,โฮมเพลส รังสิต - ส่งเมล์มา ส่งต่อให้ทุกคนแล้ว,2931.0
2813,โฮมเพลส สุขุมวิท 71,
2814,โฮมเพลส สุขุมวิท 71**** Remote ลงโปรแกรม CM+ลงข้อมูล ให้ โฮมเพลส สุขุมวิท 71 หน่วยงานของ บ.เดอะไนน์ (ด่วน) ลูกค้าโอนเงินมาแล้ว ส่งเมล์ต่อให้ทุกคนแล้ว,
2815,โฮมเพลสรัตนาธิเบศร์,2933.0
2816,ใบหยก 2,1621.0
2817,ใบหยก 2 (LANx1),1621.0
2818,ใบหยก 2 (LANx2),1621.0
2819,ใบหยก 2 (ภูมิภวัน),679.0
2820,ใบหยกทาวเวอร์,1623.0
2823,ไดมอนด์ ทาวเวอร์,1626.0
2824,ไดมอนด์ ทาวเวอร์ ( Diamond Tower ),1626.0
2763,โฟร์สตรีท แมนชั่น,1609.0
2764,โฟร์สตรีท แมนชั่น (Four Street Mansion),1609.0
2821,ไซมิส สุรวงศ์,1625.0
2822,ไซมิส สุรวงศ์  ,1625.0
2795,โว๊ค สุขุมวิท 16 (Voke สุขุมวิท 16 A-B)บ.วัน พร็อพเพอร์ตี้ (One Property),764.0
2794,โว๊ค สุขุมวิท 16 (Voke สุขุมวิท 16 A-B) (บ.วัน พร็อพเพอร์ตี้ (One Property),764.0
2793,โว๊ค สุขุมวิท 16 (Voke สุขุมวิท 16 A-B),764.0
2788,โว้ค 16 อาคาร เอ  บี (Voke 16 A B),764.0
2825,ไดมอนด์ ทาวเวอร์ ( Diamond Tower ) (สีลม),1626.0
2826,ไดมอนด์ ทาวเวอร์ คอนโดมิเนียม ( Diamond Tower Condominium )- ส่งเมล์มา ส่งต่อให้ทุกคนแล้ว,1626.0
2827,ไดมอนด์ ทาวเวอร์ คอนโดมิเนียม (Diamond Tower Condominium ),1626.0
2828,ไดมอนด์ รัชดา คูลเฮ้าส์ ( รัชดา ไดมอนด์คูล) และ City Plus,
2829,ไดมอนด์ รัชดา คูลเฮ้าส์ ( รัชดา ไดมอนด์คูล)) ( City Plus)),
2830,ไดมอนด์ รัชดา คูลเฮ้าส์ ( รัชดา ไดมอนด์คูล))(City Plus),
2831,ไดมอนด์ รัชดา คูลเฮ้าส์ (รัชดา ไดมอนด์คูล),
2832,ไทดีดีลักซ์,1627.0
2833,ไทดีดีลักซ์ (Tidy Deluxe),1627.0
2834,ไทดีดีลักซ์ (สุขุมวิท 34)),1627.0
2835,ไทปิง ทาวเวอร์ส,1630.0
2836,ไทปิง ทาวเวอร์ส - ส่งเมล์มา ส่งต่อให้ทุกคนแล้ว,1630.0
2837,ไทปิงทาวเวอร์ส,1630.0
2838,ไทปิงทาวเวอร์ส - ส่งเมล์มา ส่งต่อให้ทุกคนแล้ว,1630.0
2839,ไทปิงทาวเวอร์ส - ส่งเมล์มาวันที่20/11/2564 ส่งต่อให้ทุกคนแล้ว****(ลูกค้าสะดวกติดตั้งในวันพุธ ที่ 24/11/2564),1630.0
2840,ไทปิงทาวเวอร์ส (LANx1),1630.0
2844,ไทยสมบูรณ์ 3,2937.0
2845,ไนท์แฟรงค์ Knight Frank,
2846,ไนท์บริทจ์ สกายซิตี้ สะพานใหม่,
2847,ไบร์ท วงเวียนใหญ่,1631.0
2848,ไบร์ท วงเวียนใหญ่ (Bright วงเวียนใหญ่),1631.0
2849,ไบร์ท สุขุมวิท 24,1632.0
2850,ไบร์ท สุขุมวิท 24 - ส่ง Format Excel มาให้ Import (ด่วน) ลูกค้าลงโปรแกรม เมื่อวาน ส่งต่อให้ทุกคนแล้ว,1632.0
2851,ไบร์ท สุขุมวิท 24 (Bright สุขุมวิท 24),1632.0
2852,ไพรเวซี่ ลาดพร้าว เสนา,
2853,ไพรเวซี่ ลาดพร้าว เสนา (Privacy ลาดพร้าว เสนา),
2854,ไพรเวซี่ ลาดพร้าว เสนา (เดอะ ไพรเวซี่ ลาดพร้าว-วังหิน),
2855,ไพรเวท เนอวานา เรสซิเดนซ์,2938.0
2856,ไพรเวท เนอวานา เรสซิเดนซ์ (Privana Nirvana Residence ),2938.0
2857,ไพรเวท เนอวานา เรสซิเดนซ์ (Privana Nirvana Residence ) - ส่งเมล์มา ส่งต่อให้ทุกคนแล้ว,2938.0
2858,ไพรเวท เนอวานา เรสซิเดนซ์ (Privana Nirvana Residence )- ส่งเมล์มา ส่งต่อให้ทุกคนแล้ว,2938.0
2859,ไพรเวท เนอวานา เรสซิเดนซ์ (Private Nirvana Residence),2938.0
2860,ไพรเวท เนอวานา เรสซิเดนซ์ (Private Nirvana Residence) - ส่ง Email ให้ทุกคนแล้ว,2938.0
2861,ไพรเวท รามอินทรา,2939.0
2862,ไพรเวท รามอินทรา (Private รามอินทรา),2939.0
2863,ไพรม แมนชั่น (Prime Mansion),
2864,ไม่รับสาย ตัดเข้าระบบ voice mail service -เฟรเกรนท์ 71 คอนโดนิเนียม (Fragrant 71),1374.0
2865,ไมล์สโตน คอนโดมิเนียม เสรีไทย,1633.0
2866,ไมล์สโตน คอนโดมิเนียม เสรีไทย (Mile Stone),1633.0
2867,ไมอามี่ บางปู เฟส 2-3 (Miami บางปู 2-3 ),
2869,ไมอามี่บางปู,1237.0
2872,ไรมอนพาร์ค (Raimond Park),2942.0
2873,ไลบรารี่ เฮ้าส์,1634.0
2874,ไลบรารี่ เฮ้าส์ (Library House),1634.0
2875,ไลบรารี่ เฮ้าส์ จรัญ 13 ( Library House จรัญ 13),1634.0
2876,ไลบรารี่ เฮ้าส์ จรัญ 13 (Library House จรัญ 13),1634.0
2877,ไลฟ์ แอด พหล-อารีย์,1636.0
2878,ไลฟ์ แอด พหล-อารีย์ ( LiFe @ พหล-อารีย์ ),1636.0
2879,ไลฟ์ แอด พหล-อารีย์ ( LiFe @ พหล-อารีย์ )- ส่งเมล์มา ส่งต่อให้ทุกคนแล้ว,1636.0
2880,ไลฟ์ แอด รัชดา - สุทธิสาร ( Life @ รัชดา - สุทธิสาร),1637.0
2881,ไลฟ์ แอด รัชดา - สุทธิสาร ( LiFt @ รัชดา - สุทธิสาร),1637.0
2882,ไลฟ์ แอด รัชดา-สุทธิสาร ( LiFt @ รัชดา - สุทธิสาร),1637.0
2841,ไทม์โฮม (สวนหลวง-อ่อนนุช) (Time Home),2936.0
2870,ไรมอนด์ แลนด์ สีลม (Raimon Land Silom Company Limited.)- ( เดอะ ลอฟท์ สีลม (The Loft สีลม),1181.0
2871,ไรมอนด์ แลนด์ สีลม (Raimon Land Silom Company Limited.)-(เดอะ ลอฟท์ สีลม(The Loft สีลม),1181.0
2883,ไลฟ์ แอด รัชดา-สุทธิสาร(Smart Service),1637.0
2884,ไลฟ์ แอด สาทร 10,
2885,ไลฟ์ แอด สาทร 10 (Life @ สาทร 10),
2886,ไลฟ ซอย 12,
2887,ไลฟ์ บางกอก บลูเลอวาร์ด - รามอินทรา,
2888,ไลฟ์ บางกอก บลูเลอวาร์ด - รามอินทรา- ส่งเมล์มา ส่งต่อให้ทุกคนแล้ว,
2889,ไลฟ์ บางกอก บลูเลอวาร์ด รามอินทรา - ส่ง Format Excel มาให้ Import ส่งต่อให้ทุกคนแล้ว>>,
2890,ไลฟ์ บางกอก บูเลอวาร์ด ราชพฤกษ์-จรัญสนิทวงศ์,2944.0
2891,ไลฟ์แอทสุขุมวิท (First Pacific),
2892,ไลฟ์บางกอก บูเลอวาร์ด รามอินทรา,3075.0
2893,ไลฟ์บางกอก บูเลอวาร์ด รามอินทรา - ส่งเมล์มา ส่งต่อให้ทุกคนแล้ว,3075.0
2894,ไวโอ แคราย (Vio-แคราย),1639.0
2895,ไวโอ แคราย 2,1640.0
2896,ไวโอ แคราย 2 (Vio-แคราย 2),1639.0
2897,ไวโอ้แคราย,
2898,ไวท์แซนด์บีช (White Sand Beach),1524.0
2899,ไวท์แซนบีช,
2900,ไวร์ รัชดา 19,1641.0
2901,ไวร์ รัชดา 19 ( Wire รัชดา 19 ),1641.0
2902,ไอ คอนโด งามวงศ์วาน 2,1642.0
2903,ไอ คอนโด พลัส (อุบล) (I Condo Plus) (ICP),
2904,ไอ คอนโด ศาลายา 2,1643.0
2905,ไอ คอนโด ศาลายา 2 ( I Condo ศาลายา 2 ),1643.0
2906,ไอ อาร์ เอ็ม (บ้านกาญจนาพรหม),
2907,ไอเจ้นท์ พรีเมียม ทาวน์โฮม (พระราม 9),
2911,ไอ-เฮ้าส์ ลากูน่าการ์เด้น 2 -3 (I House Laguna Garden 2-3),1647.0
2912,ไอ-เฮ้าส์ ลากูน่าการ์เด้น 2 -3(I House Laguna Garden 2-3),1647.0
2913,ไอ-เฮ้าส์ ลากูน่าการ์เด้น 2 3 (I House Laguna Garden 2 3 ),1647.0
2914,ไอ-เฮ้าส์ ลากูน่าการ์เด้น 2 3 (I House Laguna Garden 2 3 ) (LANx1 ),1647.0
2915,ไอ-เฮ้าส์ลากูน่าการ์เด้นท์ 2-3,
2916,ไอคอน 1,
2917,ไอคอน 1 (Icon 1),
2918,ไอคอนโด เกษตรนวมินทร์,1648.0
2919,ไอคอนโด เกษตรนวมินทร์ - ส่ง Email ให้ทุกคนแล้ว,1648.0
2920,ไอคอนโด เกษตรนวมินทร์ - ส่งเมล์มา ส่งต่อให้ทุกคนแล้ว,1648.0
2921,ไอคอนโด เกษตรนวมินทร์ ( I Condo ไอคอนโด เกษตรนวมินทร์ ),1648.0
2922,ไอคอนโด เพชรเกษม 39,1649.0
2923,ไอคอนโด เพชรเกษม 39 - ส่งเมล์มา ส่งต่อให้ทุกคนแล้ว,1649.0
2924,ไอคอนโด เสรีไทย,1650.0
2925,ไอคอนโด แอคทีฟ พัฒนาการ,1651.0
2926,ไอคอนโด งามวงศ์วาน 1,1652.0
2927,ไอคอนโด ศาลายา,1653.0
2928,ไอคอนโด สุขาภิบาล 2,1654.0
2929,ไอคอนโด สุขุมวิท 103,1655.0
2930,ไอคอนโด สุขุมวิท 105-1,1656.0
2931,ไอคอนโด สุขุมวิท 105-1 (LANx1),1656.0
2932,ไอคอนโด สุขุมวิท 105-1(LANx1),1656.0
2933,ไอคอนโด สุขุมวิท 105-1 2,1656.0
2934,ไอคอนโด สุขุมวิท 105-1 2 (LANx1),1656.0
2935,ไอคอนโด สุขุมวิท 105-2,1657.0
2936,ไอคอนโด สุขุมวิท 105-2 (LANx1),1657.0
2937,ไอคอนโด สุขุมวิท 105-2(LANx1),1657.0
2938,ไอคอนโด สุขุมวิท 105-3,1658.0
2939,ไอคอนโด สุขุมวิท 105-3 (LANx1),1658.0
2940,ไอคอนโด สุขุมวิท 105-3(LANx1),1658.0
2941,ไอคอนโด สุขุมวิท 77,1661.0
2942,ไอคอนโด สุขุมวิท 77 เฟส 2,1660.0
2943,ไอดีโอ โมบิ จรัญ-อินเตอร์เชนจ์ (Ideo Mobi จรัญ-Interchange),1664.0
2944,ไอดีโอ โมบิ จรัญ-อินเตอร์เชนจ์ (Ideo Mobi จรัญ-Interchange) - ส่งเมล์มา ส่งต่อให้ทุกคนแล้ว,1664.0
2945,ไอดีโอ โมบิ พญาไท (Ideo Mobi พญาไท ),1665.0
2946,ไอดีโอ คิว พญาไท,1666.0
2947,ไอดีโอ คิว ราชเทวี,
2948,ไอดีโอ คิว สยาม ราชเทวี,
2949,ไอดีโอ คิว สยาม ราชเทวี (Ideo Q Siam ราชเทวี),
2950,ไอดีโอ คิว สุขุมวิท 36 (Ideo Q),1667.0
2951,ไอดีโอ คิวราชเทวี,
2952,ไอดีโอ ท่าพระ อินเตอร์เชนจ์,
2954,ไอดีโอ บลูโคฟ สาทร ( Ideo BluCove),
2955,ไอดีโอ บลูโคฟ สาทร (Ideo Blue Cove สาทร),
2956,ไอดีโอ มิกซ์ พหลโยธิน ( Ideo Mix พหลโยธิน),1669.0
2957,ไอดีโอ รัชดา - ห้วยขวาง,1670.0
2958,ไอดีโอ รัชดา-ห้วยขวาง,1670.0
2959,ไอดีโอ ลาดพร้าว 17,1671.0
2960,ไอดีโอ ลาดพร้าว 17 ( Ideo ลาดพร้าว 17 ),1671.0
2961,ไอดีโอ ลาดพร้าว17,1671.0
2962,ไอดีโอ ลาดพร้าว17 ( Ideo ลาดพร้าว17 ),1671.0
2963,ไอดีโอ สาทร-ตากสิน (Ideo สาทร-ตากสิน ),1672.0
2964,ไอดีโอ สาทร-ตากสิน (Ideo สาทร-ตากสิน),1672.0
2965,ไอดีโอคิวพญาไท,1666.0
2971,ไอฟิลด์ บางนา,
2975,ไอริส แอเวนิว อาคาร 2- 5 (Iris Avenue 2-5),
2976,ไอริส แอเวนิว-อาคาร 1,
2977,ไอริส แอเวนิว-อาคาร 1 - ส่งเมล์มา ส่งต่อให้ทุกคนแล้ว,
2978,ไอริส แอเวนิว-อาคาร 1 ( Iris Avenue 1 ),
2979,ไอริสแอเวนิวอาคาร 4,1678.0
2980,ไอริสแอเวนิวอาคาร 4 (2-5 ) (Iris Avenue 4),1678.0
2981,ไอริสแอเวนิวอาคาร 4 (2-5 ) (Iris Avenue 4) (ไอริสลาดกระบัง),1678.0
2982,ไอริสแอเวนิวอาคาร 4 (2-5),1678.0
2983,ไอลีฟ ไพร์ม พระราม 2 กม.14,
2984,ไอลีฟ ทาวน์ 1 พระราม 2 กม.14 ( I Leaf Town 1 Rama2 ),2945.0
2985,ไอลีฟ ทาวน์ 1 พระราม 2 กม.14 ( I Live Town 1 Rama2 ),2945.0
2986,ไอลีฟ ทาวน์ 1 พระราม 2 กม.14 ( I Live Town 1 Rama2 ) (LANx1),2945.0
2987,ไอลีฟ ทาวน์ 1 พระราม 2 กม.14 (I Live Town 1 Rama2),2945.0
2988,ไอลีฟ พาร์ค 1 พระราม 2 กม.14 ( I Leaf Park 1 Rama2 ),2946.0
2989,ไอลีฟ พาร์ค 1 พระราม 2 กม.14 ( I Live 1 Rama2 ),2946.0
2990,ไอวี่ ปิ่นเกล้า,
2991,ไอวี่ ปิ่นเกล้า - ส่งเมล์มา ส่งต่อให้ทุกคนแล้ว,
2992,ไอวี่ ปิ่นเกล้า (Ivy ปิ่นเกล้า),
2993,ไอวี่ ริเวอร์,1680.0
2994,ไอวี่ ริเวอร์ - ส่งเมล์มา ส่งต่อให้ทุกคนแล้ว,1680.0
2995,ไอวี่ สาทร,
2996,ไอวี่ สาทร 10,
2997,ไฮไลฟ์ดีเวลลอปเม้นท์ (Hylife Development) (เชียงใหม่),371.0
2998,ไฮด์ สุขุมวิท (13 )(Hyde สุขุมวิท13),1681.0
2999,ไฮด์ สุขุมวิท (-13 )(Hyde -สุขุมวิท-13),1681.0
3000,ไฮด์ สุขุมวิท 11,1682.0
3001,ไฮด์ สุขุมวิท 11 ( Hyde-สุขุมวิท 11 ),1681.0
3002,ไฮด์ สุขุมวิท 11 (Hyde 11),1681.0
3003,ไฮด์ สุขุมวิท 13 (Hyde 13),1681.0
3004,ไฮด์ สุขุมวิท 13 (Hyde สุขุมวิท 13),1681.0
3005,ไฮฟ์ ตากสิน,1683.0
3006,ไฮฟ์ ตากสิน - ส่งเมล์มา ส่งต่อให้ทุกคนแล้ว,1683.0
3007,ไฮฟ์ ตากสิน ( Hive-ตากสิน ),1683.0
3008,ไฮฟ์ ตากสิน (Hive ตากสิน),1683.0
3009,ไฮฟ์ สาทร,1684.0
3010,ไฮฟ์ สาทร ( Hive สาทร),1684.0
3011,กมลพรรณ,1687.0
3012,กมลพรรณ (LANx1),1687.0
3013,กมลภู,1686.0
3014,กมลา รีเจ้นท์ คอนโดมิเนียม,1689.0
3015,กมลา รีเจ้นท์ คอนโดมิเนียม -(ภูเก็ต -จีวัน แลนด์),1689.0
3016,กมลา รีเจ้นท์ คอนโดมิเนียม (ภูเก็ต),1689.0
3017,กมลา รีเจ้นท์ คอนโดมิเนียม (ภูเก็ต) (LANx1),1689.0
3018,กรีเน่ แจ้งวัฒนะ คอนโดมิเนียม,1690.0
3019,กรีเน่ คอนโด ดอนเมือง-สรงประภา เฟส 1,1692.0
3020,กรีเน่ คอนโด ดอนเมือง-สรงประภา เฟส 2,1693.0
3021,กรีเน่ คอนโด ดอนเมือง-สรงประภา เฟส 2 (Grene Phase 2),1693.0
3022,กรีเน่ คอนโด ดอนเมือง-สรงประภา เฟส 2 (Grene),1693.0
3023,กรีนเพลส รอยัลพาร์ค,
3024,กรีนเพลส รอยัลพาร์ค (Green Place Royal Park),
3025,กรีนเลค คอนโด,1694.0
2966,ไอทีเอฟ - ทาวเวอร์ ( ITF Tower ),1675.0
2967,ไอทีเอฟ - ทาวเวอร์ (ITF Tower ),1675.0
2968,ไอทีเอฟ - ทาวเวอร์ (ITF Tower),1675.0
2969,ไอทีเอฟ - ทาวเวอร์ (ITF Tower) (LANx2),1675.0
3026,กรีนเลค คอนโด (ชลบุรี),1694.0
3027,กรีนเลค คอนโด (ชลบุรี) (Green Lake Condo ),1694.0
3028,กรีนเลค คอนโด (ชลบุรี)-ศรีราชา (Green Lake Condo ),1694.0
3029,กรีนเลค คอนโด (ชลบุรี)-ศรีราชา (Green Lake Condo )- ส่งเมล์มา ส่งต่อให้ทุกคนแล้ว,1694.0
3030,กรีนเลค คอนโด (ชลบุรี-ศรีราชา) (Green Lake Condo ),1694.0
3031,กรีนเลค คอนโด (หนึ่ง  สอง  สาม  สี่) (ชลบุรี)-ศรีราชา (Green Lake 1-4) - ส่งเมล์มา ส่งต่อให้ทุกคนแล้ว,1694.0
3032,กรีนเลค คอนโด หนึ่ง (ชลบุรี)-ศรีราชา (Green Lake Condo 1 ),1694.0
3033,กรีนเลค คอนโด หนึ่ง สอง สาม และสี่ (ชลบุรี)-ศรีราชา (Green Lake Condo 1 2 3 4 ),1694.0
3034,กรีนพีช แมนชั่น,1700.0
3035,กรีนพีช แมนชั่น (Green Peace Mansion),1700.0
3036,กรีนวิลล์ ( Green Vile ),2947.0
3037,กรุงเทพ แอสเซ็ท แอนด์ คอนซัลแทนท์ จำกัด,378.0
3038,กรู๊ฟ ไวบส์ ลาดพร้าว 18,
3039,กรู๊ฟ รัชดา-ลาดพร้าว (Groove รัชดา-ลาดพร้าว),1702.0
3040,กรูฟวิลล์ ลำลูกกา คลอง 4 (Groove Ville ลำลูกกา คลอง 4 ),2948.0
3041,กรูฟวี่ คอนโด ศรีราชา เอฟ (Groovy F),1703.0
3042,กรูฟวี่ คอนโด ศรีราชา ซี (Groovy C),1704.0
3043,กรูฟวี่ คอนโด ศรีราชา ซี เอฟ (Groovy C F),1704.0
3044,กรูฟวี่ คอนโด ศรีราชา บี (Groovy B),1705.0
3045,กรูฟวี่ คอนโด ศรีราชา บี ซี เอฟ,1705.0
3046,กรูฟวี่ คอนโด ศรีราชา บี ซี เอฟ (Groovy B C F),1705.0
3047,กรูฟวี่ คอนโด ศรีราชา บี ซี เอฟ (Groovy Condo B C F) - ส่ง Format Excel มาให้เช็คก่อนลงโปรแกรม (ด่วน) ลูกค้าใหม่ ยังไม่ได้ลงโปรแกรม,1705.0
3048,กฤษดา ลากูน,2949.0
3049,กฤษดาโกลเด้น คอนโดเทล คลิฟแอนด์พาร์ค,1707.0
3050,กฤษดานคร 19,2950.0
3051,กลอรี่ เฮ้าส์ 94/2 ( Glory House 94-2 ),2951.0
3052,กลางกรุงรีสอร์ท A1,1708.0
3053,กล้าตะวันเรสซิเดนซ์ ปทุมธานี (Kla Tawan Residence),
3054,กอล์ฟ วิว,
3055,กัลปพฤกษ์ แกรนด์ เฟส 1 จังหวัด นครศรีธรรมราช,
3056,กัลปพฤกษ์ ซิตี้พลัส ราชบุรี,1709.0
3058,กัสโต้ พหลโยธิน-รามอินทรา,2955.0
3059,กัสโต้ พหลโยธิน-สายไหม,2956.0
3060,กัสโต้ พหลโยธิน-สายไหม - ส่งเมล์มา ส่งต่อให้ทุกคนแล้ว,2956.0
3064,กัสโต้ สาทร-ตากสิน (Gusto สาทร-ตากสิน ),2961.0
3065,กัสโต้เทพารักษ์ (Gusto- เทพารักษ์),2962.0
3066,กาญจน์กนกวิลล์ 5 (Karnkanok Ville 5),2963.0
3067,กานดา ริมคลอง 2,2964.0
3068,การ์เด้นคอร์ท,838.0
3069,การ์ดิเนีย (Gardenia ) ( ชลบุรี),
3070,กิตตินคร การ์เด้นวิลล์,2965.0
3071,กิตติอร เรสซิเด้นซ์,388.0
3072,กิตติอร เรสซิเด้นซ์ และ กิตติอร อพาร์ทเม้นท์,388.0
3073,กิตติอร อพาร์ทเม้นท์,389.0
3074,คณาพญา เรสซิเด๊นซ์,1711.0
3075,คณาพญา เรสซิเด๊นซ์ - ส่ง Format Excel มาให้ Import ส่งต่อให้ทุกคนแล้ว,1711.0
3076,คณาพญา เรสซิเด๊นซ์ - ส่งเมล์มา ส่งต่อให้ทุกคนแล้ว,1711.0
3077,คณาพญา เรสซิเด๊นซ์ ( บ. คณาพญา พร็อพเพอร์ตี้ ),396.0
3078,คณาพญา เรสซิเด๊นซ์ ( บ. คณาพญา พร็อพเพอร์ตี้ ) (LANx1),396.0
3079,คณาพญา เรสซิเด๊นซ์- ส่ง Format Excel มาให้ Import ส่งต่อให้ทุกคนแล้ว,1711.0
3080,คณาพญา เรสซิเด๊นซ์?,1711.0
3081,คณาพญา เรสซิเด๊นซ์?- ส่งเมล์มา ส่งต่อให้ทุกคนแล้ว,1711.0
3082,คริสตัลการ์เด้น (Crystal Garden),
3083,คฤหาสน์ทายาท,2966.0
3084,คลองจั่นเพลส,1713.0
3085,คลองตันคอนโดมิเนียม,1715.0
3086,คลับ รอยัล ซี แอนด์ ดี ( Club Royal C and D ),1716.0
3087,คลับ รอยัล ซี แอนด์ ดี (Club Royay C & D)(ชลบุรี),1716.0
3088,คลาส สยาม (Klass Siam),1717.0
3061,กัสโต้ ราชพฤกษ์-พระราม 5,2957.0
3062,กัสโต้ รามคำแหง,2958.0
3089,คลาส สารสิน – ราชดำริห์,1718.0
3090,คลาสสีลม ( Klass Silom),1720.0
3091,ควอด สีลม,1721.0
3092,ควินน์ คอนโด (Quinn รัชดา 17 ),
3093,ควินน์ คอนโด (Quinn รัชดา 17 ) (LANx4),
3094,ควินน์ คอนโด(Quinn รัชดา 17 ),
3095,ควินน์ คอนโด(Quinn รัชดา 17),
3096,ควินน์ สุขุมวิท 101,2792.0
3097,ควินน์ สุขุมวิท 101 (Quinn),2792.0
3098,คอนเนค 1 (Connext 1) (ภูเก็ต),
3099,คอนโด เดอะ เน็กซ์ สุขุมวิท 52 การ์เด้น มิกซ์ (เดอะเน็กซ์ การ์เด้นท์ มิกซ์ ),1201.0
3100,คอนโด เลต พิกเซล สาทร,1729.0
3101,คอนโด เลต พิกเซล สาทร (Condolette Pixel สาทร),1729.0
3102,คอนโด บีนู เรสสิเดนซ์ (Benu Residence) (สงขลา),403.0
3103,คอนโด บีนู เรสสิเดนซ์ (สงขลา) ( Benu Residence ),403.0
3104,คอนโด บีนู เรสสิเดนซ์ (สงขลา) ( Renu Residence ),403.0
3105,คอนโด ยู แอท หัวหมาก สเตชั่น,1722.0
3106,คอนโด ยู แอท หัวหมาก สเตชั่น ( Condo U @ หัวหมาก Station),1722.0
3107,คอนโด ยู แอท หัวหมาก สเตชั่น (Condo U @ หัวหมาก Station),1722.0
3108,คอนโด วัน เอ็กซ์ สาทร-นราธิวาส (Condo One X สาทร-นราธิวาส ),1723.0
3109,คอนโด วัน เอ็กซ์ สาทร-นราธิวาส (Condo One X สาทร-นราธิวาส ) (LANx1),1723.0
3110,คอนโด วัน เอ็กซ์ สาทร-นราธิวาส (Condo One X),1723.0
3111,คอนโด สิริ ศรี-ลาซาล,
3112,คอนโดเชน หัวหิน,1724.0
3113,คอนโดเชน หัวหิน (Condo Chain),1724.0
3114,คอนโดเทลคลิฟ แอนด์ บีช (เพชรบุรี) ( Condotel Cliff and Beach ),1726.0
3115,คอนโดเลต ไลท์ คอนแวนต์ (Condolette Light Convent),
3116,คอนโดเลต ไลท์ คอนแวนต์ (Condolette Lite Convent),
3117,คอนโดเลต ไอซ์ ราชเทวี - ส่งเมล์มา ส่งต่อให้ทุกคนแล้ว (CONDOLETTE IZE),1727.0
3118,คอนโดเลต ไอซ์ ราชเทวี (Condolette Ize),1727.0
3119,คอนโดเลต ไอซ์ ราชเทวี (Condolette Ize)- ส่งเมล์มา ส่งต่อให้ทุกคนแล้ว,1727.0
3120,คอนโดเลต ดเวล สุขุมวิท 26 (Condolette Dwell สุขุมวิท 26),1728.0
3121,คอนโดเลต พิกเซล สาทร (Condolette Pixel สาทร),1729.0
3122,คอนโดเลต มิสท์ พระราม 9 ( Condolette Midst Rama 9),1730.0
3123,คอนโดเลต มิสท์ พระราม 9 ( Condolette Mist Rama 9),1730.0
3124,คอนโดเลต มิสท์ พระราม 9 (Condolette Mist Rama9),1730.0
3125,คอนโดเลต มิสท์ พระราม 9(CONDOLETTE MIST RAMA9),1730.0
3126,คอนโดเลต ลาดพร้าว,1732.0
3127,คอนโดเลต ลาดพร้าว ( Condolette-ลาดพร้าว ),1732.0
3128,คอนโดเลต ลาดพร้าว (Condolette ลาดพร้าว),1732.0
3129,คอนโดเลตพิกเซล (สาทร) (Condolette Pixel),
3130,คอนโดเลตพิกเซล -สาทร,
3132,คอนโดมิเนียม จี (คอนโดมิเนียมซีดีเอฟจี บ้านฉาง -ระยอง),1737.0
3133,คอนโดมิเนียม จี (คอนโดมิเนียมซีดีเอฟจี บ้านฉาง -ระยอง) ( Condominium CDEFG ),1737.0
3134,คอนโดมิเนียม จี (คอนโดมิเนียมซีดีอีเอฟจี บ้านฉาง -ระยอง) ( Condominium CDEFG ),1737.0
3135,คอนโดมีสุข อาคาร เอ และ บี (ฉะเชิงเทรา ),1738.0
3136,คอนโดวัน สุขุมวิท 52 คอนโดมิเนียม ( Condo One สุขุมวิท 52 Condominium ),1740.0
3137,คอนโดวัน สุขุมวิท 52 คอนโดมิเนียม (Condo One สุขุมวิท 52),1740.0
3138,คอนโดวัน สุขุมวิท 67 คอนโดมิเนียม,1741.0
3139,คอนโดวัน สุขุมวิท67 คอนโดมิเนียม,1741.0
3140,คอนโดวิว นกยูง คอนโดมิเนียม,1742.0
3141,คอมพลีท ราชปรารภ,1257.0
3142,คอมมอนเวลธ์ ปิ่นเกล้า,1743.0
3146,คันทรี่ คอมเพล็กซ์ อาคาร ซี (Country Complex C ),1745.0
3147,คันทรี่ คอมเพล็กซ์ อาคาร ซี (Country Complex C),1745.0
3148,คันทรี่ คอมเพล็กซ์ อาคาร ซี (Country Complex C) - ส่ง Email ให้ทุกคนแล้ว,1745.0
3131,คอนโดซีแอนด์สกายภูเก็ต (Sea & Sky ภูเก็ต),581.0
3149,คันทรี่ คอมเพล็กซ์ อาคาร ซี (Country Complex C) - ส่งเมล์มา ส่งต่อให้ทุกคนแล้ว,1745.0
3150,คันทรี่ คอมเพล็กซ์ อาคาร บี (Country Complex B ),1748.0
3151,คันทรี่ คอมเพล็กซ์ อาคารซี - ส่งเมล์มา ส่งต่อให้ทุกคนแล้ว (โทรมาคุยแล้วใช้เอกสารคัวเดิมได้),1745.0
3152,คันทรี่คอมเพล็กซ์ อาคาร บี (Country Complex B ),1748.0
3153,คันทรี่คอมเพล็กซ์ อาคารเอ,
3154,คันทรี่คอมเพล็กซ์ อาคารเอ (Country Complex A),
3155,คัลเลอร์ลิฟวิ่ง (บ้านเทพารักษ์ 1),1749.0
3156,คัลเลอร์ลิฟวิ่ง (บ้านเทพารักษ์ 1) (Color Living),1749.0
3157,คาซ่า เพิ่มสิน วัชรพล (ม.คาซ่า ซิตี้ วัชรพล เพิ่มสิน ),
3158,คาซ่า เวล่า โฮเต็ล คอนโดมิเนียม (สุราษฎร์ธานี )),1751.0
3159,คาซ่า เอสปันญ่า คอนโดมิเนียม (Casa Espana Condominium) (ชลบุรี),1752.0
3160,คาซ่า แกรนด์ เพชรเกษม-สาย 1,
3161,คาซ่า คอนโด รัชดา-ราชพฤกษ์,
3162,คาซ่า คอนโด สุขุมวิท 97,1753.0
3163,คาซ่า คอนโดศรีราชา อาคาร เอ,
3164,คาซ่า ซิตี้ กิ่งแก้ว-สุวรรณภูมิ,
3165,คาซ่า ซิตี้ ดอนเมือง,
3166,คาซ่า ซิตี้ บางนา,
3167,คาซ่า ซีไซด์ ระยอง,
3168,คาซ่า พรีเมี่ยม พระราม 2,
3169,คาซา ริวา วิสต้า 2 (Casa Riva Vista 2),1755.0
3170,คาซ่า วิลล์ บางนา-สุวรรณภูมิ,2968.0
3171,คาซ่าแกรนด์ สุขาภิบาล 5,2969.0
3172,คาซ่าซิตี้ เอกมัย - รามอินทรา นวลจันทร์ 2,2971.0
3173,คาซ่าซิตี้ วัชรพล-เพิ่มสิน,2972.0
3174,คาซาลูนา พาราดิโซ คอนโดมิเนียม ซี,
3175,คาซาลูนา พาราดิโซ คอนโดมิเนียม ซี (Casaluna Paradiso C ),
3179,คาซาวดี  KS Property,406.0
3180,คาซ่าวิลล์ บางนา - เทพารักษ์,2973.0
3181,คาซ่าวิลล์ ราชพฤกษ์-รัตนาธิเบศร์ 2,2974.0
3182,คาซ่าวิลล์ รามอินทรา-วงแหวน,2975.0
3183,คาซ่าวิลล์ วัชรพล,2976.0
3184,คาซ่าวิลล์ ศรีนครินทร์,
3185,คาซ่าวิลล์ สุขาภิบาล 5,2977.0
3186,ค่าซ่าวิลล์พระราม 2,
3187,คาซ่าวีว่า,1758.0
3188,คาร์โก้ คัสตอมส์ เซอร์วิส (Cargo Customs Service) (WT),104.0
3189,คาร์พิเดียม คอนโดทาวน์ ระยอง,
3190,คาล์มเพ้นท์เฮ้าส์ อารีย์,
3191,คาล์มเพนท์เฮ้าส์ อารีย์ (Kalm Penthouse),
3192,คิว คอนโด อโศก,1760.0
3193,คิว คอนโด อโศก (Q Condo อโศก),1760.0
3194,คิว ซีไซด์ หัวหิน,1761.0
3195,คิว ซีไซด์ หัวหิน (QSS),1761.0
3196,คิว ซีไซด์ หัวหิน (QSS) Q Seaside ประจวบ)),1761.0
3197,คิวเฮ้าส์ คอนโด สาทร,
3198,คิวเฮ้าส์ คอนโด สาทรลูกค้าส่งเมล์มาแล้ว ส่งต่อให้ทุกคนแล้ว,
3199,คิวเฮ้าส์ คอนโด สุขุมวิท 79,1763.0
3200,คิวเฮ้าส์ คอนโด สุขุมวิท 79 (Q House Condo สุขุมวิท 79 ),1763.0
3201,คิวเฮ้าส์ คอนโด สุขุมวิท 79 (Q House สุขุมวิท 79),1763.0
3202,คิวเฮ้าส์ คอนโด สุขุมวิท 79 (Q House),1763.0
3203,คิวหลังสวน,1764.0
3204,คีนน์ บาย แสนสิริ,1765.0
3205,คีรีคาม,411.0
3206,คุณธนภูมิ อนันตฤดี (บ.สหมงคลสิน) (เอ็มที เฮาส์ (K.เอ)(MT House),415.0
3207,คุณน้ำอ้อย หวังวรภิญโญ (GL ซื้อส่วนตัว),549.0
3208,คุณปาทิตตา ท้าวเที่ยงธรรม (GL),418.0
3209,คุณยุพิณ ศรีวิลัย **(ซื้อส่วนตัว GL)**,
3212,คุณากรชัย เรสซิเด็นซ์,1766.0
3176,คาซาลูนา พาราดิโซ คอนโดมิเนียม บี (ชลบุรี) ( Casaluna Paradiso B ),1757.0
3213,คูณสุขวิลล์,1767.0
3214,คูณสุขวิลล์ ( ตึก AB CD EF ),
3215,คูณสุขวิลล์ ( ตึก AB EF CD),
3216,คูณสุขวิลล์ (LANx1),
3217,คูล คอนโด พระราม 7 (Cool Condo Rama7 ),1772.0
3218,คูลคอนโด พระราม 7 (Cool Condo Rama7 ),1772.0
3219,จรัลสนิทวงศ์ คอนโดมิเนียม,1773.0
3220,จอนนี่ทาวเวอร์ ( Johnny Tower),1775.0
3221,จันทบุรีสามัคคีร่วมใจ (แซฟไฟร์ทาวเวอร์ (Sapphire Tower)),427.0
3222,จัสมิน เรสซิเด้นท์ (พัทยา) ( Jasmine Residence Pattaya Condominium Juristic Person),22.0
3223,จาด้า บีช คอนโดมิเนียม (ชลบุรี) (Jada Beach),1779.0
3224,จาด้า บีช คอนโดมิเนียม (ชลบุรี) Jada Beach,1779.0
3225,จาด้า บีช คอนโดมิเนียม ชลบุรี,1779.0
3226,จินตนา อพาร์ทเม้นท์,395.0
3231,จี สไตล์ คอนโด 1 (G Style Condo 1),1781.0
3232,จี สไตล์ คอนโด 1 -2 (G Style Condo 1-2),1781.0
3233,จี สไตล์ คอนโด 1 -2(G Style Condo 1-2),1781.0
3234,จี สไตล์ คอนโด 1(G STYLE CONDO 1),1781.0
3235,จี สไตล์ คอนโด 1 2 (G Style Condo 1 2),1781.0
3237,จี-วัน คอนโด (G-1 Condo ),1783.0
3238,จูเวลเลอรี่ เซ็นเตอร์,1784.0
3239,จูเวลเลอรี่ เซ็นเตอร์ (Jewellery Center) (LANx1) ),1784.0
3240,ชมทะเลรีสอร์ท,
3241,ชมฟ้าและวรางกูล คลอง 2,3333.0
3242,ชมฟ้าและวรางกูล คลอง 2 (LANx1),
3243,ชมรมเพื่อนบ้านชิชา,2983.0
3244,ชลลดา บางบัวทอง,2984.0
3245,ชลลดา รามอินทรา,
3246,ชลลดา วงแหวน รัตนาธิเบศร์,3359.0
3247,ชลลดา วงแหวนรัตนาธิเบศร์,3359.0
3248,ชลลดา วงแหวนรัตนาธิเบศร์ (LANx2),3359.0
3249,ชลลดา สุวรรณภูมิ,
3250,ชวนชื่น วัชรพล,2988.0
3251,ชวนชื่นการ์เด้นวิลล์,2989.0
3252,ชวนชื่นพาร์ควิลล์,2990.0
3253,ชวนา,1785.0
3254,ชวนา เพลส,1785.0
3255,ชวนาเพลส,1785.0
3256,ชะอำบีชคลับ,1786.0
3257,ชะอำ-ลองบีช คอนโดมิเนียม (เพชรบุรี),1787.0
3258,ชะอำ-ลองบีช คอนโดมิเนียม (อาคาร A) (เพชรบุรี),1787.0
3259,ชะอำ-ลองบีช คอนโดมิเนียม 2 (เพชรบุรี),1787.0
3260,ชัยพฤกษ์ (แจ้งวัฒนะ-ราชพฤกษ์),2992.0
3261,ชัยพฤกษ์ 2 สุวินทวงศ์,2994.0
3262,ชัยพฤกษ์ เทพารักษ์,2995.0
3263,ชัยพฤกษ์ ติวานนท์ - วงแหวน,2998.0
3264,ชัยพฤกษ์ ทวีวัฒนา,2999.0
3265,ชัยพฤกษ์ บางแวก,
3266,ชัยพฤกษ์ บางใหญ่ 2,3011.0
3267,ชัยพฤกษ์ บางใหญ่ 3,3001.0
3268,ชัยพฤกษ์ บางใหญ่ 4,3002.0
3269,ชัยพฤกษ์ บางบัวทอง,3003.0
3270,ชัยพฤกษ์ บางบัวทอง (LANx2),3003.0
3271,ชัยพฤกษ์ ปิ่นเกล้า-สาทร,3004.0
3272,ชัยพฤกษ์ รัตนาธิเบศร์ - วงแหวน,3006.0
3273,ชัยพฤกษ์ วงแหวนรัตนาธิเบศร์,3007.0
3274,ชัยพฤกษ์ วงแหวนรัตนาธิเบศร์ (LANx2),3007.0
3275,ชัยพฤกษ์ วงแหวนรัตนาธิเบศร์ -ส่งหนังสือทางไลน์,3007.0
3276,ชัยพฤกษ์ วงแหวนรัตนาธิเบศร์-ส่งมาทางไลน์,3007.0
3277,ชัยพฤกษ์ วัชรพล,3008.0
3278,ชัยพฤกษ์บางใหญ่ 1,3010.0
3279,ชัยวรดิศ,437.0
3280,ชาโตว์ อินทาวน์ จรัญสนิทวงศ์ 96/2,1789.0
3281,ชาโตว์ อินทาวน์ พหลโยธิน 14 (Chateau In Town Phahonyothin 14),
3282,ชาโตว์ อินทาวน์ พหลโยธิน 14-2 ( Chateau In Town Phaholyothin 14-2),
3283,ชาโตว์ อินทาวน์ รัชดา 13 (Chateau In Town Ratchada 13),
3284,ชาโตว์ อินทาวน์ รัชดา 13 (ตึก 2) (Chateau In Town Ratchada 13),
3285,ชาโตว์ อินทาวน์ รัชดา 13-2,
3286,ชาโตว์ อินทาวน์ รัชดา 19,
3227,จิวเวลรี่ เทรด เซ็นเตอร์ ( Jewelry Trade Center ),1780.0
3287,ชาโตว์ อินทาวน์ รัชดา 19 ( Chateau In Town 19),
3288,ชาโตว์ อินทาวน์ รัชดา 20-2 (Chateau Intown),
3289,ชาโตว์ อินทาวน์ วิภาวดี 10 (Chateau intown วิภาวดี 10),1792.0
3290,ชาโตว์ อินทาวน์ สุขุมวิท 64 A,
3291,ชาโตว์ อินทาวน์ สุขุมวิท 64 เอ (Chateau Intown สุขุมวิท 64 A),1793.0
3292,ชาโตว์อินทาวน์ 19,
3293,ชาโตว์อินทาวน์ 19 ( Chateau In Town 19),
3294,ชาโตว์อินทาวน์ สุขุมวิท 64 (Chateau Intown สุขุมวิท 64),
3295,ชาโตว์อินทาวน์ สุขุมวิท64,1793.0
3296,ชิดลม เพลส (CLP),
3297,ชีวาทัย,440.0
3298,ชีวาทัย ( รามคำแหง),
3299,ชีวาทัย (ชีวาทัย รามคำแหง),
3300,ชีวาทัย (รามคำแหง),
3301,ชีวาทัย เกษตร-นวมินทร์,1795.0
3302,ชีวาทัย เกษตร-นวมินทร์ (Chewathai Kaset - Nawamin),1795.0
3303,ชีวาทัย ราชปรารภ,1798.0
3304,ชีวาทัย รามคำแหง,
3305,ชีวาทัย อินเตอร์เชนจ์,1799.0
3306,ชีวาทัย ฮอลล์มาร์ค ลาดพร้าว-โชคชัย 4 เฟส 1 ( Chewathai Hallmark Ladprao - Chokchai 4 Phase1),1801.0
3307,ชีวาทัย ฮอลล์มาร์ค ลาดพร้าว-โชคชัย 4 เฟส 2 ( Chewathai Hallmark Ladprao - Chokchai 4 Phase2),1802.0
3308,ชีวาทัย ฮอลล์มาร์ค ลาดพร้าว-โชคชัย 4 เฟส 2 ( Hallmark Ladprao - Chokchai 4 Phase 2),1802.0
3309,ซันเซ็ท ไฮท์ คอนโดมิเนียม พัทยา (Sunset Heights Condominium Pattaya),
3310,ซันเซ็ท ไฮท์ พัทยา,
3311,ซันเซ็ท ไฮท์ พัทยา (Sunset High),
3312,ซันเซ็ท บูเลอวาร์ด เรสซิเด้นซ์ 2 ( Sunset Boulevard Residence 2),1804.0
3313,ซันเซ็ท บูเลอวาร์ด เรสซิเด้นซ์ 2 (Sunset Boulevard Residence 2),1804.0
3314,ซันเพลย์ บางเสร่ (Sunplay) (SPB)),
3315,ซันไชน์ บีช คอนโดเทล,1805.0
3316,ซันไชน์ บีช คอนโดเทล (Sunshine Beach Condotel),1805.0
3317,ซันไชน์ บีช คอนโดเทล (Sunshine Beach Condotel)(ชลบุรี),1805.0
3318,ซันไชน์ บีช คอนโดเทล (Sunshine Beach Condotel)(ชลบุรี) - ส่งเมล์มา ส่งต่อให้ทุกคนแล้ว,1805.0
3319,ซันไชน์ บีช คอนโดเทล (Sunshine Beach Condotel)(ชลบุรี) (LANx1),1805.0
3320,ซันไชน์ บีช คอนโดเทล (Sunshine Beach Condotel)(ชลบุรี)- ส่งเมล์มา วันที่ 21/2/2565 ส่งต่อให้ทุกคนแล้ว,1805.0
3321,ซันไชน์ บีช คอนโดเทล (Sunshine Beach Condotel)(ชลบุรี)- ส่งเมล์มา ส่งต่อให้ทุกคนแล้ว,1805.0
3322,ซันไชน์ บีช คอนโดเทล (ชลบุรี)(Sunsine Beach Condotel (ชลบุรี),1805.0
3323,ซันไชน์บีส คอนโดเทล - ส่งเมล์มา ส่งต่อให้ทุกคนแล้ว,
3324,ซันไรซ์ บีช รีสอร์ท แอนด์ เรสซิเด้นซ์ (Sunrise Beach Resort & Residence),1806.0
3325,ซันไรซ์ บีช รีสอร์ท แอนด์ เรสซิเด้นซ์ (Sunrise Beach Resort And Residence),1806.0
3326,ซันไรซ์ บีช รีสอร์ท แอนด์ เรสซิเด้นซ์ (Sunrise Beach Resort And Residence) - ส่งเมล์มา ส่งต่อให้ทุกคนแล้ว,1806.0
3327,ซันซิตี้ คอนโดนิเนียม,1809.0
3328,ซันทรา คอนโดา (ชลบุรี) (Suntara Condo),
3329,ซันทารา คอนโด (ชลบุรี) (Suntara Condo),1810.0
3330,ซันทารา คอนโด (ชลบุรี) (Suntara Condo) (LANx1),1810.0
3331,ซัมเมอร์ การ์เด้นท์ (Summer Garden ),1811.0
3332,ซัมเมอร์ การ์เด้นท์ (Summer Garden ) (LANx1),1811.0
3333,ซาย วงศ์อมาตย์,
3334,ซายร์ วงศ์อมาตย์,1812.0
3335,ซายร์ วงศ์อมาตย์ (Zire วงศ์อมาตย์-ชลบุรี),1812.0
3336,ซายร์ วงศ์อมาตย์ (Zire วงศ์อมาตย์-ชลบุรี) (LANx1),1812.0
3337,ซิกเนเจอร์ เพชรเกษม 69,3012.0
3338,ซิกเนเจอร์ เพชรเกษม 69 ( Six Nature เพชรเกษม 69 ),3012.0
3339,ซิกเนเจอร์ เพชรเกษม 69 (Six Nature -เพชรเกษม 69 ),3012.0
3340,ซิกเนเจอร์ เพชรเกษม 69 (Six Nature เพชรเกษม 69),3012.0
3341,ซิกเนเจอร์ รามอินทรา,3013.0
3342,ซิตี้ เซ็นเตอร์ เรสซิเดนซ์ (City Center Resident)(ชลบุรี),1814.0
3343,ซิตี้ เซ็นเตอร์ เรสซิเดนซ์ (City Center Resident)(ชลบุรี) (LANx1),1814.0
3344,ซิตี้ เซ็นเตอร์ เรสซิเดนซ์ (City Center Resident)(ชลบุรี) (LANx1)),1814.0
3345,ซิตี้ เซ็นเตอร์เรสเดนซ์ (City Center Resident),
3346,ซิตี้ เซ็นเตอร์เรสซิเดนซ์ (City Center Resident),1814.0
3347,ซิตี้ เซ็นเตอร์เรสซิเดนซ์ (City Center Resident)(ชลบุรี),1814.0
3348,ซิตี้ การ์เด้น ทรอปิคานา คอนโดมิเนียม (City Garden Tropicana) (LANx1),1832.0
3349,ซิตี้ คอร์ท,1818.0
3350,ซิตี้ คอร์ท (City Court),1818.0
3351,ซิตี้ รีสอร์ท ภาสว่าง (หาดใหญ่),1836.0
3352,ซิตี้ รีสอร์ท รัชดา-ห้วยขวาง ( City Resort รัชดา-ห้วยขวาง),1820.0
3353,ซิตี้ รูม (รัชดา-สุทธิสาร),
3354,ซิตี้ ลิฟวิ่ง รัชดา,
3355,ซิตี้ วิลล์ คอนโดมิเนียม,
3356,ซิตี้เลค ทาวเวอร์ (City Lake Tower),1821.0
3357,ซิตี้โฮม รัชดา ปิ่นเกล้า 1,
3358,ซิตี้โฮม รัชดา-ปิ่นเกล้า 1,
3359,ซิตี้โฮม รัชดา-ปิ่นเกล้า 2,1822.0
3360,ซิตี้โฮม รัชดาภิเษก 1,1823.0
3361,ซิตี้โฮม รัชดาภิเษก 1 (City Home รัชดาภิเษก 1 ),1823.0
3362,ซิตี้โฮม รัชดาภิเษก 2 (City Home รัชดาภิเษก 2 ),1824.0
3363,ซิตี้โฮม รัชดาภิเษก 2 (City Home รัชดาภิเษก 2 ) (LANx1),1824.0
3364,ซิตี้โฮม รัชดาภิเษก 3 (City Home รัชดาภิเษก 3 )(LANx1),1825.0
3365,ซิตี้โฮม รัตนาธิเบศร์,1826.0
3366,ซิตี้โฮม สี่แยกท่าพระ,1827.0
3367,ซิตี้โฮม สุขุมวิท 1 (City Home Sukhumvit 1),1828.0
3368,ซิตี้โฮม สุขุมวิท 1 (City Home Sukhumvit 1) - ส่งเมล์มา ส่งต่อให้ทุกคนแล้ว,1828.0
3369,ซิตี้โฮม สุขุมวิท 1 (City Home Sukhumvit 1) - ส่งเมล์มาวันที่ 12/1/2565 ส่งต่อให้ทุกคนแล้ว,1828.0
3370,ซิตี้โฮม สุขุมวิท 2 (City Home สุขุมวิท 2),1828.0
3373,ซิตี้โฮมรัชดาภิเษก 3,1825.0
3374,ซิตี้โฮมรัตนาธิเบศร์,1826.0
3375,ซิตี้การ์เด้น ทรอปิคานา คอนโดมิเนียม (City Garden Tropicana),1832.0
3376,ซิตี้การ์เด้น ทรอปิคานา คอนโดมิเนียม (City Garden Tropicana) (LANx1),1832.0
3379,ซิตี้พอยท์ รัชดาภิเษก (City Point),1834.0
3380,ซิตี้พอยท์ รัชดาภิเษก (City Point) (ศรีสมาน คอนโดเทล),804.0
3381,ซิตี้พอยท์ รัชดาภิเษก (ศรีสมาน คอนโดเทล),804.0
3382,ซิตี้พาร์ค - บางนา (2) ซี 1 - 9,1835.0
3383,ซิตี้พาร์ค - บางนา (2) ซี 1 - 9 ( City Park บางนา (2) C1-C9 ),1835.0
3384,ซิตี้พาร์ค - บางนา (2) ซี 1 - 9 ( City Park บางนา (2) C1-C9 ) - ส่งเมล์มา ส่งต่อให้ทุกคนแล้ว,1835.0
3385,ซิตี้พาร์ค - บางนา (2) ซี 1 - 9 ( City Park บางนา (2) C1-C9 ) (LANx1),1835.0
3386,ซิตี้รีสอร์ท ภาสว่าง (สงขลา),1836.0
3387,ซิตี้รูมคอนโดมิเนียม,
3388,ซิตี้วิลล์ ตึก A,
3389,ซิตี้วิลล์ ตึก A-G,
3393,ซิตี้วิลล่า 1 (อาคารD1 D2)(City Villa 1 D1 D2 ),
3394,ซิตี้วิลล่า 2 (City Villa 2),1840.0
3395,ซิตี้วิลล่า 3 (City Villa 3),1841.0
3396,ซิตี้สมาร์ท เรสซิเดนส์ (ชลบุรี),
3397,ซิมวิภา-ลาดพร้าว,1843.0
3398,ซิลเวอร์ เฮอริเทจ คอนโดมิเนียม ( Silver Heritage Condominium),1844.0
3402,ซี เพลส ลาดพร้าว 18 (C Place Ladprao 18 ),
3403,ซี เอกมัย,1845.0
3404,ซี เอ็น พี คอนโดมิเนียม (CNP),1846.0
3405,ซี เอ็ม ทาวเวอร์ (CM TOWER),
3406,ซี. เอ็ม. ทาวเวอร์ (CM TOWER),
3407,ซีณิธ เพลส สุขุมวิท,1848.0
3408,ซีณิธ เพลส สุขุมวิท (Zenith Place),1848.0
3409,ซีณิธเพลส ห้วยขวาง,
3410,ซีณิธเพลส-ห้วยขวาง,
3371,ซิตี้โฮม หาดใหญ่,1831.0
3372,ซิตี้โฮม หาดใหญ่ (LANx1),1831.0
3378,ซิตี้ทาวเวอร์คอนโดมิเนียม1 (City Tower Condominium ),1833.0
3390,ซิตี้วิลล์ ตึก A-G (City Ville A-G),226.0
3411,ซีดรีมคอนโดมิเนียม ศรีราชา (Sea Dream),3381.0
3399,ซิลค์ โรด เพลส,3016.0
3400,ซิลค์ โรด เพลส (Silk Road Place),3016.0
3401,ซิลค์ โรด เพลส (Silk Road Place) (LANx1),3016.0
3413,ซีทู คอนโดมิเนียม (Z2 Condominium),1850.0
3414,ซีทู คอนโดมิเนียม (Z2),1850.0
3415,ซีน คอนโด (Zeen Condo),1851.0
3416,ซีริดจ์ รีสอร์ท (Sea Ridge Resort ) ประจวบคีรีขันธ์,1852.0
3417,ซีริดจ์ รีสอร์ท -ประจวบ (Sea Ridge Resort),1852.0
3418,ซีรีนเพลส 24,
3419,ซีรีนเพลส 24 บี,
3420,ซีฮิลล์ พร็อพเพอร์ตี้ (ชลบุรี),1854.0
3421,ซีฮิลล์ พร็อพเพอร์ตี้ (ชลบุรี) (Sea Hill Property),1854.0
3422,ซีฮิลล์คอนโด,1855.0
3423,ซีฮิลล์คอนโด (Sea Hill),1855.0
3424,ซื่อตรง โคซี่ รังสิต คลอง 6 เฟส 2,3018.0
3425,ซื่อตรงโคซี่ รังสิต คลอง 6 เฟส 1,3019.0
3426,ฌ็องเซลิเซ่ เจ (Champs Elysees J ),1856.0
3427,ฌ็องเซลิเซ่ อเวนิว เอ (Champs Elysees Avenue A),1858.0
3428,ฌ็องเซลิเซ่ อเวนิว บี (Champs Elysees Avenue B ),1859.0
3429,ฌ็องเซลิเซ่ อเวนิว บี (Champs Elysees Avenue B),1859.0
3430,ฌ็องเซลิเซ่ อาคาร เค,1860.0
3431,ฌ็องเซลิเซ่ อาคาร เค (Champs Elysees K),1860.0
3432,ฌ็องเซลิเซ่อเวนิว ซี (Champs Elysees Avenue C),1861.0
3433,ฌ็องเซลิเซ่อเวนิว ซี (Champs Elysees Avenue C) - ส่งเมล์มา ส่งต่อให้ทุกคนแล้ว,1861.0
3434,ณ ล้านนา (ชลบุรี),1862.0
3435,ณ ล้านนา -ชลบุรี,1862.0
3436,ณ วราเรสซิเดนซ์,1865.0
3437,ณุศาศิริ แกรนด์ คอนโด,1866.0
3438,ดับเบิ้ลเลค คอนโดมิเนียม เฟส 2 (Double Lake Condominium Phase 2 ),1868.0
3439,ดับเบิ้ลเลค คอนโดมิเนียม เฟส 2 (Double Lake Condominium Phase 2),1868.0
3440,ดับเบิ้ลยู คอนโด (W Condo ),1869.0
3441,ดับบลิว พี เซ็นทรัล คอนโดมิเนียม (WP Central),2799.0
3442,ด่านสำโรง 20,
3443,ดาวน์ทาวน์ 49 คอนโดมิเนียม,1871.0
3444,ดิ เอ็กเซ็กคิวทีฟ รีเจ้นท์ ( The Executive Regent ),1872.0
3445,ดิ เอ็กเซล กรูฟ อาคาร เอ (The Excel Groov A),1873.0
3446,ดิ เอ็กเซล กรูฟ อาคาร เอ (The EXcel Groove ),1873.0
3447,ดิ เอ็กเซล กรูฟ อาคาร ดี และอาคาร อี (The EXcel Groove อาคาร D อาคาร E ),1875.0
3448,ดิ เอ็กเซล กรูฟ อาคารบี และอาคารซี,1876.0
3449,ดิ เอ็กเซล กรูฟ อาคารบี และอาคารซี (The Excel Groove B&C),1876.0
3450,ดิ เอ็กเซล กรูฟ อาคารบี และอาคารซี (The Excel Groove BC),1876.0
3451,ดิ เอ็กเซล ปาร์ค (The Excel Park),1877.0
3452,ดิ เอ็กเซล อุดมสุข,1879.0
3453,ดิ เอ็กซ์เซล แบริ่ง,1880.0
3454,ดิ เอ็กซ์เซล แบริ่ง (The Excel Bearing ),1880.0
3455,ดิ เอ็กซ์เซล แบริ่ง (The Excel Bearing),1880.0
3456,ดิ เอ็กซ์เซล ไฮบริด,1881.0
3457,ดิ เอ็กซ์เซล ไฮบริด ( The Excel Hybrid ),1881.0
3458,ดิ เอ็กซ์เซลไฮด์อเวย์ (The Excel Hideaway ),1882.0
3459,ดิ เอ็กซ์คลูซีฟ สาทร กัลปพฤกษ์ (THE EXCLUSIVE สาทร กัลปพฤกษ์),
3460,ดิ เอ๊จท์ คอนโดมิเนียม (The Eight) (หาดใหญ่),1883.0
3461,ดิ เอ๊จท์ คอนโดมิเนียม (The Eight) (หาดใหญ่) _(ดิอินฟินิตี้ (TIN),1883.0
3462,ดิ เอช เอกมัย (The Ace เอกมัย ),1884.0
3463,ดิ เอดิเตอร์ (The Editor),1885.0
3464,ดิ เอดิเตอร์ (The Editor) (สะพานควาย)),1885.0
3465,ดิ เอ็นเทอร์ (The Enter),3022.0
3466,ดิ เอ็มไพร์ ทาวเวอร์ พัทยา (The Empire Tower Pattaya),1887.0
3467,ดิ เอ็มไพร์ ทาวเวอร์ พัทยา (The Empire Tower Pattaya) (LANx1),1887.0
3468,ดิ เอส เคป คอนโดมิเนียม อาคาร B,1888.0
3469,ดิ เอส เคป คอนโดมิเนียม อาคาร C (The Escape Condominium C ),
3470,ดิ เอส เคป คอนโดมิเนียม อาคาร C (The Escape Condominium C),
3471,ดิ เอส เคป คอนโดมิเนียม อาคาร C (The EscapeCondominium C ),
3472,ดิ เอส เคป คอนโดมิเนียม อาคาร C (The EscapeCondominium C ) บ.แซนด์ แอนด์ สโตน (Sand & Stone),256.0
3473,ดิ เอส เคป คอนโดมิเนียม อาคาร F,
3474,ดิ เอส เคป คอนโดมิเนียม อาคาร ซี- ส่งเมล์มา ส่งต่อให้ทุกคนแล้ว,1919.0
3475,ดิ เอส เคป คอนโดมิเนียม อาคาร ดี (The Escape Condominium D ),1920.0
3476,ดิ เอส เคป คอนโดมิเนียม อาคารซี (The Escape Condominium C ),1919.0
3535,ดิเอ็กซ์คลูซีฟทาวน์โฮม สวนหลวง ร.9(THE EXCLUSIVE TOWN HOME สวนหลวง ร.9),3027.0
3477,ดิ เอส เคป คอนโดมิเนียม อาคารซี (The Escape Condominium C ) - ส่งเมล์มา ส่งต่อให้ทุกคนแล้ว,1919.0
3478,ดิ เอส แอท สิงห์ คอมเพล็กซ์,1890.0
3479,ดิ เอส แอท สิงห์ คอมเพล็กซ์ (The Esse @ Singha Complex),1890.0
3480,ดิ เอส อโศก (The Esse-อโศก),1891.0
3481,ดิ เอสเคป คอนโดมิเนียม อาคาร อี (The Escape E),1893.0
3482,ดิ เอสเคป คอนโดมิเนียม อาคารเอฟ ( The Escape Condominium F),1892.0
3483,ดิ เอสเคป คอนโดมิเนียม อาคารอี,1893.0
3484,ดิ เอสเคป คอนโดมิเนียม อาคารอี (The Escape Condominium E),1893.0
3485,ดิ เอสเคปคอนโดมิเนียม อาคาร อี (The Escape E),1893.0
3486,ดิ เอสเทลล์ พร้อมพงษ์,1921.0
3487,ดิ เอสเทลล์ พร้อมพงษ์ (The Estelle พร้อมพงษ์),1921.0
3488,ดิ เอสเทลล์ พร้อมพงษ์ (The Estelle),1921.0
3489,ดิ เออเบิ้น พัทยา คอนโดมิเนียม เอ (The Urban พัทยา A),1896.0
3490,ดิ เออเบิ้น พัทยา คอนโดมิเนียม บี,1899.0
3491,ดิ เออบาน่า 2 ( เชียงใหม่ )(The Urbana 2),3024.0
3492,ดิ แอดเดรส พญาไท,
3493,ดิ แอดเดรส สุขุมวิท 61,1900.0
3494,ดิ โอเรียนท์ รีสอร์ท แอนด์ สปา ( ดิ โอเรียนท์ จอมเทียน ชลบุรี ) (The Orient จอมเทียน),471.0
3495,ดิ โอเรียนท์ รีสอร์ท แอนด์ สปา (ดิ โอเรียนท์ จอมเทียน-ชลบุรี) The Orient Resort& Spa),471.0
3496,ดิ โอเรียนท์ รีสอร์ท แอนด์ สปา (ดิ โอเรียนท์ จอมเทียน-ชลบุรี) The Orient Resort& Spa) (LANx1 ),471.0
3497,ดิ โอเรียนท์ รีสอร์ท แอนด์ สปา (ดิ โอเรียนท์ จอมเทียน-ชลบุรี) The Orient Resort& Spa) (LANx1),471.0
3498,ดิ โอลีแอนเดอร์ (The Oleander),1903.0
3499,ดิ ไอริส ศรีนครินทร์ (4 อาคาร) (The Iris ศรีนครินทร์),1929.0
3500,ดิ ไอริส อาคาร เอฟ,1905.0
3501,ดิ ไอริส อาคารเอฟ (The Iris F),1905.0
3503,ดิ ยูนีค ลาดพร้าว 10,1908.0
3504,ดิ อเวนิว สปริง (The Avenue Spring),1909.0
3505,ดิ อเวนิว สปริง (The Avenue Spring) (The Excellence),1909.0
3506,ดิ อเวนิวสปริง บี,1910.0
3507,ดิ อัลทิเมท ซีซั่น ปาร์ค (The Ultimate Season Park),1911.0
3514,ดิ อินดี๊ด คอนโด เกษตร ศรีราชา ( Indeed 3) (ชลบุรี),
3515,ดิ อินดี๊ด คอนโด เกษตร ศรีราชา (ชลบุรี)( Indeed 3),
3516,ดิ อินดี๊ด คอนโด แกรนด์ คาแนล ( Indeed 4) (ชลบุรี),
3517,ดิ อินดี๊ด คอนโด แกรนด์ คาแนล (The Indeed Condo Grand Canal),
3518,ดิ อินดี๊ด คอนโด แกรนด์ คาแนล (ชลบุรี) ( Indeed 2 ),
3520,ดิ อินดี๊ด คอนโด บางพลี,1914.0
3521,ดิ อินดี๊ด คอนโด บางพลี (The Indeed Condo บางพลี),1914.0
3522,ดิ อินดี๊ด คอนโด พหลโยธิน 48,
3525,ดิ อินดี๊ดคอนโด เออร์เบิน ศรีราชา,1916.0
3526,ดิ อินดี๊ดคอนโด เออร์เบิน ศรีราชา (The Indeed Condo Urban),1916.0
3527,ดิ อีลีแกนซ์ คอนโดมิเนียม ( The Elegance Condominium ),1917.0
3528,ดิ อีลีแกนซ์ คอนโดมิเนียม (Elegance),1917.0
3529,ดิเอ็กเซล กรูฟ อาคารดี และอาคาร?อี (Excel Goove),
3530,ดิเอ็กเซล รัชดา 18 (The Excel Ratchada18),1878.0
3531,ดิเอ็กเท็นโซ่ 2 ประชาสำราญ (The Extenso 2 ),
3532,ดิเอ็กซ์คลูซีฟ พัฒนาการ เอกมัย ทองหล่อ,3025.0
3533,ดิเอ็กซ์คลูซีฟ พัฒนาการ เอกมัย ทองหล่อ (The Exclusive Phattanakan เอกมัย ทองหล่อ),3025.0
3534,ดิเอ็กซ์คลูซีฟทาวน์โฮม สวนหลวง ร.9 (The Exclusive Town Home สวนหลวง ร.9),3027.0
3508,ดิ อาร์ท เรสซิเด้นซ์,1912.0
3519,ดิ อินดี๊ด คอนโด ไพร์ม อมตะ (The Indeed Condo Prime Amata),1913.0
3523,ดิ อินดี๊ด คอนโด พาร์ค อมตะ,1915.0
3524,ดิ อินดี๊ด คอนโด พาร์ค อมตะ (ชลบุรี),1915.0
3536,ดิเอสเคป คอนโดมิเนียม อาคาร บี (The Escape Condominium B) (GL),1918.0
3537,ดิเอสเคป คอนโดมิเนียม อาคารซี (The Escape Condominium C),1919.0
3538,ดิเอสเคป คอนโดมิเนียม อาคารดี (The Escape Condominium D ),1920.0
3539,ดิเอสเคป คอนโดมิเนียม อาคารดี (The Escape Condominium D )- ส่งเมล์มา ส่งต่อให้ทุกคนแล้ว,1920.0
3540,ดิเอสเคป คอนโดมิเนียม อาคารดี (The Escape D ),1920.0
3541,ดิเออเบิ้น แอตติจูด (พัทยากลาง) (The urban Attitude(พัทยากลาง),
3542,ดิเออเบิ้น แอตติจูด(พัทยากลาง),
3543,ดิเออบาน่า 1 เชียงใหม่ (The Urbana 1),3029.0
3544,ดิเออร์ บานา นนทบุรี (The Urbana),1923.0
3545,ดิเออร์บานา นนทบุรี (The Urbana นนทบุรี),1923.0
3546,ดิเออร์บานา นนทบุรี (The Urbana),1923.0
3547,ดิแอดเดรส ปทุมวัน อาคาร บี ( The Address ปทุมวัน B),1924.0
3548,ดิแอดเดรส สาทร (The Address-สาทร ),1925.0
3549,ดิแอร์พอร์ต เรสซิเดนซ์ (The Airport Residence),1926.0
3550,ดิแอร์พอร์ต เรสซิเดนซ์( The Airport Residence),1926.0
3552,ดิไอริส คอนโด-ศรีนครินทร์,
3553,ดิไอริส บางใหญ่,1928.0
3554,ดิไอริส บางใหญ่ (The Iris บางใหญ่ ),1928.0
3555,ดิไอริส ศรีนครินทร์,1929.0
3556,ดิไอริส ศรีนครินทร์ อาคารอี,1929.0
3557,ดิไอริส ศรีนครินทร์ อาคารอี (บี ซี อี) (The Iris ศรีนครินทร์ B C E),1929.0
3558,ดิไอริส อาคาร เอ (The Iris A),1932.0
3559,ดิไอริส อาคาร เอ (The Iris A) _( ดิ ไอริส พระราม 9 - ศรีนครินทร์),1932.0
3560,ดิไอริส อาคาร ดี (The Iris D),1931.0
3561,ดิไอริส อาคารH (The Iris H),
3562,ดิไอริส อาคารเอช (The Iris H),1932.0
3563,ดิไอริส อาคารเอฟ (The Iris F),1905.0
3564,ดิไอริส อาคารอี (ดิไอริส-ศรีนครินทร์),1934.0
3565,ดิไอริส อาคารอี (ดิไอริส-ศรีนครินทร์) B C E,1934.0
3566,ดิออสการ์ คอนโด เพชรเกษม 58 (The Oscar Condo เพชรเกษม 58),1935.0
3567,ดิออสการ์ คอนโด เพชรชเกษม 58 (The Oscar),
3568,ดี 25 ทองหล่อ คอนโดมิเนียม,1936.0
3570,ดี 65 คอนโดมิเนียม (ตึก A) (D65 (A)),1937.0
3571,ดี 65 คอนโดมิเนียม (ตึก B) (D65 (B)),1937.0
3572,ดี 65 คอนโดมิเนียม A,1938.0
3573,ดี 65 คอนโดมิเนียม A [ดี 65 คอนโดมิเนียม A (D65 A)],1937.0
3574,ดี 65 คอนโดมิเนียม A B [ดี 65 คอนโดมิเนียม A (D65 A) และ ดี 65 คอนโดมิเนียม (ตึก B) (D65 (B),1937.0
3575,ดี 65 คอนโดมิเนียม A B [ดี 65 คอนโดมิเนียม A (D65 A) และ ดี 65 คอนโดมิเนียม (ตึก B) (D65 (B))],1937.0
3576,ดี 65 คอนโดมิเนียม A[ดี 65 คอนโดมิเนียม A (D65 A),1937.0
3577,ดี 65 คอนโดมิเนียม ดี 65 คอนโดมิเนียม A,1937.0
3578,ดี คอนโด แคมปัส รีสอร์ท บางแสน (D Condo Campus Resort),1940.0
3579,ดี คอนโด รัตนาธิเบศร์,1942.0
3580,ดี คอนโด รัตนาธิเบศร์ (LANx1),1942.0
3581,ดี คอนโด รัตนาธิเบศร์ (LANx2),1942.0
3582,ดี คอนโด รามคำแหง,1943.0
3584,ดี คอนโด รามคำแหง (ซอย9),1943.0
3587,ดี คอนโด รามอินทรา,
3588,ดี คอนโด สุขุมวิท 109,
3589,ดี มูระ รัชโยธิน คอนโดมิเนียม (ดีมูระ รัชโยธิน 34),1946.0
3590,ดี.เอส.ทาวเวอร์ 2 (DS Tower 2),1948.0
3591,ดี.ซี. ทาวเวอร์ ( DC Tower),1949.0
3592,ดี.ซี. ทาวเวอร์ (DC Tower),1949.0
3593,ดีคอนโด แคมปัส รีสอร์ท บางแสน,1940.0
3594,ดีคอนโด แคมปัส รีสอร์ท บางแสน (D Condo Campus Resort),1940.0
3595,ดีคอนโด ศาลายา,
3596,ดีคอนโด สุขุมวิท 109,
3597,ดีบุรา พรานนก,1952.0
3598,ดีมูระ รัชโยธิน 34,
3599,ดีมูระ รัชโยธิน คอนโดมิเนียม,1946.0
3600,ดุลิยา ชาริสม่า,1953.0
3707,ทิพย์พิมาน บ้านริมน้ำ,3043.0
3569,ดี 65 เอ (D 65A),477.0
3586,ดี คอนโด รามคำแหง 64(D Condo รามคำแหง 64),1944.0
3585,ดี คอนโด รามคำแหง 64 (D Condo รามคำแหง 64),1944.0
3601,ดุลิยา ชาริสม่า - ส่งเมล์มา ส่งต่อให้ทุกคนแล้ว,1953.0
3602,ดุลิยาเพลส,1954.0
3603,ดุลิยาเพลส (LANx1),1954.0
3604,ดุสิต แกรนด์ ปาร์ค (บ.ดุสิต ไฮท์ ทาวเวอร์ ),482.0
3605,ดุสิต อเวนิว,1955.0
3606,ดุสิต อเวนิว (Dusit Avenue),1955.0
3607,ดุสิต อเวนิวส์,1955.0
3608,ดุสิต อเวนิวส์ (Dusit Avenue),1955.0
3609,ตรีทศ ซิตี้ มารีน่า,1956.0
3610,ตรีพฤกษ์ นครปฐม,3030.0
3611,ตลาด และคอนโดเทล ศูนย์การค้าหนองแขม,1957.0
3612,ตลาดสตาร์ไนท์บาซ่าร์ ระยอง (Star Night Bazaar Rayong),
3613,ตวันนา เรสซิเด้นส์ 1,1958.0
3614,ตอน 15.00 น. Remote ผ่าน AnyDesk เดมโม CM ให้ ชูการ์บีท พัทยา ติดต่อ คุณปูเป้ 038-250-900 062-486-4350 (ด่วน) ลูกค้าใหม่,3365.0
3615,ตอนนี้ไม่ได้อยู่ที่นิติฯ แล้ว- แกรนด์ คอนโดเทล พัทยา (Grand Condotel พัทยา),2899.0
3616,ติร ติรา,1959.0
3617,ติร ติรา - ส่งเมล์มา ส่งต่อให้ทุกคนแล้ว,1959.0
3618,ติรติรา (ประจวบ),1959.0
3619,ติรติรา (ประจวบ)- ส่งเมล์มา ส่งต่อให้ทุกคนแล้ว,1959.0
3620,ตึกช้าง,1960.0
3621,ตึกช้าง (LANx1),1960.0
3622,ตึกช้าง(LANx1),1960.0
3624,ทรอปิคอล การ์เด้น พัทยา A B C,
3625,ทรอปิคอล การ์เด้น พัทยา A B C (Tropical Garden พัทยา ABC),
3626,ทรัพย์แก้ว ทาวเวอร์,
3627,ทรัพย์ทวีประเสริฐ (สระแก้ว) โครงการเดอะแกรนด์ อรัญประเทศ(The Grand ),3032.0
3630,ทรี คอนโด สุขุมวิท 50 (Tree Condo สุขุมวิท 50 ),
3632,ทรีคอนโด สุขุมวิท 52,3361.0
3636,ทรีคอนโดลาดพร้าว 27 (TREE CONDO ลาดพร้าว 27),
3637,ทรีท็อปส์ คอนโดมิเนียม (Treetops Condominium)(ชลบุรี),1961.0
3638,ทรีท็อปส์ คอนโดมิเนียม (Treetops Condominium)(ชลบุรี) - ส่เงมล์มา ส่งต่อให้ทุกคนแล้ว,1961.0
3639,ทรีท็อปส์ คอนโดมิเนียม (Treetops Condominium)(ชลบุรี) (LANx1),1961.0
3640,ทรีท็อปส์ คอนโดมิเนียม (Treetops Condominium)(ชลบุรี) (LANx2),1961.0
3641,ทรีท็อปส์ คอนโดมิเนียม (Treetops),1961.0
3648,ทวินทาวเวอร์,1963.0
3652,ทวีมิตร,3033.0
3653,ทองประชาคอนโดทาวน์ 5,1964.0
3654,ทองประชาคอนโดทาวน์ 5 - ส่งเมล์มา ส่งต่อให้ทุกคนแล้ว,1734.0
3655,ทองประชาคอนโดทาวน์ 5 (LANx1),1734.0
3656,ทองหล่อเมเนจเม้นท์ (THONGLOR MANAGEMENT ),506.0
3657,ทองหล่อเมเนจเม้นท์ (THONGLOR MANAGEMENT ) (LANx3),506.0
3658,ทองหล่อเมเนจเม้นท์ (THONGLOR MANAGEMENT )- ส่งเมล์มา ส่งต่อให้ทุกคนแล้ว,506.0
3708,ทิพย์พิมานการ์เด้น,3044.0
3649,ทวินทาวเวอร์ (Twin Tower),1963.0
3650,ทวินทาวเวอร์ (Twin Tower) - ส่งเมล์มา ส่งต่อให้ทุกคนแล้ว,1963.0
3651,ทวินทาวเวอร์ (Twin Tower)- ส่งเมล์มา ส่งต่อให้ทุกคนแล้ว,1963.0
3642,ทรู - ส่งเมล์มาให้ถอนโปรแกรม หน่วยงาน ไลฟ์บางกอก บูลเลอร์วาร์ด ส่งต่อให้ทุกคนแล้ว,498.0
3643,ทรู ทองหล่อ คอนโด,498.0
3631,ทรี คอนโด สุขุมวิท 52 (Tree Condo สุขุมวิท 52 ),3361.0
3628,ทรี คอนโด ลักซ์ สุขุมวิท 52,3361.0
3634,ทรีคอนโดลักซ์ สุขุมวิท 52 (Tree Condo Luxe สุขุมวิท 52),
3633,ทรีคอนโด สุขุมวิท 52 (Tree Condo สุขุมวิท 52),3361.0
3635,ทรีคอนโดลักซ์ สุขุมวิท 52(Tree Condo Luxe สุขุมวิท 52),
3629,ทรี คอนโด สุขุมวิท 42 (Tree Condo สุขุมวิท 42 ),577.0
3659,ทองหล่อเมเนจเม้นท์ (THONGLOR MANAGEMENT )- ส่งเมล์มา ส่งต่อให้ทุกคนแล้ว - วันนี้ถ้ายังไม่แก้ ฝากให้ทุกคนแก้ด้วย,506.0
3660,ทองหล่อเมเนจเม้นท์ (THONGLOR MANAGEMENT),506.0
3661,ทองหล่อเมเนจเม้นท์ (THONGLOR MANAGEMENT) - ส่งเมล์มา ส่งต่อให้แล้ว,506.0
3662,ทองหล่อเมเนจเม้นท์ (THONGLOR MANAGEMENT) - ส่งเมล์มา ส่งต่อให้แล้ว (21/6/2564),506.0
3663,ท้อปแลนด์รัษฏา - ภูเก็ต - ส่งเมล์มา ส่งต่อให้ทุกคนแล้ว,
3664,ท้อปแลนด์รัษฏา - ภูเก็ต (Topland รัษฏา ภูเก็ต),
3665,ท้อปแลนด์รัษฏา - ภูเก็ต (Topland รัษฏา ภูเก็ต) - ส่งเมล์มา วันที่ 28/01/2564 ส่งต่อให้ทุกคนแล้ว,
3666,ท้อปแลนด์รัษฏา - ภูเก็ต (Topland รัษฏา ภูเก็ต) - ส่งเมล์มา ส่งต่อให้ทุกคนแล้ว,
3667,ท้อปแลนด์รัษฏา (ภูเก็ต)Top Land - ส่ง Format Excel มา ส่งต่อให้ทุกคนแล้ว,
3668,ท้อปแลนด์รัษฏา (ภูเก็ต)Top Land - ส่งเมล์มาวันที่ 11/01/2564 ส่งต่อให้ทุกคนแล้ว,
3669,ท๊อปวิว ทาวเวอร์ (Topview Tower),1965.0
3671,ทาวเวอร์ 1 ออฟฟิศ (Tower 1 Office ),1966.0
3672,ทาวเวอร์พาร์ค (Tower Park),1967.0
3673,ทาวเวอร์พาร์ค คอนโดมิเนียม (Tower Park Condominium ),1967.0
3674,ทาวเวอร์พาร์ค คอนโดมิเนียม (Tower Park Condominium ) - ส่งเมล์มา ส่งต่อให้ทุกคนแล้ว,1967.0
3675,ทาวเวอร์พาร์ค คอนโดมิเนียม (Tower Park Condominium ) (LANx1 ),1967.0
3676,ทาวเวอร์พาร์ค คอนโดมิเนียม (Tower Park Condominium ) (LANx1),1967.0
3677,ทาวเวอร์พาร์ค คอนโดมิเนียม (Tower Park Condominium ) (LANx1) ),1967.0
3678,ทาวเวอร์พาร์ค(Tower Park),1967.0
3679,ทาวน์ อเวนิว ไทม์ ท่าข้าม 16,
3680,ทาวน์ อเวนิว พระราม 9 (Town Avenue Rama 9),3034.0
3681,ทาวน์ อเวนิว พระราม 9 (Town Avenue Rama 9) (หน่วยงาน PMC) - ส่ง Format Excel มาให้ Import ส่งต่อให้ทุกคนแล้ว (ด่วน) ลูกค้าพึ่งลงโปรแกรมเมื่อวาน,3034.0
3685,ทาวน์พลัส (เพชรเกษม-บางแค) (Town Plus(เพชรเกษม-บางแค),3036.0
3686,ทาวน์พลัส (ลาดพร้าว 101),3038.0
3687,ทาวน์พลัส (ลาดพร้าว 101) (Town Plus (ลาดพร้าว 101),3036.0
3688,ทาวน์พลัส (ลาดพร้าว 101) (Town Plus (ลาดพร้าว 101) - ส่งเมล์มา ส่งต่อให้ทุกคนแล้ว (เอกสารเพิ่มเติม),3036.0
3689,ทาวน์พลัส (ลาดพร้าว 101) (Town plus ลาดพร้าว 101),3036.0
3690,ทาวน์พลัส เกษตร – นวมินทร์,3036.0
3691,ทาวน์พลัส เกษตร – นวมินทร์ - ส่งเมล์มา ส่งต่อให้ทุกคนแล้ว,3036.0
3692,ทาวน์พลัส เกษตร -นวมินทร์,3036.0
3693,ทาวน์พลัส เทพารักษ์ (Town Plus เทพารักษ์ ),3036.0
3694,ทาวน์พลัส เทพารักษ์ 1 (Town Plus เทพารักษ์ 1),3036.0
3695,ทาวน์พลัส พระรามเก้า (Town Plus Rama 9),3036.0
3696,ทาวน์พลัส พระรามเก้า(TOWN PLUS RAMA9),3036.0
3697,ทาวน์พลัส ลาดพร้าว 101(Town Plus ลาดพร้าว 101),3036.0
3698,ทาวน์พลัสเอ็กซ์ ประชาชื่น,3041.0
3699,ทาวน์อินทาวน์ออฟฟิศคอนโด (Town in town),1968.0
3700,ทาวน์อินทาวน์ออฟฟิศคอนโด (Town in town)(GL),1968.0
3701,ทาวน์อินทาวน์ออฟฟิศคอนโด (Town in town)(GL)>>,1968.0
3702,ทาวน์อินทาวน์ออฟฟิศคอนโด (Town in town)(GL)>>>,1968.0
3703,ทิพธนา เพชรเกษม 53,3042.0
3704,ทิพธนา เพชรเกษม 53 (LANx1),3042.0
3705,ทิพย์โฮลดิ้ง,513.0
3706,ทิพย์ธานี เรสซิเดนซ์,1969.0
3682,ทาวน์ อเวนิวฟอร์เต้ พระราม 2,3035.0
3683,ทาวน์ อเวนิวฟอร์เต้ พระราม 2 - ส่งเมล์มา ส่งต่อให้ทุกคนแล้ว,3035.0
3684,ทาวน์ อเวนิวฟอร์เต้ พระราม 2 (Town Avenue Forte Rama2),3035.0
3709,ทิวริเวอร์เพลส,1970.0
3710,ทิวลิป ไลท์ คอนโดมิเนียม (Tulip Lite),1971.0
3711,ที.วี.ซี. คอนโดมิเนียม 2 ( TVC Condominium 2 ),1973.0
3712,ทีซี กรีน คอนโดมิเนียม เฟส 1 (TC Green 1 Phase 1),1975.0
3713,ทีซี กรีน คอนโดมิเนียม เฟส 1 (TC Green Phase 1),1975.0
3714,ทีซี กรีน คอนโดมิเนียม เฟส 2 (TC Green Condominium Phase 2),1976.0
3715,ที่อยู่/Address,
3716,ทู แกรนด์ โมนาโค บางนา-วงแหวน,3046.0
3717,ทู แกรนด์ โมนาโค บางนา-วงแหวน (Two Grande Monaco),2897.0
3718,ธนา แอสโทรเรีย คอนโด ปิ่นเกล้า,
3719,ธนาคารออมสิน - ส่งเมล์มา ส่งต่อให้ทุกคนแล้ว,533.0
3720,ธนาทรี,1980.0
3721,ธนาภิรมย์ - นวนคร,
3722,ธนาภิรมย์ นวนคร,
3723,ธนาวิลเลจ 2 พระราม 5-บางใหญ่,
3724,ธัญญะ คอนโดทาวน์ คลอง 1 (ปทุมธานี ),1981.0
3725,ธัญญะคอนโดทาวน์ คลอง 1 ปทุมธานี,1981.0
3726,ธัญญาภิรมย์ คลอง 5,3048.0
3727,ธัญญาภิรมย์รังสิตคลอง 5 _(ธัญญาภิรมย์ คลอง 5),3048.0
3728,ธาดา ทาวน์ เคิร์ฟ,3049.0
3729,ธาดา ทาวน์ เคิร์ฟ (Tada Town Curve),3049.0
3732,ธาราเรือนเอก,1982.0
3733,ธาราเรือนเอก - ส่งเมล์มา ส่งต่อให้ทุกคนแล้ว,1982.0
3734,ธาราเรือนแก้ว,1983.0
3735,ธารารมณ์ หัวหมาก,3054.0
3736,ธารารมณ์ หัวหมาก - ส่งเมล์มา ส่งต่อให้ทุกคนแล้ว,3054.0
3738,นครพิงค์คอนโดมิเนียม (เชียงใหม่),1984.0
3739,นครพิงค์คอนโดมิเนียม (เชียงใหม่) (LANx1),1984.0
3740,นครพิงค์คอนโดมิเนียม เชียงใหม่,1984.0
3741,นนทรี เรสซิเด้นซ์,
3743,นนทรี พาร์ควิลล์ (Nontee Parkville),
3744,นนทรี รีเจ้นท์,3057.0
3745,นนทรี รีเจ้นท์ - ส่งเมล์มา ส่งต่อให้ทุกคนแล้ว,3057.0
3746,นนทิพย์คอนโดวิล,1987.0
3747,นภาลัยเพลส (หาดใหญ่),
3748,นภาลัยเพลส (หาดใหญ่) (LANx1),
3749,นลิน เรสซิเด้นส์,
3750,นว ลิฟวิ่ง คอนโด (Nawa Living Condo ),1988.0
3751,นวรัตน์ แมนชั่น,1989.0
3752,นอตติ้ง ฮิลล์,1990.0
3753,นอตติ้ง ฮิลล์ (Notting Hill),1990.0
3754,นอร์ทชอร์ (Northshore Condominium Juristic Person),28.0
3755,นอร์ทซอร์ (Northshore Condominium Juristic Person),28.0
3756,นอร์ทซอร์ (Northshore Condominium Juristic Person) (LANx1),28.0
3757,นอร์ทพ้อยท์ (NorthPoint),1992.0
3758,นอร์ทพ้อยท์ (NorthPoint)-ชลบุรี,1992.0
3759,นอร์ทพ้อยท์ (NorthPoint)-ชลบุรี (LANx1 ),1992.0
3760,นอร์ทพ้อยท์ (NorthPoint)-ชลบุรี (LANx1),1992.0
3761,นอร์ธ พาร์ค เพลส ( North Park Place),
3762,นันทนาการ์เด้น,3058.0
3763,นันทนาการ์เด้น (รังสิต),3058.0
3764,นันทวัน รามคำแหง,3059.0
3765,นันทวัน-ประชาชื่น,3061.0
3766,นันทวันรามอินทรา,3062.0
3767,นารา 9 (Nara 9),1993.0
3768,นารา 9 (Nara 9) -ส่งหนังสือมาทางไลน์,1993.0
3769,นารา โบทานิค,
3770,นาราโฮม,3063.0
3771,นาราโฮม (NARA HOME),3063.0
3772,นาราสิริ พระราม 2,3064.0
3773,นาราสิริ พัฒนาการ,
3774,น้ำทะเล คอนโดมิเนียม (ชลบุรี),1995.0
3775,น้ำอ้อย หวังวรภิญโญ (GL ซื้อส่วนตัว),549.0
3776,น้ำอ้อย หวังวรภิญโญ (ซื้อส่วนตัว GL),549.0
3777,น้ำอ้อย หวังวรภิญโญ **(ซื้อส่วนตัว GL)**,549.0
3778,น้ำอ้อย หวังวรภิญโญ **(ซื้อส่วนตัว GL)**>>,549.0
3779,น้ำอ้อย หวังวรภิญโญ **(ซื้อส่วนตัว GL)**>>( บ.ธนาแอร์ เซอร์วิส แอนด์ ซัพพลาย)),104.0
3780,นิติโรเมท,
3781,นิติบ้านสวนแหลมทอง 2,
3782,นิติบุคคล บ้านวิวไม้,
3783,นิติบุคคล อาคารชุดเดอะกั๊มคอนโดมิเนียม H,119.0
3737,น.เคดโค (บ.แม็กซิมบิลด์),271.0
3742,นนทรี คอนโดมิเนียม,1986.0
3784,นิติบุคคลหมู่บ้านจัดสรร เศรษฐสิริ ประชาชื่น เรสซิเด้นท์ 1,2884.0
3785,นิติบุคคลหมู่บ้านจัดสรร ไลฟ์ บางกอก บูเลอวาร์ด ราชพฤกษ์-จรัญ,
3786,นิติบุคคลหมู่บ้านจัดสรร ชวนชื่นการ์เด้นวิลล์,2989.0
3788,นิติบุคคลหมู่บ้านจัดสรร ทิพย์พิมาน บ้านริมน้ำ,3043.0
3789,นิติบุคคลหมู่บ้านจัดสรร บ้านกลางเมือง เออบาเนี่ยน ลาดพร้าว-เสนา 1(เมเจอร์ ร็อพเพอร์ตี้ เซอร์วิส),104.0
3790,นิติบุคคลหมู่บ้านจัดสรร สุริยาเพอร์เฟค,3327.0
3791,นิติบุคคลหมู่บ้านจัดสรร หมู่บ้านปรีชา ราม 1 ถนนราษฎร์พัฒนา,3336.0
3792,นิติบุคคลหมู่บ้านจัดสรร อารียา บุษบา(ไอคิว),
3793,นิติบุคคลหมู่บ้านจัดสรรนนท์ณิชา-พระนั่งเกล้า,3055.0
3797,นิติบุคคลอาคารชุด เซ็นทริค อารีย์ สเตชั่น(บริษัท เอสซี แอสเสท คอร์ปอเรชั่น),1065.0
3798,นิติบุคคลอาคารชุด เซอร์เคิล ลีฟวิ่ง โปรโตไทป์,
3799,นิติบุคคลอาคารชุด เดอะ แลนด์สเคป คอนโดมิเนียม แสงจันทร์ ระยอง,1106.0
3801,นิติบุคคลอาคารชุด เดอะเซเนตเรสซิเด้นท์( ยูนิตี้ กรุ๊ป ),718.0
3802,นิติบุคคลอาคารชุด เดอะเบเวอร์ลี่ แมนชั่น,1203.0
3803,นิติบุคคลอาคารชุด เดอะโฟร์ตี้ไนน์ พลัสทู คอนโดมิเนียม,1220.0
3804,นิติบุคคลอาคารชุด เดอะไรส์ คอนโดมิเนียม บี 1,1239.0
3805,นิติบุคคลอาคารชุด เดอะมาร์ค รัชดา - แอร์พอร์ตลิงค์,1309.0
3806,นิติบุคคลอาคารชุด เทเวศร์ แมนชั่น,1345.0
3807,นิติบุคคลอาคารชุด เพชรไพลินคอนโดทาวน์,1364.0
3808,นิติบุคคลอาคารชุด เพิร์ล เรสซิเดนซ์,1370.0
3809,นิติบุคคลอาคารชุด เลอรัก,
3810,นิติบุคคลอาคารชุด เวเนเชี่ยน ซิกเนเจอร์ คอนโด รีสอร์ท พัทยา,1433.0
3811,นิติบุคคลอาคารชุด โนวานา เรสซิเดนซ์,1601.0
3812,นิติบุคคลอาคารชุด โฟคัส เพลินจิต,
3813,นิติบุคคลอาคารชุด ไพรม แมนชั่น(พีพีเอ็ม),
3814,นิติบุคคลอาคารชุด ไวโอ แคราย 2,1639.0
3815,นิติบุคคลอาคารชุด ไอคอนโด เพชรเกษม 39,1649.0
3816,นิติบุคคลอาคารชุด ไอดีโอ สารทร-ตากสิน(บริษัท พีพีเอ็ม เเมนเนจเมนท์ ),663.0
3817,นิติบุคคลอาคารชุด ไอริส แอเวนิว,
3818,นิติบุคคลอาคารชุด ซิตี้โฮม รัตนาธิเบศร์,1826.0
3819,นิติบุคคลอาคารชุด ณุศาศิริ แกรนด์ คอนโด,1866.0
3820,นิติบุคคลอาคารชุด ทรีท็อปส์ คอนโดมิเนียม,1961.0
3821,นิติบุคคลอาคารชุด ทาวเวอร์พาร์ค,1967.0
3822,นิติบุคคลอาคารชุด บัดเจท คอนโด ติวานนท์ 3,2041.0
3823,นิติบุคคลอาคารชุด บ้านเอื้ออาทรเพชรเกษม 2,2123.0
3824,นิติบุคคลอาคารชุด บ้านเอื้ออาทรมีนบุรี 2,2186.0
3825,นิติบุคคลอาคารชุด พระราม 6 แมนชั่น A,2303.0
3826,นิติบุคคลอาคารชุด พฤกษาสิริ 2(),
3827,นิติบุคคลอาคารชุด พัทยาบีชคอนโด (1988),2346.0
3828,นิติบุคคลอาคารชุด พาราไดซ์ คอนโดมิเนียม,2356.0
3829,นิติบุคคลอาคารชุด รวมโชคคอนโดวิว 2,2415.0
3830,นิติบุคคลอาคารชุด รีเจ้นท์โฮม 10,2468.0
3831,นิติบุคคลอาคารชุด รีเจ้นท์โฮม 13,2468.0
3832,นิติบุคคลอาคารชุด รีเจ้นท์โฮม 5,2478.0
3896,นูเวล (Nouvelle) ( LANx1),2020.0
3787,นิติบุคคลหมู่บ้านจัดสรร ซิลค์ โรด เพลส,3016.0
3794,นิติบุคคลอาคารชุด เคหะชุมชนแหลมฉบัง 3,1001.0
3795,นิติบุคคลอาคารชุด เคียงทะเล,1032.0
3833,นิติบุคคลอาคารชุด ศุภาลัย ปาร์ค ราชพฤกษ์ - เพชรเกษม,2609.0
3834,นิติบุคคลอาคารชุด อินชิโอ้,2764.0
3835,นิติบุคคลอาคารชุด อีลิท ศาลายา,2775.0
3837,นิติบุคคลอาคารชุดเดอะเทรนดี้,1199.0
3838,นิติบุคคลอาคารชุดเดอะเลคส์,1209.0
3839,นิติบุคคลอาคารชุดเวอร์ทีค,1436.0
3840,นิติบุคคลอาคารชุดซีฮิลล์คอนโด,1855.0
3841,นิติบุคคลอาคารชุดบ้านสวนลาซาล,2260.0
3842,นิติบุคคอาคารชุด คอนโดมิเนียม CDEFG,1735.0
3843,นิติฯ พรปิยะแมนชั่น(PMC เช่า),2301.0
3844,นิรันดร์ เรซิเดนซ์ 1 อาคาร เจ,
3845,นิรันดร์ เรสซิเดนซ์ 1,2002.0
3846,นิรันดร์ เรสซิเดนซ์ 1 (LANx1),2001.0
3847,นิรันดร์ เรสซิเดนซ์ 1 (อาคาร A),2001.0
3848,นิรันดร์ เรสซิเดนซ์ 1 (อาคาร A) -((อาคาร K),2001.0
3849,นิรันดร์ เรสซิเดนซ์ 1 (อาคาร A) (LANx1),2001.0
3850,นิรันดร์ เรสซิเดนซ์ 1 (อาคาร K),2001.0
3851,นิรันดร์ เรสซิเดนซ์ 1 อาคาร เค,2001.0
3852,นิรันดร์ เรสซิเด้นซ์ 1(A),
3853,นิรันดร์ เรสซิเดนซ์ 3 (X Y Z),2006.0
3854,นิรันดร์ เรสซิเดนซ์ 3(D-R),2005.0
3855,นิรันดร์ เรสซิเดนซ์ 3(D-R) (LANx3),2001.0
3856,นิรันดร์ เรสซิเดนซ์ 3(X Y Z),2006.0
3857,นิรันดร์ เรสซิเดนซ์ 3(X Y Z)- ส่งเมล์มา ส่งต่อให้ทุกคนแล้ว,2001.0
3858,นิรันดร์ เรสซิเดนซ์ 3(XYZ),2006.0
3859,นิรันดร์เรซิเดนซ์ 2,2795.0
3860,นิรันดร์เรซิเดนซ์2,2795.0
3861,นิรันดร์เรซิเดนส์ 1 อาคาร K,
3862,นิรันดร์แกรนด์วิลล์ พัทยา,2011.0
3863,นิรันดร์แกรนด์วิลล์ พัทยา (LANx1),2011.0
3864,นิรันดร์แกรนด์วิลล์ พัทยา (LANx2),2011.0
3865,นิรันดร์คอนโดมิเนียม 2,2012.0
3869,นิรันดร์คอนโดมิเนียม 2 JK-QT,2012.0
3870,นิรันดร์ซิตี้บางแค 2,2014.0
3871,นิรันดร์ซิตี้บางแค 2 - นิรันดร์บางแค (ตึกหน้า),2009.0
3872,นิรันดร์ซิตี้บางแค 2 -3-5,2009.0
3873,นิรันดร์ซิตี้บางแค 2 -3-5 (LANx1),2009.0
3874,นิรันดร์ซิตี้บางแค 2 -3-5 (LANx2),2009.0
3875,นิรันดร์ซิตี้บางแค 2-3-5,2009.0
3876,นิรันดร์ซิตี้ลาดพร้าว 101 อาคารจี และเอช,2015.0
3877,นิรันดร์ซิตี้ลาดพร้าว 101 อาคารจี และเอช ( อาคารเอ อี),2015.0
3878,นิรันดร์ซิตี้ลาดพร้าว 101 อาคารจี และเอช ( อาคารเอ อี เอฟ),2015.0
3879,นิรันดร์ซิตี้ลาดพร้าว 101 อาคารจี และเอช ( อาคารบี ซี),2015.0
3880,นิรันดร์ซิตี้ลาดพร้าว 101 อาคารจี และเอช ( อาคารอี เอฟ),2015.0
3881,นิว โนเบิล แจ้งวัฒนะ (New Noble-แจ้งวัฒนะ ),2016.0
3882,นิว โนเบิล แจ้งวัฒนะ (New Noble-แจ้งวัฒนะ),2016.0
3883,นิว โนเบิล แจ้งวัฒนะ (New Noble-แจ้งวัฒนะ) - ส่งเมล์มา ส่งต่อให้ทุกคนแล้ว,2016.0
3884,นิว โนเบิล แจ้งวัฒนะ (New Noble-แจ้งวัฒนะ)- ส่งเมล์มา ส่งต่อให้ทุกคนแล้ว,2016.0
3885,นิวแลนด์ (Newland),2017.0
3886,นิวาติ (NIVATI) (บ.888 ทองหล่อ ซื้อติดตั้งที่นิติฯ),4.0
3887,นิวาติ ทองหล่อ 23,2018.0
3888,นิิติบุคคลอาคารชุดสีลมสวีท,2700.0
3889,นีเวร่า เอกมัย-รามอินทรา,2019.0
3890,นีเวร่าเอกมัย-รามอินทรา,2019.0
3891,นีเวร่าเอกมัย-รามอินทรา - ส่งเมล์มา ส่งต่อให้ทุกคนแล้ว,2019.0
3892,นีเวร่าเอกมัย-รามอินทรา (Nevera),2019.0
3893,นีเวร่าเอกมัย-รามอินทรา (NEWERA EKAMAI-RAMINTRA),2019.0
3894,นีเวร่าเอกมัย-รามอินทรา (NEWERA),2019.0
3895,นูเวล (Nouvelle),2020.0
3836,นิติบุคคลอาคารชุดเคหะชุมชนธนบุรี 6,1004.0
3901,บ. เจ.พลัส พร็อพเพอร์ตี้ แมเนจเม้นท์ >>,
3905,บ. เพิ่มพูล ประสิทธิ์-ตุ๊,144.0
3909,บ. เอเวอร์นิว พลาซ่า,188.0
3916,บ. เอสซี แอสเสท คอร์ปอเรชั่น _(เดอะ เครสท์ สุขุมวิท 34 (The Crest สุขุมวิท 34 ),1077.0
3918,บ. แพรนด้า จิวเวลรี่,
3919,บ. แม็กซ์เซอร์วิส แอนด์ แมเนจเม้นท์ (บ้านพฤกษา 60/1 ),104.0
3920,บ. แม็กซ์เซอร์วิส แอนด์ แมเนจเม้นท์ (บ้านพฤกษา 60/1),104.0
3921,บ. แม็กซ์เซอร์วิส แอนด์ แมเนจเม้นท์ (บ้านพฤกษา),104.0
3922,บ. โฮมแอดฯ (ม.ปริญลักษณ์ พระราม 2),
3923,บ. ไทย พี พี ไทย พี พี (เอื้ออาทรนาจอมเทียน 3),
3924,บ. ไนซ์ โกลบอล อินเตอร์เทรด (Nice Global Intertrade ( เอส.เอ็ม.ทู SM TOW) (GL),333.0
3925,บ. ไอ อาร์ เอ็ม เอ็กซ์ตร้า ( IRM-Extra ) (บ. รักษาความปลอดภัย ไอเซอร์วิส),104.0
3926,บ. ไอ อาร์ เอ็ม เอ็กซ์ตร้า(IRM-Extra),350.0
3927,บ. ไอ อาร์ เอ็ม เอ็กซ์ตร้า(IRM-Extra) _ ( ม.บ้านมารวยโสธร 2),350.0
3928,บ. ไอ อาร์ เอ็ม เอ็กซ์ตร้า(IRM-Extra) _ ( ม.ศุภลัย การ์เด้นวิลล์ นครราชสีมา),350.0
3929,บ. ไอ อาร์ เอ็ม เอ็กซ์ตร้า(IRM-Extra) _ (ม. เดอะริช 3),350.0
3930,บ. ไอ อาร์ เอ็ม เอ็กซ์ตร้า(IRM-Extra) _ (ม.เดอะการ์เด้นวิลล่า 4 ),350.0
3931,บ. ไอ อาร์ เอ็ม เอ็กซ์ตร้า(IRM-Extra) _ (ม.โคราชบลูเลอวาร์ด (บายพาส)),350.0
3932,บ. ไอ อาร์ เอ็ม เอ็กซ์ตร้า(IRM-Extra) _ (ม.ลากูน่าวิลล์ เฟส 2 ),350.0
3933,บ. ไอ อาร์ เอ็ม เอ็กซ์ตร้า(IRM-Extra) _ (ม.ลากูน่าวิลล์ เฟส2 ),350.0
3934,บ. ไอ อาร์ เอ็ม เอ็กซ์ตร้า(IRM-Extra) _ (หมู่บ้าน เดอะเฟิร์ส 5 (THE FIRST 5),350.0
3935,บ. ไอ อาร์ เอ็ม เอ็กซ์ตร้า(IRM-Extra) _ (หมู่บ้านสิรารมย์ 4 โคกสูง),350.0
3936,บ. ไอ อาร์ เอ็ม เอ็กซ์ตร้า(IRM-Extra)_( โกลเด้น นีโอ โคราช-เทอร์มินอล ),350.0
3937,บ. ไอ อาร์ เอ็ม เอ็กซ์ตร้า(IRM-Extra)_(เดอะโคลด์เม้าน์เท่น เรสซิเดนซ์),350.0
3938,บ. ไอ อาร์ เอ็ม เอ็กซ์ตร้า(IRM-Extra)_(บ้านชลธาร เขาใหญ่),350.0
3939,บ. ไอ อาร์ เอ็ม เอ็กซ์ตร้า(IRM-Extra)_(ม.ดิ เอ็มไพร์ แอสเสท),350.0
3940,บ. ไอ อาร์ เอ็ม เอ็กซ์ตร้า(IRM-Extra)_(ม.พีแลนด์ 2),350.0
3941,บ. ไอ อาร์ เอ็ม เอ็กซ์ตร้า(IRM-Extra)_(ม.สิรารมย์ 4 โคกสูง),350.0
3898,บ. เจ ไลน์ แมเนจเม้นท์ (J Line)( จี สไตล์ คอนโด 2),1782.0
3904,บ. เพอร์เฟค พร็อพเพอร์ตี้ แอนด์ แอคเค้าท์ติ้ง,141.0
3912,บ. เอสเอ็มซี พร็อพเพอร์ตี้ ซอฟต์ (SMC) (ไอดีโอ คิว สยาม ราชเทวี) - ส่งเมล์มา ส่งต่อให้ทุกคนแล้ว,234.0
3906,บ. เมเจอร์ พร็อพเพอร์ตี้ เซอร์วิส (Major Property Service),155.0
3899,บ. เจ พลัส พร็อพเพอร์ตี้ เมเนจเม้นท์ (J Plus)-( โมเดิร์น วิลล์ พระราม 2(Modern Ville-พระราม 2),86.0
3900,บ. เจ พลัส พร็อพเพอร์ตี้ เมเนจเม้นท์ (J Plus)-( โมเดิร์น วิลล์ พระราม 2),86.0
3910,บ. เอฟ พรอพเพอร์ตี้ แมเนจเม้นท์ (F Property ),214.0
3911,บ. เอฟ พรอพเพอร์ตี้ แมเนจเม้นท์ (F Property ) (เอเทรี่ยม พหลฯ-สุทธิสาร),214.0
3897,บ. เจ ไลน์ แมเนจเม้นท์ (J Line),85.0
3917,บ. แกรนด์ เวิร์ค พลัส แอสเสท ( Bangkok Horizon เพชรเกษม 48 ),248.0
3902,บ. เจไอพีเอ็ม (JIPM)_ (เจนัส (Janus),98.0
3903,บ. เดอะบียอนด์ ( The Beyond),121.0
3942,บ. ไอ อาร์ เอ็ม เอ็กซ์ตร้า(IRM-Extra)_(ม.อาณาสรา แอทโมส),350.0
3943,บ. ไอ อาร์ เอ็ม เอ็กซ์ตร้า(IRM-Extra)_(ม.อาณาสรา อัลไพน์),350.0
3945,บ. คาร์โก้ คัสตอมส์ เซอร์วิส WT,104.0
3947,บ. ซี.พี.ฟาซิลิตี้ แมเนจเม้นท์ ( กัลปพฤกษ์ ซิตี้พลัส จ.อุดรธานี),460.0
3948,บ. ซี.พี.ฟาซิลิตี้ แมเนจเม้นท์ (CPFM) ( กัลปพฤกษ์ ซิตี้พลัส จ.อุดรธานี),460.0
3949,บ. ดิ เอ็มไพร์ ไดนัสตี้ (The Empire Dynasty )_(ดิ เอ็มไพร์ ทาวเวอร์ จอมเทียน พัทยา (The Empire Tower Jomtien Pattaya),470.0
3950,บ. ดิ เอ็มไพร์ ไดนัสตี้ (ดิ เอ็มไพร์ ทาวเวอร์ จอมเทียน พัทยา (The Empire Tower Jomtien Pattaya),470.0
3951,บ. ดุสิต พัทยา,483.0
3952,บ. ต้นสน ดีเวลลอปเม้นท์ (LANx2) _(ต้นสน วัน เรสซิเด้นซ์ ),486.0
3953,บ. นววิลล่า (LANx2)_ (นวธานีเซอร์วิสอพาร์ทเม้นท์),104.0
3954,บ. นววิลล่า (นวธานีเซอร์วิสอพาร์ทเม้นท์),104.0
3955,บ. นายารา (นาราโบทานิค 2)),547.0
3956,บ. บ้านกาญจนทรัพย์ -(บ้านกาญจนทรัพย์ท่าข้าม) (สงขลา),573.0
3957,บ. บ้านกาญจนทรัพย์ (สงขลา)),573.0
3959,บ. พร็อพเพอร์ตี้ แมเนจเม้นท์ คอนโทรล (PMC) ไฮฟ์ สาทร,624.0
3960,บ. พร็อพเพอร์ตี้ แมเนจเม้นท์ คอนโทรล (PMC)( ไฮฟ์ สาทร) - ส่งเมล์มา ส่งต่อให้ทุกคนแล้ว,624.0
3961,บ. พัทยา แกรนด์ วิลเลจ (พหล 8 ),640.0
3962,บ. พี 36 ดีเวลลอปเม้นท์_(ซีน คอนโด (Zeen Condo),652.0
3963,บ. ฟาสต์ พร็อพเพอร์ตี้ โซลูชั่น-(เดอะ พรีเที่ยม) - ส่งเมล์มาย้ายเครื่อง ส่งต่อให้ทุกคนแล้ว,670.0
3964,บ. ภูเก็ตวิลล่า คอร์ปอเรชั่น ( ภูเก็ต)),676.0
3965,บ. ภูเก็ตวิลล่า คอร์ปอเรชั่น ( ภูเก็ต)) (LANx6),676.0
3966,บ. ภูเก็ตวิลล่า คอร์ปอเรชั่น ( ภูเก็ต)) (LANx7),676.0
3967,บ. ภูเก็ตวิลล่า คอร์ปอเรชั่น ( ภูเก็ต)) (โครงการเจ้าฟ้า 2)),676.0
3968,บ. ภูมิภวัน,679.0
3969,บ. มั่งมีทรัพย์ มาร์เก็ต,687.0
3970,บ. มิราเคิล พร็อพเพอร์ตี้ แมเนจเม้นท์ (Miracle Property) (ไลฟ ซอย 12 ),701.0
3971,บ. รีเจ้นท์ กรีน เพาเวอร์ (รีเจ้นท์โฮม 20),745.0
3972,บ. วันไพร์ม แอสเซท (One Prime Asset ) จัตุจักร์ พล่าซ่า,765.0
3973,บ. วิภนัย ดีเวลลอปเม้นท์ ( VANRAVI) (ประจวบ),773.0
3974,บ. วิภนัย ดีเวลลอปเม้นท์ ( VANRAVI) (ประจวบ) (บรูมารีน คอนโดมิเนียม 1)),773.0
3977,บ. สกายไนน์ แมเนจเม้นท์ Sky Nine,817.0
3978,บ. สยามเฮอริเทจ ดีเวลลอปเม้นท์,832.0
3979,บ. อลีนตา (ณิชชาวิลล์ รีสอร์ท แอนด์ สปา (ประจวบ),897.0
3980,บ. ออฟติมา แมเนจแมนท์ เซอร์วิส (สมบัติพัทยา คอนโดเทล)),104.0
3981,บ. อาคารชุด พรีม (พรีม 1-3 (Preme 1-3)),2032.0
3982,บ. อาคารชุด พรีม (พรีม 1-3),2032.0
3983,บ. อินเตอร์ เรียลตี้ แมเนจเม้นท์ (IRM),927.0
3984,บ. อินเตอร์ เรียลตี้ แมเนจเม้นท์ (IRM) (โนเบิล เฮ้าส์ ร่วมฤดี) >>,927.0
3985,บ. อินเตอร์ เรียลตี้ แมเนจเม้นท์ (IRM) (บลู มารีน คอนโดมิเนียม 1) (บ้านน้ำเพชร),927.0
3986,บ. อินเตอร์ เรียลตี้ แมเนจเม้นท์ (IRM) (ม.เดอะ เวลตัน พระราม 3),927.0
3987,บ. อินเตอร์ เรียลตี้ แมเนจเม้นท์ (IRM) _( ม.เดย์ส รามอินทรา - วัชรพล),927.0
3988,บ. อินเตอร์ เรียลตี้ แมเนจเม้นท์ (IRM)_(ม.ราชตฤณมัย),927.0
4998,บ.ออมนิ แมนเนจเม้นท์ (LANx4),902.0
3944,บ. ไอคิว แมเนจเม้นท์ (IQ),370.0
3958,บ. บิซิเนส พร๊อพเพอร์ตี้ แมเนจเม้นท์ (บ.บีพีเอ็ม 15(BPM 15),580.0
3990,บ.เกรส ไอวอรี่ ( Grace Ivory) (LANx2),960.0
3989,บ.เกรทไชน่า มิลเลนเนียม (Great Chaina) (LANx3),63.0
3946,บ. คิวซี เอสเตท (เดอะสเปซ คอนโด 1( The Space Condo 1 )_,1336.0
3976,บ. วี. พร็อพเพอร์ตี้เมเนจเม้นท์ ( V Property ),784.0
3993,บ.เค.เอส.พร็อพเพอร์ตี้ แมเนจเม้นท์( KS Property),67.0
3994,บ.เค.เอส.พร็อพเพอร์ตี้ แมเนจเม้นท์( KS Property) (คาซาวดี),67.0
3995,บ.เค.เอส.พร็อพเพอร์ตี้ แมเนจเม้นท์( KS Property) (บ.คาซาวดี),67.0
3996,บ.เค.เอส.ฟอร์จูน (นนทรี เรสซิเด้นซ์ ),68.0
3997,บ.เค.เอส.ฟอร์จูน (นนทรี เรสซิเด้นซ์),68.0
4001,บ.เคทูบี แอสเซทส์ (K2B Asset ),73.0
4002,บ.เคปทาวน์ ศรีราชา ( เคปทาวน์ คอนโด เอ-บี Capetown A B),74.0
4003,บ.เคอร์รี่ อินเตอร์เนชั่นแนล โฮลดิ้งส์ ( Kerry International ),78.0
4004,บ.เคอร์รี่ อินเตอร์เนชั่นแนล โฮลดิ้งส์ ( Kerry International )- ส่งเมล์มา ส่งต่อให้ทุกคนแล้ว,78.0
4005,บ.เคอาร์ แอนด์ แอสโซซิเอทส์ _(สาขาประชาชื่นเรสซิเด้นซ์) (ประชาชื่น 37) (KR)-(KS) (LANx3),80.0
4006,บ.เคอาร์แอนด์แอสโซซิเอทส์ (KR)-(KS-(ประชาชื่นเรสซิเด้นซ์),80.0
4007,บ.เคอาร์แอนด์แอสโซซิเอทส์ (ประชาชื่นเรสซิเด้นซ์) (ประชาชื่น 37) (KR)-(KS),80.0
4008,บ.เคอาร์แอนด์แอสโซซิเอทส์ (สาขาประชาชื่นเรสซิเด้นซ์) (ประชาชื่น 37) (KR)-(KS),81.0
4010,บ.เจ เอส แอสเสท (JS Asset),83.0
4027,บ.เจ.ดับบลิว.เรียลเอสเตท (JW Real Estate)- (เจ.ดับบลิว. คอนโด แอด ดอนเมือง (JW Condo @ ดอนเมือง),94.0
4028,บ.เจ.ดับบลิว.เรียลเอสเตท (JW Real Estate)- (เจ.ดับบลิว. คอนโด แอด ดอนเมือง (JW Condo @ ดอนเมือง) (LANx1),94.0
4029,บ.เจโม เซอร์วิส (Gemo Service),91.0
4030,บ.เจโม เซอร์วิส (Gemo Service)(IGS),91.0
4011,บ.เจ ไลน์ แมเนจเม้นท์ (J Line Management ),85.0
4012,บ.เจ ไลน์ แมเนจเม้นท์ (J Line Management ) ( เอ แลนด์ คอนโด ไทรน้อย-เวสเกต 2 ),85.0
4013,บ.เจ ไลน์ แมเนจเม้นท์ (J Line Management ) ( เอสคิว สุขุมวิท 101/1 ),85.0
4014,บ.เจ ไลน์ แมเนจเม้นท์ (J Line Management ) ( แกรนดิโอ ลาดพร้าว-เกษตรนวมินทร์ ),85.0
4015,บ.เจ ไลน์ แมเนจเม้นท์ (J Line Management ) (LANx1),85.0
4100,บ.เพรสทีจ เรสซิเด้นท์ (38 แมนชั่น) (อพาร์ทเม้นท์ 38 แมนชั่น),138.0
3991,บ.เกรส ไอวอรี่ ( Grace Ivory) เดอะสุโขทัย เรสซิเด้นเซส) (LANx2),960.0
3992,บ.เกรส ไอวอรี่ ( Grace Ivory) เดอะสุโขทัย เรสซิเด้นเซส) (LANx3),960.0
4031,บ.เจไอพีเอ็ม (JIPM)_ (เจนัส (Janus),98.0
4032,บ.เจไอพีเอ็ม (JIPM)_ (เจนัส (Janus) - ส่งเมล์มา ส่งต่อให้ทุกคนแล้ว,98.0
4033,บ.เจไอพีเอ็ม (เจนัส อินเตอร์เนชั่นแนล พรอพเพอร์ตี้ แมเนจเม้นท์) (JIPM_Janus),98.0
4034,บ.เจไอพีเอ็ม (เจนัส อินเตอร์เนชั่นแนล พรอพเพอร์ตี้ แมเนจเม้นท์) (JIPM_Janus) ( เดอะ คิวบ์ สเตชั่น รามอินทรา 109 ),98.0
3998,บ.เคเอสอี เรียลตี้ แมนเนจเมนท์ (ม.ไลฟ์บางกอก บูเลอวาร์ด แจ้งวัฒนะ) - ส่งเมล์มา ส่งต่อให้ทุกคนแล้ว,70.0
3999,บ.เคที แมเนจเม้นท์ (KT Management ) หมู่บ้านพนาลี 22 (พฤกษา41/1),72.0
4000,บ.เคที แมเนจเม้นท์(KT Management ),72.0
4009,บ.เงินเพิ่มพูล,82.0
4047,บ.เจดับบลิว เรียลเอสเตท _( เจดับบลิว สเตชั่น แอท รามอินทรา),94.0
4048,บ.เจริญพัฒนาอาเขต,100.0
4049,บ.เจริญพัฒนาอาเขต (อุบลสแควร์ ))(LANx3),100.0
4055,บ.เดอะ ซันซิตี้ ( The Sun City) - (ซันซิตี้ คอนโดมิเนียม) (Sun City Condominium) (LANx1),110.0
4056,บ.เดอะ ซันซิตี้ ( The Sun City) - (ซันซิตี้คอนโดมิเนียม) (Sun City Condominium),110.0
4057,บ.เดอะ ซันซิตี้ ( The Sun City) - (ซันซิตี้คอนโดมิเนียม) (Sun City Condominium) (LANx1),110.0
4058,บ.เดอะ ทรอปิคอล แอสเซท (The Tropical Asset) (ไอ คอนโด พลัส (อุบล) (I Condo Plus) (ICP),111.0
4059,บ.เดอะ ทรอปิคอล แอสเซท (The Tropical Asset) (ไอคอนโด อุบล) (I Condo),111.0
4064,บ.เดอะ สมาร์ท กรุ๊ป (The Smart Group) ( คาซ่า เลเจ้นด์) (ชลบุรี),113.0
4102,บ.เพอร์เฟค พร็อพเพอร์ตี้ แอนด์ แอคเค้าท์ติ้ง,141.0
4103,บ.เพอร์เฟค พร็อพเพอร์ตี้ แอนด์ แอคเค้าท์ติ้ง ( เมโทร พาร์ค สาทร-กัลปพฤกษ์)),141.0
4060,บ.เดอะ วัน แมเนจเม้นท์ ( The One Management ) _(หมู่บ้านคุณาลัยจอย),112.0
4061,บ.เดอะ วัน แมเนจเม้นท์ (เดอะ ทรัสต์ สุวรรณภูมิ - เทพารักษ์),112.0
4066,บ.เดอะไนน์ พร๊อพเพอร์ตี้ แมเนจเมนท์ (The Nine) (มัณฑนา ปิ่นเกล้า-พระราม 5)- ส่งเมล์มา ส่งต่อให้ทุกคนแล้ว,117.0
4050,บ.เซ็นจูรี่ ทเวนตี้วัน พร็อพเพอร์ตี้ เอมส์ ( ซิตี้ รีสอร์ท ภาสว่าง) - ส่งเมล์มา ส่งต่อให้ทุกคนแล้ว,3368.0
4051,บ.เซ็นจูรี่ ทเวนตี้วัน พร็อพเพอร์ตี้ เอมส์ (Century 21 Property Aims),3368.0
4052,บ.เซ็นจูรี่ ทเวนตี้วัน พร็อพเพอร์ตี้ เอมส์ (เดอะ ทรัสต์ คอนโด งามวงศ์วาน),3368.0
4101,บ.เพรสทีจ เรสซิเด้นท์ (38 แมนชั่น) (อพาร์ทเม้นท์ 38 แมนชั่น) (LANx2),138.0
4035,บ.เจไอพีเอ็ม (เจนัส อินเตอร์เนชั่นแนล พรอพเพอร์ตี้ แมเนจเม้นท์) (JIPM_Janus) ( เดอะคิวบ์ สเตชั่น รามอินทรา 109 ),98.0
4036,บ.เจไอพีเอ็ม (เจนัส อินเตอร์เนชั่นแนล พรอพเพอร์ตี้ แมเนจเม้นท์) (JIPM_Janus) (เจ.ดับบลิว.ซิตี้ อาคารเอ บี ),98.0
4037,บ.เจไอพีเอ็ม (เจนัส อินเตอร์เนชั่นแนล พรอพเพอร์ตี้ แมเนจเม้นท์) (JIPM_Janus) (พลัมคอนโด สุขุมวิท 62),98.0
4038,บ.เจไอพีเอ็ม (เจนัส อินเตอร์เนชั่นแนล พรอพเพอร์ตี้ แมเนจเม้นท์) (JIPM_Janus) (พาร์ค เรสซิเด้นซ์ แอทพหล อาคาร ดี),98.0
4084,บ.เตชะไพบูลย์ - ส่งเมล์มา ส่งต่อให้ทุกคนแล้ว,125.0
4085,บ.เตชะไพบูลย์ (อาคารวรวัฒน์),125.0
4086,บ.เตชะไพบูลย์ (อาคารวรวัฒน์) (LANx2),125.0
4087,บ.เทอม แคปปิตอล แมเนจเม้นท์ (เดอะเซสท์),129.0
4088,บ.เนชั่น คอนเซาท์ ( Nation Consult ) ( เอกมงคล )(ชลบุรี),131.0
4089,บ.เนชั่น คอนเซ้าท์ ( Nation Consult ) ( เอกมงคล )(ชลบุรี),132.0
4090,บ.เนชั่น คอนเซาท์ ( Nation Consult ) ( เอกมงคล )(ชลบุรี) (LANx1),131.0
4091,บ.เนชั่น คอนเซาท์ ( Nation Consult ) ( เอกมงคล )(ชลบุรี)- ส่งเมล์มา ส่งต่อให้ทุกคนแล้ว,131.0
4092,บ.เนชั่น คอนเซาท์ ( Notion Consult ) ( เอกมงคล )(ชลบุรี),131.0
4093,บ.เนชั่น คอนเซ้าท์ ( Notion Consult ) ( เอกมงคล )(ชลบุรี),132.0
4094,บ.เนชั่น คอนเซ้าท์ (Nation Consult) (เอกมงคล),132.0
4095,บ.เบเน่ เบเน่ (Bene Bene)(บ้านรองเมือง)- ส่งเมล์มา ส่งต่อให้ทุกคนแล้ว Note : 15:45 Beautifulrainbow Email บ.เบเน่ เบเน่ (Bene Bene)(บ้านรองเมือง) ใช้ได้เลยใช่มั้ย ไม่ต้องปริ้นท์ เซ็นต์ แล้ว scan ส่ง 15:47 ตาล แค่นี้ก็ได้ เราแค่เก็บไว้เป็นหลักฐาน,134.0
4096,บ.เพกาซัส อินเตอร์เนชันแนล มาลิบู เขาเต่า (Malibu-เขาเต่า)- ส่งเมล์มาวันที่13/12/2564 ส่งต่อให้ทุกคนแล้ว,136.0
4097,บ.เพชรบุญมา (พรพันธ์),137.0
4069,บ.เดอะไนน์ พร๊อพเพอร์ตี้ แมเนจเมนท์ (แบงค์คอก เฟลิซ สุขุมวิท 69-1 (เนื้อความใส่ผิดเป็น2)) - ส่งเมล์มา ส่งต่อให้ทุกคนแล้ว,117.0
4098,บ.เพรสทีจ เรสซิเด้นท์ (38 แมนชั่น),138.0
4099,บ.เพรสทีจ เรสซิเด้นท์ (38 แมนชั่น) (LANx2),138.0
4078,บ.เดอะสมาร์ท กรุ๊ป (The Smart Group),124.0
4080,บ.เดอะสมาร์ท กรุ๊ป (The Smart Group) ( คอลเลจ วิว คอนโด 2 ( College View Condo 2),124.0
4081,บ.เดอะสมาร์ท กรุ๊ป (The Smart Group) ( คาซ่า เลเจ้นด์),124.0
4082,บ.เดอะสมาร์ท กรุ๊ป (The Smart Group) (Casa Ville ศรีราชา),124.0
4077,บ.เดอะบียอนด์ ( The Beyond),121.0
4123,บ.เฟดเดอร์รัล ทรานสปอร์ต,
4124,บ.เฟดเดอร์รัล ทรานสปอร์ต (WT),
4125,บ.เฟอร์รารี่ โลจิสติกส์ เอเซีย (ประเทศไทย) จำกัด,
4126,บ.เฟิร์ส แปซิฟิค ฮาริสัน (First Pacific),150.0
4127,บ.เฟิร์ส แปซิฟิค ฮาริสัน (ไอวี่ สาทร) - ส่งเมล์มา ส่งต่อให้ทุกคนแล้ว,150.0
5638,บ้านรองเมือง,
4128,บ.เมเจอร์ พร็อพเพอร์ตี้ เซอร์วิส,155.0
4129,บ.เมเจอร์ พร็อพเพอร์ตี้ เซอร์วิส ( พลัม คอนโด สามัคคี ),155.0
4130,บ.เมเจอร์ พร็อพเพอร์ตี้ เซอร์วิส (Major Property Service),155.0
4131,บ.เมเจอร์ พร็อพเพอร์ตี้ เซอร์วิส (Major Property Service) (Hyde สุขุมวิท),155.0
4132,บ.เมเจอร์ พร็อพเพอร์ตี้ เซอร์วิส (Major Property Service) (LANx1),155.0
4133,บ.เมเจอร์ พร็อพเพอร์ตี้ เซอร์วิส (Major Property Service) (เดอะ ทรีโอการ์เด้นท์),155.0
4134,บ.เมเจอร์ พร็อพเพอร์ตี้ เซอร์วิส (Major Property Service) (เอสเพน คอนโด เฟส เอ),155.0
4135,บ.เมเจอร์ พร็อพเพอร์ตี้ เซอร์วิส (Major Property Service) (เอสเพน คอนโด เฟส บี),155.0
4136,บ.เมเจอร์ พร็อพเพอร์ตี้ เซอร์วิส (Major Property Service) (ไฮด์ สุขุมวิท),155.0
4137,บ.เมเจอร์ พร็อพเพอร์ตี้ เซอร์วิส (Major Property Service) (บ้านกลางเมือง เออบาเนี่ยน ลาดพร้าว-เสนา 1 ),155.0
4138,บ.เมเจอร์ พร็อพเพอร์ตี้ เซอร์วิส (Major Property Service) (บ้านกลางเมืองบริติชทาวน์ ศรีนครินทร์ )),155.0
4139,บ.เมเจอร์ พร็อพเพอร์ตี้ เซอร์วิส (Major Property Service) (พลัม คอนโด สามัคคี),155.0
4140,บ.เมเจอร์ พร็อพเพอร์ตี้ เซอร์วิส (Major Property Service) (สราญสิริ ราชพฤกษ์ - แจ้งวัฒนะ),155.0
4155,บ.เมกะ พร็อพเพอร์ตี้ แมเนจเม้นท์ แอนด์ คอนซัลแทนซี่ ( เดอะ ไลต์ สวนหลวง คอนโดมิเนียม ),158.0
4156,บ.เมกะ พร็อพเพอร์ตี้ แมเนจเม้นท์ แอนด์ คอนซัลแทนซี่ (เดอะ ควอเตอร์) (บ้านไทสุรินทร์ฮิลล์),158.0
4157,บ.เมกะ พลัส พร็อพเพอร์ตี้ แมเนจเม้นท์ (Mega) (พลัส คอนโดมิเนียม สุราษฎร์ธานี),160.0
4162,บ.เมอริท โฮลดิ้งส์ (1989) -(พหล 8),163.0
4163,บ.เมอริท โฮลดิ้งส์ (1989) -(พหล 8) - ส่ง Format Excel มาให้ Import ส่งต่อให้ทุกคนแล้ว,163.0
4164,บ.เมืองทอง เซอร์วิสเซส แอนด์ แมเน็จเม้นท์(MSM)(MuangThong Services & Management),104.0
4165,บ.เมืองทอง เซอร์วิสเซส แอนด์ แมเน็จเม้นท์(MSM)(MuangThong Services & Management) - ส่งเมล์มา ส่งต่อให้ทุกคนแล้ว,104.0
4150,บ.เมโทร พรอพเพอร์ตี้แมเนจเม้นท์ (Metro ProPerty),157.0
4152,บ.เมโทร พรอพเพอร์ตี้แมเนจเม้นท์ (Metro ProPerty) ( นาราโฮม (Nara Home)),157.0
4141,บ.เมเจอร์ พร็อพเพอร์ตี้ เซอร์วิส (Major Property Service) (สุขุมวิท ซิตี้ รีสอร์ท),155.0
4144,บ.เมเจอร์ พร็อพเพอร์ตี้ เซอร์วิส (Major Property Service)(เอพลัส 2 รัตนาธิเบศร์ ) (บ้านกลางเมือง ลาดพร้าว -เสนา 1) >>,155.0
4145,บ.เมเจอร์ พร็อพเพอร์ตี้ เซอร์วิส (Major Property Service)(เอ็มโซไซตี้),155.0
4146,บ.เมเจอร์ พร็อพเพอร์ตี้ เซอร์วิส (Major Property Service)(ลลิล กรีนวิลล์ พระราม9-อ่อนนุช-สุวรรณภูมิ),155.0
4159,บ.เมนเฟรท โลจิสติกส์ (Mainfreight Logistics),162.0
4160,บ.เมนเฟรท โลจิสติกส์ (Mainfreight Logistics)(WT-PRO),162.0
4161,บ.เมนเฟรท โลจิสติกส์ (WT-PRO),162.0
4166,บ.เมืองทอง เซอร์วิสเซส แอนด์ แมเน็จเม้นท์(MSM)(MuangThong Services & Management) - ส่งเมล์มาวันที่23/02/2564 ส่งต่อให้ทุกคนแล้ว,104.0
4170,บ.เรือนจามจุรี (เรือนร่มรื่น),172.0
4175,บ.เวอร์ติพลัส 98 (Vertiplus 98),176.0
4176,บ.เวอร์ติพลัส 98 (Vertiplus 98) (LANx3),176.0
4177,บ.เวอร์ติพลัส 98 (Vertiplus 98) (เมธาเพลสรัชดา)(MTP),176.0
4178,บ.เวอร์ติภัทร กรุ๊ป (Vertiplus ) (LANx3),
4179,บ.เวิร์ค อีท เพลย์ (Work Eat Play),178.0
4180,บ.เวิร์ค อีท เพลย์ (Work Eat Play) - ส่งเมล์มา ส่งต่อให้ทุกคนแล้ว,178.0
4181,บ.เวิร์ค อีท เพลย์ (Work Eat Play) - ส่งเมล์มาวันที่ 03/02/2564 **แจ้งย้ายโปรแกรม แต่จะย้ายวันไหนจะแจ้งอีกทีค่ะ***,178.0
4182,บ.เวิร์ค อีท เพลย์ (Work Eat Play) - ส่งเมล์มาวันที่ 03/2564 **แจ้งย้ายโปรแกรม แต่จะย้ายวันไหนจะแจ้งอีกทีค่ะ***,178.0
4183,บ.เวิร์ค อีท เพลย์ (Work Eat Play) - ส่งเมล์มาวันที่19/5/2564 ส่งต่อให้ทุกคนแล้ว,178.0
4184,บ.เวิร์ค อีท เพลย์ (Work Eat Play) (โอภัส),178.0
4192,บ.เอเวอร์นิว พลาซ่า,188.0
4194,บ.เอกพิพัฒนา (ดิ เอ็กซ์ เพลส กาญจนา The Ex Place กาญจนา),192.0
4195,บ.เอคควิตี้ พร็อพเพอร์ตี้ (Equity Property),
4196,บ.เอคควิตี้ พร็อพเพอร์ตี้ (Equity Property) (LANx1 ),
4197,บ.เอคควิตี้ พร็อพเพอร์ตี้ แมเนจเม้นท์,193.0
4198,บ.เอคควิตี้ พร็อพเพอร์ตี้ แมเนจเม้นท์ - ส่งเมล์มา ย้ายเครื่อง (ย้ายให้ลูกค้าได้เลย) ส่งต่อให้ทุกคนแล้ว,193.0
4199,บ.เอคควิตี้ พร็อพเพอร์ตี้ แมเนจเม้นท์ - ส่งเมล์มา ส่งต่อให้ทุกคนแล้ว (Equity),193.0
4200,บ.เอคควิตี้ พร็อพเพอร์ตี้ แมเนจเม้นท์ (Equity Property),193.0
4201,บ.เอคควิตี้ พร็อพเพอร์ตี้ แมเนจเม้นท์ (Equity Property) - ส่งเมล์มา ส่งต่อให้ทุกคนแล้ว,193.0
4202,บ.เอคควิตี้ พร็อพเพอร์ตี้ แมเนจเม้นท์ (Equity),193.0
4203,บ.เอคควิตี้ พร็อพเพอร์ตี้ แมเนจเม้นท์ (Equity) -( คาซ่า ซิตี้ บางนา ),193.0
4204,บ.เอคควิตี้ พร็อพเพอร์ตี้ แมเนจเม้นท์ (Equity) (ป.ปิ่นเกล้า คอนโดมิเนียม โครงการ 2 ),193.0
4205,บ.เอคควิตี้ พร็อพเพอร์ตี้ แมเนจเม้นท์ (Equity) (ป.ปิ่นเกล้า คอนโดมิเนียม โครงการ 2),193.0
4206,บ.เอคควิตี้ พร็อพเพอร์ตี้ แมเนจเม้นท์ (คาซ่า ซิตี้ บางนา) - ส่งเมล์มา ส่งต่อให้ทุกคนแล้ว,193.0
4207,บ.เอ็คซีด( EXCEED),
4208,บ.เอ็คซีด( EXCEED) (WT),
4185,บ.เอ.ซี. พร็อพเพอร์ตี้ กรุ๊ป(AC Property Group) (แอร์ลิงค์ เรสซิเดนซ์ 2),184.0
4171,บ.เวอร์ติคอล ( สีลม แกรนด์ เทอเรส),174.0
4172,บ.เวอร์ติคอล (Vertical),174.0
4173,บ.เวอร์ติคอล (Vertical) ( เดอะไลท์ ลาดพร้าว),174.0
4174,บ.เวอร์ติคอล (ยูนิโอ จรัญ 3 ),174.0
4209,บ.เอคิว พร๊อพเพอร์ตี้ แมเนจเม้นท์ (IQ),370.0
4210,บ.เอคิว พร๊อพเพอร์ตี้ แมเนจเม้นท์ (IQ)>>,370.0
4211,บ.เอซีอาร์ แมเนจเม้นท์ ( Acute ),202.0
4167,บ.เรียลพร็อพเพอร์ตี้แมเนจเม้นท์ (RPM),170.0
4168,บ.เรียลพร็อพเพอร์ตี้แมเนจเม้นท์ (RPM) ลัดดารมย์ เฟส 1,170.0
4169,บ.เรียลพร็อพเพอร์ตี้แมเนจเม้นท์( RPM) -(มัณฑนา - อ่อนนุช วงแหวน),170.0
4220,บ.เอซีอาร์ แมเนจเม้นท์ (เดอะทรี จรัญฯ 30),202.0
4229,บ.เอพีพี 168 เอ็นจิเนียริ่ง (APP 168 ) ( แมนฮัตตัน แอท 304 Manhattan @304 ปราจีนบุรี )),209.0
4230,บ.เอพีพี 168 เอ็นจิเนียริ่ง (APP 168),209.0
4255,บ.เอ็ม แอนด์ เฟรนด์ (M and Friend ) ม.ซี เค วิลล์ 2 (CK Ville 2),219.0
4382,บ.ไอ.จี.เอส. (IGS) ( บ.เจโมเพย์พ้อย ),92.0
4249,บ.เอ็ม แมเนจเม้นท์ (M Management),218.0
4250,บ.เอ็ม แมเนจเม้นท์ (M Management) (LANx1),218.0
4231,บ.เอฟ พร็อพเพอร์ตี้ (หน่วยงานเฉลียงจันทร์) - ส่งเมล์มาให้ตั้งรหัส ระดับ 3 (ตั้งให้ได้เลย) ส่งต่อให้ทุกคนแล้ว,214.0
4233,บ.เอฟ พร็อพเพอร์ตี้ แมเนจเม้นท์,214.0
4238,บ.เอฟ พร็อพเพอร์ตี้ แมเนจเม้นท์ (F Property),214.0
4232,บ.เอฟ พรอพเพอร์ตี้ แมเนจเม้นท์,214.0
4234,บ.เอฟ พรอพเพอร์ตี้ แมเนจเม้นท์ (F Property ),214.0
4235,บ.เอฟ พรอพเพอร์ตี้ แมเนจเม้นท์ (F Property ) (เอเทรี่ยม พหลฯ-สุทธิสาร),214.0
4236,บ.เอฟ พรอพเพอร์ตี้ แมเนจเม้นท์ (F Property )(บ้านกลางเมือง เออบาเนี่ยน) - ส่งเมล์มา ส่งต่อให้ทุกคนแล้ว,214.0
4237,บ.เอฟ พรอพเพอร์ตี้ แมเนจเม้นท์ (F Property),214.0
4240,บ.เอฟ พรอพเพอร์ตี้ แมเนจเม้นท์ (F Property) (LANx1),214.0
4225,บ.เอ็นทรัส พร๊อพเพอร์ตี้ (Entrust Property ),206.0
4226,บ.เอ็นทรัส พร๊อพเพอร์ตี้ (Entrust Property ) ( Sixty-Six),206.0
4227,บ.เอ็นทรัส พร๊อพเพอร์ตี้ (Entrust Property ) แอคควา(acqua condo)(AQC),206.0
4228,บ.เอ็นทรัส พร๊อพเพอร์ตี้ (Entrust Property ) แอตติจูด(Attitude Condo),206.0
4223,บ.เอ็น.วี.วอล (NV Val ),205.0
4224,บ.เอ็น.วี.วอล (NV Val) [(LANx2 (ระยะใกล้)) และ (LANx2 (ระยะไกล))],205.0
4214,บ.เอซีอาร์ แมเนจเม้นท์ (ACR-Management (Acute),202.0
4215,บ.เอซีอาร์ แมเนจเม้นท์ (ACR-Management (Acute) ( ดิ เอช เอกมัย),202.0
4216,บ.เอซีอาร์ แมเนจเม้นท์ (Acute),202.0
4217,บ.เอซีอาร์ แมเนจเม้นท์ (Acute) (ACR) เดอะ เครส ซานโตร่า (The Crest Santora)(หัวหิน),202.0
4218,บ.เอซีอาร์ แมเนจเม้นท์ (Acute) (มาร์เวสท์ หัวหิน (Marvest หัวหิน) (ประจวบ) - ส่งเมล์มา ส่งต่อให้ทุกคนแล้ว,202.0
4221,บ.เอซีอาร์ แมเนจเม้นท์( Acute ) (เดอะทรี พริวาต้า),202.0
4222,บ.เอซีอาร์ แมเนจเม้นท์(Acute ),202.0
4256,บ.เอ็ม แอนด์ เฟรนด์ (M and Friend ) ม.ซี เค วิลล์ 2 (CK Ville 2) - ส่งเมล์มา ส่งต่อให้ทุกคนแล้ว,219.0
4257,บ.เอ็ม แอนด์ เฟรนด์ (M and Friend)( ม.ซี เค วิลล์ 2(CK Ville 2),219.0
4258,บ.เอ็มคิวดีซี เคอร์เทซี เซอร์วิส คอร์ปอเรชั่น ( MQDC)-( เดอะมิวซ์ The Muse),104.0
4260,บ.เอส เอช วี หัวหิน )(SHV) (LANx2)_(สมาร์ทเฮ้าส์ วิลเลจ หัวหิน) (Smart House),224.0
4261,บ.เอส เอช วี หัวหิน )(SHV) สมาร์ทเฮ้าส์ วิลเลจ หัวหิน (Smart House),224.0
4262,บ.เอส ที เอ็ม เอส (STMS),225.0
4263,บ.เอส ที เอ็ม เอส (STMS) - ส่งเมล์มา ส่งต่อให้ทุกคนแล้ว,225.0
4267,บ.เอส วาย เรียลตี้,242.0
4268,บ.เอส.เอ็ม.เดคคอร์เรชั่น (SM Decoration) (สุขเหมือน 1),230.0
4269,บ.เอส.แอล.เอสเตท ( SL Estate ),231.0
4270,บ.เอส.แอล.เอสเตท ( SL Estate ) ส่งเมล์มา วันที่ 26/6/2565 ส่งต่อให้ทุกคนแล้ว,231.0
4271,บ.เอส.แอล.เอสเตท ( SL Estate ) ส่งเมล์มา ส่งต่อให้ทุกคนแล้ว,231.0
4280,บ.เอสเอส พลัส พร็อพเพอร์ตี้ เมเนจเม้นท์ (ภูเก็ต) _(ซันไชน์ บีช (Sunshine Beach)),
4281,บ.เอสเอส พลัส พร็อพเพอร์ตี้ เมเนจเม้นท์ _(ซันไชน์ บีช (Sunshine Beach)),
4282,บ.เอสซี แอสเสท คอร์ปอเรชั่น (โครงการศาลาแดง วัน (SLD-1),
4283,บ.เอสวาย เรียลตี้ (SY Realty),242.0
4284,บ.เอสวาย เรียลตี้ (SY Realty) (The Place (TP)),242.0
4285,บ.เอสวาย เรียลตี้ (SY Realty)),242.0
4286,บ.เอสวาย เรียลตี้ (SY Realty)) (LANx4),242.0
4287,บ.เอสอี เอสเตท (SE Estate ) (VIP คอนโด),243.0
4288,บ.เออห์ลินส์ เอเชีย (LANx1),244.0
4289,บ.เฮลแมน เวิร์ลไวด์ โลจิสติคส์( Hellmann ),246.0
4294,บ.แกรนด์ เวิร์ค พลัส แอสเสท (ม.วินด์มิลล์พาร์ค ),248.0
4272,บ.เอสเอ็มซี พร็อพเพอร์ตี้ ซอฟต์ (SMC),234.0
4273,บ.เอสเอ็มซี พร็อพเพอร์ตี้ ซอฟต์ (SMC) (ไอดีโอ คิว สยาม ราชเทวี),234.0
4265,บ.เอส พร็อพเพอร์ตี้ แมเนจเม้นท์ แอนด์ เอ็นจิเนียริ่ง (เดอะ คอนเนค 32),226.0
4266,บ.เอส พร็อพเพอร์ตี้ แมเนจเม้นท์ แอนด์ เอ็นจิเนียริ่ง (เดอะคอนเนค 32) (เดอะ คอนเนค อัพ 3 ลาดพร้าว 126),226.0
4290,บ.แกรนด์ เวิร์ค พลัส แอสเสท ( Bangkok Horizon เพชรเกษม 48 ),248.0
4292,บ.แกรนด์ เวิร์ค พลัส แอสเสท (Bangkok Horizon P 48) (แบงค์คอก-ฮอไรซอน พี 48(Bangkok Horizon เพชรเกษม 48 )),248.0
4293,บ.แกรนด์ เวิร์ค พลัส แอสเสท (แบงค์คอก-ฮอไรซอน พี 48) (Bangkok Horizon P 48) ( Bangkok Horizon เพชรเกษม 48 ),248.0
4264,บ.เอส พร็อพเพอร์ตี้ เมเนจเม้นท์ แอนด์ เอ็นจิเนียริ่ง _( ซิตี้วิลล์ ตึก A B C D E F G (City Ville A B C D E F G),226.0
4295,บ.แกรนด์ แอสเซท พรอสเพอริตี้ (Grand Asset Prosperity) ( คาซ่า คอนโด รัชดา-ราชพฤกษ์),249.0
4296,บ.แกรนด์ แอสเซท พรอสเพอริตี้ (Grand Asset Prosperity) ( ชาโตว์ อินทาวน์ รัชดา 20-2 ),249.0
4297,บ.แกรนด์ แอสเซท พรอสเพอริตี้ (Grand Asset Prosperity) ( ซิตี้ ลิฟวิ่ง รัชดา),249.0
4298,บ.แกรนด์ แอสเซท พรอสเพอริตี้ (Grand Asset Prosperity) (คาซ่า คอนโด รัชดา-ราชพฤกษ์),249.0
4299,บ.แกรนด์ ซิตี้พาร์ค ( LANx3 ),251.0
4300,บ.แกรนด์ ซิตี้พาร์ค (Grand City Park) ( LANx3 ),251.0
4301,บ.แกรนด์ ซิตี้พาร์ค (Grand City Park) ( LANx4 ),251.0
4304,บ.แนเชอรัล เพลส แมเนจเม้นท์,259.0
4305,บ.แผ่นดินอำพัน (โบ๊เบ๊ สเตชั่น) ( LANx1),261.0
4306,บ.แพรนด้า จิวเวลรี่,
4307,บ.แพรนด้า จิวเวลรี่ (LANx2),
4308,บ.แพรนด้า ลอดจิ้ง,265.0
4309,บ.แพรนด้า ลอดจิ้ง (โคราช),265.0
4310,บ.แมกโนเลีย ไฟน์เนสท์ คอร์ปอเรชั่น (Magnolia Finest),268.0
4311,บ.แมกโนเลีย ไฟน์เนสท์ คอร์ปอเรชั่น (Magnolia Finest)(Magnolia Ratchadamri Boulevard ),268.0
4322,บ.แสงวิไล แลนด์ ( อินฟินิติ คอนโด ),273.0
4323,บ.แสงวิไล แลนด์ ( อินฟินิติ คอนโด ) (Infinity Condo ชลบุรี),273.0
4324,บ.แฮนเดิล ชิปปิ้ง แอนด์ เซอร์วิส (Handle shipping) _ ( บ. แฮนเดิล ชิปปิ้ง) (LANx1),104.0
4325,บ.แฮนเดิล ชิปปิ้ง แอนด์ เซอร์วิส (Unitrade Shipping) (WT)(กระทำการแทน),104.0
4326,บ.โกรว พรอพเพอร์ตี้ ( Grow Property ) (โกรว รัตนาธิเบศร์ คอนโดมิเนียม ),289.0
4327,บ.โกล ลิฟวิ่ง พร็อพเพอร์ตี้ (Goal Living Property ) (วัฒนา สวีท),290.0
4328,บ.โกล ลิฟวิ่ง พร็อพเพอร์ตี้ (Goal Living Property) ( เอกสินเพลส),290.0
4329,บ.โนเวล พร็อพเพอร์ตี้ แมนเนจเม้นท์ จำกัด (โฟคัส เพลินจิต,297.0
4330,บ.โนเวล พร็อพเพอร์ตี้ แมนเนจเม้นท์ จำกัด (โฟคัส เพลินจิต),297.0
4331,บ.โพแมค ควอลิตี้ แมนเนจเม้นท์ ( Pomac ) (เลอรัก สกายวอล์ค (Sky Walk) (Le Luk Condominium Tower B ),303.0
4332,บ.โฟคัส ดีเวลลอปเม้นท์ แอนด์ คอนสตรัคชั่น (โฟคัส เพลินจิต (เฟิร์ส แปซิฟิก),
4333,บ.โฟคัส ดีเวลลอปเม้นท์ แอนด์ คอนสตรัคชั่น (โฟคัส เพลินจิต (บ.เฟิร์ส แปซิฟิค ฮาริสัน (First Pacific),150.0
4334,บ.โมเดอร์น พร็อพเพอร์ตี้ แมเนจเมนท์ (Modern Property ),267.0
4335,บ.โมเดอร์น พร็อพเพอร์ตี้ แมเนจเมนท์ (Modern Property ) (ภัสสร เพรสทีจ อ่อนนุช),267.0
4336,บ.โมเดอร์น พร็อพเพอร์ตี้ แมเนจเมนท์ (เดอะ เพลส กาญจนาภิเษก อารีญาไทรน้อย) - ส่งเมล์มาให้ถอนโปแกรม ส่งต่อให้ทุกคนแล้ว,267.0
4337,บ.โรเม็ท อินเตอร์เนชั่นแนล,
4425,บ.คาซาวดี,406.0
5639,บ้านรัชดา,2233.0
4312,บ.แม็กซิมบิลด์ (DECO ตึก A),271.0
4313,บ.แม็กซิมบิลด์ (DECO ตึก A) เดคโค่ คอนโดมิเนียม ตึก A,271.0
4317,บ.แม็กซิมบิลด์ (DECO ตึก A B) เดคโค่ คอนโดมิเนียม ตึก A B,271.0
4338,บ.โรเม็ท อินเตอร์เนชั่นแนล - ส่งเมล์มา ส่งต่อให้ทุกคนแล้ว,
4339,บ.โรจนะดิสทริบิวชั่น เซ็นเตอร์ (RDC) (WT),
4340,บ.โอภัส,314.0
4341,บ.โฮมแอด (ม.ปริญลักษณ์ พระราม 2),
4342,บ.ไดมอนด์ พร็อพเพอร์ตี้ แมเนจเม้นท์ ( เดอะนิช รัชดา-ห้วยขวาง ),317.0
4343,บ.ไดมอนด์ พร็อพเพอร์ตี้ แมเนจเม้นท์ (คริสตัลการ์เด้น (Crystal Garden),317.0
4350,บ.ไทยคันทรีโฮม หัวหิน (Thai Country Home -หัวหิน),328.0
4351,บ.ไทยคันทรีโฮม หัวหิน (Thai Country Home -หัวหิน) (LANx1),328.0
4352,บ.ไนซ์ โกลบอล อินเตอร์เทรด (Nice Global Intertrade ( เอส.เอ็ม.ทู SM TOW) (GL),333.0
4353,บ.ไนท์แฟรงค์ ชาร์เตอร์ (Knight Frank),
4354,บ.ไบรท์ ดีเวลลอปเมนท์ กรุงเทพ (ยูนิลอฟท์ เชียงใหม่ ( Uniloft Chaiangmai)),337.0
4355,บ.ไบรท์ พร็อพเพอร์ตี้ เซอร์วิส (อาร์ติซาน รัชดา),104.0
4356,บ.ไพร์ม เอสเตท แมเนจเม้นท์ - ส่งเมล์มา ส่งต่อให้ทุกคนแล้ว,340.0
4357,บ.ไพรม์ พร็อพเพอร์ตี้ กรุ๊ป,341.0
4358,บ.ไพรม์ พร็อพเพอร์ตี้ กรุ๊ป - ส่งเมล์มา วันที่ 16/8/2564 ส่งต่อให้ทุกคนแล้ว,341.0
4359,บ.ไพรม์ พร็อพเพอร์ตี้ กรุ๊ป - ส่งเมล์มา ส่งต่อให้ทุกคนแล้ว,341.0
4360,บ.ไพรม์ พร็อพเพอร์ตี้ กรุ๊ป ( Prime Property Group )(ปราจีน)),341.0
4361,บ.ไพรม์ พร็อพเพอร์ตี้ กรุ๊ป (Prime Property Group) (ม.วราบดินทร์ วงแหวน-ลำลูกกา ),341.0
4362,บ.ไพรม์ พร็อพเพอร์ตี้ กรุ๊ป (Prime Property Group)บ้านฟ้า กรีนพาร์ค รังสิต คลอง 3 - ส่งเมล์มา ส่งต่อให้ทุกคนแล้ว,341.0
4363,บ.ไรมอนแลนด์ - ส่งเมล์มา ส่งต่อให้ทุกคนแล้ว,
4364,บ.ไวส์ เอสเตท 7 (Wise Estate 7) (แอทโมซ โอเอซิส อ่อนนุช (Atmoz Oasis)),348.0
4365,บ.ไวส์ เอสเตท 7(แอทโมซ โอเอซิส อ่อนนุช),348.0
4366,บ.ไอ สไตล์ พร็อพเพอร์ตี้,370.0
4367,บ.ไอ อาร์ เอ็ม เอ็กซ์ตร้า (IRM -Extra) (ม.ศุภลัย เบลล่า นครราชสีมา )>>,350.0
4368,บ.ไอ อาร์ เอ็ม เอ็กซ์ตร้า (IRM -Extra) (หมู่บ้านเดอะริช 1 (The Rich 1)>>,350.0
4369,บ.ไอ อาร์ เอ็ม เอ็กซ์ตร้า (IRM-Extra) ( เดอะเชนจ์ รีแล็กซ์ คอนโด และ ประชาสุข 7 ),350.0
4370,บ.ไอ อาร์ เอ็ม เอ็กซ์ตร้า (IRM-Extra) ( เดอะเบส 2 by สิรารมย์ ),350.0
4371,บ.ไอ อาร์ เอ็ม เอ็กซ์ตร้า (IRM-Extra) ( ชูเคร อาคาร บี),350.0
4372,บ.ไอ อาร์ เอ็ม เอ็กซ์ตร้า (IRM-Extra) ( ประชาสุข 7 ),350.0
4373,บ.ไอ อาร์ เอ็ม เอ็กซ์ตร้า (IRM-Extra) (เดอะเชนจ์ รีแล็กซ์ คอนโด ),350.0
4374,บ.ไอ อาร์ เอ็ม เอ็กซ์ตร้า (IRM-Extra) (เดอะเบส 2 by สิรารมย์ (บึงทับช้าง)-( The Best 2 by สิรารมย์ (บึงทับช้าง) ),350.0
4375,บ.ไอ อาร์ เอ็ม เอ็กซ์ตร้า (IRM-Extra) (เดอะเบสท์ 2 by สิรารมย์ (บึงทับช้าง)-( The Best 2 by สิรารมย์ (บึงทับช้าง) ),350.0
4376,บ.ไอ อาร์ เอ็ม เอ็กซ์ตร้า (IRM-Extra) (ชูเครเขาใหญ่ อาคาร เอ),350.0
4377,บ.ไอ อาร์ เอ็ม เอ็กซ์ตร้า (IRM-Extra)) ( ม. ไพรเวท พาร์ควิลล์ )>>,350.0
4378,บ.ไอ อาร์ เอ็ม เอ็กซ์ตร้า (IRM-Extra)) (ม.หมู่บ้านเดอะริช 1)>>,350.0
4379,บ.ไอ อาร์ เอ็ม เอ็กซ์ตร้า (IRM-Extra)) (ศุภลัย เบลล่า นครราชสีมา)>>,350.0
4380,บ.ไอ อาร์ เอ็ม เอ็กซ์ตร้า (IRM-Extra)) เดอะเฮาส์ คอนโดมิเนียม (ขอนแก่น),350.0
4381,บ.ไอ.จี.เอส. (IGS),353.0
4344,บ.ไทย แอซเซ็ท พร็อพเพอร์ตี้ แอนด์ เจ.พี,320.0
4383,บ.ไอ.จี.เอส. (IGS) (ร่มสุข 9 คอนโดทาวน์ )_(เจโมทาวน์),353.0
4384,บ.ไอ.จี.เอส. (IGS) ร่มสุข 9 -(เจโมทาวน์),353.0
4385,บ.ไอ.จี.เอส.(IGS),353.0
4386,บ.ไอ.จี.เอส.(IGS) (LANx1) (บ.เจโม เซอร์วิส (Gemo Service),91.0
4387,บ.ไอ.จี.เอส.(IGS) (LANx1)(บ.เจโม เซอร์วิส (Gemo Service),91.0
4388,บ.ไอ.จี.เอส.(IGS) (บ.เจโม เซอร์วิส (Gemo Service),91.0
4389,บ.ไอ.จี.เอส.(IGS) (บ.เจโม เซอร์วิส (Gemo Service) (LANx1),91.0
4393,บ.ไอเอฟเอส ฟาซิลิตี้ เซอร์วิสเซส (IFS) บ.ไอเอสเอส ฟาซิลิตี้ เซอร์วิส(ISS) ),104.0
4396,บ.ไอ-แองเจิล แมเนจเม้นท์ (I-Angel Management ) ไอ-เซน คอนโดมิเนียม ( I-Zen Condominium),360.0
4397,บ.ไอ-แองเจิล แมเนจเม้นท์ (I-Angel Management ) ไอ-เซน คอนโดมิเนียม เอกมัย-รามอินทรา ( I-Zen Condominium),360.0
4398,บ.ไอ-แองเจิล แมเนจเม้นท์ (I-Angel Management ) ไอ-เซน คอนโดมิเนียม เอกมัย-รามอินทรา ( I-Zen Condominium)-ส่งหนังสือย้ายเครื่องมาทางไลน์,360.0
4399,บ.ไอ-แองเจิล แมเนจเม้นท์ (I-Angel Management ) ไอ-เซน คอนโดมิเนียม เอกมัย-รามอินทรา ( I-Zen Condominium)-ส่งหนังสือย้ายเครื่องมาทางไลน์ (วันที่ 19/8/2564),360.0
4404,บ.ไฮไลฟ์ดีเวลลอปเม้นท์ - ส่งเมล์มาย้ายโปรแกรม+Import (ด่วน) ลูกค้าใหม่ ส่งต่อให้ทุกคนแล้ว,371.0
4405,บ.ไฮพร๊อพเพอร์ตี้ เมเนจเม้นท์ (ศรีบำเพ็ญ คอนโด โฮม),372.0
4407,บ.กรุงเทพ แอสเซ็ท แอนด์ คอนซัลแทนท์,378.0
4408,บ.กรุงเทพ แอสเซ็ท แอนด์ คอนซัลแทนท์ ( Bangkok Asset and Consultant ),378.0
4409,บ.กรุงเทพ แอสเซ็ท แอนด์ คอนซัลแทนท์ ( Bangkok Asset and Consultant )_ (วิว ทาวเวอร์ ),378.0
4418,บ.กันยารัตน์ พร็อพเพอร์ตี้ (กันยารัตน์ เลควิว คอนโดมิเนียม) ขอนแก่น,384.0
4419,บ.กันยารัตน์ พร็อพเพอร์ตี้ (กันยารัตน์ เลควิว คอนโดมิเนียม)ขอนแก่น,384.0
4420,บ.กู๊ด แอสเซท แมเเนจเม้นท์ (Good Asset),390.0
4421,บ.กู๊ด แอสเซท แมเเนจเม้นท์ (Good Asset) ( บ้านพฤกษา 93),390.0
4422,บ.กู๊ด แอสเซท แมเเนจเม้นท์ (Good Asset) -(ชีวาทัย รามคำแหง),390.0
4423,บ.คลาส แอสเซท (คลาส สยาม (Klass Siam),1717.0
4390,บ.ไอเอฟเอส ฟาซิลิตี้ เซอร์วิสเซส (IFS) บ.ไอเอสเอส ฟาซิลิตี้ เซอร์วิส(ISS) (โครงการ Kingpower รางน้ำ),357.0
4391,บ.ไอเอฟเอส ฟาซิลิตี้ เซอร์วิสเซส (IFS) บ.ไอเอสเอส ฟาซิลิตี้ เซอร์วิส(ISS) (โครงการ Kingpower สุวรรณภูมิ),357.0
4392,บ.ไอเอฟเอส ฟาซิลิตี้ เซอร์วิสเซส (IFS) บ.ไอเอสเอส ฟาซิลิตี้ เซอร์วิส(ISS) (โครงการบ้านวารีภิรมย์),357.0
4400,บ.ไอคิว แมเนจเม้นท์ (IQ),370.0
4401,บ.ไอสไตล์ พร็อพเพอร์ตี้( I Style)บ.ไอคิว แมเนจเม้นท์ (IQ),370.0
4402,บ.ไอสไตล์ พร็อพเพอร์ตี้( I Style)บ.ไอคิว แมเนจเม้นท์ (IQ) - ส่งเมล์มา ส่งต่อให้ทุกคนแล้ว,370.0
4403,บ.ไอสไตล์ พร็อพเพอร์ตี้( I Style)บ.ไอคิว แมเนจเม้นท์ (IQ) (เอส ซี เพลส),370.0
4413,บ.กองเงิน ซิตี้โฮม,383.0
4414,บ.กองเงิน ซิตี้โฮม (เดอะ แกนรด์ คอนโดมิเนียม),383.0
4415,บ.กองเงิน ซิตี้โฮม (เดอะ แกนรด์ คอนโดมิเนียม) (ปราจีนบุรี),383.0
4416,บ.กองเงิน ซิตี้โฮม (เดอะ แกรน์ คอนโดมิเนียม) (ปราจีนบุรี),383.0
4412,บ.กรุ๊ป 5 ฟะซิลลิที แมเนจเม้นท์ (เปี่ยมรักเรสซิเด้นซ์ ),1363.0
4424,บ.คาซ่า โรยัล (Casa Royal),405.0
4406,บ.กรีน อมตะ ( Green Amata ) (The Indeed อมตะ) อินดี๊ด อมตะ (ชลบุรี),376.0
4426,บ.คาซาวดี (LANx2) _(บ.เค.เอส.พร็อพเพอร์ตี้ แมเนจเม้นท์( KS Property),67.0
4427,บ.คาซาวดี (LANx2) _(บ.เค.เอส.พร็อพเพอร์ตี้ แมเนจเม้นท์( KS Property) _(สตูดิโอวัน-โซน)),67.0
4428,บ.คาซาวดี (LANx2) _(สตูดิโอวัน-โซน)),406.0
4429,บ.คาซาวดี (สตูดิโอวัน-โซน)),406.0
4430,บ.คาซาวดี  KS Property,406.0
4431,บ.คาร์โก้ คัสตอมส์ เซอร์วิส,104.0
4432,บ.คาร์โก้ คัสตอมส์ เซอร์วิส WT,104.0
4433,บ.คิง เมเนจเม้นท์ (ซิตี้โฮม รัชดาภิเษก 1),1823.0
4434,บ.คิลิน พร็อพเพอร์ตี้,409.0
4441,บ.จันทบุรีสามัคคีร่วมใจ (แซฟไฟร์ทาวเวอร์ (Sapphire Tower) (จันทบุรี),427.0
4442,บ.จูนีส์ การ์เดนโฮม ( Junies Garfen Home ),433.0
4443,บ.จูนีส์ การ์เดนโฮม (Junies Garden Home),433.0
4444,บ.ชัยวรดิศ,437.0
4445,บ.ชัยวรดิศ - ส่งเมล์มา ส่งต่อให้ทุกคนแล้ว,437.0
4446,บ.ชัยวรดิศ (LANx3),437.0
4447,บ.ชีวาทัย ( Chewathai Hallmark Ladprao - Chokchai 4 Phase1) ชีวาทัย ฮอลล์มาร์ค ลาดพร้าว-โชคชัย 4,
4448,บ.ชีวาทัย ( Chewathai Hallmark Ladprao - Chokchai 4 Phase1) ชีวาทัย ฮอลล์มาร์ค ลาดพร้าว-โชคชัย 4 - ส่ง Format Excel มาให้ Import ส่งต่อให้ทุกคนแล้ว,
4449,บ.ชีวาทัย ( Chewathai Hallmark Ladprao - Chokchai 4 Phase1) ชีวาทัย ฮอลล์มาร์ค ลาดพร้าว-โชคชัย 4 เฟส1,1801.0
4450,บ.ชีวาทัย ( Chewathai Phetkasem 27 ชีวาทัย เพชรเกษม 27),
4451,บ.ชีวาทัย ( Chewathai Pinklao) ชีวาทัย ปิ่นเกล้า,1797.0
4452,บ.ชีวาทัย (Chewathai) (ชีวาทัย เกษตร-นวมินทร์ (Chewathai Kaset - Nawamin))),1795.0
4468,บ.ซิตี้ เอสเตท (สายลมอพาร์ทเม้นท์),450.0
4470,บ.ซิตี้ รีสอร์ท พร็อพเพอร์ตี้ _(สุรวงศ์ ซิตี้ รีสอร์ท),453.0
4471,บ.ซี คอนแท็ค เอ็กซ์เพรส,
4472,บ.ซี.เค แลนด์ แอนด์ เฮ้าส์ ดีเวลลอปเม้นท์ (ระยอง) (CK Land & House Developmen),458.0
4473,บ.ซี.เค แลนด์ แอนด์ เฮ้าส์ ดีเวลลอปเม้นท์ (ระยอง) (CK Land & House Developmen) (LANx1),458.0
4475,บ.ซีฮิลล์แลนด์ (ชลบุรี),
5311,บ้านเอื้ออาทร รามอินทรา 117,2106.0
4469,บ.ซิตี้ รีสอร์ท แลนด์ (เลอโคเต้ ทองหล่อ 8 ),1425.0
4435,บ.จัดการทรัพย์สินและชุมชน (CEMCO) (คาซ่าวิลล์ ศรีนครินทร์ ),426.0
4436,บ.จัดการทรัพย์สินและชุมชน (CEMCO) (ฮาบิทาวน์ วัชรพล )- ส่งเมล์มา ส่่งต่อให้ทุกคนแล้ว,426.0
4437,บ.จัดการทรัพย์สินและชุมชน (CEMCO)-(บ้านกลางเมือง เออบาเนียน) - ส่งเมล์มา ส่งต่อให้ทุกคนแล้ว,426.0
4438,บ.จัดการทรัพย์สินและชุมชน Cemco (ลัดดารมย์ บางนา ),426.0
4439,บ.จัดการทรัพย์สินและชุมชน Cemco (ลัดดารมย์ บางนา ) - ส่งเมล์มา ส่งต่อให้ทุกคนแล้ว,426.0
4440,บ.จัดการทรัพย์สินและชุมชน Cemco (ลัดดารมย์ บางนา ) - ส่งเมล์มาวันที่ 10/11/2564 ส่งต่อให้ทุกคนแล้ว,426.0
4474,บ.ซีพีเอ็น เรซซิเด้นซ์ (CPN)-(Escent Ville Chiangmai),462.0
4476,บ.ซุปเปอร์ทีม แมนเนจเม้นท์ (STM) ( ม.นาราสิริ วัชรพล),463.0
4477,บ.ซุปเปอร์ทีม แมนเนจเม้นท์ (ม.ปริญลักษณ์ พระราม 2),463.0
4478,บ.ณัฏฐรัศม์ (คอร์เนอร์ 39 -ราม 39),466.0
4479,บ.ณัฏฐรัศม์ (คอร์เนอร์ 39) รามฯ 39,466.0
4480,บ.ดิเอ็กเซลเลนซ์ (The Excellence),473.0
4481,บ.ดิเอ็กเซลเลนซ์ (THE EXCELLENCE) - ส่งเมล์มา ส่งต่อให้ทุกคนแล้ว,473.0
4485,บ.ดีดี วีพีกิจ (DD VPKIJ),479.0
4486,บ.ดุสิต ไฮท์ ทาวเวอร์ ( ดุสิต แกรนด์ ปาร์ค ) (ชลบุรี),482.0
4487,บ.ดุสิต พัทยา,483.0
4488,บ.ตลาดถนอมมิตร,488.0
4489,บ.ตลาดถนอมมิตร (LANx2) (คอนโด) (LANx2) _(ตลาด) (LANx3),488.0
4490,บ.ตลาดถนอมมิตร (คอนโด) (LANx3),488.0
4491,บ.ตลาดถนอมมิตร (คอนโดถนอมมิตรพาร์ค),488.0
4492,บ.ตลาดถนอมมิตร (ตลาด),488.0
4493,บ.ตลาดถนอมมิตร (ตลาด+คอนโด) (LANx3),488.0
4494,บ.ติรวุฒิพร,
4495,บ.ติรวุฒิพร_ ( PM Tower),
4496,บ.ทรัพย์เข็มทอง,493.0
4497,บ.ทรัพย์เข็มทอง (เกรสสวีท แมนชั่น),493.0
4498,บ.ทรัพย์แสนสิริมงคง (Best Residence),
4499,บ.ทรัพย์แสนสิริมงคล (Best Residence),495.0
4500,บ.ทรีดี เออร์บาน (3D Urban) ดี-แลนด์ ดีเวลลอปเม้นท์ (D-Land Development),478.0
4501,บ.ทรีดี เออร์บาน (3D Urban) ดี-แลนด์ ดีเวลลอปเม้นท์ (D-Land Development) (LANx1),478.0
5312,บ้านเอื้ออาทร ลาดหลุมแก้ว 1-2,2107.0
4482,บ.ดี เวล แกรนด์ แอสเสท (D'Well Grand Asset )- (ดี 65 เอ (D 65A),477.0
4483,บ.ดี เวล แกรนด์ แอสเสท (D'Well Grand Asset )- (ดี 65 เอ (D 65A)- ส่งเมล์มา ส่งต่อให้ทุกคนแล้ว,477.0
4484,บ.ดี เวล แกรนด์ แอสเสท (D'Well Grand Asset ) (บ. ดอท พร็อพเพอรืตี้ เซอร์ววิส )- (ดี 65 เอ (D 65A),477.0
4523,บ.ทองธารามหานคร (ม.เพลินใจ 2),504.0
4524,บ.ทองหล่อ เมเนจเม้นท์ (เอท ทองหล่อ เรสซิเด้นท์เซส),506.0
4525,บ.ทองหล่อ เมเนจเม้นท์ (เอท ทองหล่อ เรสซิเด้นท์เซส) - ส่งเมล์มา ส่งต่อให้ทุกคนแล้ว,506.0
4529,บ.ทัฟฟ์ เซอร์วิส (Tuff Servic )(CRM),508.0
4531,บ.ทัฟฟ์ เซอร์วิส (Tuff Servic )(CRM) - เดอะเนสท์ 71 (The Nest 71),508.0
4522,บ.ทรูพร็อพเพอร์ตี้ เซอร์วิส(True Property) รีเจ้นท์โฮม 18,498.0
4528,บ.ท๊อปสตาร์ส เรียลเอสเตท (The Tepp Serviced Apartment) (Top Star),507.0
4526,บ.ทองหล่อเมเนจเม้นท์ (TU Dome),506.0
4527,บ.ทองหล่อเมเนจเม้นท์(TU Dome ),506.0
4567,บ.ทากะ ทาวน์,510.0
4568,บ.ทากะ ทาวน์ ( Taka Town),510.0
4569,บ.ทากะ ทาวน์ (Taka Town ),510.0
4570,บ.ทำแทน แมเนจเม้นท์ (แอล สไตล์ คอนโด L Style) - ส่งเมล์มา ส่งต่อให้ทุกคนแล้ว,511.0
4571,บ.ทำแทน แมเนจเม้นท์ (จีสไตส์ คอนโด 1) - ส่งเมล์มา ส่งต่อให้ทุกคนแล้ว,511.0
4572,บ.ที.เค.ที.เพลส (TKT Place),514.0
4573,บ.ที.เค.ที.เพลส (TKT Place) (GROW RESIDENCES),514.0
4574,บ.ที.เค.ที.เพลส (TKT Place) (LANx2),514.0
4575,บ.ทีพี แมเนจเม้นท์ (TP Management ) (เดอะแคช ลำลูกกา คลอง 2)(The Cache),526.0
4576,บ.ทีม พร็อพเพอร์ตี้ เมเนจเม้นท์ (Team Propฯ) (ยูทรีคอนโดแอดแยกเกษตร),529.0
4577,บ.ทู ไพร์ม แอสเซท (Two Prime) (บ.วันไพร์ม แอสเซท One Prime),530.0
4578,บ.ทู ไพร์ม แอสเซท (Two Prime) (บ.วันไพร์ม แอสเซท One Prime)( ตลาดจตุจักร พลาซ่า)),530.0
4579,บ.ทู ไพร์ม แอสเซท (Two Prime) (บ.วันไพร์ม แอสเซท One Prime)( ตลาดจตุจักร พล่าซ่า)),530.0
4580,บ.ทู ไพร์ม แอสเซท (Two Prime) (บ.วันไพร์ม แอสเซท One Prime)( ตลาดจตุจักร พล่าซ่า)) (LANx2),530.0
4581,บ.ธารทิพย์พรอพเพอร์ตี้,535.0
4582,บ.ธารทิพย์พรอพเพอร์ตี้ (เอื้ออมรสุข ปากน้ำ)),245.0
4583,บ.ธารทิพย์พรอพเพอร์ตี้ (เอื้ออมรสุข ปากน้ำ))(LANx1),245.0
4584,บ.ธิติคุณแลนด์ (กฤกษณา การ์เด้นโฮม),536.0
4585,บ.ธิติคุณแลนด์ (ม.กฤกษณา การ์เด้นโฮม ),536.0
4586,บ.ธีรการเอสเตรท (เดอะเบลกราเวีย รัชดา-ลาดพร้าว 15),538.0
4587,บ.ธีรการพัฒนา (เดอะเบลกราเวีย @ รัชดา 17),539.0
4588,บ.นวธานี,
4589,บ.นววิลล่า,542.0
4590,บ.นววิลล่า (นวธานีเซอร์วิสอพาร์ทเม้นท์),104.0
4591,บ.นอร์ธปาร์ค พร็อพเพอร์ตี้ ดีเวลลอปเม้นท์ (นอร์ธ พาร์ค เพลส ( North Park Place)),546.0
4593,บ.บ.เวอร์ติภัทร กรุ๊ป (Vertiplus ) (LANx3),
4594,บ.บริษัท ไดมอนด์ เอ็กซ์เพรส WT,
4595,บ.บริษัท ดุสิต ฮอสปิตัลลิตี้ เซอร์วิสเซส จำกัด แจ้งมาในไลน์,104.0
4596,บ.บวรพงศ์,560.0
4597,บ.บวรพงศ์ ( โบ๊เบ๊ทาวเวอร์ ) (LANx5),1602.0
4598,บ.บวรพงศ์ ( บ.โบ๊เบ๊ทาวเวอร์ ),1602.0
4599,บ.บวรพงศ์ ( บ.โบ๊เบ๊ทาวเวอร์ ) (LANx5),1602.0
4600,บ.บวรพงศ์ (บ.โบ๊เบ๊ทาวเวอร์),1602.0
4601,บ.บอร์เนียว โลจิสติกส์ (Borneo Logistics),561.0
4602,บ.บอร์เนียว โลจิสติกส์ (Borneo Logistics) (WT),561.0
4604,บ.บอส เซอร์วิส พลัส (Boss Service Plus ),104.0
4605,บ.บางกอกไทย (1988),571.0
4606,บ.บางกอกไทย (1988) (บางกอกไทย ทาวเวอร์ (BTT)),571.0
4607,บ.บ้านสุขศรีการ (ไทยสาธิต-กฎมพี),575.0
4566,บ.ทัฟฟ์ เซอร์วิส (Tuff Service )(CRM) -(ม.ซิตี้เซนส์ พระราม2-ท่าข้าม),508.0
4614,บ.บิซิเนส พร๊อพเพอร์ตี้ แมเนจเม้นท์ (BPM),580.0
4615,บ.บิซิเนส พร๊อพเพอร์ตี้ แมเนจเม้นท์ (BPM) - ส่งเมล์มา ส่งต่อให้ทุกคนแล้ว,580.0
4616,บ.บิซิเนส พร๊อพเพอร์ตี้ แมเนจเม้นท์ (BPM)- ส่งเมล์มา ส่งต่อให้ทุกคนแล้ว,580.0
4603,บ.บอส เซอร์วิส พลัส ( Boss Service Plus )- ( เดอะพาร์คแลนด์ บางนา 3 อาคาร 5  6 ) - ส่งเมล์มา ส่งต่อให้ทุกคนแล้ว,562.0
4592,บ.นีโอ เรสสิเดนส์ แมเนจเมนท์ ( เดอะพาร์คแลนด์ ศรีนครินทร์ (The Parkland),551.0
4612,บ.บิ๊ก ทรี แอสเสท (Tree Condo สุขุมวิท 42 (ทรี คอนโด สุขุมวิท 42),577.0
4613,บ.บิ๊ก ทรี แอสเสท (Tree Condo สุขุมวิท 42 (ทรี คอนโด สุขุมวิท 42)),577.0
4626,บ.บีเอ็มพี แมนเนจเมนท์ (BMP)-(ปลื้มสุข (ชลบุรี),588.0
4627,บ.บีเอ็มพี แมนเนจเมนท์ (BMP)-(ปลื้มสุข) (ชลบุรี),588.0
4641,บ.ปาร์มฮิลส์ พรอพเพอร์ตี้ เซอร์วิส,104.0
4642,บ.ปาล์มฮิลล์ โฮม (ปาล์ม เครสเซนต์ ),
4647,บ.พรไพลิน ( DECO ) (ตึก B-C ),613.0
4648,บ.พรไพลิน (DECO ตึก C ) เดคโค่ คอนโดมิเนียม ตึก C,613.0
4649,บ.พร็อพเพอร์ตี้ เเมเนจเม้นท์ คอนโทรล จำกัด (PMC)- ส่งเมล์มา ส่งต่อให้ทุกคนแล้ว . เรียน บริษัท ซอฟท์บิส พลัส จำกัด . คุณส่งต่อข้อความนี้เมื่อ อ 31/8/2021 15:54 คุณส่งต่อข้อความนี้เมื่อ อ 31/8/2021 15:54 พร็อพเพอร์ตี้ แมเนจเม้นท์ <Audit.pmc@hotmail.com> อ 31/8/2021 15:53 เรื่อง เนื่องจากพนักงานมีการปิ้นใบเสร็จได้เเค่ครั้งเดียว ซึ่งหน้างานมีการปิ้นกระดาษติดบ่อยเเละทำให้มีการยกเลิกใบเสร็จบ่อยครั้ง จึงขอให้ บริษัท ซอฟท์บิส เข้าดำเนินการเเก้ไขในส่วนของหน้างานให้มีการปิ้นใบเสร็จได้หลายครั้ง ในส่วนของเรื่องนี้หน่อยค่ะ ตามรายการดังนี้ 1.นิติบุคคลหมู่บ้านจัดสรรอินดี่ รังสิต คลอง 3 (เบอร์นิติ 02-1914828 คุณปู) 2.นิติบุคคลหมู่บ้านจัดสรรบ้านภัทรา ราม 76 (เบอร์นิติ 02-3763636 คุณหมี่) 3.นิติบุคคลอาคารชุด ไฮฟ์ สาทร (เบอร์นิติ 02-4384411) 4.นิติบุคคลอาคารชุด ภูผาธารา AB-C (เบอร์นิติ 038-670915) . ส่งจากส่วนกลาง บริษัท พร็อพเพอร์ตี้ เเมเนจเม้นท์ คอนโทรล จำกัด (PMC) เบอร์ติดต่อกลับ 064-7732848 คุณมีน .,1684.0
4650,บ.พร็อพเพอร์ตี้ แมเนจเม้นท์ คอนโทรล (PMC),624.0
4651,บ.พร็อพเพอร์ตี้ แมเนจเม้นท์ คอนโทรล (PMC) - ส่งเมล์มา ส่งต่อให้ทุกคนแล้ว,624.0
4652,บ.พร็อพเพอร์ตี้ แมเนจเม้นท์ คอนโทรล (PMC) - ส่งเมล์มา ส่งต่อให้ทุกคนแล้ว///(ภูผาธารา AB)//(ภูผาธารา C),624.0
4653,บ.พร็อพเพอร์ตี้ แมเนจเม้นท์ คอนโทรล (PMC) ( แฮปปี้คอนโด ลาดพร้าว 101 อาคาร G) - ส่งเมล์มา ส่งต่อให้ทุกคนแล้ว,624.0
4654,บ.พร็อพเพอร์ตี้ แมเนจเม้นท์ คอนโทรล (PMC) ( ชวนชื่น อ่อนนุช ),624.0
4655,บ.พร็อพเพอร์ตี้ แมเนจเม้นท์ คอนโทรล (PMC) (88 เดอะเทอมินอล),624.0
4656,บ.พร็อพเพอร์ตี้ แมเนจเม้นท์ คอนโทรล (PMC) (เดอะสตาร์ บี (The Star B)),624.0
4628,บ.บีทีพี แอคเค้าติ้ง แมเนจเม้นท์ BTP,744.0
4629,บ.บีทีพี แอคเค้าติ้ง แมเนจเม้นท์)(เดอะ เบสท์ การบัญชี)(BTP),744.0
4645,บ.พงษ์ทองวิลล่า (พงษ์ทองบางปะอิน) (ส.วัฒนา),814.0
4646,บ.พงษ์ทองวิลล่า (พงษ์ทองบางปะอิน)-(พงษ์ทองทาวเวอร์ (ดอนเมือง) (ส.วัฒนาอพาร์ทเม้นท์),814.0
4618,บ.บิซิเนส พร๊อพเพอร์ตี้ แมเนจเม้นท์ (บ.บีพีเอ็ม 15(BPM 15)-(เดอะ แกรนด์ วิลเลจ),580.0
4636,บ.บีพีเอ็ม 15 (BPM 15),580.0
4637,บ.บีพีเอ็ม 15 (BPM 15) ( เดอะพาทิโอ (Patio)(เชียงใหม่),580.0
4638,บ.บีพีเอ็ม 15 (BPM 15) (เดอะพาทิโอ_เชียงใหม่),580.0
4639,บ.บีพีเอ็ม 15 (BPM 15) (บ้านปาริชาต),580.0
4640,บ.บีพีเอ็ม 15 (BPM 15) _(ฮิลล์ทาเนีย (Hilltania),580.0
4622,บ.บิลท์ ฮาร์ท (Built Heart ),582.0
4623,บ.บิลท์ ฮาร์ท (Built Heart )-(พรีบิลท์ (Prebuilt)),582.0
4624,บ.บิลท์ ฮาร์ท (Built Heart),582.0
4625,บ.บิลท์ ฮาร์ท (Built Heart)_(เลสโต คอนโด สุขุมวิท 113),582.0
4619,บ.บิยอนด์ พรอพเพอร์ตี้ แมเนจเม้นท์ ( คอนโดซีแอนด์สกายภูเก็ต (Sea & Sky ภูเก็ต,581.0
4620,บ.บิยอนด์ พรอพเพอร์ตี้ แมเนจเม้นท์ ( คอนโดซีแอนด์สกายภูเก็ต (Sea & Sky ภูเก็ต),581.0
4621,บ.บิยอนด์ พรอพเพอร์ตี้ แมเนจเม้นท์ (ซีแอนด์สกายภูเก็ต (Sea & Sky ภูเก็ต),581.0
4904,บ.วี พร็อพเพอร์ตี้เมเนจเม้นท์ (V Property ),784.0
4657,บ.พร็อพเพอร์ตี้ แมเนจเม้นท์ คอนโทรล (PMC) (เมโทร สกาย รัชดา),624.0
4658,บ.พร็อพเพอร์ตี้ แมเนจเม้นท์ คอนโทรล (PMC) (เออร์บิเทีย ทองหล่อ )),624.0
4659,บ.พร็อพเพอร์ตี้ แมเนจเม้นท์ คอนโทรล (PMC) (คาซาลูนา พาราดิโซ คอนโดมิเนียม ซี ),624.0
4660,บ.พร็อพเพอร์ตี้ แมเนจเม้นท์ คอนโทรล (PMC) -(ชวนชื่น อ่อนนุช),624.0
4661,บ.พร็อพเพอร์ตี้ แมเนจเม้นท์ คอนโทรล (PMC) -(ชวนชื่น อ่อนนุช) - ส่งเมล์มา ส่งต่อให้ทุกคนแล้ว,624.0
4662,บ.พร็อพเพอร์ตี้ แมเนจเม้นท์ คอนโทรล (PMC) (บ้านภัทรา รามคำแหง 76) - ส่งเมล์มา ส่งต่อให้ทุกคนแล้ว,624.0
4663,บ.พร็อพเพอร์ตี้ แมเนจเม้นท์ คอนโทรล (PMC) (บ้านภัทรา รามคำแหง 76) - ส่งเมล์มา ส่งต่อให้ทุกคนแล้ว (Email วันที่ 4/4/2565),624.0
4664,บ.พร็อพเพอร์ตี้ แมเนจเม้นท์ คอนโทรล (PMC) (ม.เวิร์คเพลส ราชพฤกษ์-จรัญสนิทวงศ์),624.0
4665,บ.พร็อพเพอร์ตี้ แมเนจเม้นท์ คอนโทรล (PMC) (ม.ภัทรา รามคำแหง 76),624.0
4666,บ.พร็อพเพอร์ตี้ แมเนจเม้นท์ คอนโทรล (PMC)- เดอะลิ้งค์ 4 (The Link 4),624.0
4667,บ.พร็อพเพอร์ตี้ แมเนจเม้นท์ คอนโทรล (PMC)(ดิเอ็กเท็นโซ่ 2 ประชาสำราญ (The Extenso 2 ) - ส่งเมล์มา ส่งต่อให้ทุกคนแล้ว,624.0
4668,บ.พร็อพเพอร์ตี้ แมเนจเม้นท์ คอนโทรล( PMC),624.0
4669,บ.พร็อพเพอร์ตี้ แมเนจเม้นท์ คอนโทรล( PMC) - ส่งเมล์ม ส่งต่อให้ทุกคนแล้ว,624.0
4670,บ.พร็อพเพอร์ตี้ แมเนจเม้นท์ คอนโทรล( PMC) ( ภูผาธารา AB C ),624.0
4671,บ.พร็อพเพอร์ตี้ แมเนจเม้นท์ คอนโทรล( PMC) (นาราโฮม),624.0
4672,บ.พร็อพเพอร์ตี้ แมเนจเม้นท์ คอนโทรล( PMC) (นาราโฮม) - ส่งเมล์มา ส่งต่อให้ทุกคนแล้ว,624.0
4673,บ.พร็อพเพอร์ตี้ แมเนจเม้นท์ คอนโทรล( PMC) (บ้านกลางเมือง บริติชทาวน์ ศรีนครินทร์),624.0
4674,บ.พร็อพเพอร์ตี้ แมเนจเม้นท์ คอนโทรล( PMC) (บ้านกลางเมือง บริติชทาวน์ ศรีนครินทร์) - ส่งเมล์มา ส่งต่อให้ทุกคนแล้ว////ส่งข้อมูลลูกหนี้ยกเข้าระบบ ของ บ้านกลางเมือง บริติชทาวน์ ศรีนครินทร์//ได้แก้ไขข้อมูลที่เลขใบแจ้งหนี้ซ้ำกัน อยู่คนละบรรทัด เรียบร้อยแล้วครับ จึงขอให้ททางซอฟบิทยกหนี้เข้าระบบให้ด้วยครับ ติดต่อกลับคุณรณชัย 095-721-2644,624.0
4675,บ.พร็อพเพอร์ตี้ แมเนจเม้นท์ คอนโทรล( PMC) (ภูผาธารา เอ-บี) - ส่งเมล์มา ส่งต่อให้ทุกคนแล้ว,624.0
4676,บ.พร็อพเพอร์ตี้ แมเนจเม้นท์ คอนโทรล( PMC)(คาซ่า ซีไซด์ ระยอง) (นาราโฮม) (เดอะคัลเลอร์ส พรีเมียม บางนา-วงแหวน),624.0
4677,บ.พร็อพเพอร์ตี้ แมเนจเม้นท์ คอนโทรล( PMC)(คาซ่า ซีไซด์ ระยอง) (นาราโฮม)- ส่งเมล์มา ส่งต่อให้ทุกคนแล้ว,624.0
4678,บ.พร็อพเพอร์ตี้ แมเนจเม้นท์ คอนโทรล( PMC)>>,624.0
4679,บ.พร็อพเพอร์ตี้ แมเนจเม้นท์ คอนโทรล(PMC),624.0
4680,บ.พร็อพเพอร์ตี้ แอนด์ ไลฟ์ แมเนจเม้นท์ (PLM),629.0
4682,บ.พร็อพเพอร์ตี้ แอนด์ ไลฟ์ แมเนจเม้นท์ (PLM) ( บีคอนโด พหลโยธิน ),629.0
4683,บ.พร็อพเพอร์ตี้ แอนด์ ไลฟ์ แมเนจเม้นท์ (PLM) ( ประตูน้ำเพรสตีจ คอนโดมิเนียม)),629.0
4681,บ.พร็อพเพอร์ตี้ แอนด์ ไลฟ์ แมเนจเม้นท์ (PLM) ( เศรษฐสิริ ราชพฤกษ์ จรัญฯ 2)),2886.0
4685,บ.พร็อพเพอร์ตี้ แอนด์ ไลฟ์ แมเนจเม้นท์ (PLM) -(VIP คอนโดเชน พัทยา (VIP Condochain พัทยา),629.0
4686,บ.พร็อพเพอร์ตี้ แอนด์ ไลฟ์ แมเนจเม้นท์ (PLM) (เจริญกรุงเพลส),629.0
4687,บ.พร็อพเพอร์ตี้ แอนด์ ไลฟ์ แมเนจเม้นท์ (PLM) (เดอะเน็กซ์ การ์เด้นท์ มิกซ์ (คอนโด เดอะ เน็กซ์ สุขุมวิท 52 การ์เด้น มิกซ์ ),629.0
4688,บ.พร็อพเพอร์ตี้ แอนด์ ไลฟ์ แมเนจเม้นท์ (PLM) (เดอะเน็กซ์ การ์เด้นท์ มิกซ์ ?) - ส่งเมล์มา ส่งต่อให้ทุกคนแล้ว,629.0
4689,บ.พร็อพเพอร์ตี้ แอนด์ ไลฟ์ แมเนจเม้นท์ (PLM) เดอะเน็กซ์ การ์เด้นท์ มิกซ์ (คอนโด เดอะ เน็กซ์ สุขุมวิท 52 การ์เด้น มิกซ์) - ส่ง Format Excel และ ไฟล์สำรอง มาให้ ส่งต่อให้ทุกคนแล้ว,629.0
4690,บ.พร็อพเพอร์ตี้ แอนด์ ไลฟ์ แมเนจเม้นท์ (PLM)(รีสอร์ทต้า เย็นอากาศ (Resorta Yen-Akat Juristic Condominium))- ส่งเมล์มา ส่งต่อให้ทุกคนแล้ว,629.0
4691,บ.พร็อพเพอร์ตี้ แอนด์ ไลฟ์ แมเนจเม้นท์ (PLM)(รีสอร์ทต้า เย็นอากาศ )- ส่งเมล์มา ส่งต่อให้ทุกคนแล้ว,629.0
4692,บ.พร็อพเพอร์ตี้ แอนด์ ไลฟ์ แมเนจเม้นท์ (PLM)>>(ซันซิตี้ คอนโดนิเนียม),629.0
4693,บ.พร็อพเพอร์ตี้ แอนด์ ไลฟ์ แมเนจเม้นท์(PLM),629.0
4694,บ.พร็อพเพอร์ตี้ แอนด์ ไลฟ์ แมเนจเม้นท์(PLM) ( อารียา),629.0
4695,บ.พร็อพเพอร์ตี้ แอนด์ ไลฟ์ แมเนจเม้นท์(PLM) -(แกรนด์ เดอ วิลล์ ),629.0
4696,บ.พร็อพเพอร์ตี้ แอนด์ ไลฟ์ แมเนจเม้นท์(PLM)- (สุขสวัสดิ์ โมเดิร์น คอนโดวิว คอนโดมิเนียม )- ส่งเมล์มา ส่งต่อให้ทุกคนแล้ว,629.0
4697,บ.พรอพเพอร์ตี้ โปร บิวดิ้ง แมเนจเม้นท์ ( เดอะนิช ไอดี ลาดพร้าว วังหิน คอนโดมิเนียม ),632.0
4698,บ.พรีโม่พลัส (ม.ปริญลักษณ์ พระราม 2),637.0
4699,บ.พหล 8,640.0
4700,บ.พหล 8 (LANx6),640.0
4701,บ.พหล 8 (บ.เมอริท โฮลดิ้งส์ (1989 Merit Holding ),640.0
4702,บ.พหล 8 (บ.เอ็กซ์เซล แอสแซทส์ ),191.0
4703,บ.พหล 8 (บ.สยามเคหะพัฒนา),640.0
4704,บ.พหล 8 (บ.อาทิตย์ - จันทร์ ),640.0
4705,บ.พหล 8 (บ.อาทิตย์ - จันทร์ ) (บ.กสม ),640.0
4706,บ.พัทยา แกรนด์ วิลเลจ (บ.พหล 8),640.0
4707,บ.พัทยา แกรนด์ วิลเลจ (บ.พหล 8) (LANx2),640.0
4708,บ.พัทยา แกรนด์ วิลเลจ (พหล 8 ),640.0
4709,บ.พัทยาแกรนด์ วิลเลจ (บ.พหล 8) (LANx2),640.0
4710,บ.พันธกิจ,
4711,บ.พันธกิจ บริการ - ส่งเมล์มา ส่งต่อให้ทุกคนแล้ว,
4712,บ.พันธกิจ บริการ - ส่งเอกสารเพิ่มเติม ส่งต่อให้ทุกคนแล้ว,
4713,บ.พาร์ทเนอร์ คลับ เซอร์วิส (แพรกษาคอนโดมิเนียม),104.0
4716,บ.พี แลนด์ แอนด์ เฮ้าส์ เซอร์วิส (ม.ชัยพฤกษ์ เพชรเกษม 81,104.0
4718,บ.พี.เอ.เอ็น เรียลเอสเตท แมนเนจเม้นท์ (PAN)>> ( ฝักข้าวโพด 3 ),657.0
4719,บ.พี.เอ.เอ็น เรียลเอสเตท แมนเนจเม้นท์ PAN (แฮปปี้ คอนโดฯ รัชดา 18 ABCD (Happy Condo & Sportclu),657.0
4720,บ.พี.พลัส พร็อพเพอร์ตี้ แมเนจเม้นท์ (P-Plus) (เลอ รัฟฟิเน่) - ส่งเมล์มา ส่งต่อให้ทุกคนแล้ว,659.0
4721,บ.พี.พลัส พร็อพเพอร์ตี้ แมเนจเม้นท์( P-Plus),659.0
4722,บ.พี.พลัส พร็อพเพอร์ตี้ แมเนจเม้นท์( P-Plus) (ม.มัณฑนา พระราม 2 - เทียนทะเล),659.0
4723,บ.พี.พลัส พร็อพเพอร์ตี้ แมเนจเม้นท์( P-Plus) (ม.มัณฑนา พระราม 2 - เทียนทะเล) - ส่งเมล์มา ส่งต่อให้ทุกคนแล้ว,659.0
4724,บ.พี.พลัส พร็อพเพอร์ตี้ แมเนจเม้นท์(P-PLUS ),659.0
4725,บ.พี.วี.วี. ดีเวลลอปเมนท์ (PVV) (ม.กรีนการ์เด้นโฮม คลอง 11 (Green Garden Home)),660.0
4726,บ.พี.วี.วี. ดีเวลลอปเมนท์ (PVV) ม.กรีนการเด้นโฮม คลอง 11 (Green Garden Home),660.0
4727,บ.พี.วี.วี. ดีเวลลอปเมนท์ (PVV) ม.กรีนการ์เด้นโฮม คลอง 11 (Green Garden Home),660.0
4717,บ.พี.เอ.เอ็น เรียลเอสเตท แมนเนจเม้นท์ (PAN)) (เคหะชุมชนร่มเกล้า 5),657.0
4755,บ.ฟอร์จูน วัน (Fortune One),667.0
4756,บ.ฟาสต์ พร็อพเพอร์ตี้ โซลูชั่น (Fast Property Solution),670.0
4757,บ.ฟาสต์ พร็อพเพอร์ตี้ โซลูชั่น (Fast Property Solution) (เดอะ พรีเที่ยม The Pretium),670.0
4758,บ.ฟาสต์ พร็อพเพอร์ตี้ โซลูชั่น (Fast Property Solution) (เดอะ พรีเทียม),670.0
4759,บ.ฟาสต์พร็อพเพอร์ โซลูชั่น (เดอะ พรีเที่ยม) - ส่งเมล์มา ส่งต่อให้ทุกคนแล้ว,
4760,บ.ภูมิธารา แอสเซท (อุบล),678.0
4761,บ.ภูมิธารา แอสเซท (อุบล)),678.0
4762,บ.มงคลกรุ๊ป,682.0
4764,บ.มหฤทธิ์ จำกัด_(บ.โมบิลไซน์ เซ็นเตอร์),307.0
4765,บ.มาบุญยง เรียลเอสเตท,691.0
4766,บ.มาร์เก็ตทูเดย์ (Maket Today),692.0
4767,บ.มาร์เก็ตทูเดย์ (Maket Today) ( LANx7),692.0
4768,บ.มาร์เก็ตทูเดย์ (Maket Today)- ส่งเมล์มา ส่งต่อให้ทุกคนแล้ว,692.0
4769,บ.มาร์เก็ตทูเดย์ (Market Today),692.0
4770,บ.มาร์จินอล,695.0
4771,บ.ยอดพิภพ,706.0
4772,บ.ยอดพิภพ (เบนศาลายา)),706.0
4773,บ.ยัวร์ส พร็อพเพอร์ตี้ แมเนจเม้นท์ ( Yours Property ) (เวอร์ทีค คอนโด),707.0
4774,บ.ยูไลฟ์ คอร์ปอเรชั่น (Ulife )(คาซ่าคอนโด ศรีราชา) - ส่งเมล์มา ส่งต่อให้ทุกคนแล้ว,712.0
4775,บ.ยูไลฟ์ คอร์ปอเรชั่น (Ulife),712.0
4776,บ.ยูไลฟ์ คอร์ปอเรชั่น (Ulife) (แชมเบอร์ ชาน (Chamber Chan)) - ส่งเมล์มา ส่งต่อให้ทุกคนแล้ว,712.0
4777,บ.ยูไลฟ์ คอร์ปอเรชั่น (Ulife) (แชมเบอร์ ชาน) - ส่งเมล์มา ส่งต่อให้ทุกคนแล้ว,712.0
4763,บ.มงคลกรุ๊ป (เคหะลำลูกกา คลอง4) (LANx1),682.0
4792,บ.ยูนิตี้ แมเนจเม้นท์ แอนด์ ฟาซิลิตี้ เซอร์วิส(Unity),716.0
4793,บ.ยูนิตี้ กรุ๊ป,718.0
4794,บ.ยูนิตี้ กรุ๊ป ( บ.ยูนิตี้ แมเนจเม้นท์ แอนด์ ฟาซิลิตี้ เซอร์วิส )(Unity),718.0
4795,บ.ยูนิตี้ กรุ๊ป ( บ.ยูนิตี้ แมเนจเม้นท์ แอนด์ ฟาซิลิตี้ เซอร์วิส )(Unity)- (เอ สเปซ มี บางนา (A-Space Me บางนา)) - ส่งเมล์มา ส่งต่อให้ทุกคนแล้ว,718.0
4796,บ.ยูนิตี้ กรุ๊ป ( บ.ยูนิตี้ แมเนจเม้นท์ แอนด์ ฟาซิลิตี้ เซอร์วิส )(Unity) (เอจ-วอเทอร์ คอนโดลีฟวิ่ง (เงื่อนไขหน่วยงานนี้ฟรี (ห้ามโยกย้าย)),718.0
4797,บ.ยูนิตี้ กรุ๊ป ( บ.ยูนิตี้ แมเนจเม้นท์ แอนด์ ฟาซิลิตี้ เซอร์วิส )(Unity) (ซันเพลย์ บางเสร่ (Sunplay) (SPB),718.0
4798,บ.ยูนิตี้ กรุ๊ป ( บ.ยูนิตี้ แมเนจเม้นท์ แอนด์ ฟาซิลิตี้ เซอร์วิส )(Unity) >>,718.0
4799,บ.ยูนิตี้ กรุ๊ป ( บ.ยูนิตี้ แมเนจเม้นท์ แอนด์ ฟาซิลิตี้ เซอร์วิส )(Unity) >> (ไวท์แซนบีช),718.0
4800,บ.ยูนิตี้ กรุ๊ป ( บ.ยูนิตี้ แมเนจเม้นท์ แอนด์ ฟาซิลิตี้ เซอร์วิส )(Unity) >>(เดอะเชนจ์ รีแลกซ์ คอนโด (The Change Relax Condo)),718.0
4801,บ.ยูนิตี้ กรุ๊ป (Unity),718.0
4802,บ.ยูนิตี้ กรุ๊ป (Unity) ( โอเชี่ยน เรสซิเดนซ์ (มิตรภาพ-ขอนแก่น),718.0
4803,บ.ยูนิตี้ กรุ๊ป (Unity) ( โอเชี่ยน เรสซิเดนซ์ (มิตรภาพ-ขอนแก่น) (Ocean Residence)),718.0
4804,บ.ยูนิตี้ กรุ๊ป (Unity) (เดอะเชนจ์ รีแลกซ์ คอนโด (The Change Relax Condo),718.0
4805,บ.ยูนิตี้ กรุ๊ป (Unity) (เดอะเนียร์ The Near),718.0
4806,บ.ยูนิตี้ กรุ๊ป (Unity) (เอดี บางเสร่ เลค แอนด์ รีสอร์ท),718.0
4807,บ.ยูนิตี้ กรุ๊ป (Unity) (เอสโทร คอนโดมิเนียม),718.0
4808,บ.ยูนิตี้ กรุ๊ป (Unity) (บ้านอ่อนนุช คอนโดมิเนียม),718.0
4809,บ.ยูนิตี้ กรุ๊ป (Unity) (รามาฮาเบอร์วิว คอนโดมิเนียม ),718.0
4810,บ.ยูนิตี้ กรุ๊ป (Unity) (รีเจ้นท์โฮม 12 ),718.0
4811,บ.ยูนิตี้ กรุ๊ป (Unity) (รีเจ้นท์โฮม 12 ) - ส่งเมล์มา ส่งต่อให้ทุกคนแล้ว,718.0
4812,บ.ยูนิตี้ กรุ๊ป (Unity) เอดี บางเสร่ เลค แอนด์ รีสอร์ท,718.0
4813,บ.ยูนิตี้ กรุ๊ป (Unity) บางเสร่ ไฮท์,718.0
4814,บ.ยูนิตี้ กรุ๊ป (Unity)(บริหาร)>>รีเจ้นท์โฮม 12 (Regent Home 12),718.0
4815,บ.ยูนิตี้ กรุ๊ป(Unity),718.0
4816,บ.ยูนิตี้ กรุ๊ป(Unity) (เอจ-วอเทอร์ คอนโดลีฟวิ่ง (เงื่อนไขหน่วยงานนี้ฟรี (ห้ามโยกย้าย)),718.0
4817,บ.ยูนิตี้ กรุ๊ป(Unity) บางเสร่ ไฮท์,718.0
4818,บ.รฐาภาส พร็อพเพอร์ตี้ แมเนจเม้นท์,
4820,บ.ร่มโพธิ์ พร็อพเพอร์ตี้ _(THE TITLE CIELO RAWAI)( เดอะ ไทเทิล เซียโล่ ราไวย์ (ภูเก็ต),
4821,บ.ร่มโพธิ์ พร็อพเพอร์ตี้ _(THE TITLE SERENITY NAIYANGT)(เดอะ ไทเทิล ซีรีนีตี้ ในยาง) (ภูเก็ต),
4822,บ.ร่มรื่นเคหะ (กรุงเทพอพาร์ทเม้นท์),724.0
4823,บ.รวมโชคพัฒนา (พัทยา) -(ซีซี คอนโดมิเนียม 1 (CC CONDOMINIUM 1),725.0
4824,บ.รักษาความปลอดภัย เซอร์วิส มายด์ กรุ๊ป (บ้านกลางเมือง ลาดพร้าว 87),104.0
4825,บ.รักษาความปลอดภัย เซอร์วิส มายด์ กรุ๊ป (บ้านกลางเมือง ลาดพร้าว 87)- ส่ง Format Excel มาให้ Import ส่งต่อให้ทุกคนแล้ว,104.0
4827,บ.รัศมิ์ลภัส- ( Mono),731.0
4829,บ.รัศมิ์ลภัส ( Mono) (LANx2),731.0
4831,บ.รัศมิ์ลภัส (Mono),731.0
4839,บ.ราชาโอเวอร์ซีส์ เทรดดิ้ง,
4840,บ.ราชาโอเวอร์ซีส์ เทรดดิ้ง (โซฟีเทล),
4841,บ.ริเวนเดลล์ (ริเวนเดลล์ พรีเมียร์ อพาร์ทเม้นท์ (Rivendell Premier ) (ขอนแก่น),735.0
4842,บ.ริเวนเดลล์ (ริเวนเดลล์ พรีเมียร์ อพาร์ทเม้นท์ (Rivendell Premier )_(ริเวนเดลล์ รีสอร์ท อพาร์ทเม้นท์ (Rivendelle Resort) (ขอนแก่น),735.0
4843,บ.ริช พร็อพเพอร์ตี้ แมเนจเม้นท์ ( Rich Property ) -ส่งเมล์มา วันที่ 24/8/2565 แจ้งให้ถอนโปรแกรม หน่วยงาน ลัดดารมย์ ชัยพฤกษ์ แจ้งวัฒนะ ได้เลย เนื่องจากไม่ได้บริหารแล้ว ส่งต่อให้ทุกคนแล้ว>>,741.0
4844,บ.ริช พร็อพเพอร์ตี้ แมเนจเม้นท์ ( Rich Property ) -ส่งเมล์มาแจ้งให้ถอนโปรแกรม หน่วยงาน ลัดดารมย์ ชัยพฤกษ์ แจ้งวัฒนะ ได้เลย เนื่องจากไม่ได้บริหารแล้ว ส่งต่อให้ทุกคนแล้ว,741.0
4845,บ.ริชเชส ลีฟวิ่ง (Richess Living),742.0
4846,บ.ริชเชส ลีฟวิ่ง (Richess Living) (ไลฟ์ แอด พหล 18),742.0
4847,บ.ริชเชส ลีฟวิ่ง (Richess Living) (ฟีล คอนโดมิเนียม ปิ่นเกล้า-จรัญ 59),742.0
4848,บ.ริชเชส ลีฟวิ่ง (Richess Living) _(บ้านกลางเมือง ลาดพร้าว 71 โครงการ 2),742.0
4849,บ.ริชเชส ลีฟวิ่ง (Richess Living) _(ร็อคโค่ หัวหิน),742.0
4850,บ.รีเจ้นท์ กรีน เพาเวอร์ ( รีช พหลโยธิน 52),745.0
4851,บ.รีเจ้นท์ กรีน เพาเวอร์ (รีเจ้นท์โฮม 10 ( Regent Home 10 )),745.0
4852,บ.รีบอร์น แมเนจเม้นท์ ( Reborn )( สหกรณ์เคหสถานชุมชนคลองเตย (แฟลต 1-10),749.0
4853,บ.รีบอร์น แมเนจเม้นท์ ( Reborn )( สหกรณ์เคหสถานชุมชนคลองเตย (แฟลต 1-10)),749.0
4854,บ.รีบอร์น แมเนจเม้นท์ ( Reborn )( สหกรณ์เคหสถานชุมชนคลองเตย (แฟลต 1-10)) (LANx1),749.0
4855,บ.รีบอร์น แมเนจเม้นท์ ( Reborn )( สหกรณ์เคหสถานชุมชนคลองเตย (แฟลต 1-10)) (LANx2),749.0
4856,บ.รีบอร์น แมเนจเม้นท์ ( Reborn )( สหกรณ์เคหสถานชุมชนคลองเตย (แฟลต 1-10)) (LANx4),749.0
4857,บ.รีบอร์น แมเนจเม้นท์ ( Reborn )( สหกรณ์เคหสถานชุมชนคลองเตย (แฟลต 1-10))>>>>,749.0
4858,บ.รีบอร์น แมเนจเม้นท์ ( Reborn )(สหกรณ์เคหสถานชุมชนคลองเตย (แฟลต 1-10),749.0
4996,บ.ออมนิ แมนเนจเม้นท์,902.0
4828,บ.รัศมิ์ลภัส ( Mono) (LANx1) บ.รัศมิ์ลภัส (The Book) (LANx1),731.0
4830,บ.รัศมิ์ลภัส ( Mono) -(The Book),731.0
4832,บ.รัศมิ์ลภัส (The Book),731.0
4819,บ.ร่มโพธิ์ พร็อพเพอร์ตี้ (The Title V (ภูเก็ต),722.0
4859,บ.รีบอร์น แมเนจเม้นท์ ( Reborn )(สหกรณ์เคหสถานชุมชนคลองเตย (แฟลต 1-10))>>>>,749.0
4860,บ.ลินดา พร็อพเพอร์ตี้ (บล็อค 44 คอนโดมิเนียม) (Block 44),752.0
4861,บ.ลิมไลน์ แอพพาเรล (Limline)(บ้านสามสี),753.0
4862,บ.ลีเด็น (ประเทศไทย) (Leeden) - ส่งเมล์มา ส่งต่อให้ทุกคนแล้ว,754.0
4864,บ.ลีฟ อัลติเมท แวลูส์ (โบ๊ทเฮ้าส์หัวหิน (Boat House) เพชรบุรี,299.0
4865,บ.วสุ 01,760.0
4866,บ.วสุ 01 - ส่งเมล์มา ส่งต่อให้ทุกคนแล้ว,760.0
4867,บ.วสุ 55,761.0
4868,บ.วัชรพงศ์ พร็อพเพอร์ตี้_(โครงการเปรมประชาไอดอล) (อยุธยา),
4869,บ.วัชราดล (พราว คอนโด (ฉะเชิงเทรา),762.0
4870,บ.วัชราดล (พราว คอนโด (ฉะเชิงเทรา)),762.0
4871,บ.วันไพร์ม แอสเซท,765.0
4872,บ.วันไพร์ม แอสเซท - ส่งเมล์มา ส่งต่อให้ทุกคนแล้ว,765.0
4873,บ.วันไพร์ม แอสเซท (One Prime Asset),765.0
4874,บ.วาย แอล พี (YLP) (วินด์เชลล์ นราธิวาส Windshell),2532.0
4876,บ.วิฟ เมเนจเม้นท์ (Viv Management) (ฟลอร่า แมรี่โกลด์ (Flora Marigold)),772.0
4877,บ.วิฟ เมเนจเม้นท์ (Viv Management) (ฟลอรา แมรี่โกลด์ (สาธุประดิษฐ์)) (Flora Marigold)),772.0
4878,บ.วิฟ เมเนจเม้นท์ (ฟลอร่า แมรี่โกลด์),772.0
4879,บ.วิภนัย,
4880,บ.วิภนัย ดีเวลลอปเม้นท์ ( VANRAVI) (ประจวบ),773.0
4901,บ.วิศวพล แลนด์แอนเฮ้าส์,778.0
4902,บ.วิศวพล แลนด์แอนเฮ้าส์ (LANx1),778.0
4903,บ.วี เค โปร (VK Pro),782.0
5377,บ้านเอื้ออาทรนนทบุรี,2143.0
4884,บ.วิลล์คอน เมเนจเม็นท์ (Villecon),775.0
4863,บ.ลีฟ อัลติเมท แวลูส์ (Liv Ultimate Valuse ) (ฟิวส์ สาทร-ตากสิน),755.0
4908,บ.วี.พี.แคปปิตอล แอสเซ็ทส์ (VP Capital Asset),790.0
4909,บ.วี.พี.ซี.พร็อพเพอร์ตี้ (VPC) (โฮมเพลส วงแหวน – รัตนาธิเบศร์),791.0
4910,บ.วี.พี.ซี.พร็อพเพอร์ตี้ (โฮมเพลส วงแหวน – รัตนาธิเบศร์),791.0
4912,บ.วี-ไวส์ แมเนจเม้นท์ ( พลัส 38 ( Plus 38),795.0
4913,บ.วี-ไวส์ แมเนจเม้นท์ ( พลัส 38 (Plus 38)),795.0
4914,บ.วีไอพี คอนโดมิเนียม (VIP Condominium) (เดอะ แมทท์ 1 (สาทร-ท่าพระ),798.0
4915,บ.วีไอพี คอนโดมิเนียม (VIP Condominium) (เดอะ แมทท์ 1 (สาทร-ท่าพระ) (The Matt),798.0
4916,บ.วีไอพี คอนโดมิเนียม (VIP Condominium) (เดอะ แมทท์ 1 (สาทร-ท่าพระ)) (The Matt 1),798.0
4917,บ.วีไอพี คอนโดมิเนียม (VIP Condominium) (เดอะ แมทท์ คอนโด (The Matt) ),798.0
4918,บ.วีไอพี คอนโดมิเนียม (VIP Condominium) _(บ.วีไอพี สมาร์ท ( VIP Smart ) (เดอะเมทท์ 2 (สาทร-ท่าพระ) ( The Matt 2),798.0
4919,บ.วีไอพี คอนโดมิเนียม (เดอะ แมทท์ คอนโด ),798.0
4920,บ.วีวีพี พร็อพเพอร์ตี้ (VVP PROPERTY),801.0
4921,บ.วีวีพี พร็อพเพอร์ตี้ (VVP PROPERTY) - ส่งเมล์มา ส่งต่อให้ทุกคนแล้ว,801.0
4922,บ.วีวีพี พร็อพเพอร์ตี้ (VVP PROPERTY) -(วีวีพี มาร์เก็ตติ้ง) ( LANx3),801.0
4923,บ.วีวีพี พร็อพเพอร์ตี้ VVP PROPERTY,801.0
4924,บ.ศรีเมืองทอง 2008 (ขอนแก่น ),
4925,บ.ศรีสมาน คอนโดเทล,804.0
4926,บ.ศาลายา เอ็น ซี เพลส,806.0
4927,บ.ศิริเลิศ บิวดิ้ง,807.0
4928,บ.ศิริเลิศ บิวดิ้ง (LANx2),807.0
4930,บ.ศิริน เอสเตท (ศิรินเรสซิเด้นซ์),808.0
4933,บ.สโคป (สโคป หลังสวน),816.0
4936,บ.สกายไนน์ แมเนจเม้นท์ (Sky Nine),817.0
4937,บ.สกายไนน์ แมเนจเม้นท์ (Sky Nine) (คลาส สยาม (Klass Siam),817.0
4949,บ.สยามเอ็กซ์เพรส ชิปปิ้ง (Siam Express Shipping),831.0
4950,บ.สยามเอ็กซ์เพรส ชิปปิ้ง (Siam Express Shipping) (WT),831.0
4997,บ.ออมนิ แมนเนจเม้นท์ ( ไฮฟ์ ตากสิน)),902.0
4938,บ.สกายไนน์ แมเนจเม้นท์ (Sky Nine) (คอลเลซซิโอ สาทร-พิพัฒน์ ),1744.0
4934,บ.สกายไนน์ แมเนจเม้นท์ (SKY 9 MANAGEMENT) (D Condo รามคำแหง) ดีคอนโด,1943.0
4935,บ.สกายไนน์ แมเนจเม้นท์ (SKY 9 MANAGEMENT) (D Condo รามคำแหง) ดีคอนโด - ส่งเมล์มาวันที่ 3/8/2564 ส่งต่อให้ทุกคนแล้ว,1943.0
4929,บ.ศิริน เอสเตท (ศิรินเรสซิเดนซ์ คอนโด) (SC พัฒนาการ) (บ.คุณากรชัย เรสซิเด็นซ์),808.0
4931,บ.ศิริน เอสเตท (ศิรินเรสซิเด้นซ์) (SC พัฒนาการ),808.0
4944,บ.สมาร์ท เซอร์วิส แอนด์ แมเนจเม้นท์ (Smartservice),823.0
4945,บ.สมาร์ท เซอร์วิส แอนด์ แมเนจเม้นท์ (Smartservice) (อะพูล คอนโด (Apool Condo),823.0
4940,บ.สมาร์ท เซอร์วิส แอนด์ แมเนจเม้นท์ (Smart Service),823.0
4941,บ.สมาร์ท เซอร์วิส แอนด์ แมเนจเม้นท์ (Smart Service) (ไฮฟ์ ตากสิน),823.0
4942,บ.สมาร์ท เซอร์วิส แอนด์ แมเนจเม้นท์ (Smart Service) (ริธึ่ม รัชดา-ห้วยขวาง),823.0
4905,บ.วี พร็อพเพอร์ตี้เมเนจเม้นท์ (V Property)(V Place),784.0
4906,บ.วี. พร็อพเพอร์ตี้เมเนจเม้นท์ ( V Property ) (LANx3))-ระยะไกล,784.0
4907,บ.วี. พร็อพเพอร์ตี้เมเนจเม้นท์ (วี เพลส) ( V Property ),784.0
4951,บ.สยามเอ็กซ์เพรส ชิปปิ้ง (Siam Express Shipping) (WT)- ส่งเมล์มา ส่งต่อให้ทุกคนแล้ว,831.0
4963,บ.สยามจตุจักร (Umall),835.0
4965,บ.สราญสุขการ์เด้น คอร์ท,838.0
4966,บ.สราญสุขการ์เด้น คอร์ท (คลังสถิตย์),838.0
4967,บ.สราญสุขการ์เด้น คอร์ท (บ.คลังสถิตย์(เก่า),838.0
4968,บ.สหโชติอพาร์ทเม้นท์ (สกายเพลส Sky Place ),839.0
4969,บ.สหโชติอพาร์ทเม้นท์ (สกายเพลส Sky Place )(LANx1),839.0
4970,บ.สัมมากร (โครงการ ตลาดนัด สัมมากร ),
4971,บ.สัมมากร (โครงการ บางกะปิ ),
4972,บ.สาทร ไพร์ม พร็อพเพอร์ตี้ส์,
4973,บ.สาทร ไพร์ม พร็อพเพอร์ตี้ส์ (บ.นารายณ์พร็อพเพอตี้ ),548.0
4976,บ.สินทรัพย์นิกร,865.0
4977,บ.สินทรัพย์นิกร - ส่ง Format Excel มาให้ Import ส่งต่อให้ทุกคนแล้ว (ด่วน) ลูกค้าใหม่,865.0
4978,บ.สิริ ควอลิตี้ แมเนจเมนท์ (Siri Quality Management),267.0
4979,บ.สิริ ควอลิตี้ แมเนจเมนท์ (Siri Quality Management) (โครงการไพร์มสแควร์ อุดรธานี),267.0
4980,บ.สิริ ควอลิตี้ แมเนจเมนท์ (Siri Quality Management) (บ.ไพร์มโรด พร็อพเพอร์ตี้ )(โครงการ ไพร์มสแควร์ อุดรธานี),267.0
4981,บ.สีวลี ไลฟ์ พร๊อพเพอร์ตี้แมเนจเม้นท์ (แมกซ์ คอนโดมิเนียม เกษตร-วิภาวดี ),872.0
4982,บ.สุขเหมือนทวีทรัพย์ (สุขเหมือน)(ตึกม่วง),873.0
4983,บ.สุขเหมือนทวีทรัพย์ (สุขเหมือน)(ตึกม่วง)   บ.เอส.เอ็ม.เดคคอร์เรชั่น (SM Decoration) (สุขเหมือน 1),230.0
4984,บ.สุขเหมือนทวีทรัพย์ -สุขเหมือน (ตึกม่วง),873.0
4985,บ.สุขเหมือนทวีทรัพย์ -สุขเหมือน (ตึกม่วง) - ส่งเมล์มา ส่งต่อให้ทุกคนแล้ว,873.0
4986,บ.สุขเหมือนทวีทรัพย์ -สุขเหมือน (ตึกม่วง) _บ.เอส.เอ็ม.เดคคอร์เรชั่น (SM Decoration) (สุขเหมือน 1),230.0
4987,บ.สุขเหมือนทวีทรัพย์ -สุขเหมือน (ตึกม่วง) และ บ.เอส.เอ็ม.เดคคอร์เรชั่น (SM Decoration) (สุขเหมือน 1),230.0
4988,บ.หลังสวนโฮลดิ้งส์,879.0
4989,บ.อโศก พลาซ่า,890.0
4990,บ.อโศก พลาซ่า (LANx3),890.0
4991,บ.อลีนตา (ณิชชาวิลล์ รีสอร์ท แอนด์ สปา (Nisha Ville)),897.0
4992,บ.อลีนตา (ณิชชาวิลล์ รีสอร์ท แอนด์ สปา (ประจวบ),897.0
4993,บ.ออเมนโต ดิวิเดน,898.0
4994,บ.ออเมนโต ดิวิเดน (Aumento Dividend),898.0
4995,บ.ออฟติมา แมเนจแมนท์ เซอร์วิส,104.0
4974,บ.สินเกษม (บ้านสวนจันทน์),861.0
4975,บ.สินเกษม (บ้านสวนจันทร์),861.0
4952,บ.สยามโอเรียนทัล เซอร์วิส แอนด์ เมนเนจเม้นท์ (SIAM ORIENTAL SERVICE ),834.0
4954,บ.สยามโอเรียนทัล เซอร์วิส แอนด์ เมนเนจเม้นท์ (SIAM ORIENTAL SERVICE ) (สยามโอเรียนทัล สตาร์ )(ชลบุรี),834.0
4962,บ.สยามโอเรียลทัล เซอร์วิสฯ (Siam Oriental Service )(Twin),834.0
4964,บ.สยามจตุจักร Umall   เงินเพิ่มพูล,82.0
4999,บ.ออมนิ แมนเนจเม้นท์ (อิลีเม้นท์ ศรีนครินทร์ 4-5 (Element -ศรีนครินทร์ 4-5)),902.0
5000,บ.ออริจิ้น วัน ( B-loft 109),905.0
5001,บ.ออลล์ อินสไปร์ ดีเวลลอปเม้นท์ (The Excel Ratchada18( ดิเอ็กเซล รัชดา 18 )- ส่งเมล์มา ส่งต่อให้ทุกคนแล้ว,1878.0
5002,บ.ออลล์ อินสไปร์ ดีเวลลอปเม้นท์ (The Excel Ratchada18)( ดิ เอ็กเซล รัชดา 18 ),1878.0
5003,บ.ออลล์ อินสไปร์ ดีเวลลอปเม้นท์ (The Excel Ratchada18)( ดิเอ็กเซล รัชดา 18 ),1878.0
5004,บ.ออลล์ อินสไปร์ ดีเวลลอปเม้นท์ (ดิเอ็กซ์เซลไฮอะเวย์),
5005,บ.ออลล์ไรส์ พร็อพเพอร์ตี้ แมเนจเม้นท์ (เดอะ พาโนรา ภูเก็ต ( The Panora ภูเก็ต ) - ส่งเมล์มาให้ตั้งรหัส ระดับ 3 (ตั้งให้ลูกค้าได้เลย) ส่งต่อให้ทุกคนแล้ว,909.0
5006,บ.ออลล์ไรส์ พร็อพเพอร์ตี้ แมเนจเม้นท์ (เดอะ พาโนรา ภูเก็ต (The Panora) - ส่งเมล์มา ส่งต่อให้ทุกคนแล้ว,909.0
5007,บ.ออลล์ไรส์ พร็อพเพอร์ตี้ แมเนจเม้นท์ (โคโค่ ซี คอนโดมิเนียม เฟส 1 2),909.0
5008,บ.ออลล์ไรส์ พร็อพเพอร์ตี้ แมเนจเม้นท์(All Rise Mega )( คอนเนค 1)(ภูเก็ต),909.0
5009,บ.ออลล์ไรส์ พร็อพเพอร์ตี้ แมเนจเม้นท์(All Rise Mega) (คอนเนค 1 (Connect 1) (ภูเก็ต) - ส่งเมล์มา ส่งต่อให้ทุกคนแล้ว,909.0
5010,บ.ออลล์ไรส์ พร็อพเพอร์ตี้ แมเนจเม้นท์(All Rise Mega) (คอนเนค 1 (Connext 1) (ภูเก็ต),909.0
5011,บ.ออสก้า เอสเตท เมนเนจเม้นท์ (Osca),910.0
5012,บ.ออสก้า เอสเตท เมนเนจเม้นท์ (Osca) (LANx2),910.0
5013,บ.อัลเทอร์เนทีฟ แอสเซท ( Alternative Asset) (อัลติจูด ดีไฟน์ (Altitude Define),913.0
5014,บ.อาคารชุด พรีม (พรีม 1-3)(Preme 1-3),2032.0
5015,บ.อาคารภคินท์ (RT),2033.0
5016,บ.อาคารภคินท์ (RT) - ส่งเมล์มา ส่งต่อให้ทุกคนแล้ว,2033.0
5017,บ.อาคารภคินท์ (RT) (LANx3),2033.0
5018,บ.อาคารภคินท์ (RT)(LANx1),2033.0
5019,บ.อาคารภคินท์ (RT)(LANx3),2033.0
5020,บ.อาณาจักรกฎหมาย,
5028,บ.อารียา แมนเนจเม้นต์,925.0
5029,บ.อิติ เมตตา พรอพเพอร์ตี้ แมเนจเม้นท์,
5030,บ.อิติ เมตตา พรอพเพอร์ตี้ แมเนจเม้นท์ (วรารมย์ พรีเมี่ยม ศาลากลาง)),
5031,บ.อินดี้ พร็อพเพอร์ตี้ (Indy) (เศรษฐสิริ ประชาชื่น เรสซิเด้นท์ 3),931.0
5032,บ.อินดี้ พร็อพเพอร์ตี้ (Indy) -(สาธร พรีเมียร์ เพลส),931.0
5033,บ.อินดี้ พร็อพเพอร์ตี้ (Indy) สาธร พรีเมียร์ เพลส,931.0
5036,บ.อินทัช พร็อพเพอร์ตี้ แมเนจเม้นท์,933.0
5037,บ.อินทัช พร็อพเพอร์ตี้ แมเนจเม้นท์ (บ้านกลางเมือง เกษตร-นวมินทร์),933.0
5038,บ.อินฟินิท พร็อพเพอร์ตี้ โซลูชั่นส์,
5039,บ.อินสแตนท์ เอสเตท แมเนจเม้นท์ (Instant ),937.0
5040,บ.อินสแตนท์ เอสเตท แมเนจเม้นท์ (Instant ) (Total ),937.0
5041,บ.อินสแตนท์ เอสเตท แมเนจเม้นท์ (Instant ) (Total ) ( บ้านกาญจนาคม),937.0
5042,บ.อินสแตนท์ เอสเตท แมเนจเม้นท์ (Instant ) (Total ) (ม.มัณฑนา บางใหญ่)),937.0
5034,บ.อินท์ - อินเตอร์เซคชั่น( lnt - Intersection),932.0
5035,บ.อินท์ - อินเตอร์เซคชั่น( lnt - Intersection) (LANx2),932.0
5043,บ.อินสแตนท์ เอสเตท แมเนจเม้นท์ (Instant ) (Total )_( (เดอะ ซิลค์พหลโยธิน อารีย์ 2 )),937.0
5044,บ.อินสแตนท์ เอสเตท แมเนจเม้นท์ (Instant ) (Total )_( ซิลค์ สนามเป้า),937.0
5045,บ.อินสแตนท์ เอสเตท แมเนจเม้นท์ (Instant ) (Total )ม.มัณฑนา บางใหญ่,937.0
5046,บ.อินสแตนท์ เอสเตท แมเนจเม้นท์ (Instant ) ม.มัณฑนา บางใหญ่,937.0
5047,บ.อินสไปร์ แมเนจเม้นท์ (ภัสสร ดอนเมือง พหลโยธิน),938.0
5048,บ.อินสไปร์ แมเนจเม้นท์ (ภัสสร ดอนเมือง พหลโยธิน เดอะแพลนท์ เอลิท พัฒนาการ เดอะแพลนท์ ปากเกร็ด),938.0
5049,บ.อุดมสุขโปรเจค เมเนจเม้นท์ (เดอะ พาร์คแลนด์ บางนา),941.0
5051,บ.อุดมสุขโปรเจค เมเนจเม้นท์ (โกลเด้น ทาวน์ วงศ์สว่าง รัชดา (Goden Town วงศ์สว่าง รัชดา),941.0
5052,บ.อุดมสุขโปรเจค เมเนจเม้นท์ (ซิตี้โฮมรัตนาธิเบศร์),941.0
5053,บ.อุดมสุขโปรเจค เมเนจเม้นท์ (ยูเรสซิเด้นทซ์ เอ บี ),941.0
5054,บ.อุดมสุขโปรเจค เมเนจเม้นท์ (ยูเรสซิเด้นทซ์ ศรีสมาน อาคารเอ บี ),941.0
5055,บ.อุบลเจริญศรี,942.0
5056,บจ.กลางกรุงรีสอร์ท (B1-B4),2022.0
5057,บจ.กลางกรุงรีสอร์ท (B1-B4) (LANx2),2022.0
5058,บจ.กลางกรุงรีสอร์ท (B1-B4)- ส่งเมล์มา ส่งต่อให้ทุกคนแล้ว,2022.0
5059,บจ.กลางกรุงรีสอร์ท (B1-B4)- ส่งเมล์มาวันที่ 14/6/2564 ส่งต่อให้ทุกคนแล้ว,2022.0
5060,บจ.กลางกรุงรีสอร์ท A2,2023.0
5061,บจ.ทองหล่อเมเนจเม้นท์ (THONGLOR MANAGEMENT) NEW03/2563,506.0
5062,บจก. อินเดีย เอ็มโพเรี่ยม (พาหุรัด),
5063,บจก.คาซาวดี  บจก.เค.เอส.พร็อพเพอร์ตี้ แมเนจเม้นท์( KS Property),67.0
5065,บดินทร์ คอนโดมิเนียม,2024.0
5066,บดินทร์สวีทโฮม 1,2026.0
5067,บดินทร์สวีทโฮม 2,2027.0
5068,บดินทร์สวีทโฮม 2 (LANx2),2025.0
5069,บดินทร์สวีทโฮม2,2027.0
5070,บมจ.โอเพ่นเทคโนโลยี่,313.0
5072,บราวน์ รัชดา-ห้วยขวาง,2028.0
5073,บราวน์ รัชดา-ห้วยขวาง (Brown รัชดา-ห้วยขวาง),2028.0
5074,บราวน์คอนโดรัชดา 32(BROWN CONDO รัชดา 32),
5075,บราวน์คอนโดรัชดา32,
5076,บริกซ์ คอนโดมิเนียม (Brix Condominiium),2029.0
5077,บริกซ์ คอนโดมิเนียม (Brix Condominium),2029.0
5080,บริษัท 360 ดีกรีส์ เซอร์วิสเซส จำกัด,3.0
5081,บริษัท synergy growth,
5082,บริษัท synergy growth (subsidiary Pruksa Holding),
5083,บริษัท เคอาร์แอนด์แอสโซซิเอทส์ จำกัด (สาขาประชาชื่นเรสซิเด้นซ์),81.0
5092,บริษัท เดอะเวิร์คส์ คอมมิวนิตี้ แมนเนจเม้นท์ จำกัด,116.0
5241,บลิซ คอนโดมิเนียม พระราม 9 - หัวหมาก (Bliz Rama9 ),2034.0
5078,บริดจ์ (Bridge)-(พหลโยธิน 37),2030.0
5079,บริดจ์ นราธิวาส (Bridge นราธิวาส),2031.0
5050,บ.อุดมสุขโปรเจค เมเนจเม้นท์ (เดอะ พาร์คแลนด์ บางนา) _(เดอะพาร์คแลนด์ 6),941.0
5087,บริษัท เซ็น เอกซ์ พร็อพเพอร์ตี้ แมเนจเม้นท์ จำกัด (ACRM) (Acute),508.0
5085,บริษัท เจ พลัส พร็อพเพอร์ตี้ เมเนจเม้นท์ (J Plus) ( ไอซียูบางนา อาคารซี ),86.0
5064,บจก.จัดการทรัพย์สินและชุมชน (Cemco) (เอแบคคอนโดทาวน์ อาคาร เอ (ABAC Condotown A ) - ส่งเมล์มา ส่งต่อให้ทุกคนแล้ว,426.0
5086,บริษัท เจนัส เเมเนจเม้นท์ จำกัด,98.0
5071,บราวน์ คอนโด รัชดา 32(BROWN CONDO รัชดา 32) (MA Unity),717.0
5084,บริษัท เงินเพิ่มพูล จำกัด,82.0
5095,บริษัท เฟอร์รารี่ เอ็น.โอ.พี. (Ferrari) (WT),
5096,บริษัท เฟอร์รารี่ เอ็น.โอ.พี. (Ferrari) (WT) - ส่งเมล์มา ส่งต่อให้ทุกคนแล้ว,
5097,บริษัท เฟอร์รารี่ เอ็น.โอ.พี. (ประเทศไทย) จำกัด,
5098,บริษัท เฟอร์รารี่ เอ็น.โอ.พี. (ประเทศไทย) จำกัด (บ.เฟอร์รารี่ โลจิสติกส์ (ประเทศไทย),
5100,บริษัท เมืองทอง เซอร์วิสเซส แอนด์ แมเน็จเม้นท์,164.0
5101,บริษัท เมืองทอง เซอร์วิสเซส แอนด์ แมเน็จเม้นท์(MSM),104.0
5102,บริษัท เมืองพัฒนา,166.0
5103,บริษัท เมืองพัฒนา จำกัด ( LANx1),166.0
5105,บริษัท เวอร์ติพลัส 98,176.0
5106,บริษัท เอ.เอ็ม.เอส. ลิสซิ่ง (AMS),183.0
5107,บริษัท เอ.เอ็ม.เอส. ลิสซิ่ง (AMS) (เอื้ออมรสุข -สุขุมวิท 62),183.0
5108,บริษัท เอ.เอ็ม.เอส. ลิสซิ่ง (AMS)(เอื้ออมรสุข -สุขุมวิท 62),183.0
5109,บริษัท เอเจนซี่แอนด์เซอร์วิสพร็อพเพอร์ตี้ จำกัด,104.0
5110,บริษัท เอ็กเซลโฮลดิ้ง จำกัด >,190.0
5111,บริษัท เอคควิตี้ พร็อพเพอร์ตี้ แมเนจเม้นท์ จำกัด,193.0
5112,บริษัท เอช ที อาร์ (HRT),197.0
5113,บริษัท เอช ที อาร์ (HTR),197.0
5115,บริษัท เอื้ออมรสุข (AMS),245.0
5116,บริษัท เอื้ออมรสุข -สุขุมวิท 22 (AMS),245.0
5117,บริษัท เอื้ออมรสุข -สุขุมวิท 22 (AMS) (LANx2),245.0
5118,บริษัท เฮลแมน เวิร์ลไวด์ โลจิสติคส์( Hellmann ),246.0
5119,บริษัท เฮลแมน เวิร์ลไวด์ โลจิสติคส์( Hellmann )(WT-PRO),246.0
5120,บริษัท เฮลแมน เวิร์ลไวด์ โลจิสติคส์( Hellmann Worldwide Logistics ),246.0
5121,บริษัท เฮลแมน เวิร์ลไวด์ โลจิสติคส์_(ซี แอนด์ แอร์ ) _ (ไทย โฮลดิ้ง)( Hellmann Worldwide Logistics ),246.0
5122,บริษัท แมกโนเลีย ไฟน์เนสท์ คอร์ปอเรชั่น จำกัด,268.0
5125,บริษัท แอลพี โก (LP Go),283.0
5126,บริษัท แอลพี โก (LP Go) - ส่งเมล์มา วันที่ 3/2/2565 ส่งต่อให้ทุกคนแล้ว,283.0
5127,บริษัท แอลพี โก (LP Go) - ส่งเมล์มา ส่งต่อให้ทุกคนแล้ว,283.0
5128,บริษัท แอลพี โก (LP Go) (จี-วัน แลนด์ (G-1 Land)) (LANx4),283.0
5129,บริษัท แฮนเดิล ชิปปิ้ง แอนด์ เซอร์วิส (Handle shipping),104.0
5130,บริษัท แฮนเดิล ชิปปิ้ง แอนด์ เซอร์วิส (Handle shippng),104.0
5131,บริษัท โกลเด้น ดีเวลล๊อปเม้นท์ (โครงการ บุญยกร เลค พาร์ค),291.0
5132,บริษัท โฟร์ สมาร์ท พร็อพเพอร์ตี้ แมเนจเม้นท์ จำกัด,
5133,บริษัท โมเดอร์น พร็อพเพอร์ตี้ แมเนจเมนท์ - ส่งเมล์มา ส่งต่อให้ทุกคนแล้ว///ขอให้ลงโปรแกรมใหม่เนื่องจากลบไอคอนหน้า desktop และถอนโปรแกรมในวันที่ 31 มกราคม2565 ของหน่วยงาน นิติบุคคลหมู่บ้านจัดสรรลัดดารมย์ อิลิแกนซ์ ราชพฤกษ์ -รัตนาธิเบศร์ โทร 064-285-5142,267.0
5134,บริษัท โมเดอร์น พร็อพเพอร์ตี้ แมเนจเม้นท์ จำกัด - ส่งต่อให้ทุกคนแล้ว,
5135,บริษัท โรจนะดิสทริบิวชั่น เซ็นเตอร์ จำกัด,
5136,บริษัท โรจนะดิสทริบิวชั่น เซ็นเตอร์ จำกัด (WT),
5137,บริษัท โอภัส จำกัด,314.0
5138,บริษัท ไดมอนด์ เอ็กซ์เพรส (ไทยแลนด์) จำกัด,316.0
5139,บริษัท ไบรท์ ภูเก็ต จำกัด (Bright Phuket),
5140,บริษัท ไพรม์ พร็อพเพอร์ตี้ กรุ๊ป จำกัด,341.0
5099,บริษัท เมเจอร์ พร็อพเพอร์ตี้ เซอร์วิส จำกัด (Major Property Service),155.0
5093,บริษัท เดอะไนน์ พร๊อพเพอร์ตี้ แมเนจเมนท์ จำกัด (The Nine),117.0
5104,บริษัท เรียลพร็อพเพอร์ตี้แมเนจเม้นท์(RPM),170.0
5094,บริษัท เดอะบียอนด์ จำกัด,121.0
5123,บริษัท แอล.แอล.ซี กรุงเทพ (บ.เงินเพิ่มพูล) (LLC),82.0
5141,บริษัท ไฮไลฟ์ดีเวลลอปเม้นท์ ( Hylife Developments) (เชียงใหม่) (ไฮคอนโด ท่าศาลา(Hy Condo)),371.0
5142,บริษัท ไฮไลฟ์ดีเวลลอปเม้นท์ (Hylife Development ) (เชียงใหม่) (ไฮคอนโด ท่าศาลา(Hy Condo)),371.0
5144,บริษัท กู๊ดโกเวอร์แนนซ์ พรอพเพอร์ตี้ แมเนจเม้นท์ (Good Governance Property Management) (ชลบุรี) (พัทยาธานี),391.0
5145,บริษัท กู๊ดโกเวอร์แนนซ์ พรอพเพอร์ตี้ แมเนจเม้นท์ (ชลบุรี) (Good Governance Property Management),391.0
5146,บริษัท กู๊ดโกเวอร์แนนซ์ พรอพเพอร์ตี้ แมเนจเม้นท์ (ชลบุรี) (พัทยาธานี) (Good Governance Property Management),391.0
5147,บริษัท กู๊ดโกเวอร์แนนซ์ พรอพเพอร์ตี้ แมเนจเม้นท์ (ชลบุรี) (พัทยาธานี) (Good Governance),391.0
5148,บริษัท จี-วัน แลนด์ จำกัด,432.0
5149,บริษัท ชัยณรงค์เซนเตอร์,436.0
5150,บริษัท ชัยณรงค์เซนเตอร์ (LANx 1) และ (บริษัท ชัยณรงค์นิเวศน์ ) (LANx 1),436.0
5151,บริษัท ชัยณรงค์เซนเตอร์ และ (บริษัท ชัยณรงค์นิเวศน์ ),436.0
5152,บริษัท ชีวาทัย,440.0
5153,บริษัท ชีวาทัย (ชีวาทัย ปิ่นเกล้า (Chewathai Pinklao),1797.0
5154,บริษัท ดับเบิ้ลยู เอ.เอ็ม.รุ่งเรือง แมเนจเม้นท์ จำกัด (WAM),467.0
5155,บริษัท ด่านปฐมพัฒน์ 2010 (ม.วณิศาวิลล์),469.0
5156,บริษัท ด่านปฐมพัฒน์ 2010 (ม.วนิศาวิลล์),469.0
5157,บริษัท ด่านปฐมพัฒน์ 2010 (ม.วริศาวิลล์),469.0
5158,บริษัท ด่านปฐมพัฒน์ 2010_ (ม.วริศาวิลล์),469.0
5159,บริษัท ดุสิต แกรนด์ คอนโด ( ดุสิต แกรนด์ พาร์ค 2) (LANx2 ) (ชลบุรี),481.0
5160,บริษัท ดุสิต แกรนด์ คอนโด ( ดุสิต แกรนด์ พาร์ค 2) (ชลบุรี),481.0
5161,บริษัท ดุสิต ฮอสปิตัลลิตี้ เซอร์วิสเซส,485.0
5162,บริษัท ทรีโอเนส อินดัสเทรียล ( Tirones Industrial) - เดอะซิมโฟนี (ชลบุรี) (The Symphony อาคาร Condo B),496.0
5165,บริษัท นารายณ์พร็อพเพอตี้ จำกัด (ฟลอร่า ติวานนท์),548.0
5166,บริษัท นารายณ์พร็อพเพอตี้ จำกัด (ม.ฟลอร่า ติวานนท์),548.0
5167,บริษัท นีโอเทค พลายวู้ด จำกัด,552.0
5168,บริษัท บางแคคอนโดทาวน์ จำกัด ( LANx1),2046.0
5169,บริษัท ปรีชา กรุ๊ป (ม.ปรีชา ไพรเวท บีช ระยอง),
5170,บริษัท ป๊อบ เมดิค แอนด์ เทรดดิ้ง,602.0
5171,บริษัท พรหมมหาราชพัฒนาที่ดิน จำกัด(บ.บวรพงศ์)_( บ.โบ๊เบ๊ทาวเวอร์),1602.0
5172,บริษัท พรหมมหาราชพัฒนาที่ดิน จำกัด_( บ.โบ๊เบ๊ทาวเวอร์),1602.0
5173,บริษัท พหล 8,640.0
5174,บริษัท พหล 8 จำกัด,640.0
5175,บริษัท พหล 8 จำกัด (บ. เมอริท โฮลดิ้งส์ (1989) Merit Holdings),163.0
5178,บริษัท พี เอ ลินน์ ฟิลลิปส์ จำกัด,653.0
5179,บริษัท พี แอนด์ พี แอสเซท กรุ๊ป_ (Condo PREMIO UNIC) (พรีมิโอ ยูนิค),656.0
5180,บริษัท ภาญา จำกัด,674.0
5181,บริษัท ภาญา จำกัด ( เขาใหญ่ -โคราช),674.0
5182,บริษัท ภูเก็ตเรียลตี้ จำกัด (ภูเก็ตวิลล่า 5),675.0
5183,บริษัท ภูเก็ตวิลล่า คอร์ปอเรชั่น จำกัด โครงการหมู่บ้านจัดสรร,676.0
5184,บริษัท ภูรินดา เรสซิเดนซ์ (สระบุรี),681.0
5185,บริษัท รังสิตร่วมพัฒนา จำกัด,730.0
5186,บริษัท ริชเชส ลีฟวิ่ง จำกัด,742.0
5187,บริษัท รินรดา จำกัด (LANx1)_(รินรดา ริเวอร์ไซด์),2458.0
5188,บริษัท ลอยตี้,750.0
5189,บริษัท ลอยตี้ (หรรษา ไทยเวสเนส),750.0
5190,บริษัท วสุ 01,760.0
5191,บริษัท วสุ 01- ส่งเมล์มา ส่งต่อให้ทุกคนแล้ว,760.0
5192,บริษัท วัชรพงศ์ พร็อพเพอร์ตี้ จํากัด,
5176,บริษัท พี เอ ลินน์ ฟิลลิปส์ (PA Linn),653.0
5177,บริษัท พี เอ ลินน์ ฟิลลิปส์ (PA Linn) (LANx7),653.0
5143,บริษัท กรีน อมตะ,376.0
5193,บริษัท วิฟ เมเนจเม้นท์ จำกัด ((ดี 65 คอนโดมิเนียม A (D65A)),772.0
5194,บริษัท วิฟ เมเนจเม้นท์ จำกัด ((ดี 65 คอนโดมิเนียม A),772.0
5195,บริษัท วิฟ เมเนจเม้นท์ จำกัด (VIV Management )),772.0
5196,บริษัท วิฟเมเนจเม้นท์ จำกัด,772.0
5197,บริษัท วิรันดา พร็อพเพอร์ตี้ (ยู ไลท์ คอนโดมิเนียม ),774.0
5198,บริษัท วิรันดา พร็อพเพอร์ตี้(ยู ไลท์ คอนโด),774.0
5199,บริษัท วิรันดา พร็อพเพอร์ตี้(ยู ไลท์ คอนโด) (Ulite Condo),774.0
5200,บริษัท วิรันดา พร็อพเพอร์ตี้(ยู ไลท์ คอนโดมิเนียม ),774.0
5201,บริษัท วิรันดา พร็อพเพอร์ตี้(ยู ไลท์ คอนโดมิเนียม ) (Ulite),774.0
5202,บริษัท วิรันดา พร็อพเพอร์ตี้(ยู ไลท์ คอนโดมิเนียม )- ส่งเมล์มาวันที่ 17/5/2565 ส่งต่อให้ทุกแล้ว,774.0
5203,บริษัท วิศวพล แลนด์แอนเฮ้าส์ จำกัด,778.0
5206,บริษัท วีไอพี(2012) (VIP),800.0
5207,บริษัท ศุภากร แท็กซ์ แอนด์ แอคเคาท์ติ้ง,811.0
5219,บริษัท สโคป จำกัด,816.0
5220,บริษัท สกายไนน์ แมเนจเม้นท์ จำกัด,817.0
5221,บริษัท สมหรรษา,819.0
5222,บริษัท สมหรรษา (LANx3),819.0
5223,บริษัท สยามจตุจักร จำกัด,835.0
5224,บริษัท สราญสุขการ์เด้น คอร์ท จำกัด,838.0
5225,บริษัท สาทร ไพร์ม พร็อพเพอร์ตี้ส์,850.0
5226,บริษัท สาทร ไพร์ม พร็อพเพอร์ตี้ส์ _ (อาคารสาทร ไพร์ม บิวดิ้ง),
5227,บริษัท สินทรัพย์นิกร (ตลาดเจริญศรี) (อุบล),865.0
5228,บริษัท สินทรัพย์นิกร (ตลาดเจริญศรี) (อุบล) - ส่ง Format Excel มาให้ Import ส่งต่อให้ทุกคนแล้ว (ด่วน) ลูกค้าใหม่,865.0
5229,บริษัท สินทรัพย์นิกร (ตลาดเจริญศรี) (อุบล) - ส่ง Format Excel มาให้ Import ส่งต่อให้ทุกคนแล้ว (ด่วน) ลูกค้าใหม่ (หนี้ค้างแก้ไข),865.0
5230,บริษัท สินทรัพย์นิกร (ตลาดเจริญศรี) (อุบล)- ส่ง Format Excel มาให้ Import ส่งต่อให้ทุกคนแล้ว (ด่วน) ลูกค้าใหม่,865.0
5231,บริษัท สุขหรรษา,874.0
5232,บริษัท ออริจิ้น วัน พร้อมพงษ์,906.0
5233,บริษัท ออริจิ้น วัน พร้อมพงษ์ (Origin One),905.0
5234,บริษัท อามีน-เนาะห์ จำกัด (ประเสริฐสุข อพาร์ทเม้นท์)),918.0
5235,บริษัท อามีน-เนาะห์ จำกัด (ประเสริฐสุข อพาร์ทเม้นท์)) (PS Place),918.0
5236,บริษัท อาร์ เจ 9 เซอร์วิส จำกัดและห้างหุ้นส่วนจำกัด ไทย พีพี,104.0
5237,บริษัท อินสแตนท์ เอสเตท แมเนจเม้นท์ จำกัด,937.0
5238,บรีซ แอท อีสเทอร์น สตาร์ ฟอเรสโต้ (Breeze at Eastern Star Foresto),
5239,บลิซ คอนโดมิเนียม แบริ่ง ( Biz Condominium Bearing ),2034.0
5240,บลิซ คอนโดมิเนียม แบริ่ง ( Bliz Condominium Bearing ),2034.0
5204,บริษัท วี. พร็อพเพอร์ตี้เมเนจเม้นท์ ( V Property ),784.0
5205,บริษัท วี. พร็อพเพอร์ตี้เมเนจเม้นท์ (วี เพลส) ( V Property ),784.0
5242,บลิซ คอนโดมิเนียม พระราม 9 - หัวหมาก(Bliz Rama9 ),2034.0
5243,บลิซ คอนโดมิเนียม ลาดพร้าว 107,2038.0
5244,บลิซ คอนโดมิเนียม ลาดพร้าว 107 - ส่งเมล์มา ส่งต่อให้ทุกคนแล้ว,2034.0
5245,บลิซ คอนโดมิเนียม ลาดพร้าว 107 ( Bliz Condominium ลาดพร้าว 107 ),2034.0
5246,บลิซคอนโดมิเนียม ลาดพร้าว 107,2038.0
5247,บวรพงศ์,560.0
5248,บอส เซอร์วิส พลัส (BOSS SERVICE PLUS),104.0
5249,บอส เซอร์วิส พลัส(BOSS SERVICE PLUS),104.0
5250,บัดเจท คอนโด ติวานนท์ 3,2041.0
5251,บัดเจท คอนโด ติวานนท์ 3 - ส่งเมล์มา ส่งต่อให้ทุกคนแล้ว,2041.0
5252,บัดเจท คอนโด ติวานนท์ 3 (Budget),2041.0
5253,บัดเจท คอนโด ติวานนท์ 3 (Budget) - ส่งเมล์มา วันที่ 29/7/2564 ส่งต่อให้ทุกคนแล้ว,2041.0
5254,บัดเจท คอนโด ติวานนท์ 3 (Budget) - ส่งเมล์มา ส่งต่อให้ทุกคนแล้ว,2041.0
5258,บางเสร่ ไฮท์,
5260,บ้างเสร่ คอนโด,
5261,บางเสร่ไฮท์,
5262,บางเสร่คอนโดมิเนียม,2044.0
5263,บางเสร่คอนโดมิเนียม (LANx1),2044.0
5264,บางแคคอนโดทาวน์,2046.0
5265,บางแคคอนโดทาวน์ (LANx1),2046.0
5266,บางแคคอนโดทาวน์ (LANx3),2046.0
5267,บางแสนรอยัลบีชคอนโดมิเนียม,2800.0
5268,บางใหญ่สเเควร์บี1,
5269,บางใหญ่สแควร์ C1,2049.0
5270,บางใหญ่สแควร์ เอ 1,2050.0
5271,บางใหญ่สแควร์ ซี 2,2051.0
5272,บางใหญ่สแควร์ ซี 2 (LANx1),2051.0
5273,บางใหญ่สแควร์ บี 1,2052.0
5274,บางใหญ่สแควร์ บี 1 - ส่งเมล์มา วันที่ 14/6/2564 ส่งต่อให้ทุกคนแล้ว,2052.0
5275,บางใหญ่สแควร์ บี 1 - ส่งเมล์มา ส่งต่อให้ทุกคนแล้ว,2052.0
5276,บางใหญ่สแควร์ซี 1,2054.0
5277,บางกอก เมเนจเม้นท์ เรียลตี้ (BM Group) -- หาข้อมูลซื้อโปรแกรมยังไม่เจอ,
5278,บางกอก การ์เด้น,
5279,บางกอก ฮอไรซอน รามคำแหง,2056.0
5281,บางกอกไทย (1988),571.0
5282,บางกอกไทย(1988),571.0
5283,บางกอกบูเลอวาร์ด พระราม 5-2,
5284,บางกอกบูเลอวาร์ด รามอินทรา,3075.0
5285,บางกอกบูเลอวาร์ด รามอินทรา (LANx1),3075.0
5286,บางกอกบูเลอวาร์ดราชพฤกษ์-พระราม 5,3074.0
5287,บางกอกริเวอร์มารีน่า (Bangkok River Marina),2057.0
5288,บางกอกวิลล่า,
5289,บางขุนนนท์ทาวเวอร์,2058.0
5290,บางนาเรสซิเด้นซ์,
5291,บางนาคอมเพล็กซ์ เรสซิเดนเชียล,2059.0
5292,บางนาคอมเพล็กซ์ เรสซิเดนเชียล (LANx1),2059.0
5293,บางนาคอมเพล็กซ์ คอนโด (บางนาคอมเพล็กซ์ เรสซิเดนเชียล),2059.0
5294,บางนาคอมเพล็กซ์ ออฟฟิศ ทาวเวอร์,2060.0
5295,บางพลีคอนโดมิเนียม อาคาร 1,2061.0
5296,บางพลีคอนโดมิเนียม อาคาร 1_(อาคาร 2 3 4 ),2061.0
5297,บางอ้อริเวอร์ไซด์ ทาวเวอร์ 1,2065.0
5298,บางอ้อริเวอร์วิว,2066.0
5299,บ้าน แสน เพลิน(Baan San Ploen ) (หัวหิน),
5300,บ้าน อารียา สวนา 1,
5301,บ้านเจ้า,2067.0
5302,บ้านเจ้าพระยา,2067.0
5303,บ้านเจ้าพระยา (LANx2),2067.0
5304,บ้านเจ้าพระยา สาทร,2067.0
5305,บ้านเอกเขนก,3077.0
5306,บ้านเอื้ออาทร เทพารักษ์ 1,2068.0
5307,บ้านเอื้ออาทร เศรษฐกิจ 1,2075.0
5308,บ้านเอื้ออาทร บางบ่อ 3,2090.0
5309,บ้านเอื้ออาทร บางบ่อ 3 (LANx1),2090.0
5310,บ้านเอื้ออาทร รัษฎา (ภูเก็ต),2105.0
5280,บางกอก ฮอไรซอน รามคำแหง (Bangkok Horizon),248.0
5255,บันยันทรี เรสซิเดนซ์ (Banyan Tree Residences Riverside Bangkok),3371.0
5313,บ้านเอื้้ออาทร ลาดหลุมแก้ว 1-2,2108.0
5318,บ้านเอื้ออาทร สรงประภา 1,2113.0
5319,บ้านเอื้ออาทร สรงประภา 1 (ดอนเมือง),2113.0
5320,บ้านเอื้ออาทร สรงประภา 1 (ดอนเมือง) (LANx1),2113.0
5321,บ้านเอื้ออาทร สุวรรณภูมิ 2 (บ้านเอื้ออาทร บางนา 5),
5322,บ้านเอื้ออาทร หัวหิน 1 (ประจวบ),2117.0
5323,บ้านเอื้ออาทร หัวหิน 1 (ประจวบ)- ส่งเมล์มาแจ้งย้ายเครื่อง ถ้าเครื่องเรียบร้อยแล้วจะติดต่อกลับมาแจ้งค่ะ,2117.0
5325,บ้านเอื้ออาทรเทพารักษ์ 3/2,2119.0
5326,บ้านเอื้ออาทรเทพารักษ์ 3/2 (LANx1),2119.0
5327,บ้านเอื้ออาทรเทพารักษ์ 3/2- ส่งเมล์มา ส่งต่อให้ทุกคนแล้ว,2119.0
5328,บ้านเอื้ออาทรเทพารักษ์ 3/3,2120.0
5329,บ้านเอื้ออาทรเทพารักษ์ 3/3 (LANx1),2120.0
5330,บ้านเอื้ออาทรเทพารักษ์ 3/4,2121.0
5331,บ้านเอื้ออาทรเทพารักษ์3/3,2120.0
5332,บ้านเอื้ออาทรเพชรเกษม 1,2122.0
5333,บ้านเอื้ออาทรเพชรเกษม 2,2123.0
5334,บ้านเอื้ออาทรเพชรเกษม 2 - ส่งเมล์มา ส่งต่อให้ทุกคนแล้ว,2123.0
5335,บ้านเอื้ออาทรเพชรเกษม 2 (LANx1),2123.0
5336,บ้านเอื้ออาทรเมืองใหม่บางพลี 6,2124.0
5337,บ้านเอื้ออาทรเมืองใหม่บางพลี 6 ( LANx1),2124.0
5338,บ้านเอื้ออาทรเศรษฐกิจ 2,2125.0
5339,บ้านเอื้ออาทรแพรกษา 1,2126.0
5340,บ้านเอื้ออาทรแพรกษา 1 (โครงการ 2),2126.0
5341,บ้านเอื้ออาทรแพรกษา 2,2127.0
5342,บ้านเอื้ออาทรแพรกษา 2 - ส่งเมล์มา ส่งต่อให้ทุกคนแล้ว,2127.0
5343,บ้านเอื้ออาทรแพรกษา 2 - ส่งเมล์มาวันที่ 22/3/2564 ส่งต่อให้ทุกคนแล้ว,2127.0
5344,บ้านเอื้ออาทรแพรกษา 3,2128.0
5345,บ้านเอื้ออาทรแพรกษา 4,2129.0
5346,บ้านเอื้ออาทรแพรกษา 4 (บ้านเอื้ออาทรแพรกษา 14),2126.0
5347,บ้านเอื้ออาทรแพรกษา 4 (บ้านเอื้ออาทรแพรกษา 14) (สมุทรปราการ),2126.0
5348,บ้านเอื้ออาทรแพรกษา2,2127.0
5349,บ้านเอื้ออาทรแพรกษา2- ส่งเมล์มา ส่งต่อให้ทุกคนแล้ว,2127.0
5350,บ้านเอื้ออาทรแม่กลอง,1538.0
5351,บ้านเอื้ออาทรแสมดำ,2130.0
5352,บ้านเอื้ออาทรกระทุ่มแบน 1,2131.0
5353,บ้านเอื้ออาทรกระทุ่มแบน 2,2132.0
5354,บ้านเอื้ออาทรกระทุ่มแบน2,2132.0
5355,บ้านเอื้ออาทรกันตนา,2133.0
5356,บ้านเอื้ออาทรขจรวิทย์ 1,2135.0
5357,บ้านเอื้ออาทรขจรวิทย์ 1 (LANx2),2135.0
5358,บ้านเอื้ออาทรขจรวิทย์ 2,2136.0
5359,บ้านเอื้ออาทรขจรวิทย์1,2135.0
5360,บ้านเอื้ออาทรคลองถนน 2,2137.0
5363,บ้านเอื้ออาทรคู้บอน 1,
5365,บ้านเอื้ออาทรคู้บอน 1 2,
5367,บ้านเอื้ออาทรคู้บอน 2,
5368,บ้านเอื้ออาทรติดนิคม,2138.0
5369,บ้านเอื้ออาทรถลาง 1 (ภูเก็ต),2139.0
5370,บ้านเอื้ออาทรถลาง 1 2 (ภูเก็ต),2139.0
5371,บ้านเอื้ออาทรถลาง 2 (ภูเก็ต),2140.0
5372,บ้านเอื้ออาทรถลาง 2 (ภูเก็ต) (LANx1),2140.0
5373,บ้านเอื้ออาทรถลาง 2 (ภูเก็ต) (LANx2),2140.0
5374,บ้านเอื้ออาทรถลาง 3 (ภูเก็ต),2141.0
5375,บ้านเอื้ออาทรท่าอิฐ,2142.0
5376,บ้านเอื้ออาทรท่าอิฐ - Format Excel มาให้ Import ติดต่อ คุณวราเทพ 081-6153580 ส่งเมล์มา ส่งต่อให้ทุกคนแล้ว (ด่วน) ลูกค้าใหม่,2142.0
5317,บ้านเอื้ออาทร วัดพระเงิน 2,2110.0
5314,บ้านเอื้ออาทร วัดพระเงิน 1,2109.0
5316,บ้านเอื้ออาทร วัดพระเงิน 1 2,2109.0
5315,บ้านเอื้ออาทร วัดพระเงิน 1  2,2109.0
5324,บ้านเอื้ออาทรเทพารักษ์ 3/1,2118.0
5378,บ้านเอื้ออาทรนนทบุรี - ส่ง Format Excel มาให้เช็คก่อนลงโปรแกรม ส่งต่อให้ทุกคนแล้ว (ด่วน),2143.0
5379,บ้านเอื้ออาทรนนทบุรี (ห้าแยกปากเกร็ด ),2143.0
5380,บ้านเอื้ออาทรนาเกลือ,2144.0
5381,บ้านเอื้ออาทรนาเกลือ (ชลบุรี),2144.0
5382,บ้านเอื้ออาทรนาจอมเทียน 1,2145.0
5383,บ้านเอื้ออาทรนาจอมเทียน 2,2146.0
5384,บ้านเอื้ออาทรนาจอมเทียน 2 (ชลบุรี),2146.0
5385,บ้านเอื้ออาทรนาจอมเทียน 3,2147.0
5386,บ้านเอื้ออาทรนาจอมเทียน 3 (ชลบุรี),2147.0
5387,บ้านเอื้ออาทรนาจอมเทียน 4,2148.0
5388,บ้านเอื้ออาทรนาจอมเทียน 5,2149.0
5389,บ้านเอื้ออาทรนาจอมเทียน 5 (ชลบุรี),2149.0
5390,บ้านเอื้ออาทรนาจอมเทียน2 - ส่งเมล์มา ส่งต่อให้ทุกคนแล้ว,2146.0
5391,บ้านเอื้ออาทรบ่อพลับ,2150.0
5392,บ้านเอื้ออาทรบางโฉลง 2,2151.0
5393,บ้านเอื้ออาทรบางโฉลง 3,
5394,บ้านเอื้ออาทรบางโฉลง 4,2152.0
5395,บ้านเอื้ออาทรบางโฉลง 4 (LANx1),2152.0
5396,บ้านเอื้ออาทรบางโฉลง 5,2153.0
5397,บ้านเอื้ออาทรบางโฉลง5,2153.0
5398,บ้านเอื้ออาทรบางกระเจ้า,2154.0
5399,บ้านเอื้ออาทรบางขุนเทียน /3/2,
5400,บ้านเอื้ออาทรบางขุนเทียน 1,2155.0
5401,บ้านเอื้ออาทรบางขุนเทียน 2/1,2156.0
5402,บ้านเอื้ออาทรบางขุนเทียน 2/1 2/2,2156.0
5403,บ้านเอื้ออาทรบางขุนเทียน 2/2,2157.0
5404,บ้านเอื้ออาทรบางขุนเทียน 3/1,2158.0
5405,บ้านเอื้ออาทรบางขุนเทียน 3/1  3/2,2158.0
5406,บ้านเอื้ออาทรบางขุนเทียน 3/1 3/2,2158.0
5407,บ้านเอื้ออาทรบางขุนเทียน 3/2,2159.0
5408,บ้านเอื้ออาทรบางขุนเทียน1,2155.0
5409,บ้านเอื้ออาทรบางคูวัด,2160.0
5410,บ้านเอื้ออาทรบางคูวัด (LANx5),2160.0
5413,บ้านเอื้ออาทรบางบ่อ,2162.0
5414,บ้านเอื้ออาทรบางบ่อ - ส่งเมล์มา ส่งต่อให้ทุกคนแล้ว,2162.0
5415,บ้านเอื้ออาทรบางบ่อ 3 - ส่งเมล์มา ส่งต่อให้ทุกคนแล้ว,2090.0
5416,บ้านเอื้ออาทรบางบัวทอง 1,2163.0
5417,บ้านเอื้ออาทรบางบัวทอง 1- ส่เมล์มาวันที่4/02/2564 ส่งต่อใหุ้ทกคนแล้ว (ด่วน) ลูกค้าใหม่,2163.0
5418,บ้านเอื้ออาทรบางบัวทอง 2,2164.0
5419,บ้านเอื้ออาทรบางพลี,2165.0
5420,บ้านเอื้ออาทรบางพลี (อาคาร 29)),2165.0
5421,บ้านเอื้ออาทรบางพลี 3/3 (อาคาร 29)),2165.0
5422,บ้านเอื้ออาทรบ้านคลองสวน,2166.0
5423,บ้านเอื้ออาทรบ้านคลองสวน - ส่งเมล์มา ส่งต่อให้ทุกคนแล้ว,2166.0
5424,บ้านเอื้ออาทรปทุมวิไล 1 2,2167.0
5425,บ้านเอื้ออาทรปทุมวิไล 2,2168.0
5426,บ้านเอื้ออาทรประชาพัฒนา 1,2169.0
5427,บ้านเอื้ออาทรประชาพัฒนา 1 2,2169.0
5428,บ้านเอื้ออาทรประชาพัฒนา 1-5,2169.0
5429,บ้านเอื้ออาทรประชาพัฒนา 1-5 - ส่งเมล์มา ส่งต่อให้ทุกคนแล้ว,2169.0
5430,บ้านเอื้ออาทรประชาพัฒนา 2,2170.0
5431,บ้านเอื้ออาทรประชาพัฒนา 3,2171.0
5432,บ้านเอื้ออาทรประชาพัฒนา 3 4 5,2171.0
5433,บ้านเอื้ออาทรประชาพัฒนา 4,2172.0
5434,บ้านเอื้ออาทรประชาพัฒนา 5,2173.0
5435,บ้านเอื้ออาทรประชาอุทิศ,2174.0
5436,บ้านเอื้ออาทรปัญญารามอินทรา,2176.0
5437,บ้านเอื้ออาทรป่าตัน 1 (เชียงใหม่),2177.0
5438,บ้านเอื้ออาทรป่าตัน 1 (เชียงใหม่) - ส่ง Format Excel มาให้ Import ส่งต่อให้ทุกคนแล้ว,2177.0
5439,บ้านเอื้ออาทรป่าตัน 2,2178.0
5440,บ้านเอื้ออาทรป่าตัน 2 - ส่งเมล์มา ส่งต่อให้ทุกคนแล้ว,603.0
5441,บ้านเอื้ออาทรป่าตัน 2 (เชียงใหม่),603.0
5442,บ้านเอื้ออาทรพรพระร่วงประสิทธิ์,2180.0
5443,บ้านเอื้ออาทรพร้อมมิตร,2181.0
5444,บ้านเอื้ออาทรพระประโทน 1 2,2182.0
5445,บ้านเอื้ออาทรพหลโยธิน 8,2183.0
5446,บ้านเอื้ออาทรมิตรไมตรี,2184.0
5447,บ้านเอื้ออาทรมีนบุรี 1,2185.0
5448,บ้านเอื้ออาทรมีนบุรี 2,2186.0
5449,บ้านเอื้ออาทรมีนบุรี 3,2187.0
5450,บ้านเอื้ออาทรร่มเกล้า 1,2188.0
5451,บ้านเอื้ออาทรร่มเกล้า 1 ( อาคาร 103)),2188.0
5452,บ้านเอื้ออาทรร่มเกล้า 2,2189.0
5453,บ้านเอื้ออาทรร่มเกล้า 3,2190.0
5454,บ้านเอื้ออาทรร่มเกล้า 4,2191.0
5455,บ้านเอื้ออาทรร่มเกล้า 5,2192.0
5456,บ้านเอื้ออาทรร่มเกล้า 6,2193.0
5457,บ้านเอื้ออาทรลาดกระบัง,2194.0
5458,บ้านเอื้ออาทรลาดกระบัง (LANx1),2194.0
5460,บ้านเอื้ออาทรศรีราชา 3,2195.0
5461,บ้านเอื้ออาทรศรีราชา 3 (ชลบุรี),2195.0
5462,บ้านเอื้ออาทรศรีราชา 3 4,2195.0
5463,บ้านเอื้ออาทรศรีราชา 3 4 (ชลบุรี),2195.0
5464,บ้านเอื้ออาทรศรีราชา 3 4 (ชลบุรี) - ส่งเมล์มา ส่งต่อให้ทุกคนแล้ว,2195.0
5465,บ้านเอื้ออาทรศรีราชา 4,2196.0
5466,บ้านเอื้ออาทรศรีราชา 4 (ชลบุรี),2196.0
5467,บ้านเอื้ออาทรศรีราชา3 4,2195.0
5468,บ้านเอื้ออาทรสมุทรปราการ 1,2197.0
5469,บ้านเอื้ออาทรสมุทรปราการ 1 - ส่งเมล์มา ติดต่อ คุณโชคชัย 094-350-4424 ส่งต่อให้ทุกคนแล้ว,2197.0
5470,บ้านเอื้ออาทรสมุทรปราการ 2,2198.0
5471,บ้านเอื้ออาทรสมุทรปราการ 2 (LANx1),2198.0
5472,บ้านเอื้ออาทรสวนพลูพัฒนา,853.0
5473,บ้านเอื้ออาทรสวนพลูพัฒนา (บ่อนไก่),
5474,บ้านเอื้ออาทรสี่วาพาสวัสดิ์,2201.0
5475,บ้านเอื้ออาทรหทัยราษฎร์ 1,2202.0
5476,บ้านเอื้ออาทรหทัยราษฎร์ 1 2,2202.0
5477,บ้านเอื้ออาทรหทัยราษฎร์ 2,2203.0
5482,บ้านเอื้ออาทรหนองหอย 1,
5483,บ้านเอื้ออาทรหนองหอย 2 (เชียงใหม่),
5484,บ้านเอื้ออาทรหมอบาง,2206.0
5485,บ้านเอื้ออาทรหัวหมาก,2207.0
5486,บ้านเอื้ออาทรหัวหมาก (LANx1),2207.0
5487,บ้านเอื้ออาทรหัวหิน 3,2208.0
5488,บ้านเอื้ออาทรหัวหิน 3 (LANx1 ),2208.0
5489,บ้านแมกไม้,3078.0
5490,บ้านแมกไม้ (รามอินทรา),3078.0
5491,บ้านแมกไม้ (รามอินทรา) - ส่งเมล์มา ส่งต่อให้ทุกคนแล้ว,3078.0
5492,บ้านแสงจันทร์ คอนโดมิเนียม,2209.0
5493,บ้านแสงจันทร์ คอนโดมิเนียม - ส่งเมล์มาวันที่ 19/3/2565 ส่งต่อให้ทุกคนแล้ว,2209.0
5494,บ้านแสงจันทร์ คอนโดมิเนียม (ประจวบ),2209.0
5495,บ้านแสนงาม,
5496,บ้านแสนรัก ปากช่อง - เขาใหญ่,3079.0
5497,บ้านแสนสราญ (ประจวบ),2210.0
5498,บ้านแสนสราญ (ประจวบ) ( LANx3 ),2210.0
5499,บ้านใหม่ พระราม 9 ศรีนครินทร์,3081.0
5500,บ้านใหม่พระราม 2 - พุทธบูชา,
5501,บ้านใหม่พระราม 2 (2),3082.0
5502,บ้านใหม่พระราม2,3082.0
5503,บ้านไม้อิงธาร,3083.0
5504,บ้านกรองทอง กรุงเทพกรีฑา,3084.0
5505,บ้านกฤษณา พระราม 5- กาญจนาภิเษก,3085.0
5506,บ้านกลางเมือง เกษตร-นวมินทร์,
5507,บ้านกลางเมือง เดอะปารีส พระรามเก้า-รามคำแหง,3087.0
5636,บ้านรวงข้าว 3 (C),2230.0
5459,บ้านเอื้ออาทรวัดพระเงิน 1  2,2109.0
5508,บ้านกลางเมือง เดอะรอยัล โมนาโค ศรีนครินทร์-พัฒนาการ,
5509,บ้านกลางเมือง เอสเซ็นส์ พระราม 9 - ลาดพร้าว,3088.0
5510,บ้านกลางเมือง เอสเซ็นส์ พระราม 9 - ลาดพร้าว (LANx1),3088.0
5511,บ้านกลางเมือง เอสเซนส์ ศรีนครินทร์,
5512,บ้านกลางเมือง เอสเซ้นส์ สาทร-ตากสิน 2,3089.0
5513,บ้านกลางเมือง เอสเซ็นส์ อ่อนนุช-วงแหวน,3090.0
5514,บ้านกลางเมือง เออบาเนี่ยน พระราม9-ลาดพร้าว,3091.0
5515,บ้านกลางเมือง เออบาเนียน ลาดพร้าว-เสนา 1,
5516,บ้านกลางเมือง เออบาเนี่ยน ลาดพร้าว-เสนา 1,
5517,บ้านกลางเมือง เออบาเนี่ยน ลาดพร้าว-เสนา 1 (บ้านกลางเมือง ลาดพร้าว -เสนา 1),
5518,บ้านกลางเมือง ดิเออบาเนี่ยน,
5519,บ้านกลางเมือง บริติชทาวน์ ศรีนครินทร์,3093.0
5520,บ้านกลางเมือง พระราม 9,
5521,บ้านกลางเมือง พระราม 9 - อ่อนนุช,
5522,บ้านกลางเมือง รามอินทรา-วัชรพล,
5523,บ้านกลางเมือง ลาดพร้าว 87,
5524,บ้านกลางเมือง ลาดพร้าว-โชคชัย 4,
5525,บ้านกลางเมือง สวิสทาวน์ เกษตร-นวมินทร์ - ส่ง Format Excel มาให้ Import ส่งต่อให้ทุกคนแล้ว,
5526,บ้านกลางเมืองบริติชทาวน์ ศรีนครินทร์,3093.0
5527,บ้านกลางเมืองบริติชทาวน์ ศรีนครินทร์ (LANx1),3093.0
5528,บ้านกลางเมืองลาดพร้าว 87,
5529,บ้านกลางเมืองสวิสทาวน์ เกษตร-นวมินทร์,
5530,บ้านกลางเมืองสวิสทาวน์ เกษตร-นวมินทร์ (Swiss Town),
5531,บ้านกลางเมืองสวิสทาวน์ เกษตร-นวมินทร์ (Swiss Town) - ส่งเมล์มา ส่งต่อให้ทุกคนแล้ว,
5532,บ้านกลางเมืองสวิสทาวน์ เกษตร-นวมินทร์ (Swiss Town)- ส่งเมล์มา ส่งต่อให้ทุกคนแล้ว,
5533,บ้านกลางเมืองสุขุมวิท 77,3094.0
5534,บ้านกลางกรุง A1 - ส่งเมล์มา ส่งต่อให้ทุกคนแล้ว,
5535,บ้านกลางกรุง สาทร - นราธิวาส,3095.0
5536,บ้านกลางกรุงเดอะ รอยัล เวียนนา รัชวิภา,
5537,บ้านกลางหัวหิน คอนโด (ประจวบ),2213.0
5538,บ้านชมดาว,2214.0
5541,บ้านชมฟ้าและวรางกูล คลอง 2,3333.0
5542,บ้านชมฟ้าและวรางกูล คลอง 2 - ส่งเมล์มา ส่งต่อให้ทุกคนแล้ว,
5543,บ้านชมฟ้าและวรางกูล คลอง 2 - ส่งเมล์มาวันที่ 8/4/2564 ส่งต่อให้ทุกคนแล้ว,
5544,บ้านชิดลม,
5545,บ้านทิวลม ชะอำ,2215.0
5546,บ้านทิวลม ชะอำ (เพชรบุรี),2215.0
5547,บ้านทิวลม ชะอำ -เพชรบุรี,2215.0
5548,บ้านนวธารา รีเวอร์ไลฟ์,2216.0
5549,บ้านนวธารา รีเวอร์ไลฟ์ (LANx1),2216.0
5550,บ้านนันทสิริ (BNS),
5551,บ้านบาลีน่า 3,
5552,บ้านบุญบารมีคอนโดมิเนียม,2217.0
5553,บ้านปทุมวัน,2218.0
5554,บ้านประชานิเวศน์ 1 อาคาร 2,
5555,บ้านประชานิเวศน์ 1 อาคาร 2 _ (บ้านประชานิเวศน์ 2 ),2219.0
5556,บ้านประชานิเวศน์ 2,2219.0
5557,บ้านปลายหาดวงศ์อมาตย์,2220.0
5558,บ้านปลายหาดวงศ์อมาตย์ (ชลบุรี),2220.0
5559,บ้านปิ่นเกล้า เฟส 1,3096.0
5563,บ้านปิยะ สาทร (BPS),
5564,บ้านปูลม (Baan Poo Lom)(หัวหิน),
5565,บ้านพนาลี 18,3097.0
5566,บ้านพนาลี 37 ( พฤกษา 74/3 ),3099.0
5567,บ้านพนาลี 37 ( พฤกษา 74-3 ),
5637,บ้านรวงข้าว 4,2231.0
5539,บ้านชมดาว (เค.ลาย แมนชั่น),964.0
5540,บ้านชมดาว (เค.ลาย แมนชั่น) - ส่งเมล์มา ส่งต่อให้ทุกคนแล้ว,964.0
5568,บ้านพนาลี 51 เทพารักษ์-เมืองใหม่,3100.0
5569,บ้านพรไพลิน สุขุมวิท 101/1,3101.0
5570,บ้านพร้อมพงษ์,2221.0
5571,บ้านพร้อมพงษ์ - ส่งเมล์มา วันที่ 24/8/2564 ส่งต่อให้ทุกคนแล้ว,2221.0
5572,บ้านพร้อมพงษ์ - ส่งเมล์มา ส่งต่อให้ทุกคนแล้ว,2221.0
5573,บ้านพระยาภิรมย์ รัชดา 2,2222.0
5574,บ้านพระยาภิรมย์ รัชดา 2 (อาคาร ซี ดี อี),2222.0
5575,บ้านพระยาภิรมย์ รัชดา 2(อาคาร C-D-E),2222.0
5576,บ้านพระยาภิรมย์ รัชดา 2(อาคาร C-D-E)- ส่งเมล์มา ส่งต่อให้ทุกคนแล้ว,2222.0
5577,บ้านพระยาภิรมย์-รัชดา อาคาร AB,2224.0
5578,บ้านพฤกษา ๑๒๖ เทพารักษ์ -กิ่งแก้ว (บ้านพฤกษา 126 เทพารักษ์ -กิ่งแก้ว ),2802.0
5579,บ้านพฤกษา 58/1,
5580,บ้านพฤกษา 93,
5581,บ้านพฤกษาทาวน์ (PKT 08) - ส่งเมล์มา ส่งต่อให้ทุกคนแล้ว,
5582,บ้านพฤกษาทาวน์ (PKT๐๘),3104.0
5583,บ้านพฤกษาทาวน์ PKT๐๘,
5584,บ้านพฤกษาทาวน์ พีเคที 002 (PKT 002),3105.0
5585,บ้านพฤกษาทาวน์ พีเคที 002 (PKT 002) ( เพชรเกษม 81 ),3105.0
5586,บ้านพฤกษาทาวน์ พีเคที 002 (เพชรเกษม 81 ),3105.0
5587,บ้านพฤกษาวิลล์ 41,3106.0
5588,บ้านพฤกษาวิลล์ 50/1,3107.0
5589,บ้านพฤกษาวิลล์ 50/1 - ส่งเมล์มา ส่งต่อให้ทุกคนแล้ว,3107.0
5590,บ้านพหลโยธิน เพลส,2225.0
5591,บ้านพหลโยธิน เพลส (LANx2),2225.0
5592,บ้านพหลโยธิน เพลส (LANx2) ,2225.0
5593,บ้านพหลโยธิน เพลส(LANx2) ,2225.0
5594,บ้านพักศาลจังหวัดนนทบุรี,
5595,บ้านพิศาลเทียนทะเล 20 โครงการ 1,3108.0
5596,บ้านพุทธชาด 10,3109.0
5597,บ้านฟ้า กรีน พาร์ค รอยัล ธนบุรีรมย์,3111.0
5598,บ้านฟ้า กรีน พาร์ค รอยัล ธนบุรีรมย์ (LANx1),3111.0
5599,บ้านฟ้า กรีนเนอรี่ ปิ่นเกล้า-สาย 5,
5600,บ้านฟ้า กรีนเนอรี่ ปิ่นเกล้า-สาย 5 - ส่งเมล์มา ส่งต่อให้ทุกคนแล้ว,
5601,บ้านฟ้า กรีนพาร์ค รังสิต คลอง 3,
5602,บ้านฟ้ากรีนเนอรี่ ปากเกร็ด - ราชพฤกษ์,
5603,บ้านฟ้ากรีนพาร์ค รังสิต เฟส 2,3112.0
5604,บ้านฟ้าปิยรมย์ เทอร์เร่,3113.0
5605,บ้านฟ้าปิยรมย์ เทอร์เร่ (LANx1),3113.0
5606,บ้านฟ้าปิยรมย์ เลค แอนด์ พาร์ค,3114.0
5608,บ้านฟ้าปิยรมย์ พรีเมียร์ พาร์ค,3115.0
5609,บ้านฟ้าปิยรมย์ พรีเมียร์ พาร์ค (LANx1),3115.0
5610,บ้านฟ้ารังสิต,3116.0
5611,บ้านฟ้ารังสิต (คลอง 4) (LANx1),3116.0
5612,บ้านฟ้ารังสิต (คลอง 4)),3116.0
5613,บ้านฟ้าลากูน,3117.0
5614,บ้านฟูลเฮ้าส์ เอ (Full House A),2226.0
5615,บ้านฟูลเฮ้าส์ เอ (Full House A) (LANx1),2226.0
5616,บ้านภัทรา ราม 76 (เบอร์นิติ 02-3763636 คุณหมี่),
5617,บ้านภัทรา รามคำแหง 76,3119.0
5618,บ้านภัทรา ลำลูกกา,3120.0
5619,บ้านภัทรา ลำลูกกา - ส่งเมล์มา ส่งต่อให้ทุกคนแล้ว,3120.0
5620,บ้านภัทรา วงแหวน อ่อนนุช,
5621,บ้านภัทรา อ่อนนุช - วงแหวน,3121.0
5622,บ้านภัสสร 4,3122.0
5623,บ้านภัสสร 4 - ส่งเมล์มา ส่งต่อให้ทุกคนแล้ว,3122.0
5624,บ้านภัสสร 4 - ส่งเมล์มาวันที่ 22/5/2564 ส่งต่อให้ทุกคนแล้ว,3122.0
5625,บ้านภัสสร พัฒนาการ 2 (PS61),3123.0
5626,บ้านภัสสร พัฒนาการ 2 (PS61) (ภัสสร เพรสทีจ ลุกซ์ พัฒนาการ),3123.0
5627,บ้านภาณุ 1,3124.0
5628,บ้านภาณุ 2,3125.0
5629,บ้านมนชเล,2227.0
5630,บ้านมนชเล (เพชรบุรี),2227.0
5631,บ้านรวงข้าว 1,2228.0
5632,บ้านรวงข้าว 1- ส่งเมล์มา ส่งต่อให้ทุกคนแล้ว,2228.0
5633,บ้านรวงข้าว 2 (B),2229.0
5634,บ้านรวงข้าว 2 3 (B C),
5635,บ้านรวงข้าว 3 (B C),
5640,บ้านรัชธานี 10,3127.0
5641,บ้านราชเทวีวิลล์ 45,2234.0
5642,บ้านราชพฤกษ์รามคำแหง-สุวินทวงศ์ เฟส 3,
5643,บ้านลภาวัน ดีน่า,3129.0
5644,บ้านลภาวัน ดีน่า (23),3129.0
5645,บ้านลภาวัน ดีน่า (Baan Lapawan DNA),3129.0
5646,บ้านลักษณ์สาทร 1,2235.0
5647,บ้านลักษณ์สาทร 1 (Baan Lux Sathon 1 2 Condominium)),2235.0
5648,บ้านลักษณ์สาทร 1 และ 2,2235.0
5649,บ้านลักษณ์สาทร 1 2,2235.0
5650,บ้านลักษณ์สาทร 1 2 (Baan Lux Sathon 1 2 Condominium)),2235.0
5651,บ้านลักษณ์สาทร 2,2236.0
5652,บ้านลาดพร้าว 1,3130.0
5653,บ้านวนิศา,3131.0
5654,บ้านวรารักษ์ รังสิต คลอง 3,3133.0
5655,บ้านวรารักษ์ รังสิต คลอง 3 (LANx1),3132.0
5656,บ้านวารีภิรมย์,
5657,บ้านวารีภิรมย์ (ISS),
5658,บ้านวารีภิรมย์ (ISS) - ส่งเมล์มา ส่งต่อให้ทุกคนแล้ว,
5659,บ้านวิไลรัตน์,
5660,บ้านวิววิมาน,2237.0
5661,บ้านวิววิมาน (ประจวบ),2237.0
5662,บ้านวิววิมาน--ส่งไลน์มา ส่งต่อให้ทุกคนแล้ว,2237.0
5663,บ้านศุภวรรณ,3134.0
5664,บ้านสถาพร รังสิต คลอง 3 ปทุมธานี,3136.0
5665,บ้านสมประสงค์,2238.0
5666,บ้านสมประสงค์ (ชลบุรี),2238.0
5667,บ้านสมประสงค์ (ชลบุรี) (LANx1),2238.0
5668,บ้านสมประสงค์ (พัทยา),2238.0
5669,บ้านสมประสงค์สยามซีไซด์ คอนโดมิเนียม (ชลบุรี) (LANx1),2238.0
5670,บ้านสมประสงค์หัวหิน (สุขุมวิท 50),2238.0
5671,บ้านสมประสงค์หัวหิน (สุขุมวิท 50) ( บ้านเอกเขนก)),2238.0
5672,บ้านสระสวน (ประจวบคีรีขันธ์),3137.0
5673,บ้านสระสวน (ประจวบคีรีขันธ์)),3137.0
5674,บ้านสวนเพชร พร้อมพงศ์ คอนโดมิเนียม,2243.0
5675,บ้านสวนเพชร พร้อมพงศ์ คอนโดมิเนียม (LANx1),2243.0
5676,บ้านสวนจันทร์,
5677,บ้านสวนซื่อตรง 1 อาคาร 8,2244.0
5678,บ้านสวนซื่อตรง 1 อาคาร 8 - ส่งเมล์มา ส่งต่อให้ทุกคนแล้ว,2244.0
5679,บ้านสวนซื่อตรง 1 อาคาร 8 (ลาดพร้าว 71),2244.0
5680,บ้านสวนซื่อตรง 4,2246.0
5681,บ้านสวนซื่อตรง 4 (บ้านสวนซื่อตรง 2  4),2245.0
5682,บ้านสวนซื่อตรง 4 (บ้านสวนซื่อตรง 2  4) (LANx2),2245.0
5683,บ้านสวนซื่อตรง 4 (บ้านสวนซื่อตรง 2_4) (LANx2),2245.0
5684,บ้านสวนซื่อตรง ลาดพร้าว 71,3140.0
5685,บ้านสวนตะวันธรรม,2247.0
5690,บ้านสวนธน 4 อาคาร เอเอ  ดี จี,
5691,บ้านสวนธน B-2X (ยกเว้น D) (พุทธบูชา 47),2256.0
5692,บ้านสวนธน B-2X (ยกเว้น D) (พุทธบูชา 47) (LANx1),2256.0
5693,บ้านสวนธน รัชดา 36,
5694,บ้านสวนธน(4) เอ  เอเอ  บี  ซี  ดี  จี,2248.0
5695,บ้านสวนริมคลองบางมด,3142.0
5696,บ้านสวนริมคลองบางมด - ส่งเมล์มา ส่งต่อให้ทุกคนแล้ว,3142.0
5697,บ้านสวนริมน้ำ 1,2257.0
5698,บ้านสวนริมน้ำ 2,2258.0
5699,บ้านสวนริมน้ำ 3,2259.0
5700,บ้านสวนลาซาล,2260.0
5701,บ้านสวนสุโขทัย,2261.0
5702,บ้านสวัสดิการกองทัพบก,855.0
5703,บ้านสวัสดิการกองทัพบก (เชียงใหม่),
5704,บ้านสาทร เจ้าพระยา,2262.0
5705,บ้านสาทรเจ้าพระยา,2262.0
5706,บ้านสินทรัพย์นคร,3144.0
5707,บ้านสิริ 31(บ้านสิริเธอร์ตี้วัน) (Baansiri 31),2264.0
5708,บ้านสิริ ซอย 10,
5709,บ้านสิริ สาทร-สวนพลู,
5710,บ้านสิริ สุขุมวิท ซอย 10,
5711,บ้านสิริเธอร์ตี้วัน (บ้านสิริ 31) (Baansiri 31),2264.0
5712,บ้านสิริสาทร สวนพลู,2265.0
5713,บ้านสิริสุขุมวิท ซอย 10,
5714,บ้านสิริสุขุมวิท ซอย 10 - ส่งเมล์มา ส่งต่อให้ทุกคนแล้ว,
5715,บ้านสิริสุขุมวิท ซอย 10 - ส่งเมล์มา ส่งต่อใหุ้ทกคนแล้ว,
5716,บ้านสุขุมวิท 77 (เพชร),2266.0
5717,บ้านสุขุมวิท 77 (โกเมน-เพทาย),
5719,บ้านสุขุมวิท 77 (ไพทูรย์-ทับทิม),2267.0
5720,บ้านสุขุมวิท 77 (ไพลิน),2268.0
5721,บ้านสุขุมวิท 77 (ไพลิน)-(บ้านสุขุมวิท ไพลิน),2268.0
5722,บ้านสุขุมวิท 77 (ไพลิน)-(บ้านสุขุมวิท ไพลิน) (LANx1),2268.0
5723,บ้านสุขุมวิท ไพลิน,
5724,บ้านหาดอู่ทอง,2269.0
5725,บ้านอ่อนนุช คอนโดมิเนียม,
5726,บ้านอารียา เดอะ คัลเลอร์ ไทรน้อยเฟส 8 (เดอะคัลเลอร์ส พรีเมี่ยม กาญจนาภิเษก-ราชพฤกษ์ 3 (CPG3),
5727,บ้านอารียา เดอะ คัลเลอร์ ไทรน้อยเฟส 8 (เดอะคัลเลอร์ส พรีเมี่ยม กาญจนาภิเษก-ราชพฤกษ์ 3 (เฟส 8 ) (CPG3),
5728,บ้านอิงรัก,2270.0
5729,บ้านอิสสระ พระราม 9,3146.0
5730,บาหลี บีช BN1 (BALI BEACH BN1),3147.0
5731,บาหลี บีช BN1 (BALI BEACH BN1) (ฉะเชิงเทรา),3147.0
5732,บาหลี บีช BN1 (BALI BEACH BN1) (ฉะเชิงเทรา)- ส่งเมล์มา ส่งต่อให้ทุกคนแล้ว,3147.0
5733,บาหลี บีช BN1 (BALI BEACH BN1) (ฉะเชิงเทรา)- ส่งเมล์มาวันที่ 20/5/2565 ส่งต่อให้ทุกคนแล้ว,3147.0
5734,บาหลี บีช BN2 (BALI BEACH BN2) (ฉะเชิงเทรา),3147.0
5735,บี คอนโด A B ( Be Condo A B ),2272.0
5736,บี ลอฟท์ สุขุมวิท 109 (B-LOFT 109),
5737,บี สแควร์ พระราม 9 - เหม่งจ๋าย,3149.0
5738,บี-แคมปัส ( B Campus ),2274.0
5740,บียอน - มอตโต้,
5741,บียอน - มอตโต้ (โครงการหมู่บ้าน มอตโต้ บาย ชนันธร) (บี มอตโต้ Be Motto),
5742,บีลีฟ อาคาร A B (บี ลีฟ ติวานนท์) (B-Live),
5743,บุราสิริ ราชพฤกษ์ - เเจ้งวัฒนะ,3150.0
5744,บุศรินทร์รังสิต 1,3153.0
5745,บุศรินทร์รังสิต 1 - ส่ง Format Excel มาให้เช็คก่อนลงโปรแรกม ส่งต่อให้ทุกคนแล้ว (ด่วน) ลูกค้าใหม่,3153.0
5746,บุศรินทร์รังสิต 1- ส่งเมล์มา ส่งต่อให้ทุกคนแล้ว,3153.0
5747,บุศรินทร์รังสิต1 - ส่ง Format Excel ที่แก้ไข มาให้ตรวจก่อนลงโปรแกรม (ด่วน) ลูกค้าใหม่ ส่งต่อให้ทุกคนแล้ว,3153.0
5748,ป.ธนาทาวเวอร์ 1,2279.0
5749,ป.ธนาทาวเวอร์ 2,2280.0
5750,ป.ปิ่นเกล้า คอนโดมิเนียม โครงการ 2,2283.0
5751,ป.ปิ่นเกล้า คอนโดมิเนียม โครงการ 2 (บ.เอคควิตี้ พร็อพเพอร์ตี้ แมเนจเม้นท์ (Equity)),193.0
5752,ป.ปิ่นเกล้า คอนโดมิเนียม โครงการ 2 (อาคาร 1)),2283.0
5753,ป.ปิ่นเกล้า คอนโดมิเนียม โครงการ 2 (อาคาร1-4)),2283.0
5754,ป.ปิ่นเกล้า คอนโดมิเนียม โครงการ 2 อาคาร 5,2282.0
5755,ป.ปิ่นเกล้าคอนโดมิเนียม โครงการ 2,2283.0
5756,ป.ปิ่นเกล้าคอนโดมิเนียม โครงการ 2 (อาคาร1-4)),2283.0
5757,ป.ปิ่นเกล้าคอนโดมิเนียม โครงการ 2- ส่ง Format Excel มาให้ Import ติดต่อ คุณเจี๊ยบ 095-692-7996 081-927-7569 ส่งต่อให้ทุกคนแล้ว,2283.0
5758,ปทุมวันรีสอร์ท,2285.0
5759,ประตูน้ำเพรสตีจ คอนโดมิเนียม,2286.0
5760,ประภัสสรวิลล์ (ชลบุรี),3154.0
5761,ปริญญดา ไลท์ พระราม 5,3156.0
5762,ปริญลักษณ์ ไลท์ พระราม 5,3157.0
5763,ปริญลักษณ์ ไลท์ วงแหวน สาทร,
5764,ปริญลักษณ์ ไลท์-วงแหวน สาทร,3160.0
5765,ปริญลักษณ์ นวมินทร์,3161.0
5766,ปรีชา ราม 2 ราษฎร์พัฒนา,3162.0
5767,ปรียาวุฒิ 331 (ชลบุรี),
5768,ปัญจทรัพย์ สวีท (คอนโดมิเนียม),2287.0
5769,ปัญจทรัพย์ สวีท คอนโด - ส่งเมล์มา ส่งต่อให้ทุกคนแล้ว,2287.0
5770,ปัญจทรัพย์ สวีท คอนโดมิเนียม,2289.0
5841,พรีมิโอ ควินโต (Premio Quinto),2312.0
5739,บีช วิลล่า วิภาวดี (Beach Villa วิภาวดี),2275.0
5771,ปัญจทรัพย์ สวีท คอนโดมิเนียม - ส่งเมล์มา ส่งต่อให้ทุกคนแล้ว,2287.0
5772,ปัญฐิญา แพรกษา,3164.0
5773,ปัญฐิญา แพรกษา - ส่งเมล์มา ส่งต่อให้ทุกคนแล้ว,3164.0
5774,ปันนา เรสซิเดนซ์ 2 แอท นิมมาน (เชียงใหม่),2291.0
5775,ปันนา เรสซิเดนซ์ 2 แอท นิมมาน-เชียงใหม่,2291.0
5776,ปันนาเรสซิเดนซ์ 2 แอท นิมมาน (เชียงใหม่),2291.0
5777,ป่าตอง ฮาร์เบอร์ วิว (ภูเก็ต),2292.0
5778,ปาริชาต 345,3166.0
5779,ปาริชาต 345 (LANx2),3166.0
5780,ปาริชาต สุวินทวงศ์,3167.0
5781,ปาริชาติ 345,
5782,ปาริชาติ รังสิต,
5783,ปาล์มสวีทคอนโด,
5784,ปิ่นเกล้า พาวิลเลี่ยน,2294.0
5785,ปิ่นเกล้า ริเวอร์ พาร์ควิว,2295.0
5786,ปิ่นเกล้าคอนโดมิเนียม,2293.0
5787,ฝักข้าวโพด 1,2296.0
5788,ฝักข้าวโพด 1 - ส่งเมล์มา ส่งต่อให้ทุกคนแล้ว,2296.0
5789,ฝักข้าวโพด 2,2297.0
5790,ฝักข้าวโพด 3,2298.0
5792,พงษ์ทองทาวเวอร์ (ดอนเมือง),
5793,พงษ์ทองบางปะอิน,
5794,พญาไท เพลส,2299.0
5795,พญาไท พลาซ่า,2300.0
5796,พญาไทพลาซ่า,2300.0
5797,พนาลี 18,3097.0
5798,พนาลี 27,3172.0
5799,พนาลี 27 (บ้านพฤษาวิลล์ 65/2)),3172.0
5800,พนาลี 50,
5801,พนาสนธิ์ การ์เด้นโฮม 3,3337.0
5802,พนาสนธิ์ การ์เด้นโฮม 8,3174.0
5803,พนาสนธิ์ การ์เด้นโฮม 8 (LANx1),3174.0
5804,พรปิยะ,2301.0
5805,พรปิยะแมนชั่น,2301.0
5806,พรอเมนาด โฮม ธนบุรี,
5807,พรอเมนาด โฮม ธนบุรี (Promenade Home),
5808,พร็อมท คอนโดมิเนี่ยม อาคารเอ และ อาคารบีสอง,
5809,พร้อมพรรค การ์เด้นท์,
5810,พร้อมพัฒน์ ไพร์ม - ส่งเมล์มา ส่งต่อให้ทุกคนแล้ว,3178.0
5811,พร้อมพัฒน์ ไพร์ม - ส่งเมล์มาวันที่ 12/5/2564 ส่งต่อให้ทุกคนแล้ว,3178.0
5812,พร้อมพัฒน์ กรีนโนว่า รามอินทรา,
5813,พร้อมพัฒน์ พรีว่า,
5814,พระยาภิรมย์ รีเจ้นท์ ตากสิน - สาทร,2302.0
5815,พระยาภิรมย์รีเจ้นท์ ตากสิน สาทร,
5816,พระราม 6 แมนชั่น A,2303.0
5817,พระราม 6 แมนชั่น B,
5818,พระราม 6 แมนชั่น เอ,2304.0
5819,พระรามหก แมนชั่น บี(พระราม 6 B),2306.0
5820,พระรามหก แมนชั่น บี(พระราม 6 แมนชั่น บี),2306.0
5821,พราว 3 คอนโด,2307.0
5822,พราว 3 คอนโดมิเนียม,2307.0
5823,พราว 3 คอนโดมิเนียม (PCD)),2307.0
5824,พราว 8,
5825,พราว 8 (Proud 8) (พราวคอนโดมิเนียม),2309.0
5826,พราว 8 (พราวคอนโดมิเนียม)),2309.0
5827,พราว เอ็กซ์ ทู (Proud X 2 ),2308.0
5828,พราวคอนโดมิเนียม (ฉะเชิงเทรา),2309.0
5829,พรีเมี่ยม เพลส (เลียบทางด่วน-เอกมัยรามอินทรา) - ส่ง Format Excel มาให้ Import ส่งต่อให้ทุทกคนแล้ว (่ด่วน) ลูกค้าใหม่,3365.0
5830,พรีเมี่ยม เพลส เอกมัย-รามอินทรา ( พรีเมี่ยมเพลส (เลียบทางด่วน-เอกมัยรามอินทรา)),
5831,พรีเมี่ยม เพลส เอกมัย-รามอินทรา ( พรีเมี่ยมเพลส (เลียบทางด่วน-เอกมัยรามอินทรา)) - ส่งเมล์มา ส่งต่อให้ทุทกคนแล้ว (่ด่วน),
5832,พรีเมียร์เพลส พระราม 9,
5833,พรีเมียร์เพลส พระราม 9 (Premier Place Rama9),
5834,พรีม่า ศรีนครินทร์,2310.0
5835,พรีม่า ศรีนครินทร์ - ส่ง Email ให้ทุกคนแล้ว,2310.0
5836,พรีม่า ศรีนครินทร์ - ส่งเมล์มา ส่งต่อให้ทุกคนแล้ว,2310.0
5837,พรีมิโอ เฟรสโก,2311.0
5838,พรีมิโอ เฟรสโก (Premio Fresco),2311.0
5839,พรีมิโอ ไพร์ม - ส่งเมล์มา ส่งต่อให้ทุกคนแล้ว,
5840,พรีมิโอ ไพร์ม (PREMIO PRIME),
5842,พรีมิโอ ควินโต (Premio Quinto) (LANx1),2312.0
5843,พฤกษ์ลดา 2 (ท่าข้าม-พระราม 2),3182.0
5844,พฤกษ์ลดา 2 (ท่าข้าม-พระราม 2) - ส่งเมล์มา ส่งต่อให้ทุกคนแล้ว,3182.0
5845,พฤกษ์ลดา บางนา,3183.0
5846,พฤกษ์ลดา บางนา (LANx1),3183.0
5847,พฤกษ์ลดา ปิ่นเกล้า สาย 5,3186.0
5848,พฤกษ์ลดา รังสิต คลอง 4 -(พฤกษ์ลดา 1)(ซอฟต์เทรด),443.0
5849,พฤกษ์ลดา รังสิต คลอง 4(ซอฟต์เทรด),443.0
5850,พฤกษ์ลดา วงแหวน - รัตนาธิเบศร์,3185.0
5851,พฤกษ์ลดาประชาอุทิศ,
5852,พฤกษา 12,3188.0
5853,พฤกษา 12 (LANx1),3188.0
5854,พฤกษา 12/1,3189.0
5855,พฤกษา 13,3190.0
5856,พฤกษา 15,3191.0
5857,พฤกษา 15 - ส่งเมล์มา ส่งต่อให้ทุกคนแล้ว,3191.0
5858,พฤกษา 45,3193.0
5859,พฤกษา 74/3,3099.0
5860,พฤกษา คอนโด (เดอะซี้ด รัชดา-ห้วยวาง),1145.0
5861,พฤกษา คอนโด(เดอะซี้ด รัชดา-ห้วยวาง),1145.0
5862,พฤกษา บี,3195.0
5863,พฤกษา บี (LANx1),3195.0
5864,พฤกษา วิจเลจ 34,
5865,พฤกษา วิลเลจ 34,3197.0
5866,พฤกษาทาวน์พรีเว่อ่อนนุช 66 - ศรีนครินทร์,3205.0
5867,พฤกษาพรรณแกรนด์ ลำพยา 2,3206.0
5868,พฤกษาวิลเลจ 2,3207.0
5869,พฤกษาวิลเลจ 27,3208.0
5870,พฤกษาวิลเลจ 38,
5871,พฤกษาวิลเลจ 5,3209.0
5872,พฤกษาวิลล์ 16/2,3211.0
5873,พฤกษาวิลล์ 2 ดอนเมือง,3212.0
5874,พฤกษาวิลล์ 28,3213.0
5875,พฤกษาวิลล์ 32,3214.0
5876,พฤกษาวิลล์ 42,3215.0
5877,พฤกษาวิลล์ 42 - ส่งเมล์มา ส่งต่อให้ทุกคนแล้ว,3215.0
5878,พฤกษาวิลล์ 53/2,3216.0
5879,พฤกษาวิลล์ 53/2 - ส่งเมล์มา ส่งต่อให้ทุกคนแล้ว,3216.0
5880,พฤกษาวิลล์ 53/2 - ส่งเมล์มาวันที่ 26/2564 ส่งต่อให้ทุกคนแล้ว,3216.0
5882,พลัม คอนโด 60 รามคำแหง สเตชั่น,2315.0
5883,พลัม คอนโด 60 รามคำแหง สเตชั่น (Plum Condo 60 รามคำแหง Station),2315.0
5884,พลัม คอนโด เอ็กซ์ตร้า พระราม 2,2316.0
5885,พลัม คอนโด เอ็กซ์ตร้า พระราม 2 (Plum Condo Extra Rama2 ),2316.0
5886,พลัม คอนโด เอ็กซ์ตร้า พระราม 2 (Plum Condo Extra Rama2),2316.0
5887,พลัม คอนโด แจ้งวัฒนะ สเตชั่น เฟส 2,2318.0
5888,พลัม คอนโด แจ้งวัฒนะ สเตชั่น เฟส 3,2319.0
5889,พลัม คอนโด แจ้งวัฒนะ สเตชั่น เฟส 3 ( Plum Condo แจ้งวัฒนะ สเตชั่น เฟส 3 ),2319.0
5890,พลัม คอนโด แจ้งวัฒนะ สเตชั่น เฟส 3 ( Plum Condo แจ้งวัฒนะ สเตชั่น เฟส 3 ) (LANx1),2319.0
5891,พลัม คอนโด โชคชัย 4,2320.0
5892,พลัม คอนโด นวมินทร์,2321.0
5893,พลัม คอนโด พาร์ค รังสิต เฟส 3,
5894,พลัม คอนโด พาร์ค รังสิต เฟส 3- ส่งเมล์มา ส่งต่อให้ทุกคนแล้ว,
5895,พลัม คอนโด พาร์ค รังสิต เฟส 3- ส่งเมล์มาวันที่ 20/9/2564 ส่งต่อให้ทุกคนแล้ว,
5896,พลัม คอนโด มิกซ์ แจ้งวัฒนะ,2322.0
5897,พลัม คอนโด มิกซ์ แจ้งวัฒนะ ( Plum Condo Mix แจ้งวัฒนะ ),2322.0
5898,พลัม คอนโด มิกซ์ แจ้งวัฒนะ (Plum Condo Mix แจ้งวัฒนะ),2322.0
5899,พลัม คอนโด รังสิต อไลฟ์ 2,2327.0
5900,พลัม คอนโด รามคำแหง 60 สเตชั่น (Plum Condo รามคำแหง 60 Station),
5901,พลัม คอนโด รามคำแหง สเตชั่น,2323.0
5902,พลัม คอนโด ลาดพร้าว 101 - ส่งเมล์มา ส่งต่อให้ทุกคนแล้ว,
5903,พลัม คอนโด สามัคคี,
5904,พลัม นวมินทร์,2324.0
5905,พลัมคอนโด รังสิต อไลฟ์ 1 ( Plum Condo รังสิต Alive ),2326.0
5906,พลัมคอนโด รังสิต อไลฟ์ 1 (Plum Condo รังสิต Alive 1),2326.0
5907,พลัมคอนโด รังสิต อไลฟ์ 2,2327.0
5908,พลัมคอนโด รังสิต อไลฟ์ 2 ( Plum Condo รังสิต Alive 2 ),2327.0
5909,พลัส 38,
5910,พลัส 38 คอนโดมิเนียม ( Plus 38),
5911,พลัส 67 คอนโดมิเนียม,2328.0
5912,พลัส คอนโดมิเนียม 2 (Plus Condominium 2 ),
5913,พลัส คอนโดมิเนียม ศรีราชา,
5914,พลัส คอนโดมิเนียม ศรีราชา (เมกะ พร็อพเพอร์ตี้ แมเนจเม้นท์ แอนด์ คอนซัลแทนซี่ ),158.0
5915,พลัส คอนโดมิเนียม ศรีราชา (บ.เมกะ พร็อพเพอร์ตี้ แมเนจเม้นท์ แอนด์ คอนซัลแทนซี่ )(บริหาร),158.0
5916,พลัส คอนโดมิเนียม สุราษฎร์ธานี,
5917,พลัส คอนโดมิเนียม หาดใหญ่ 1,2329.0
5918,พลัส คอนโดมิเนียม หาดใหญ่ 1(Plus Condominium หาดใหญ่ 1),2329.0
5919,พลัส คอนโดมิเนียม อยุธยา (Plus Condominium-อยุธยา),
5921,พลัสโคราช,
5922,พลัสโคราช (พลัสคอนโด โคราช),
5923,พลัสคอนโด โคราช,
5924,พลัสซิตี้พาร์ค (พระรามเก้า-หัวหมาก),
5925,พลีโน่ เพชรเกษม 81,
5926,พลีโน่ เพชรเกษม81,
5928,พหล 8 (บ.พัทยา แกรนด์ วิลเลจ),640.0
5929,พหล 8 (พัทยาแกรนด์ วิลเลจ),640.0
5930,พหลเมโทร คอนโดมิเนียม,2333.0
5931,พหลโยธิน เพลส,2335.0
5932,พหลโยธิน เพลส (LANx1),2335.0
5933,พหลโยธิน เพลส (LANx2),2335.0
5934,พหลโยธิน เพลส (สนง.) (LANx2) _ (นิติฯ (พหลโยธิน เพลส ),2335.0
5935,พหลโยธิน เพลส (สำนักงาน),2335.0
5936,พอซ เอ สุขุมวิท 107,
5937,พอซ เอ บี สุขุมวิท 107 (Pause A  B),
5939,พอร์ชแลนด์ 59958 (Porchland),641.0
5940,พัทยา แพด คอนโดมิเนียม (ชลบุรี),2337.0
5941,พัทยา แพด คอนโดมิเนียม (ชลบุรี) - ส่งเมล์มา ส่งต่อให้ทุกคนแล้ว,2337.0
5942,พัทยา แพด คอนโดมิเนียม ชลบุรี,2337.0
5943,พัทยา ซิตี้ รีสอร์ท (ชลบุรี),2345.0
5944,พัทยากลางเซ็นเตอร์พ้อยท์ คอนโดมิเนียม,2343.0
5945,พัทยากลางเซ็นเตอร์พ้อยท์ คอนโดมิเนียม (PKCP),2343.0
5946,พัทยากลางเซ็นเตอร์พ้อยท์ คอนโดมิเนียม (PKCP) (ชลบุรี),2343.0
5947,พัทยาคอนโดเทลเชน,2344.0
5948,พัทยาคอนโดเทลเชน (LANx1),2344.0
5949,พัทยาซิตี้รีสอร์ท (ชลบุรี),2345.0
5950,พัทยาธานี,
5951,พัทยาบีชคอนโด (1988),2346.0
5952,พัทยาบีชคอนโด (1988) (LANx1),2346.0
5953,พัทยาพลาซ่า คอนโดเทล 1,2347.0
5954,พัทยาพลาซ่า คอนโดเทล 1 (อาคาร C),2347.0
5955,พัทยา-ยูโร คอนโดมิเนียม (ชลบุรี),
5959,พันดาวเพลส สุขุมวิท 50,2349.0
5960,พันดาวเพลส สุขุมวิท 50- ส่งเมล์มา ส่งต่อให้ทุกคนแล้ว,2349.0
5961,พันดาวเพลส สุขุมวิท 50- ส่งเมล์มาวันที่1/11/2564 ส่งต่อให้ทุกคนแล้ว,2349.0
5962,พาโน วิลล์ คอนโดมิเนียม (Pano ville Condominium),
5963,พาโนวิลล์ คอนโดมิเนียม - ส่งเมล์มา ส่งต่อให้ทุกคนแล้ว พาโน วิลล์ คอนโดมิเนียม (Pano ville Condominium),
5964,พาทิโอ แจ้งวัฒนะ (Patio แจ้งวัฒนะ),3221.0
5965,พาทิโอ แจ้งวัฒนะ (Patio แจ้งวัฒนะ) ,3221.0
5966,พาทิโอ พัฒนาการ (Patio พัฒนาการ ),3222.0
5967,พาทิโอ พัฒนาการ (Patio พัฒนาการ ) - ส่งเมล์มา ส่งต่อให้ทุกคนแล้ว,3222.0
5968,พาทิโอแจ้งวัฒนะ,3221.0
5970,พาร์ค คอนโด ดรีม พิษณุโลก,
5971,พาร์ค พาวิลเลี่ยน ( Park Pavillion ),2352.0
5972,พาร์คเลน จอมเทียน เรสซิเด้นท์ (Parklane),2354.0
5973,พาร์คเลน จอมเทียน เรสซิเด้นท์ (ชลบุรี) (Parklane),2354.0
5974,พาร์คเลน จอมเทียน เรสซิเด้นท์ (ชลบุรี) (Parklane) - ส่งเมล์มา ส่งต่อให้ทุกคนแล้ว,2354.0
5969,พาร์ค เอ็กโซ (Parc Exo ),2351.0
5927,พลีโน่ วงแหวน-รามอินทรา,3219.0
5938,พอร์ชแลนด์ 2 จอมเทียน รีสอร์ท คอนโดมิเนียม บี (พอร์ชแลนด์ 59958 (Porchland),2336.0
5920,พลัส อยุธยา พาร์ค,2331.0
5975,พาร์คเลน จอมเทียน เรสซิเด้นท์ (ชลบุรี) (Parklane) (LANx1),2354.0
5976,พาร์คเอ็กโซ (Parc Exo ),2355.0
5977,พาร์คคอนโดดรีมพิษณุโลก,
5978,พาราไดซ์ คอนโดมิเนียม (Paradise Condominium) - ส่งเมล์มา ส่งต่อใหุ้ทกคนแล้ว,2356.0
5979,พาราไดซ์ คอนโดมิเนียม -ชลบุรี (Paradise Condominium),2356.0
5980,พาราไดซ์ คอนโดมิเนียม -ชลบุรี (Paradise Condominium) (LANx3),2356.0
5981,พาราไดร์คอนโดมิเนียมพัทยา,
5982,พาสนา การ์เด้นท์,
5983,พิงผา คอนโด,2357.0
5984,พิงผา คอนโด (ชลบุรี),2357.0
5985,พิชัยคอนโดมิเนียม,2360.0
5986,พิชัยคอนโดมิเนียม - ส่งเมล์มา ส่งต่อให้ทุกคนแล้ว,2360.0
5987,พิชัยคอนโดมิเนียม - ส่งเมล์มาวันที่ 8/01/2564 ส่งต่อให้ทุกคนแล้ว,2360.0
5988,พิบูลย์คอนโดทาวน์,2361.0
5989,พิบูลวัฒนา,2362.0
5990,พิพัฒน์ เพลส,2363.0
5991,พี.เอ็ม.วาย บีชคอนโดมิเนียม (PMY Beach),2364.0
5992,พี.เอ็ม.วาย บีชคอนโดมิเนียม (ระยอง)(PMY Beach),2364.0
5993,พี.เอส.ทาวเวอร์,
5994,พี.เอส.ทาวเวอร์ (PS Tower),
5995,พี.จี. 2 เดอะคอนโดเรสซิเด้นท์,
5996,พี.จี. 2 เดอะคอนโดเรสซิเด้นท์ (PG 2 Rama9),
5997,พี.จี.พระราม 9 คอนโดมิเนียม อาคาร บี ( PG RAMA9 B),2365.0
5998,พี.จี.พระราม 9 คอนโดมิเนียม อาคาร บี( PG RAMA9 B),2365.0
5999,พี.จี.พระราม 9 คอนโดมิเนียม อาคาร บี( PG RAMA9 B) - ส่งเมล์มา ส่งต่อให้ทุกคนแล้ว,2365.0
6000,พี.จี.พระราม9 คอนโดมิเนียม อาคารบี,2366.0
6001,พี่โอ,
6002,พีคส์การ์เด้น (Peaks Garden) -เชียงใหม่,2368.0
6003,พีคส์การ์เด้น (Peaks Garden) -เชียงใหม่- ส่งเมล์มา ส่งต่อให้ทุกคนแล้ว,2368.0
6004,พีที ทาวเวอร์ ( PT Tower ),2369.0
6005,ฟลอร่าวิลล์,2371.0
6006,ฟลอราวิลล์ ( FLORAVILLE 2),2370.0
6007,ฟลอร่าวิลล์ (FLORAVILLE ),2371.0
6008,ฟลอร่าวิลล์ (Floraville 1),2371.0
6009,ฟลอร่าวิลล์ (Floraville),2371.0
6010,ฟลอราวิลล์ (Floraville)(1),2370.0
6011,ฟลอร่าวิลล์ (Floraville)(1),2371.0
6012,ฟลอร่าวิลล์ (Floraville)(1) - ส่งเมล์มา ส่งต่อให้ทุกคนแล้ว,2371.0
6013,ฟลอร่าวิลล์ (Floraville)(1) - ส่งเมล์มาวันที่ 20/4/2564 ส่งต่อให้ทุกคนแล้ว,2371.0
6014,ฟลอราวิลล์ 2 (FLORAVILLE 2),2370.0
6015,ฟลอราวิลล์ 2(FLORAVILLE 2),2370.0
6016,ฟลายเบิร์ด คอนโดมิเนียม (ชลบุรี),
6017,ฟลายเบิร์ดคอนโดมิเนี่ยม 4,
6018,ฟองคลื่น (ประจวบคีรีขันธ์),2373.0
6019,ฟอร์โมซ่า ลาดพร้าว 7(Formosa - ลาดพร้าว 7),2374.0
6020,ฟอร์โมซ่า ลาดพร้าว7,2374.0
6021,ฟอร์จูน คอนโดทาวน์ 2 (Fortune Condotown 2),2377.0
6022,ฟอร์จูนคอนโดทาวน์ 1,2376.0
6023,ฟอร์จูนคอนโดทาวน์ 1 (Fortune Condotown 1),2376.0
6024,ฟอร์จูนคอนโดทาวน์ 2 (Fortune Condotown 2),2377.0
6025,ฟอรั่ม ทาวเวอร์ (Forum Tower),2379.0
6026,ฟ้าโดม คอนโดมิเนียม,2380.0
6027,ฟิฟตี้ฟิฟท์,
6028,ฟิฟตี้ฟิฟท์ (PLM),
6029,ฟิฟตี้ฟิฟท์   แกรนด์ รอยัล นิศาชล,
6030,ฟิฟตี้ฟิฟท์ ทาวเวอร์,
6031,ฟิล พหล 34 (Feel)(โครงการพิเศษพหลโยธิน 34),
6032,ฟิวส์ โมเบียส (Fuse Mobius),2381.0
6033,ฟิวส์ จันทน์ - สาทร,2382.0
6034,ฟิวส์ มิติ สุทธิสาร-รัชดา ( Fuse Miti),2383.0
6035,ฟิวส์ มิติ สุทธิสาร-รัชดา (Fuse Miti),2383.0
6038,ฟีนิกซ์ (ซีเอช โรบินสัน ) (Phoenix CH Robinson),
6039,ฟีนิกซ์ (ซีเอส โรบินสัน ) (Phoenix CS Robinson),
6040,ฟีล คอนโด ลาดพร้าว 122,2384.0
6041,ฟีล คอนโด ลาดพร้าว 33,
6042,ฟีล คอนโด ลาดพร้าว 33 (Feel Condo),
6043,ฟีล พหล 34 (Phyll Phahol 34),2385.0
6044,ภัคภิรมย์ พูลวิลล่า ซัมเมอร์,3225.0
6045,ภัทร โมทาวน์,3227.0
6046,ภัสสร 1,3228.0
6047,ภัสสร ๑๓ (ภัสสร 13),3228.0
6048,ภัสสร 25 บางนา,3230.0
6049,ภัสสร 28 กิ่งแก้ว-หนามแดง,3231.0
6050,ภัสสร 3,3232.0
6051,ภัสสร 4,3233.0
6052,ภัสสร เพรสทีจ อ่อนนุช,3234.0
6053,ภัสสร เพรสทีจ อ่อนนุช ( ภัสสร 27 ),3234.0
6054,ภัสสร ดอนเมือง พหลโยธิน,
6055,ภูเก็ตวิลล่า 5 - ส่งเมล์มา ส่งต่อให้ทุกคนแล้ว,3236.0
6056,ภูเก็ตวิลล่า 5 (ภูเก็ต),3236.0
6057,ภูเก็ตวิลล่า 5 (ภูเก็ต) - ส่งเมล์มา ส่งต่อให้ทุกคนแล้ว,3236.0
6058,ภูผาธารา C,
6059,ภูผาธารา เอ-บี,
6060,ภูผาธารา เอ-บี - ส่งเมล์มา ส่งต่อให้ทุกคนแล้ว,
6061,ภูผาธารา ซี - ส่งเมล์มา ส่งต่อให้ทุกคนแล้ว,
6062,ภูรินดา เรสซิเดนซ์ (สระบุรี),681.0
6063,ม ฉัตรหลวง โครงการ 11,2979.0
6065,ม. เดอะวิลล่า รามอินทรา-วงแหวน,
6066,ม. แกรนด์ บางกอก บูเลอวาร์ด รัชดา-รามอินทรา,2900.0
6067,ม. ฉัตรหลวง โครงการ 11,2979.0
6069,ม. ปัญฐิญา แพรกษา,3164.0
6070,ม. ศศิธร,3289.0
6072,ม.เค.ซี พาร์ควิลล์ บางนา-เทพารักษ์,
6073,ม.เค.ซี พาร์ควิลล์ บางนา-เทพารักษ์ (KC Parkville),
6074,ม.เจคอนโด พระราม 2 อาคารบี,404.0
6075,ม.เจคอนโด พระราม 2 อาคารบี (J Condo Rama2 B),404.0
6077,ม.เซนสิริทาวน์ แหลมฉบัง เฟส2 (Censiri Town Laem Chabang) _ (หมู่บ้านเซนสิริทาวน์แหลมฉบัง เฟสสอง)),1546.0
6078,ม.เซนสิริทาวน์แหลมฉบัง 2 (Censiri Town Laem Chabang 2),1546.0
6079,ม.เฌอ วัชรพล,
6080,ม.เดลี่ บาย อารียา ( Daily by Areeya ),2812.0
6081,ม.เดอะ เทอเรซ รามอินทรา,2814.0
6082,ม.เดอะ แพลนท์ เพรส ทีจ - แจ้งวัฒนะ,2816.0
6083,ม.เดอะ แพลนท์ วงแหวน-รามอินทรา 2,
6084,ม.เดอะ แพลนท์ สรงประภา-ดอนเมือง,
6085,ม.เดอะ คัลเลอร์ส บางนา-วงแหวนฯ 2,2821.0
6086,ม.เดอะ พณา เพชรเกษม - สาย 3,
6087,ม.เดอะ พราว,
6088,ม.เดอะเมทโทร รามคำแหง วงแหวน,
6089,ม.เดอะแกรนด์ พระรามสอง คอร์ทยาร์ด (The Grand Rama 2 Courtyard )),2828.0
6091,ม.เดอะแพลนท์ บางนา,2831.0
6092,ม.เดอะแพลนท์ สรงประภา ดอนเมือง,
6093,ม.เดอะกั๊มคอนโดมิเนียม H (The Kump Condominium H) (ชลบุรี),119.0
6094,ม.เดอะคลัสเตอร์ วิลล์ ราชพฤกษ์-สิรินธร,2834.0
6095,ม.เดอะคอนเนค 1 กิ่งแก้ว-สุวรรณภูมิ (The Concect 1),2835.0
6096,ม.เดอะคอนเนค 10 (The Connect 10),2836.0
6097,ม.เดอะคอนเนค 15 (The Connect 15 ),2837.0
6098,ม.เดอะคัลเลอร์ส บางนา กม.10,
6099,ม.เดอะคัลเลอร์ส พรีเมี่ยม วงแหวน-รามอินทรา (The Colors Premium- วงแหวน-รามอินทรา),2842.0
6100,ม.เดอะคัลเลอร์ส รังสิต-คลอง 4,2843.0
6101,ม.เดอะคัลเลอร์ส วงแหวน - รามอินทรา (The Coolors วงแหวน - รามอินทรา ) ( อารียา 3)),2844.0
6103,ม.เดอะนอร์ธเทิร์นไพร์ม (The Northern Prime),2848.0
6104,ม.เดอะมันนี่ มี บางหญ้าแพรก (The Money ME),
6105,ม.เดอะมันนี่ รังสิต-คลองหก,
6106,ม.เดอะรักซ์ รามอินทรา-หทัยราษฎร์ ( THE RUX รามอินทรา- หทัยราษฎร์ ),2806.0
6108,ม.เดอะลากูน (The Lagoon),2852.0
6109,ม.เดอะลากูน (The Lagoon) - ส่งเมล์มา ส่งต่อให้ทุกคนแล้ว,2852.0
6110,ม.เดอะวิลเลจ บางนา-วงแหวน (The Vilage บางนา-วงแหวน),1332.0
6111,ม.เดอะวิลล่า รามคำแหง สุวรรณภูมิ,2855.0
6090,ม.เดอะแพลนท์ บางแค (ภัสสร 30)(The Plantบางแค (ภัสสร 30),2830.0
6107,ม.เดอะริคโค้ทาวน์ พหลโยธิน-สายไหม (The Ricco Phahonyothin-Saimai ),2851.0
6071,ม.เกตุนุติการ์เด้น,2808.0
6064,ม. เจ ทาวน์ สุขุมวิท-แพรกษา,2809.0
6076,ม.เชียงใหม่กรีนวันเล่ (LANx1),2810.0
6112,ม.เดอะวิลล่า รามคำแหง-สุวรรณภูมิ,
6113,ม.เดอะวิลล่า รามอินทรา-วงแหวน,
6114,ม.เทรนดี้ ธารา พระราม 2,2858.0
6115,ม.เธียรี่ พระราม 2 (Theory Rama2),2859.0
6116,ม.เนเบอร์โฮม (Neighbour Home),2860.0
6117,ม.เนอวานา พาร์ค สุขุมวิท77,2861.0
6118,ม.เบล็สทาวน์ ศรีนครินทร์ - หนามแดง,2862.0
6119,ม.เปรมประชา แพชชั่น,
6120,ม.เปี่ยมภิรมย์ รีสอร์ท,2863.0
6121,ม.เปี่ยมสุข เอสเกต กรุงเทพฯ-ปทุมธานี,
6122,ม.เพชรเกษม 3,2866.0
6123,ม.เพ็ชรรัตน์เลควิลล์,
6124,ม.เพชรวงแหวน,2867.0
6125,ม.เพอร์เฟค เพลส (๑) รัตนาธิเบศร์-ราชพฤกษ์,2868.0
6126,ม.เพอร์เฟค เพลส 3 รัตนาธิเบศร์,2869.0
6127,ม.เพอร์เฟค เพลส พระราม 5 - ราชพฤกษ์ ( Perfect Place Rama 5),2870.0
6128,ม.เพอร์เฟค เพลส รัตนาธิเบศร์,2877.0
6129,ม.เพอร์เฟค เพลส รัตนาธิเบศร์ (LANx1),2877.0
6130,ม.เพอร์เฟค เพลส ราชพฤกษ์,
6131,ม.เพอร์เฟค เพลส วงแหวน-รามคำแหง,2873.0
6132,ม.เพอร์เฟค เพลส วงแหวน-รามคำแหง (2),2873.0
6133,ม.เพอร์เฟค พาร์ค ราชพฤกษ์,2875.0
6134,ม.เพอร์เฟคเพลส รัตนาธิเบศร์,2877.0
6135,ม.เพอร์เฟคเพลส รัตนาธิเบศร์ - ส่งไลน์มา ส่งต่อให้ทุกคนแล้ว,2877.0
6136,ม.เพอร์เฟคเพลส รัตนาธิเบศร์ - ส่งปัญหาทาง Line,2877.0
6137,ม.เพอร์เฟคเพลส รามคําแหง เดอะเลคโซน (Perfect รามคำแหง The Lake Zone),1209.0
6138,ม.เรซิโอโฮม รามอินทรา-จตุโชติ ,
6139,ม.เรือนภิษา (ชลบุรี),2880.0
6140,ม.เวิร์คเพลส ราชพฤกษ์-จรัญสนิทวงศ์,
6141,ม.เวิร์ฟ ติวานนท์-รังสิต ( Verve),
6142,ม.เศรณี สรงประภา ดอนเมือง,2882.0
6143,ม.เศรษฐสิริ ประชาชื่น เรสซิเด้นท์ 2,
6145,ม.เศรษฐสิริ วงแหวน-สุขาภิบาล 2,2888.0
6146,ม.เสนา พาร์ค วิลล์,2890.0
6147,ม.เสนาแกรนด์โฮม รังสิต,2891.0
6148,ม.เสนาแกรนด์โฮม รังสิต - ส่งเมล์มา ส่งต่อให้ทุกคนแล้ว,2891.0
6149,ม.เสริฐศิริ,
6150,ม.เอเวอร์กรีนวิลล์ 2,2947.0
6151,ม.เอกกวิน 5 (หนองจอก),
6152,ม.เอกมงคล เทพประสิทธิ์ ซอย 8 (ชลบุรี),
6153,ม.เอ็นเตอร์ไพร์ซ ปาร์ค (EnterpriZe Park),
6154,ม.เอมเมอรัลด์ ซีนเนอรี (ประจวบ) (LANx1)),
6158,ม.เอสเกต กรุงเทพฯ-ปทุมธานี,
6159,ม.เอสวิลล์ คลองหลวง (S Ville Khlongluang),
6160,ม.เอื้อสุขแมนชั่นพาร์ค,
6161,ม.แกรนด์ คอนโดเทล พัทยา (Grand Condotel พัทยา),2899.0
6162,ม.แกรนด์ มณีรินทร์ (ศรีราชา),2902.0
6163,ม.แกรนดิโอ ลาดพร้าว - เกษตรนวมินทร์ (Grandio),2905.0
6164,ม.แลนด์แอนด์เฮ้าส์ พาร์ค (โคราช) (Land & House Park โคราช ) (LANx2),2908.0
6165,ม.แฮปปี้ วิลล์ ดอนเมือง (Happyville Donmuang),3373.0
6166,ม.แฮปปี้แลนด์ แกรนด์วิลล์,2910.0
6167,ม.แฮปปี้แลนด์ แกรนด์วิลล์ ( Happy Land Grand Ville),2910.0
6170,ม.โกล เด้น ทาวน์ 2 อ่อนนุช-พัฒนาการ,2912.0
6171,ม.โกลเด้น ทาวน์ เฉลิมพระเกียรติฯ-สวนหลวง,2915.0
6172,ม.โกลเด้น ทาวน์ เพชรเกษม,2916.0
6173,ม.โกลเด้น ทาวน์ ศรีนครินทร์-สุขุมวิท,2918.0
6174,ม.โกลเด้น ทาวน์ สาทร,2919.0
6175,ม.โกลเด้นทาวน์ 2 อ่อนนุช - ลาดกระบัง (GDT 2),2922.0
6155,ม.เอ็มเมอรัลด์ รีสอร์ท (หัวหิน) (Emerald Resort Hua Hin),2892.0
6168,ม.แฮปปี้วิลล์ ดอนเมือง,3373.0
6169,ม.แฮปปี้วิลล์ ดอนเมือง (Happyville Donmuang),3373.0
6176,ม.โกลเด้นทาวน์ รัตนาธิเบศร์- สถานีรถไฟฟ้าไทรม้า,2923.0
6177,ม.โกลเด้นทาวน์ ศรีนครินทร์-สุขุมวิท 1,2918.0
6178,ม.โกลเด้นนครา,2924.0
6179,ม.โนเบิล จีโอ วัชรพล (Noble Geo วัชรพล),2926.0
6180,ม.โนเบิล ทารา งามวงศ์วาน 2,
6181,ม.โนเบิล ทารา งามวงศ์วาน 2 _(โนเบิล ทารา งามวงศ์วาน-ประชาชื่น),
6182,ม.โบเลโร่ วิลล่า,2928.0
6183,ม.โฮมเพลส เดอะพาร์ค วงแหวน-พระราม 9,2930.0
6184,ม.โฮมเพลส รังสิต,2931.0
6186,ม.ไทยสมบูรณ์ 3,2937.0
6187,ม.ไพรเวท เนอวานา เรสซิเดนซ์ (Privana Nirvana Residence ),2938.0
6188,ม.ไพรเวท พาร์ค ชวนชื่นซิตี้,
6189,ม.ไพรเวท รามอินทรา,2939.0
6190,ม.ไพรเวทพาร์ค ชวนชื่นซิตี้,
6191,ม.ไพร์มเพลส,
6192,ม.ไลโอ วงแหวน-รามอินทรา,2943.0
6193,ม.ไลฟ์ บางกอก บูเลอวาร์ด แจ้งวัฒนะ ( Life Bangkok Boulevard แจ้งวัฒนะ ),3374.0
6194,ม.ไลฟ์ บางกอก บูเลอวาร์ด รามอินทรา 23,3075.0
6195,ม.ไอเจ้นท์ พรีเมียม ทาวน์โฮม (พระราม 9),
6196,ม.ไอเจิน พรีเมี่ยม ทาวร์โฮม,
6197,ม.ไอ-ดีไซน์ วงแหวน-รามอินทรา,
6198,ม.ไอลีฟ ทาวน์ 1 พระราม 2 กม.14 ( I Live Town 1 Rama2 ) (LANx1),2945.0
6199,ม.กรีนวิลล์ ( Green Vile ),2947.0
6200,ม.กรีนิช ไพร์ม,
6201,ม.กรีนิชไพร์ม,
6202,ม.กรูฟวิลล์ ลำลูกกา คลอง 4,2948.0
6203,ม.กรูฟวิลล์ ลำลูกกา คลอง 4 - ส่ง Format Excel มาให้ Import ส่งต่อให้ทุกคนแล้ว (ด่วน) ลูกค้าใหม่,2948.0
6204,ม.กรูฟวิลล์ ลำลูกกา คลอง 4 (Groove Ville ลำลูกกา คลอง 4 ),2948.0
6205,ม.กฤษดา ลากูน,2949.0
6206,ม.กฤษดานคร 19 (LANx1),2950.0
6207,ม.กัสโต้ พหลโยธิน-รามอินทรา,2955.0
6208,ม.กัสโต้ พหลโยธิน-สายไหม,2956.0
6211,ม.กัสโต้ วงแหวน พระราม 5,
6212,ม.กัสโต้เทพารักษ์ (Gusto- เทพารักษ์),2962.0
6213,ม.กัสโต้บางนา-สุวรรณภูมิ,
6214,ม.กาญจน์กนก วิลล์ 5 (เชียงใหม่),2963.0
6215,ม.กาญจน์กนก วิลล์ 5 (เชียงใหม่)>>>MA06/2564>>0861164677(ส่วนตัว)คุณมานพ>จะตั้งหนี้ค่าส่วนกลางของปี 65>,2963.0
6216,ม.กาญจน์กนกวิลล์ โครงการ 8 เชียงใหม่,
6217,ม.กานดา พาร์ค พระราม 2,
6218,ม.การ์เด้นโฮม (GARDEN HOME),
6219,ม.คณาสิริ พุทธมณฑลสาย 4 - ศาลายา,
6220,ม.คฤหาสน์ทายาท,2966.0
6221,ม.คาซ่า ซิตี้ วัชรพล เพิ่มสิน ( คาซ่า เพิ่มสิน วัชรพล),
6222,ม.คาซ่า ซิตี้ วัชรพล เพิ่มสิน( คาซ่า เพิ่มสิน วัชรพล),
6223,ม.คาซ่าซิตี้ เอกมัย - รามอินทรา นวลจันทร์ 2,2971.0
6224,ม.คาซ่าซิตี้ วัชรพล-เพิ่มสิน,2972.0
6225,ม.คาซ่าวิลล์ บางนา - เทพารักษ์,2973.0
6226,ม.คาซ่าวิลล์ บางนา - เทพารักษ์- Format Excel มาให้ Import ส่งต่อให้ทุกคนแล้ว,2973.0
6227,ม.คาซ่าวิลล์ บางนา -เทพารักษ์,2973.0
6228,ม.คาซ่าวิลล์ รังสิต คลองสอง,
6229,ม.คาซ่าวิลล์ ราชพฤกษ์-แจ้งวัฒนะ,
6230,ม.คาซ่าวิลล์ ราชพฤกษ์-รัตนาธิเบศร์ 2,2974.0
6231,ม.คาซ่าวิลล์ รามคำแหง วงแหวน,
6232,ม.คาซ่าวิลล์ รามอินทรา - วงแหวน 2,2975.0
6233,ม.คาซ่าวิลล์ รามอินทรา-วงแหวน,2975.0
6234,ม.คาซ่าวิลล์ สุขาภิบาล 5,2977.0
6235,ม.คุณาลัย พรีม,2978.0
6236,ม.คุณาลัยจอย,
6237,ม.งามเจริญ,
6238,ม.ชนันธร กรีนวิลล์,2947.0
6239,ม.ชลลดา บางบัวทอง (LANx3),2984.0
6240,ม.ชลลดา สุวรรณภูมิ,
6241,ม.ชวนชื่น ปาร์ค (เบลล์ พาร์ค 3) (BELLE3),2986.0
6242,ม.ชวนชื่น พาร์ค กาญจนา - บางใหญ่,
6209,ม.กัสโต้ ราชพฤกษ์-พระราม 5,2957.0
6243,ม.ชวนชื่น วัชรพล,2988.0
6244,ม.ชวนชื่นการ์เด้นวิลล์ (LANx1),2989.0
6245,ม.ชวนชื่นพาร์ควิลล์,2990.0
6246,ม.ชวนชื่นพาร์ควิลล์ (พุทธมณฑลสาย2)) (ชวนชื่น (พุทธมณฑลสาย 2),2990.0
6247,ม.ชัยพฤกษ์ (บางแวก),
6248,ม.ชัยพฤกษ์ เพชรเกษม 81,2996.0
6249,ม.ชัยพฤกษ์ ทวีวัฒนา,2999.0
6250,ม.ชัยพฤกษ์ บางใหญ่ 2,3011.0
6251,ม.ชัยพฤกษ์ ปิ่นเกล้า สาทร,
6252,ม.ชัยพฤกษ์ รังสิต - คลอง 4,3005.0
6253,ม.ชัยพฤกษ์ รัตนาธิเบศร์ - วงแหวน,3006.0
6254,ม.ชัยพฤกษ์ รัตนาธิเบศร์ -วงแหวน (HJ),3006.0
6255,ม.ชัยพฤกษ์ วงแหวนรัตนาธิเบศร์,3007.0
6256,ม.ชัยพฤกษ์ วงแหวนรัตนาธิเบศร์ (LANx2),3007.0
6257,ม.ชัยพฤกษ์และบุศรินทร์ รังสิต คลอง 2,3009.0
6258,ม.ชัยพฤกษ์บางใหญ่ 1,3010.0
6259,ม.ซิกเนเจอร์ รามอินทรา,3013.0
6260,ม.ซิตี้เซนต์ รัตนาธิเบศร์ เลี่ยงเมืองนนทบุรี,
6261,ม.ซิตี้เซนส์ เพชรเกษม 69,3014.0
6262,ม.ซิตี้เซนส์ วัชรพล E๑ (City Sense Watcharapol ),
6263,ม.ซิตี้เซนส์ สรงประภา (City Sense สรงประภา ),3015.0
6265,ม.ซีเค วิลล์ 2 (LANx1),3017.0
6266,ม.ซีเอ็น 52 เดอะคอนเนค บางนา – สุวรรณภูมิ,
6267,ม.ซื่อตรง โคซี่ รังสิต คลอง 6 เฟส 2,3018.0
6268,ม.ดิ เออบาน่า 2 ( เชียงใหม่ )(The Urbana 2),3024.0
6269,ม.ดิ เออบาน่า 5 (The Urbana 5),
6270,ม.ดิเอ็มเบรส จตุโชติ-รามอินทรา,
6271,ม.ตรีพฤกษ์ นครปฐม,3030.0
6272,ม.ทรัพย์ทวีประเสริฐ (สระแก้ว) โครงการเดอะแกรนด์ อรัญประเทศ(The Grand ),3032.0
6273,ม.ท้อปแลนด์รัษฏา - ภูเก็ต (Topland รัษฏา ภูเก็ต),
6274,ม.ทาวน์ อเวนิว พระราม 2,
6275,ม.ทาวน์ อเวนิว พระราม 2 ซอย 30(Town Avenue Rama 2 Soi 30),
6277,ม.ทาวน์พลัส (เพชรเกษม-บางแค) (Town Plus(เพชรเกษม-บางแค),3036.0
6278,ม.ทาวน์พลัส (ลาดพร้าว 101) (Town Plus (ลาดพร้าว 101),3036.0
6279,ม.ทาวน์พลัส เทพารักษ์ (Town Plus เทพารักษ์ ),3036.0
6280,ม.ทาวน์พลัส พระรามเก้า (Town Plus Rama 9),3036.0
6281,ม.ทาวน์พลัสเอ็กซ์ ประชาชื่น,3036.0
6282,ม.ทิพธนา เพชรเกษม 53 (LANx1),3042.0
6283,ม.ทิพย์พิมานการ์เด้น,3044.0
6284,ม.ทู แกรนด์ โมนาโค บางนา-วงแหวน,2897.0
6285,ม.ธัญญาภิรมย์รังสิตคลอง 5 _(ธัญญาภิรมย์ คลอง 5),3048.0
6287,ม.ธารารมณ์ รามคำแหง 150,3052.0
6288,ม.ธารารมณ์ รามคำแหง 150 (LANx1),3052.0
6289,ม.ธารารมย์ ราม150,
6290,ม.นนทรี ฟลอร่า,3056.0
6291,ม.นนทรี ฟลอร่า (ศาลายา)),3056.0
6292,ม.นนทรี รีเจ้นท์,3057.0
6293,ม.นันทนาการ์เด้น (รังสิต),3058.0
6294,ม.นันทวัน รามคำแหง,3059.0
6295,ม.นันทวัน-ประชาชื่น,3061.0
6296,ม.นันทวันรามอินทรา,3062.0
6297,ม.นาราโฮม,3063.0
6298,ม.นาราโฮม (Nara Home),3063.0
6299,ม.นาราสิริ พระราม 2,3064.0
6300,ม.นาราสิริ วัชรพล,
6301,ม.นิรันดร์วิลล์ 8,3068.0
6302,ม.บลูลากูน (Blue Lagoon ),3072.0
6304,ม.บางกอก บูเลอวาร์ด แจ้งวัฒนะ,
6305,ม.บางกอกบูเลอวาร์ด รัชดา-รามอินทรา2,
6306,ม.บางกอกบูเลอวาร์ด ราชพฤษ์-รัตนธิเบศร์,
6307,ม.บางกอกบูเลอวาร์ด รามอินทรา,3075.0
6308,ม.บางกอกบูเลอวาร์ด รามอินทรา กม.2,3075.0
6309,ม.บ้านใหม่พระราม 2 - พุทธบูชา,
6310,ม.บ้านกลางเมือง เอสเซ้นส์ สาทร-ตากสิน 2,3089.0
6311,ม.บ้านกลางเมือง เอสเซ็นส์ อ่อนนุช-วงแหวน,3090.0
6383,ม.พร้อมพัฒน์ ไพร์ม (LANx1),3178.0
6286,ม.ธาดาพาร์ค 2 (Tada Park 2)(ชลบุรี),3051.0
6264,ม.ซิลค์ โรด เพลส (Silk Road Place) (LANx1),3016.0
6312,ม.บ้านกลางเมือง เออบาเนี่ยน พระราม9-ลาดพร้าว,3091.0
6313,ม.บ้านกลางเมือง รามอินทรา - วัชรพล,
6314,ม.บ้านกลางเมือง ศรีนครินทร์ - อ่อนนุช,
6315,ม.บ้านกลางเมืองแกรนด์เดอะปารีส รัชดา,
6316,ม.บ้านกลางเมืองลาดพร้าว 87,
6317,ม.บ้านพนาลี 51 เทพารักษ์-เมืองใหม่,3100.0
6318,ม.บ้านพนาลี 54 (CN51 เดอะคอนเนค เทพารักษ์-เมืองใหม่),
6319,ม.บ้านพฤกษา 133,3190.0
6320,ม.บ้านพฤกษา 77/1,3102.0
6321,ม.บ้านพิศาลเทียนทะเล 20 โครงการ 1,3108.0
6322,ม.บ้านพุทธชาด 10,3109.0
6323,ม.บ้านพุทธชาด 18 (พฤกษา 84/2),3110.0
6324,ม.บ้านพุทธชาด 18 (พฤกษา 84-2),
6325,ม.บ้านฟ้า กรีน พาร์ค รอยัล ธนบุรีรมย์ (LANx1),3111.0
6326,ม.บ้านฟ้ากรีนเนอรี่ ปิ่นเกล้า-สาย 5,
6327,ม.บ้านฟ้ากรีนเนอรี่ ปิ่นเกล้า-สาย 5- ส่งเมล์มา วันที่11/4/2565 ส่งต่อให้ทุกคนแล้ว,
6328,ม.บ้านฟ้ากรีนเนอรี่ ปิ่นเกล้า-สาย 5- ส่งเมล์มา ส่งเมล์มา ส่งต่อให้ทุกคนแล้ว,
6329,ม.บ้านภัทรา รามคำแหง 76,3119.0
6330,ม.บ้านภัทรา ลำลูกกา,3120.0
6331,ม.บ้านภัทราพร 2 ( Baan Phattharapon 2),
6332,ม.บ้านภัสสร 4,3122.0
6333,ม.บ้านภาณุ 1,3124.0
6334,ม.บ้านภาณุ 2,3125.0
6335,ม.บ้านลภาวัน ดีน่า (23),3129.0
6336,ม.บ้านวนิศา,3131.0
6337,ม.บ้านวิไลรัตน์,
6338,ม.บ้านศุภวรรณ,3134.0
6339,ม.บ้านสวนจันท์,3138.0
6340,ม.บ้านสวนจันท์ (จันทบุรี),3138.0
6341,ม.บ้านสินทรัพย์นคร,3144.0
6342,ม.บ้านสินธร รังสิต,3145.0
6343,ม.บ้านสินธร รังสิต 3,3145.0
6344,ม.บาหลีบีช,3147.0
6345,ม.บียอนด์ ทาวน์ ลาดหลุมแก้ว (Beyond Town Latlumkaew) (ปทุมธานี),
6346,ม.บียอนด์ ทาวน์ ลาดหลุมแก้ว (Beyond Town Latlumkaew) (ปทุมธานี) (LANx1),
6347,ม.บุราสิริ งามวงศ์วาน – ประชาชื่น,
6348,ม.บุราสิริ งามวงศ์วาน-ประชาชื่น,
6349,ม.บุราสิริ ราชพฤกษ์ - เเจ้งวัฒนะ,3150.0
6350,ม.บุศรินทร์ เทพารักษ์,
6351,ม.บุศรินทร์ เทพารักษ์ (LANx 1),
6352,ม.บุศรินทร์ ปิ่นเกล้า,3151.0
6353,ม.บุศรินทร์ ปิ่นเกล้า - ส่งเมล์มา ส่งต่อให้ทุกคนแล้ว,3151.0
6354,ม.ประภัสสรวิลล์ (ชลบุรี),3154.0
6355,ม.ปรัชญา บิซโฮม อ่อนนุช-สุวรรณภูมิ,3155.0
6356,ม.ปริญลักษณ์ ไลท์ พระราม 5,3157.0
6357,ม.ปริญลักษณ์ ไลท์ พระราม 5 (LANx1),3157.0
6358,ม.ปริญลักษณ์ นวมินทร์,3161.0
6359,ม.ปริญลักษณ์ พระราม 2 (ม.นาราสิริ วัชรพล),
6360,ม.ปรีชา ราม 1 ถนนราษฎร์พัฒนา,
6361,ม.ปรีชา สุวินทวงศ์,3163.0
6362,ม.ปัญญาอินทรา 2,
6363,ม.ปัญฐิญา แพรกษา,3164.0
6364,ม.ปัญฐิญา แพรกษา (เฟส2)),3164.0
6365,ม.ปาริชาต - ปิ่นเกล้า,3165.0
6366,ม.ปาริชาต - ปิ่นเกล้า (LANx1),3165.0
6367,ม.ปาริชาต 345,3166.0
6368,ม.ปาริชาต 345 - ส่งเมล์มา ส่งต่อให้ทุกคนแล้ว,3166.0
6369,ม.ปาริชาต ปิ่นเกล้า,
6370,ม.ปาริชาต รังสิต คลองสี่,
6371,ม.ปาริชาต สุวินทวงศ์,3167.0
6372,ม.ปิยวรารมย์รังสิต คลองสี่,3170.0
6373,ม.ปิยวรารมย์รังสิต คลองสี่- ส่ง Format Excel มาให้ Import ส่งต่อให้ทุกคนแล้ว (ด่วน) ลูกค้าใหม่,3170.0
6374,ม.พนาลี 16,3171.0
6375,ม.พนาลี 27,3172.0
6376,ม.พนาลี 27 (บ้านพฤษาวิลล์ 65/2)),3172.0
6377,ม.พนาลี 33,3173.0
6378,ม.พนาลี 50,
6379,ม.พนาลี22? (พฤกษา?วิลล์?41/1) - ส่ง Format Excel มาให้ Import (ด่วน) ลูกค้าใหม่พึ่งลงโปรแกรม ส่งต่อให้ทุกคนแล้ว,3365.0
6380,ม.พนาสนธิ์ การ์เด้นโฮม 3,
6381,ม.พนาสนธิ์ การ์เด้นโฮม 8 (LANx1),3174.0
6382,ม.พร้อมพัฒน์ ไพร์ม,3178.0
6384,ม.พร้อมพัฒน์ ไพร์ม (LANx2),3178.0
6385,ม.พร้อมพัฒน์พีวา,
6386,ม.พฤกภิรมย์ ราชพฤกษ์-รัตนาธิเบศร์,
6387,ม.พฤกษ์พิมาน การ์เด้น,3179.0
6388,ม.พฤกษ์ภิรมย์ บางขุนเทียน,3180.0
6389,ม.พฤกษ์ลดา 2 (ท่าข้าม-พระราม 2),3182.0
6390,ม.พฤกษ์ลดา บางนา (LANx1),3183.0
6391,ม.พฤกษ์ลดา พระราม 2,
6392,ม.พฤกษ์ลดา มหาชัย,
6393,ม.พฤกษ์ลดา รังสิต คลอง 4 -(พฤกษ์ลดา 1)(ซอฟต์เทรด),443.0
6394,ม.พฤกษ์ลดา วงแหวน - รัตนาธิเบศร์,3185.0
6395,ม.พฤกษลดา2,
6396,ม.พฤกษา 106 เฟส 2,
6397,ม.พฤกษา 12/1,3188.0
6398,ม.พฤกษา 13 (LANx1),3190.0
6399,ม.พฤกษา 15,3191.0
6400,ม.พฤกษา 40,3192.0
6401,ม.พฤกษา 40 (LANx1),3192.0
6402,ม.พฤกษา 45,3193.0
6403,ม.พฤกษา ทาวน์ ราชพฤกษ์,
6404,ม.พฤกษา13,3190.0
6405,ม.พฤกษาทาวน์ 81,3202.0
6406,ม.พฤกษาทาวน์ พีเคที 002,
6407,ม.พฤกษาทาวน์ สุขุมวิท-เทพารักษ์ กม.1 (Pruksatown Sukhumvit-Theparak km.1),
6408,ม.พฤกษาทาวน์ สุขุมวิท-เทพารักษ์ กม.1(Pruksatown Sukhumvit-Theparak km.1),
6409,ม.พฤกษาพรรณแกรนด์ ลำพยา 2,3206.0
6410,ม.พฤกษาวิลเลจ 27,3208.0
6411,ม.พฤกษาวิลล์ 28,3213.0
6412,ม.พฤกษาวิลล์ 32,3214.0
6413,ม.พฤกษาวิลล์ 41/1 (บ้านพนาลี 22),
6414,ม.พฤกษาวิลล์ 42,3215.0
6415,ม.พฤกษาวิลล์ 53/2,3216.0
6416,ม.พฤกษาวิลล์ 57,
6417,ม.พฤกษาวิลล์ 6,3217.0
6418,ม.พฤกษาวิลล์ 62/2,3217.0
6419,ม.พฤกษาวิลล์ 62/2 - ส่ง Format Excel มาให้ Import ส่งต่อให้ทุกคนแล้ว (ด่วน) ลุกค้าใหม่,3217.0
6420,ม.พฤกษาวิลล์ 62/2- ส่งเมล์มา ส่งต่อให้ทุกคนแล้ว,3217.0
6421,ม.พฤกษาวิลล์ 62/2- ส่งเมล์มาย้ายโปรแรกม ส่งต่อให้ทุกคนแล้ว (ด่วน) ลูกค้าใหม่,3217.0
6422,ม.พฤกษาวิลล์ 70,
6423,ม.พลัส ซิตี้พาร์ค (เอกมัย - รามอินทรา),
6427,ม.พัชรเพลส (อยุธยา),3220.0
6428,ม.พาทิโอ แจ้งวัฒนะ (Patio แจ้งวัฒนะ),3221.0
6429,ม.พาทิโอ ดอนเมือง - สรงประภา (พาทิโอวิภาวดี-สรงประภา),
6431,ม.ฟอเรสท์ ปาร์ค (Forest Park),
6432,ม.ฟอเรสท์ปาร์ค (Forest Park),
6433,ม.ภัทรโมทาวน์,3227.0
6434,ม.ภัทรา อ่อนนุช-วงแหวน,
6435,ม.ภัสสร ๑๓ (ภัสสร 13),3228.0
6436,ม.ภัสสร 25 บางนา,3230.0
6437,ม.ภัสสร 3,3232.0
6438,ม.ภัสสร 4,3233.0
6439,ม.ภัสสร 4 - ส่งเมล์มา ส่งต่อให้ทุกคนแล้ว,3233.0
6440,ม.ภัสสร เพรสทีจ อ่อนนุช ( ภัสสร 27 ),3234.0
6441,ม.ภิรมย์วิลล์,
6442,ม.ภิรมย์วิลล์ พระราม 2 - เทียนทะเล 20,3235.0
6443,ม.มณีรินทร์ เลค แอนด์ ลากูน (รังสิต) (LANx1),3237.0
6444,ม.มณีรินทร์ พาร์ค รัตนาธิเบศร์,3237.0
6445,ม.มณีรินทร์ มาสเตอร์พีซ รังสิต,3237.0
6446,ม.มนตรลดา แลนด์ ,
6447,ม.มนสิกา,3243.0
6448,ม.มหาชัยเมืองทอง,3244.0
6449,ม.มัณฑนา - อ่อนนุช วงแหวน,3246.0
6450,ม.มัณฑนา แจ้งวัฒนะ ราชพฤกษ์,3247.0
6451,ม.มัณฑนา บางนา กม.7,
6452,ม.มัณฑนา พระราม 2 - เทียนทะเล,
6453,ม.มัณฑนา รังสิต คลอง 2,3250.0
6454,ม.มัณฑนา ราชพฤกษ์,3251.0
6455,ม.มัณฑนา ราชพฤกษ์-สะพานมหาเจษฎาบดินทร์ฯ,3251.0
6456,ม.มัณฑนา อ่อนนุช -วงแหวน,
6457,ม.มัณฑนา อ่อนนุช -วงแหวน ,
6458,ม.มัณฑิรา โครงการ 2,
6459,ม.มายกรีน ปลวกแดง (ระยอง),
6460,ม.ลัดดารมย์ Elegance วงแหวน - สาทร,3360.0
6461,ม.ลัดดารมย์ ปิ่นเกล้า,3260.0
6425,ม.พลีโน่ วงแหวน-รามอินทรา (PLENO),3219.0
6462,ม.ลัดดารมย์ รัตนาธิเบศร์,3261.0
6463,ม.ลัดดารมย์ ราชพฤกษ์ รัตนาธิเบศร์,3262.0
6464,ม.ลัดดารมย์ ราชพฤกษ์ รัตนาธิเบศร์ 2,3262.0
6465,ม.ลัดดารมย์ ราชพฤกษ์-รัตนาธิเบศร์ 2,3263.0
6466,ม.ลัดดารมย์ วัชรพล เฟส 3,3265.0
6467,ม.ลัดดารมย์ อีลีแกนท์ ราชพฤกษ์ พระราม 5-2,3266.0
6468,ม.ลันตา รีสอร์ท ไลฟ์ (Lanta Resort Life),3268.0
6469,ม.ลัลลี่วิลล์ ธนบุรีรมย์,3269.0
6470,ม.ลัลลี่วิลล์ ธนบุรีรมย์ (LANx1),3269.0
6471,ม.ลัลลี่วิลล์ ศรีนครินทร์,3270.0
6472,ม.ลาวัลเล่ หัวหิน (La Vallee Hua Hin) (ประจวบ),3271.0
6473,ม.ลาวัลเล่ หัวหิน (La Vallee),3271.0
6474,ม.ลาวัลเล่ หัวหิน (La Vallee) (ประจวบ),3271.0
6475,ม.วราบดินทร์ วงแหวน-ลำลูกกา,
6476,ม.วรารมย์ เพชรเกษม 81 เฟส 1,3272.0
6477,ม.วรารมย์ เพชรเกษม 81 เฟส 2,3272.0
6478,ม.วรารมย์ เพชรเกษม 81 เฟส 2 (LANx1),3272.0
6479,ม.วรารมย์ พรีเมียม วัชรพล-จตุโชติ,
6480,ม.วรารมย์ พรีเมี่ยม ศาลากลาง,
6481,ม.วรารมย์ พรีเมี่ยม ศาลากลาง _ (วรารมย์พรีเมี่ยมศาลากลาง),
6482,ม.วรารมย์ประชาอุทิศ 98,
6483,ม.วรารักษ์-โรจนะ,2803.0
6484,ม.วินด์มิลล์ (LANx1),3278.0
6485,ม.วินด์มิลล์ (Windmill) (LANx1),3278.0
6486,ม.วินด์มิลล์พาร์ค,3278.0
6487,ม.วินสัน,3281.0
6488,ม.วิลเลจแอทพาร์ค,
6489,ม.วิลเลจแอทพาร์ค ชัยพฤกษ์ (Village@Park),
6490,ม.วิลล่า โนวา วัชรพล - สายไหม ( Villa Nova),3283.0
6491,ม.วิลลาจจิโอ เพชรเกษม-สาย 4,
6492,ม.วิลลาจจีโอ บางนา -เทพารักษ์,3285.0
6493,ม.วิสทาวน์ ปลวกแดง - แม่น้ำคู้ (ระยอง),3286.0
6495,ม.ศศิธร,3289.0
6496,ม.ศิวาลัยวิลเลจ 4 (เชียงใหม่),3290.0
6497,ม.ศีขริน,
6498,ม.ศุภาลัย การ์เด้นวิลล์ วงแหวนปิ่นเกล้า - พระราม 5,3291.0
6499,ม.ศุภาลัย พรีโม่ บางแสน,3292.0
6500,ม.ศุภาลัย พาร์ควิลล์ พระราม 2 - ท่าข้าม,3293.0
6501,ม.ศุภาลัย พาร์ควิลล์ ร่มเกล้า-สุวรรณภูมิ,3294.0
6502,ม.ศุภาลัย พาร์ควิลล์ ระยอง,
6503,ม.ศุภาลัย พาร์ควิลล์ วงแหวน-ราชพฤกษ์,3367.0
6504,ม.ศุภาลัย มณฑลาปิ่นเกล้า-พุทธมณฑล สาย 1,3297.0
6505,ม.ศุภาลัย วิลล์ กิ่งแก้ว-ศรีนครินทร์,3298.0
6506,ม.ศุภาลัย วิลล์ พัทยา-มอเตอร์เวย์,
6507,ม.ศุภาลัย วิลล์ ราชพฤกษ์ - เพชรเกษม 48,3299.0
6508,ม.ศุภาลัย สุวรรณภูมิ,3301.0
6509,ม.ศุภาลัย ออร์คิด ปาร์ค 3 (LANx1),3302.0
6510,ม.ศุภาลัยบุรี-รังสิต (คลอง 4)) (LANx2),3303.0
6511,ม.ศุภาลัยวิลล์ บางนา-ศรีนครินทร์,
6513,ม.สมฤทัยวิลเลจ,3307.0
6514,ม.สยาม ไอยรา รีสอร์ต (ชลบุรี) (Siam Iyara Resort),3309.0
6515,ม.สยาม ไอยรา รีสอร์ต (ชลบุรี)),3309.0
6516,ม.สราญสิริ ราชพฤกษ์ - แจ้งวัฒนะ,3310.0
6517,ม.สามมุขธานี (ชลบุรี),
6518,ม.สามมุขธานี (ชลบุรี) (LANx3),
6519,ม.สาริน ซิตี้ (โครงการวงตะวัน),3311.0
6520,ม.สาริน ซิตี้ (โครงการสายลม),3311.0
6521,ม.สาริน ซิตี้ (โครงการสายลม) (LANx4),3311.0
6522,ม.สาริน ซิตี้ (โครงการสายลม) และ (โครงการวงตะวัน)(LANx4),3311.0
6523,ม.สาริน ซิตี้ (โครงการสายลม)(LANx4),3311.0
6524,ม.สาริน ซิตี้ (โครงการสายลม)(LANx4) และ (โครงการวงตะวัน),3311.0
6525,ม.สาริน ซิตี้ (สายลม),3311.0
6526,ม.สาริน ซิตี้ (สายลม)(วงค์ตะวัน),3311.0
6527,ม.สาริน ซิตี้ (สายลม  โครงการวงตะวัน) (LANx4),3311.0
6528,ม.สาริน ซิตี้ ม.สาริน ซิตี้ (โครงการวงตะวัน),3311.0
6529,ม.สาริน ซิตี้ ม.สาริน ซิตี้ (โครงการสายลม)(โครงการวงตะวัน),3311.0
6530,ม.สาริน อเวนิว,3314.0
6531,ม.สารินซิตี้ (โครงการวงตะวัน),3311.0
6532,ม.สำเพ็ง 2 เฟส 1 2,3317.0
6533,ม.สีวลี รังสิต 1,3325.0
6534,ม.สีวลีเชิงดอย,3326.0
6535,ม.สุริยาเพอร์เฟค (LANx1),3327.0
6536,ม.หมู่บ้านทิวตะวัน,
6537,ม.หมู่บ้านบียอนด์หัวทะเล,
6538,ม.อนันดา บีช ไลฟ์,3341.0
6539,ม.อนันดา สปอร์ต ไลฟ์ (Ananda Sportlife) (LANx1),3343.0
6540,ม.อนาวิลล์ (สุวรรณภูมิ),3344.0
6541,ม.อนาวิลล์ สุวรรณภูมิ,3344.0
6542,ม.อัญดา,3345.0
6543,ม.อารียา โคโม่ บางนา-วงแหวนฯ,3348.0
6544,ม.อารียา โมวา เกษตร,
6545,ม.อารียา ทูบี,3349.0
6546,ม.อินดี้ ประชาอุทิศ 90 (2),3350.0
6547,ม.อินนิซิโอ ปิ่นเกล้า ศาลายา (Inicio),3352.0
6548,ม.อินนิซิโอ ปิ่นเกล้า-วงแหวน (Inizio Pinklao-Wongwaen),
6549,ม.ฮาบิเทีย บางใหญ่,3355.0
6550,ม.ฮาบิเทีย ออร์บิต หทัยราษฎร์,
6551,ม.ฮาบิเทียปัญญาอินทรา 2,
6552,ม.ฮาบิทาวน์ วัชรพล,3356.0
6553,ม.ฮาบีเทีย วัชรพล,3357.0
6554,มณีรินทร์ เพลส,3237.0
6555,มณีรินทร์ เลค แอนด์ ลากูน (รังสิต),3239.0
6556,มณีรินทร์ เลค แอนด์ ลากูน (รังสิต) - ส่งเมล์มา ส่งต่อให้ทุกคนแล้ว,3237.0
6557,มณีรินทร์ พาร์ค รัตนาธิเบศร์,3241.0
6558,มณีรินทร์ รัตนาธิเบศร์,3242.0
6559,มณีรินทร์รัตนาธิเบศร์,3242.0
6560,มณีรินทร์รัตนาธิเบศร์ - ส่งเมล์มา ส่งต่อให้ทุกคนแล้ว,3237.0
6561,มภัสสร ๑๓ (ภัสสร 13),3228.0
6562,มหาชัยเมืองทอง,3244.0
6563,มหานคร (MahaNakhon Condominium Juristic Person ),26.0
6564,มหานคร (MCJ),
6565,มหาวิทยาลัยมหิดล,686.0
6566,มหาวิทยาลัยมหิดล (LANx1),
6567,มอนเทอเรย์ เพลซ (Monterey Place),2386.0
6568,มัณฑนา - ปิ่นเกล้า พระราม 5,3245.0
6569,มัณฑนา - ปิ่นเกล้า พระราม 5 > >,3245.0
6570,มัณฑนา แจ้งวัฒนะ ราชพฤกษ์,3247.0
6573,มัณฑนา บางนากม.7,
6574,มัณฑนา ปิ่นเกล้า-พระราม 5,
6575,มัณฑนา พระยาสุเรนทร์ 26,
6576,มัณฑนา รังสิต คลอง 2,3250.0
6577,มัณฑนา ราชพฤกษ์,3251.0
6578,มัณฑนา วัชรพล รามอินทรา,
6579,มัณฑนา อ่อนนุช -วงแหวน,
6580,มันทนาอพาร์ทเมนท์,689.0
6581,มันทนาอพาร์ทเมนท์- ส่งเมล์มาวันที่ 3/3/2565 ส่งต่อให้ทุกคนแล้ว,689.0
6582,มาเจสติก ทาวเวอร์ ( Majestic Tower ),2387.0
6583,มาเจสติก ทาวเวอร์ ( Majestic Tower )- ส่งเมล์มา ส่งต่อให้ทุกคนแล้ว,2387.0
6584,มาเจสติกทาวเวอร์ ( Majestic ),2387.0
6585,มาเจสติกทาวเวอร์ ( Majestic ) (LANx1),2387.0
6586,มาเอสโตร 02 เรสซิเด้นซ์,
6587,มาเอสโตร 39,
6588,มาเอสโตร 39 เรสซิเดนซ์,
6589,มานนท์ เพลส,2388.0
6590,มายเพลส,
6591,มายเพลส- ส่งเมล์มา ส่งต่อให้ทุกคนแล้ว,
6592,มายเอสโตร 39,
6593,มายคอนโด ลาดพร้าว 27,2389.0
6594,มายคอนโด ลาดพร้าว 27 (My Condo),2389.0
6595,มายคอนโด ลาดพร้าว 27 (My Condo) - ส่งเมล์มา ส่งต่อให้ทุกคนแล้ว,2389.0
6596,มายรีสอร์ท แอนด์ ริเวอร์ (My Resort And River),
6597,มายรีสอร์ท บางกอก (My Resort Bangkok),2390.0
6598,มายรีสอร์ท หัวหิน,
6599,มายสตอรี่ ลาดพร้าว 71,2391.0
6600,มาร์เบิลเพลส อาคารชุด 1 (Marble Place 1),
6601,มาร์เวสท์ หัวหิน (MARVESRE),2393.0
6602,มาร์เวสท์ หัวหิน (MARVESRE)- ส่งเมล์มา ส่งต่อให้ทุกคนแล้ว,2393.0
6603,มาร์เวสท์ หัวหิน (Marvest หัวหิน),2393.0
6604,มาร์เวสท์ หัวหิน (Marvest หัวหิน) (ประจวบ),2393.0
6605,มาร์เวสท์ หัวหิน (Marvest),2393.0
6606,มาร์ค สุขุมวิท,2394.0
6607,มาร์ค สุขุมวิท (Marque),2394.0
6608,มาราเกช หัวหิน เรสซิเดนเซส,
6609,มาราเกช หัวหิน เรสซิเดนเซส - ส่งเมล์มา ส่งต่อให้ทุกคนแล้วค่ะ,
6610,มาราเกช หัวหิน เรสซิเดนเซส - ส่งไลน์มา ส่งต่อให้ทุกคนแล้วค่ะ,
6611,มารีน่า เบย์ฟร้อนท์ ศรีราชา (Marina Bay Front),2395.0
6612,มาลิบู เขาเต่า (Malibu-เขาเต่า),2398.0
6613,มิโคนอส หัวหิน (ประจวบ) (Mykonos),
6614,มิคโคนอส หัวหิน (ประจวบ) (Mykonos),2399.0
6615,มิราจ สุขุมวิท คอนโดมิเนียม (MIRAGE),2400.0
6616,มิลเลนเนียม เรสซิเดนท์ (Milennium Pesident),2401.0
6617,มิลเลนเนียม เรสซิเดนท์ (Milennium Resident ),2401.0
6618,มิลเลนเนียม เรสซิเดนท์ (Millennium Resident ),2401.0
6619,มีสไตล์ (สุขุมวิท-บางนา) (Me Style),2403.0
6620,มีสุวรรณ ทาวเวอร์,2404.0
6621,มีสุวรรณ ทาวเวอร์ - ส่งเมล์มา วันที่ 13/9/2564 ส่งต่อให้ทุกคนแล้ว,2404.0
6622,มีสุวรรณ ทาวเวอร์ - ส่งเมล์มา ส่งต่อให้ทุกคนแล้ว,2404.0
6623,มีสุวรรณทาวเวอร์ - ส่งเมล์มา ส่งต่อให้ทุกคนแล้ว . เรียน บ.ซอฟบิส . ขอนำส่งหนังสือ รับรองบริษัทเพื่อขอรหัส การยกเลิก ให้นางสาวศศิวิมล แตงวิเชียร 084-219-2688 . ของ นิติบุคคลอาคารชุด มีสุวรรณทาวเวอร์ 0616381863 .,2404.0
6624,มูนทาวเวอร์ คอนโดมิเนียม (Moon Tower Condominium),2405.0
6625,ยูโรคลาสสิค คอนโดนิเนียม (Euro Classic Condominium),2406.0
6626,ยูโรคลาสสิค คอนโดนิเนียม (Euro Classic),2406.0
6634,ยูทรีคอนโดแอดแยกเกษตร,
6635,ยูทูคอนโดแอดแยกเกษตร ( YOU2),
6636,ยูนิโอ จรัญ 3 (Unio จรัญ 3),
6637,ยูนิโอ จรัญ 3 (Unio),
6638,ยูนิโอ พระราม 2 ท่าข้าม,2411.0
6639,ยูนิโอ พระราม 2 ท่าข้าม - ส่ง Format Excel มาให้ Import (ด่วน) ลูกค้าพึ่งลงโปรแกรม ส่งต่อให้ทุกคนแล้ว,2411.0
6640,ยูนิโอ พระราม 2 ท่าข้าม (Unio Rama2 ท่าข้าม),2411.0
6641,ยูนิโอ พระราม 2 ท่าข้าม (Unio Rama2),2411.0
6642,ยูนิกก้า (Unicca),2412.0
6643,ยูนิกก้า (Unicca) (LANx3),2412.0
6644,ยูนิกก้า (Unicca) (LANx4),2412.0
6645,ยูนิกก้า (Unicca) ,2412.0
6646,ยูนิกก้า(Unicca),2412.0
6647,ยูนิกซ์ เซาท์พัทยา -(UNIXX SOUTH PATTAYA CONDOMINIUM JURISTIC PERSON (HEAD OFFICE),54.0
6652,ยูนิตี้ กรุ๊ป (Unity),718.0
6648,ยูนิตี้ - ส่งเมล์มา ส่งต่อให้ทุกคนแล้ว,717.0
6649,ยูนิตี้ (Unity),717.0
6650,ยูนิตี้ (Unity) (โอเชี่ยน เรสซิเดนซ์ (มิตรภาพ - ขอนแก่น) - ส่ง Format Excel มาให้ Import ส่งต่อให้ทุกคนแล้ว,717.0
6651,ยูนิตี้ (Unity) (นาราสิริพัฒนาการ ศรีนครินทร์ ) - ส่งเมล์มถอนโปรแกรม ส่งต่อให้ทุกคนแล้ว,717.0
6632,ยูคอนโดแอดแยกเกษตร (U Condo),2410.0
6633,ยูคอนโดแอดแยกเกษตร (U Condo) - ส่งเมล์มา ส่งต่อให้ทุกคนแล้ว,2410.0
6653,ยูนิตี้ กรุ๊ป(Unity),718.0
6655,ยูนิลอฟท์ เชียงใหม่ ( Uniloft Chaiangmai),
6656,ยูนิลอฟท์ เชียงใหม่ ( Uniloft Chaiangmai)),
6657,ยูนีค เกษตร-นวมินทร์,
6658,ยูนีค เกษตร-นวมินทร์ไทย,
6659,ร่มโพธิ์คอนโดมิเนียม,2413.0
6660,รมณียา คอนโดทาวน์,2414.0
6661,รมณียา คอนโดทาวน์ - ส่งเมล์มา ส่งต่อให้ทุกคนแล้ว,2414.0
6662,รมณียา คอนโดทาวน์ (LANx1),2414.0
6663,รวมโชคคอนโดวิว 2,2415.0
6664,รวมโชคคอนโดวิว 2 - ส่งเมล์มา ส่งต่อให้ทุกคนแล้ว,2415.0
6665,รวมโชคคอนโดวิว 2 (LANx1),2415.0
6666,ร่วมใจไฮท์,2416.0
6667,ร่วมใจไฮท์ - ส่งเมล์มา ส่งต่อให้ทุกคนแล้ว,2416.0
6668,รวมสุข,
6669,รวมสุข - ส่งเมล์มา ส่งต่อให้ทุกคนแล้ว,
6670,รสา แม็กวิลล์ (Rasa Maxx Ville),
6671,รอแยลทาวเวอร์ 3 - ส่งเมล์มา ส่งต่อให้ทุกคนแล้ว,2417.0
6672,รอแยลทาวเวอร์ 3 - ส่งเมล์มาวันที่ 12/2/2564 ส่งต่อให้ทุกคนแล้ว,2417.0
6673,รอแยลทาวเวอร์ 3 ( Royal Tower 3),2417.0
6674,รอแยลทาวเวอร์ 3 (Royal Tower 3),2417.0
6675,ร็อคโค่ คอนโดมิเนียม อ่าวนาง (Rocco),2418.0
6676,ร็อคโค่ คอนโดมิเนียม อ่าวนาง (Rocco) (กระบี่),2418.0
6677,ร๊อยซ์ ไพรเวท เรซิเดนซิซ (Royce Private Residences),2419.0
6678,ร้อยพฤกษา,3253.0
6679,รอยัล เรสซิเด้นซ์ 1,2420.0
6680,รอยัล เรสซิเด้นซ์ 1 (Royal Residence 1 -ชลบุรี),2420.0
6681,รอยัล เรสซิเด้นซ์ 1 (Royal Residence 1 -ชลบุรี) - ส่งเมล์มา ส่งต่อให้ทุกคนแล้ว,2420.0
6682,รอยัล เรสซิเด้นซ์ 1 (Royal Residence 1 -ชลบุรี) ( LANx1),2420.0
6683,รอยัล เรสซิเด้นซ์ 1 (Royal Residence 1 -ชลบุรี)( LANx1),2420.0
6684,รอยัล เรสซิเด้นซ์ 1 (Royal Residence 1-ชลบุรี),2420.0
6685,รอยัล ริเวอร์ เพลส (Royal River Place),2421.0
6686,รอยัล ศาลาแดง (TRS)_(เดอะ รอยัล ศาลาแดง (TRS),
6687,รอยัลบีช คอนโดมิเนียม,2800.0
6688,รอยัลบีช คอนโดมิเนียม (Royal Beach),
6689,ระยองคอนโดเชน,
6690,ระยองคอนโดเชน - ส่ง Format Excel มาส่งต่อให้ทุกคนแล้ว,
6691,รังสิยา มหาชัย คอนโดโฮม อาคาร บี,2424.0
6692,รัชดา ไดมอนด์คลู,
6693,รัชดา ไดมอนด์คูล,
6694,รัชดา ไดมอนด์คูล และ City Plus,
6695,รัชดาเพรสทีจ,2426.0
6696,รัชดาซิตี้ 18,2427.0
6697,รัชดาซิตี้ 18 (2),2427.0
6698,รัชดาซิตี้ 18 (3),2428.0
6699,รัชดาซิตี้ 18 (พลอย-ไพลิน),
6700,รัชดาซิตี้ คอนโด 1 (RC RD) 2 (RA) 3 (RB),
6701,รัชดาซิตี้ คอนโด 3 (RB),
6702,รัชดาพาวิเลี่ยน,2429.0
6703,รัชดาพาวิลเลี่ยน,2430.0
6704,รัชอาภาทาวเวอร์ คอนโดมิเนียม,2431.0
6705,รัชอาภาทาวเวอร์ คอนโดมิเนียม - ส่งเมล์มา ส่งต่อให้ทุกคนแล้ว,2431.0
6706,รัชอาภาทาวเวอร์ คอนโดมิเนียม - ส่งเมล์มาวันที่ 16/12/2564 ส่งต่อให้ทุกคนแล้ว,2431.0
6707,รัตนโกสินทร์ ไอส์แลนด์ คอนโดมิเนียม,2432.0
6708,รัตนาธิเบศร์ หนึ่งคอนโดมิเนียม,2433.0
6709,รัตนาธิเบศร์แมนชั่น (บุญโต),2434.0
6710,ราชเทวีทาวเวอร์,2436.0
6711,ราชเทวีทาวเวอร์ - ส่งเมล์มา ส่งต่อให้ทุกคนแล้ว,2436.0
6712,ราชเทวีทาวเวอร์ (LANx1),2436.0
6713,ราชธานี คลองหลวง,3255.0
6714,ราชวิถี ซิตี้ รีสอร์ท,2437.0
6715,รามาฮาเบอร์วิว คอนโดมิเนียม,
6716,ริเวนเดลล์ เลกาซี่ คอนโดมิเนียม (Rivendell Legacy) ขอนแก่น,732.0
6717,ริเวนเดลล์ เอสเตรญ่า คอนโดมิเนียม (Rivendell Estrella Condominium (ขอนแก่น),735.0
6718,ริเวนเดลล์ แอปโซลูท คอนโดมิเนียม (ขอนแก่น) (Rivendell Absolute),2439.0
6719,ริเวนเดลล์ แอปโซลูท คอนโดมิเนียม ขอนแก่น(Rivendell Absolute),2439.0
6654,ยูนิตี้กรุ๊ป,717.0
6720,ริเวนเดลล์ กรีนวิว คอนโดมิเนียม,2440.0
6721,ริเวนเดลล์ กรีนวิว คอนโดมิเนียม (Rivendell Greenview Condominium (ขอนแก่น),2440.0
6722,ริเวนเดลล์ พรีเมียร์ อพาร์ทเม้นท์,736.0
6723,ริเวนเดลล์ พรีเมียร์ อพาร์ทเม้นท์ (Rivendelle Premier) (ขอนแก่น) และ ริเวนเดลล์ รีสอร์ท อพาร์ทเม้นท์ (Rivendelle Resort) (ขอนแก่น),735.0
6726,ริเวนเดลล์ รีเจ้นท์ คอนโดมิเนียม (Rivendell Regent Condominium ) (ขอนแก่น) - ส่งเมล์มา ส่งต่อให้ทุกคนแล้ว,735.0
6727,ริเวนเดลล์ รีเจ้นท์ คอนโดมิเนียม (Rivendell Regent Condominium ) ขอนแก่น,735.0
6728,ริเวอร์ เฮเว่น (River Heaven),2445.0
6729,ริเวอร์ไซด์ เทาว์เวอร์ 1 ( Riverside Tower 1),2447.0
6730,ริเวอร์ไซด์ เทาว์เวอร์ 1 (Riverside Tower 1),2447.0
6731,ริเวอร์ไรน์เพลส 4,2449.0
6732,ริเวอร์ไรน์เพลส 4 (Riverine 4) (LANx1 ),2449.0
6733,ริเวอร์ไรน์เพลส 4 (Riverine Place 4),2449.0
6734,ริเวอร์ไรน์เพลส 4 (Riverrine Place 4),2449.0
6735,ริชเชส ลีฟวิ่ง(Richess Living),742.0
6736,ริชชี่ ทาวเวอร์,
6737,ริชชี่ ทาวเวอร์ (Richy Tower),
6738,ริชพาร์ค @ บางซ่อน ( ริชพาร์ค แอด บางซ่อน),
6739,ริชพาร์ค แอด บางซ่อน,
6740,ริชพาร์ค แอท ทริปเปิ้ล สเตชั่น(and),
6741,ริชมอนด์ ออฟฟิต,
6742,ริชมอนด์ออฟฟิศ,
6743,ริทึม รัชดา,
6744,ริทึ่ม รัชดา,
6745,ริทึ่ม รัชดา (ริธึ่ม รัชดา),
6746,ริทึ่ม สุขุมวิท 50,2452.0
6747,ริธึ่ม 44/1 (ริธึ่ม สุขุมวิท 44/1( Rhythm Sukhumvit 44/1)),
6750,ริธึ่ม รางน้ำ,
6751,ริธึ่ม รางน้ำ (Rhythm รางน้ำ),
6752,ริธึ่ม สุขุมวิท 44/1 (Rhythm Sukhumvit 44/1),
6753,ริธึ่ม สุขุมวิท 44/1 (Rhythm Sukhumvit 44/1)(เฟิร์ส แปซิฟิค ฮาริสัน),150.0
6754,ริธึ่ม สุขุมวิท 50 (ริทึ่ม สุขุมวิท 50) ( Rhythm),2452.0
6755,ริธึ่ม สุขุมวิท 50 (ริทึ่ม สุขุมวิท 50) ( Rhythm) - ส่งเมล์มา ส่งต่อให้ทุกคนแล้ว,2452.0
6756,ริธึ่ม อโศก,2455.0
6757,ริธึ่ม อโศก (Rhythm-อโศก),2455.0
6758,รินรดา ริเวอร์ไซด์,2458.0
6759,รินรดา ริเวอร์ไซด์ (LANx1),2458.0
6760,ริมหาดคอนโด บ้านหรรษา,
6761,ริมหาดคอนโด_บ้านหรรษา,
6762,รีเจ้นท์ โฮม 20,2475.0
6763,รีเจ้นท์ โฮม 20 (Regent Home 20),2475.0
6764,รีเจ้นท์ โฮม 9 (Regent Home 9),
6769,รีเจ้นท์ รัชดา ทาวเวอร์,2488.0
6770,รีเจ้นท์ ออคิด คอนโด (สุขุมวิท 101) (Regent Orchid Condo),2463.0
6771,รีเจ้นท์ ออคิด สุขุมวิท 101 เฟส 21,
6772,รีเจนท์ ออน เดอะ ปาร์ค 3,2466.0
6773,รีเจนท์ ออน เดอะ ปาร์ค 3 (Regent On The Park 3,2466.0
6774,รีเจนท์ ออน เดอะ ปาร์ค 3 (Regent On The Park 3),2466.0
6775,รีเจนท์ ออน เดอะ ปาร์ค 3 (Regent On The Park 3) (LANx1),2466.0
6776,รีเจ้นท์ ออร์คิดส์ ตลาดพลู (Regent Orchid ตลาดพลู ),2467.0
6777,รีเจ้นท์ ออร์คิดส์ ตลาดพลู (Regent Orchid ตลาดพลู ) (เฟส 1),2467.0
6778,รีเจ้นท์ ออร์คิดส์ ตลาดพลู (Regent Orchid ตลาดพลู ) (เฟส 1) - ส่งเมล์มา ส่งต่อให้ทุกคนแล้ว,2467.0
6779,รีเจ้นท์ ออร์คิดส์ ตลาดพลู (Regent Orchid ตลาดพลู ) (เฟส 1) - ส่งเมล์มาวันที่ 10/5/2565 ส่งต่อให้ทุกคนแล้ว,2467.0
6748,ริธึ่ม รัชดา-ห้วยขวาง - ส่งเมล์มา ส่งต่อให้ทุกคนแล้ว,2453.0
6749,ริธึ่ม รัชดา-ห้วยขวาง - ส่งเมล์มาวันที่ 16/2/2564 ส่งต่อให้ทุกคนแล้ว,2453.0
6964,ลูกค้าใหม่(บริษัท)),3365.0
6724,ริเวนเดลล์ พาร์ควิว คอนโดมิเนียม (Rivendell Parkview Condominium (ขอนแก่น),2441.0
6725,ริเวนเดลล์ พาร์ควิว คอนโดมิเนียม (Rivendell Parkview Condominium),2441.0
6780,รีเจ้นท์ ออร์คิดส์ ตลาดพลู (Regent Orchid ตลาดพลู ) (เฟส 1) (LANx1),2467.0
6781,รีเจ้นท์ ออร์คิดส์ ตลาดพลู (Regent Orchid -ตลาดพูล เฟส 1),2467.0
6782,รีเจ้นท์โฮม 1 ( Regent Home 1),2468.0
6783,รีเจ้นท์โฮม 1( Regent Home 1),2468.0
6784,รีเจ้นท์โฮม 12,2469.0
6785,รีเจ้นท์โฮม 12 (Regent Home 12),2468.0
6786,รีเจ้นท์โฮม 13,2470.0
6787,รีเจ้นท์โฮม 13 (Regent Home 13 ),2468.0
6788,รีเจ้นท์โฮม 13 (Regent Home 13 ) - ส่งเมล์มา ส่งต่อให้ทุกคนแล้ว,2468.0
6789,รีเจ้นท์โฮม 13 (Regent Home 13),2468.0
6790,รีเจ้นท์โฮม 14,2471.0
6791,รีเจ้นท์โฮม 14 - ส่งเมล์มา ส่งต่อให้ทุกคนแล้ว,2468.0
6792,รีเจ้นท์โฮม 14 (Regent Home 14),2468.0
6793,รีเจ้นท์โฮม 15 ( Regent Home 15),2468.0
6794,รีเจ้นท์โฮม 15 ( Regent Home 15) (LANx1),2468.0
6795,รีเจ้นท์โฮม 15 ( Regent Home 15)- ส่งเมล์มา ส่งต่อให้ทุกคนแล้ว,2468.0
6801,รีเจ้นท์โฮม 22 (Regent Home 22 ),2476.0
6802,รีเจ้นท์โฮม 4 (Regent Home 4),2477.0
6803,รีเจ้นท์โฮม 4-4B (Regent Home 4-4B),2477.0
6804,รีเจ้นท์โฮม 6/1 (Regent Home 6/1),2479.0
6805,รีเจ้นท์โฮม 6/2 ( Regent Home 6/2),2480.0
6806,รีเจ้นท์โฮม 7/1 (Regent Home 7/1),2481.0
6807,รีเจ้นท์โฮม 7/1 อาคาร D (Regent Home 7/1 อาคาร D),2481.0
6808,รีเจ้นท์โฮม 7/1 อาคาร D (Regent Home 7/1 อาคาร D) (LANx1),2481.0
6809,รีเจ้นท์โฮม 7/2 - ส่งเมล์มา ส่งต่อให้ทุกคนแล้ว,2483.0
6810,รีเจ้นท์โฮม 7/2 (Regent Home 7/2),2483.0
6811,รีเจ้นท์โฮม 7/2 (Regent Home 7/2) - ส่งเมล์มา ส่งต่อให้ทุกคนแล้ว,2483.0
6812,รีเจ้นท์โฮม 7/2 (Regent Home 7/2) - ส่งเมล์มาวันที่ 28/6/2564 ส่งต่อให้ทุกคนแล้ว,2483.0
6813,รีเจ้นท์โฮม 7/2 (Regent Home7/2),2483.0
6814,รีเจ้นท์โฮม 8 (Regent Home 8 ),2484.0
6815,รีเจ้นท์โฮม 8 (Regent Home 8),2484.0
6816,รีเจ้นท์โฮม 8(Regent Home 8,2484.0
6817,รีเจ้นท์โฮม 8(Regent Home 8 ),2484.0
6818,รีเจ้นท์โฮม 9,
6819,รีเจ้นท์โฮม 9 (Regent Home 9),
6820,รีเจ้นท์โฮม ติวานนท์,2485.0
6821,รีเจ้นท์โฮม ติวานนท์ (รีเจ้นท์โฮม 25 (Regent Home 25),2485.0
6822,รีเจ้นท์โฮม ติวานนท์ (รีเจ้นท์โฮม 25),2485.0
6823,รีเจ้นท์โฮม สุขุมวิท 81,2486.0
6824,รีเจ้นท์โฮม สุขุมวิท 81 ( Regent Home สุขุมวิท 81 ),2486.0
6825,รีเจ้นท์โฮม สุขุมวิท 81 ( Regent Home สุขุมวิท 81 ) ,2486.0
6826,รีเจ้นท์โฮม สุขุมวิท 81 (Regent Home สุขุมวิท 81),2486.0
6827,รีเจ้นท์โฮม สุขุมวิท 81(Regent Home สุขุมวิท 81),2486.0
6828,รีเจ้นท์โฮม สุขุมวิท 97/1,2487.0
6829,รีเจ้นท์โฮม สุขุมวิท 97/1 (Regent Home 97/1),2487.0
6830,รีเจ้นท์โฮม สุขุมวิท 97/1 (Regent Home สุขุมวิท 97/1),2487.0
6833,รีเฟล็คชั่น จอมเทียน บีช พัทยา (Reflection),2489.0
6834,รีเฟล็คชั่น จอมเทียน บีช พัทยา (Reflection) (LANx1),2489.0
6835,รีช พหลโยธิน 52 (Reach พหลโยธิน 52),2490.0
6836,รีช พหลโยธิน52,2490.0
6837,รีช พหลโยธิน52 (Reach พหลโยธิน 52),2490.0
6838,รีสอร์ทต้า เย็นอากาศ,
6839,รีสอร์ทต้า เย็นอากาศ (Resorta),
6840,รุ้งเพชรคอนโดมิเนียม,2492.0
6841,รุ่งอรุณเพลส,3256.0
6842,รูเนะสุ ทองหล่อ 5,2493.0
6843,รูเนะสุ ทองหล่อ 5 (ดับเบิ้ลยู-ชินวะ )(Runesu),468.0
6844,รูเนะสุ ทองหล่อ 5 (ดับเบิ้ลยู-ชินวะ )(Runesu)-(KS),468.0
6845,ลดาวัลย์ ปิ่นเกล้า-เพชรเกษม,3257.0
6846,ลดาวัลย์-ศรีนครินทร์,3258.0
6847,ลพาเพลส,
6848,ลลิล กรีนวิลล์ พระราม 9-อ่อนนุช-สุวรรณภูมิ,3259.0
6849,ลอยตี้,750.0
6796,รีเจ้นท์โฮม 18 (Regent Home 18),2473.0
6797,รีเจ้นท์โฮม 18 (Regent Home 18) (LANx1),2473.0
6799,รีเจ้นท์โฮม 19 (Regent Home 19),2474.0
6800,รีเจ้นท์โฮม 19(Regent Home 19),2474.0
6850,ละติจูด 1 2 - ส่งเมล์มา ส่งต่อให้ทุกคนแล้ว,
6851,ละติจูด คอนโด 1 (Latitude 1 ),2494.0
6852,ละติจูด คอนโด 2 (Latitude 2 ),2495.0
6853,ละติจูด คอนโด1 และ 2 (Latitude 1  2),2494.0
6854,ละติจูดคอนโด1 และ 2 (Latitude 1  2),2494.0
6855,ละติจูดคอนโด1 และ 2 (Latitude 1  2)- ส่งเมล์มา วันที่ 9/3/2564 ส่งต่อให้ทุกคนแล้ว**คุณเอกวัฒน์(ผู้จัดการอาคาร) 095-852-7637**คุณอติเทพ(ผู้จัดการนิติบุคคล) 082-989-6689  084-220-8880,2494.0
6856,ละติจูดคอนโด1 และ 2 (Latitude 1  2)- ส่งเมล์มา ส่งต่อให้ทุกคนแล้ว,2494.0
6857,ลัดดา คอนโดวิว,2497.0
6858,ลัดดา คอนโดวิว (ชลบุรี),2497.0
6859,ลัดดา พลัส คอนโดมิเนียม,2498.0
6860,ลัดดา พลัส คอนโดมิเนียม (ชลบุรี),2498.0
6861,ลัดดาเพลส ศรีราชา คอนโด เอ,2499.0
6862,ลัดดาเพลส ศรีราชา คอนโด เอ - ส่ง Format Excel มาให้ Import ติดต่อ คุณเอ้ 091-795-7349 (บริษัท เดอะไนน์ บริหาร ถ้าต้องการถามไฟล์ที่ส่งมา) แต่ถ้าจะ Remote ไปนิติ ติดต่อ คุณประไพร 061-521-5668 (ด่วน) ลูกค้าต้องการใช้โปรแกรม,2499.0
6863,ลัดดาเพลส ศรีราชา คอนโด เอ (ชลบุรี),2499.0
6864,ลัดดาเพลส ศรีราชา คอนโด เอ (ชลบุรี)-ส่งหนังสือมาทางไลน์,2499.0
6865,ลัดดาเพลส อาคาร บี และ ซี,
6866,ลัดดาเพลส อาคารซี,
6867,ลัดดาเพลส อาคารบี,
6868,ลัดดาเพลส อาคารบี ซี,
6869,ลัดดาเพลส อาคารบีและอาคารซี,
6870,ลัดดารมย์ elegance ราชพฤกษ์ รัตนาธิเบศร์ (ลัดดารมย์ อีลีแกนท์ ราชพฤกษ์ รัตนาธิเบศร์ ),
6871,ลัดดารมย์ Elegance ราชพฤกษ์ รัตนาธิเบศร์ (ลัดดารมย์ อีลีแกนท์ ราชพฤกษ์ รัตนาธิเบศร์ ) - ส่งเมล์มา ส่งต่อให้ทุกคนแล้ว,
6872,ลัดดารมย์ elegance ราชพฤกษ์ รัตนาธิเบศร์(ลัดดารมย์ อีลีแกนท์ ราชพฤกษ์-รัตนาธิเบศร์),
6873,ลัดดารมย์ Elegance วงแหวน - สาทร,3360.0
6874,ลัดดารมย์ ชัยพฤกษ์ แจ้งวัฒนะ,
6875,ลัดดารมย์ ชัยพฤกษ์ แจ้งวัฒนะ- ส่งเมล์มา ส่งต่อให้ทุกคนแล้ว,
6876,ลัดดารมย์ บางนา,
6877,ลัดดารมย์ ปิ่นเกล้า,3260.0
6878,ลัดดารมย์ รัตนาธิเบศร์,3261.0
6879,ลัดดารมย์ รัตนาธิเบศร์- ส่งเมล์มา ส่งต่อให้ทุกคนแล้ว,3261.0
6880,ลัดดารมย์ รัตนาธิเบศร์- ส่งเมล์มาวันที่29/10/2564 ส่งต่อให้ทุกคนแล้ว,3261.0
6881,ลัดดารมย์ วัชรพล เฟส 3,3265.0
6882,ลัดดารมย์ อีลีแกนท์ ราชพฤกษ์ พระราม 5-2,3266.0
6883,ลัดดาวัลย์ ศรีนคริินทร์,
6884,ลันตา รีสอร์ท ไลฟ์,3268.0
6885,ลันตา รีสอร์ท ไลฟ์ ( Lanta Resort Life ),3268.0
6886,ลันตา รีสอร์ท ไลฟ์ (Lanta Resort Life),3268.0
6887,ลันตา รีสอร์ท ไลฟ์ (Lanta Resort Lift)- ส่งเมล์มา ส่งต่อให้ทุกคนแล้ว,3268.0
6888,ลัลลี่วิลล์ ธนบุรีรมย์,3269.0
6889,ลัลลี่วิลล์ ธนบุรีรมย์ - ส่งเมล์มา ส่งต่อให้ทุกคนแล้ว,3269.0
6890,ลัลลี่วิลล์ ศรีนครินทร์,3270.0
6896,ลากูน่า บีช รีสอร์ท 3 เดอะมัลดีฟส์ (Laguna Beach Resort 3 The Maldives)(ชลบุรี) (LANx2),
6897,ลากูน่า บีช รีสอร์ท 3 เดอะมัลดีฟส์ (ชลบุรี) (LANx1),
6898,ลากูน่า บีช รีสอร์ท 3 เดอะมัลดีฟส์ (ชลบุรี) (LANx2),
6899,ลากูน่า บีช รีสอร์ท 3-เดอะ มัลดีฟส์ (Laguna Beach Resort 3 The Maldives)(ชลบุรี) (LANx2),
6900,ลากูน่า บีช รีสอร์ท 3-เดอะ มัลดีฟส์ (ชลบุรี),
6901,ลากูน่า บีช รีสอร์ท จอมเทียน (Laguna Beach -จอมเทียน),2504.0
6891,ลาเมซอง 22 ( La Maison 22),2502.0
6892,ลาเมซอง 22(La Maison 22),2502.0
6893,ลาเมซอง พหลโยธิน 24 (La Maison พหลโยธิน 24 ),2503.0
6902,ลากูน่า บีช รีสอร์ท จอมเทียน (Laguna Beach จอมเทียน) - ส่ง Email ให้ทุกคนแล้ว,2504.0
6903,ลากูน่า บีช รีสอร์ท จอมเทียน (Laguna Beach -จอมเทียน)- ส่งเมล์มา ส่งต่อให้ทุกคนแล้ว,2504.0
6904,ลากูน่า บีช รีสอร์ท จอมเทียน 1 (Laguna Beach -จอมเทียน),2504.0
6905,ลากูน่า บีช รีสอร์ท จอมเทียน 1 (Laguna Beach -จอมเทียน)(LANx1),2504.0
6906,ลากูน่า บีช รีสอร์ท จอมเทียน 2 (Laguna Beach Resort จอมเทียน 2),2504.0
6907,ลากูน่า บีช รีสอร์ท จอมเทียน 2 (ชลบุรี) (Laguna Beach Resort จอมเทียน 2),2504.0
6908,ลากูน่า บีช รีสอร์ท จอมเทียน 2 (ชลบุรี) (Laguna Beach Resort จอมเทียน 2) (LANx3),2504.0
6909,ลากูน่า บีช รีสอร์ท จอมเทียน ชลบุรี (Laguna Beach Resort จอมเทียน 1),2504.0
6910,ลาวัลเล่ หัวหิน (La Vallee Hua Hin) (ประจวบ),3271.0
6911,ลาวัลเล่ หัวหิน (La Vallee Hua Hin) (ประจวบ) - ส่ง Format Excel มาให้ Import ส่งต่อให้ทุกคนแล้ว (ด่วน) ลูกค้าใหม่,3271.0
6912,ลาวัลเล่ หัวหิน (La Vallee Hua Hin) (ประจวบ)- ส่ง Format Excel มาให้ตรวจสอบ ส่งต่อให้ทุกคนล้ว (ด่วน) ลูกค้าใหม่,3271.0
6914,ลาสโคลินาส,2508.0
6915,ลาสโคลินาส (Lascolinas),2508.0
6916,ลาสโคลินาส (Lascolinas) (LANx1),2508.0
6917,ลิเบอร์ตี้พาร์ค 2 (Liberty Park 2),2509.0
6918,ลิเบอร์ตี้พาร์ค 2 (Liberty Park 2) - ส่งเมล์มา ส่งต่อให้ทุกคนแล้ว,2509.0
6919,ลินดา พร็อพเพอร์ตี้ (บล็อค 44 คอนโดมิเนียม) (Block 44),752.0
6920,ลิปป์ คอนโดมิเนียม,
6921,ลิปป์ คอนโดมิเนียม (ลาดพร้าว 20 )),
6922,ลิปป์ รามคำแหง 43/1,2510.0
6923,ลิปป์ รามคำแหง 43-1 (Libb รามคำแหง 43-1),
6924,ลิปป์ รามคำแหง 43-1 (Libb รามคำแหง 43-1)),
6925,ลิฟ แอท นิมมาน,2511.0
6926,ลิฟ แอท นิมมาน (เชียงใหม่),2511.0
6927,ลิฟ แอท นิมมาน (เชียงใหม่) ( Liv @ Nimman ),2511.0
6929,ลิฟแอทไฟท์,2513.0
6930,ลิฟแอทไฟท์ (Liv at Five ),2513.0
6931,ลิฟแอทไฟท์ (Liv at Five )- ส่งเอกสารเพิ่มเติม ส่งเมล์มา ส่งต่อให้ทุกคนแล้ว,2513.0
6932,ลิฟวิ่ง เพลส (ศูนย์วิจัย 2),2514.0
6933,ลิฟวิ่งเนสท์ รามคำแหง (Living Nest- รามคำแหง),2515.0
6934,ลิฟวิ่งเพลส (ศูนย์วิจัย 2),2514.0
6935,ลิฟวิ่งเพลส ลาดพร้าว 140,2516.0
6936,ลิฟวิ่งเพลส ลาดพร้าว 140 (Living Place ลาดพร้าว 140),2514.0
6937,ลีลาวดี 3 อพาร์ทเม้นท์,757.0
6938,ลุมพินี เซ็นเตอร์ นวมินทร์,2518.0
6940,ลุมพินี เพลส สาทร,
6941,ลุมพินีวิลล์ ประชาชื่น - พงษ์เพชร,
6942,ลูกใหม นิติ ไลฟ์ บางกอก บลูเลอวาร์ด-( ประเวศ),
6945,ลูกค้าใหม่ (เอสวีซิตี้),3365.0
6947,ลูกค้าใหม่ (จอมเทียน คอนโดเทล),3365.0
6949,ลูกค้าใหม่ (ชีวารมย์ รังสิต - ดอนเมือง),3365.0
6950,ลูกค้าใหม่ (นิติ เดอะคิทท์ แจ้งวัฒนะ อาคาร เอ )),3365.0
6951,ลูกค้าใหม่ (นิติ จุลดิษ แมนชั่น),3365.0
6952,ลูกค้าใหม่ (นิติฯ) ศุภาลัย เวอเรนด้า รามคำแหง,3365.0
6955,ลูกค้าใหม่ (ม.พฤกษาทาวน์ 81),3202.0
6956,ลูกค้าใหม่ (หมู่บ้าน รื่นฤดี 7 )),3365.0
6961,ลูกค้าใหม่ นิติ เดอะ พิลิแคน (กระบี่ )),3365.0
6943,ลูกค้าใหม่,3365.0
6944,ลูกค้าใหม่ ( แมนชั่น),3365.0
6946,ลูกค้าใหม่ (คอนโด),3365.0
6948,ลูกค้าใหม่ (ชลบุรี),3365.0
6954,ลูกค้าใหม่ (ภูเก็ต)),3365.0
6957,ลูกค้าใหม่ (หมู่บ้าน),3365.0
6958,ลูกค้าใหม่ (หมู่บ้าน) ม.ไลฟ์ บางละมุง 2,3365.0
6959,ลูกค้าใหม่ (หมู่บ้าน)),3365.0
6960,ลูกค้าใหม่ (หมู่บ้านจัดสรร),3365.0
6962,ลูกค้าใหม่ สนใจโปรแกรมค่ะ,3365.0
6963,ลูกค้าใหม่ หมู่บ้านจัดสรร,3365.0
6928,ลิฟ แอท ฟอร์ตี้นาย (Liv @ 49),2512.0
6969,ลูกค้าใหม่สนใจโปรแกรม ( บ.แกรนด์ ซิตี้ พาร์ค จำกัด ) บริหารอพาร์ทเม้นท์,251.0
6981,ลูกค้าใหม่สนใจโปรแกรม นิติ เลอ รัฟฟิเน คอนโดมิเนียม,3365.0
6986,ลูกค้าใหม่สนใจโปรแกรม( ม.พฤกษา 40)),3192.0
6995,ลูกค้านิติฯ(JW ซิตี้ รัชดา 32 ),
6997,ลูกค้าสนใจโปรแกรม,
6998,ลูกาโน ลาดพร้าว 18,
6999,วงศ์อมาตย์ เรสซิเด้นซ์ (Wongamat Residence) (พัทยา),
7000,วรารมย์ เพชรเกษม 81 เฟส 2,3273.0
7001,วรารมย์ แก้วนวรัฐ,3274.0
7002,วรารมย์ -แก้วนวรัฐ,
7003,วรารมย์ ประชาอุทิศ ธนบุรี,3275.0
7004,วรารมย์ พรีเมี่ยม วัชรพล-จตุโชติ,3276.0
7005,วรารมย์ พรีเมี่ยม ศาลากลาง,
7006,วรารมย์ พหลโยธิน สายไหม,3277.0
7007,วรารมย์ พหลโยธินสายไหม,3277.0
7008,วรารักษ์-โรจนะ,2803.0
7009,วสุ 55,761.0
7010,วอเตอร์เกท พาวิลเลี่ยน (Watergate Pavilloin),2521.0
7011,วอเตอร์เกท พาวิลเลี่ยน (Watergate Pavilloin) (LANx2),2521.0
7012,วอเตอร์ฟอร์ด 50,
7013,วอเตอร์มาร์ค เจ้าพระยา ริเวอร์,2522.0
7016,วัฒนา ไฮท์ (WHC),
7017,วัฒนา สวีท,
7018,วันไพร์ม แอสเซท,765.0
7019,วันไพร์ม แอสเซท - ส่ง Format Excel มาให้ Import ส่งต่อให้ทุกคนแล้ว,765.0
7020,วันไพร์ม แอสเซท (One Prime Asset),765.0
7021,วันพลัส แกรนด์ รามคำแหง,
7023,วิช ซิกเนเจอร์ มิดทาวน์ สยาม,2527.0
7024,วิช ซิกเนเจอร์ มิดทาวน์ สยาม (Wish Signature Midtown Siam),2527.0
7025,วิช ซิกเนเจอร์ มิดทาวน์ สยาม (Wish Signature Midtown Siam) - ส่งเมล์มา ส่งต่อให้ทุกคนแล้ว,2527.0
7026,วิช ซิกเนเจอร์ มิดทาวน์ สยาม (Wish Signature Midtown Siam) ( LANx1 ),2527.0
7027,วิช ซิกเนเจอร์ มิดทาวน์ สยาม (Wish Signature Midtown Siam)- ส่งเมล์มา ส่งต่อให้ทุกคนแล้ว,2527.0
7277,สมาร์ท คอนโด อ่อนนุช (A-K),
6967,ลูกค้าใหม่นิติฯ(ขอนแก่น),3365.0
6968,ลูกค้าใหม่สนใจโปรแกรม,3365.0
6994,ลูกค้าใหม่สนใจโปรแกรมบัญชีของหมู่บ้าน,3365.0
6993,ลูกค้าใหม่สนใจโปรแกรมนิติฯค่ะ,3365.0
6992,ลูกค้าใหม่สนใจโปรแกรมนิติฯ,3365.0
6991,ลูกค้าใหม่สนใจโปรแกรมค่ะ,3365.0
6989,ลูกค้าใหม่สนใจโปรแกรม(หมู่บ้าน)),3365.0
6988,ลูกค้าใหม่สนใจโปรแกรม(นิติฯ)),3365.0
6987,ลูกค้าใหม่สนใจโปรแกรม(นิติฯ),3365.0
6984,ลูกค้าใหม่สนใจโปรแกรม อพาร์ทเม้นท์,3365.0
6982,ลูกค้าใหม่สนใจโปรแกรม นิติฯ,3365.0
6983,ลูกค้าใหม่สนใจโปรแกรม ม.คุณาพัชร,3365.0
6980,ลูกค้าใหม่สนใจโปรแกรม ของนิติฯ,3365.0
6979,ลูกค้าใหม่สนใจโปรแกรม ของ อพาร์ทเม้นท์,3365.0
6978,ลูกค้าใหม่สนใจโปรแกรม (อพาร์ทเม้นท์ ),3365.0
6977,ลูกค้าใหม่สนใจโปรแกรม (หมู่บ้านจัดสรร),3365.0
6975,ลูกค้าใหม่สนใจโปรแกรม (หมู่บ้าน),3365.0
6974,ลูกค้าใหม่สนใจโปรแกรม (หมู่บ้าน ที่ดินเปล่า),3365.0
6973,ลูกค้าใหม่สนใจโปรแกรม (นิติบุคคลอาคารชุด (ภูเก็ต)),3365.0
6972,ลูกค้าใหม่สนใจโปรแกรม (คอนโด (ภูเก็ต)),3365.0
6971,ลูกค้าใหม่สนใจโปรแกรม (เป็นโครงการหมู่บ้าน),3365.0
6970,ลูกค้าใหม่สนใจโปรแกรม (GL),3365.0
6966,ลูกค้าใหม่นิติฯ สีลม พาร์ควิว,2698.0
7014,วอเตอร์มาร์ค เจ้าพระยา ริเวอร์ (The Watermark เจ้าพระยา River),2522.0
7022,วิช แอท สามย่าน (Wish @ สามย่าน ),2526.0
7028,วิชแอทสยาม ( Wish @ Siam ),2524.0
7031,วิทยุ คอมเพล็กซ์,
7032,วิทยุ คอมเพล็กซ์   เลอ รัฟฟิเน่,
7033,วิทยุ คอมเพล็กซ์( เช่า ระยะเวลา 1 ปี),
7034,วินด์ รัชโยธิน,2530.0
7035,วินด์ รัชโยธิน - ส่งเมล์มา ส่งต่อให้ทุกคนแล้ว,2530.0
7036,วินด์ สุขุมวิท 23 ( Wind สุขุมวิท 23),2531.0
7037,วินด์ สุขุมวิท 23 ( Wind สุขุมวิท 23)- ส่งเมล์มา ส่งต่อให้ทุกคนแล้ว,2531.0
7038,วินด์ สุขุมวิท 23 (Century 21),2531.0
7039,วินด์ สุขุมวิท 23 (Wind สุขุมวิท 23),2531.0
7040,วินด์เชลล์ นราธิวาส ( Windshell - นราธิวาส ),2532.0
7041,วินด์เชลล์ นราธิวาส (Windshell),2532.0
7042,วินด์เชลล์ นราธิวาส Windshell),2532.0
7043,วินนิ่ง เรสซิเด้นท์ (สาทร-กัลปพฤกษ์) ( winning Resident ),3280.0
7044,วินนิ่งเรสซิเด้นท์ (สาทร-กัลปพฤกษ์),3280.0
7045,วินนิ่งเรสซิเด้นท์ (สาทร-กัลปพฤกษ์) (Winning),3280.0
7046,วินส์ เรสซิเด้นซ์ (Wince Residence),
7047,วิภาวดีเพลส,
7048,วิภาวิลล์ แมนชั่น 2,
7049,วิลเชอร์ (WSC),
7050,วิลเชอร์ คอนโดมิเนียม,2534.0
7051,วิลเลต ไลท์ พัฒนาการ,
7061,วิลล่า โนวา วัชรพล - สายไหม ( Villa Nova),3283.0
7062,วิลล่า ราชเทวี,2535.0
7063,วิลล่า ราชครู,2536.0
7064,วิลล่า ลาซาล สุขุมวิท 105,2537.0
7065,วิลล่า สาทร,
7066,วิลล่า สาทร-ตากสิน,
7067,วิลล่า สิกขรา,2538.0
7068,วิลล่า สิกขรา คอนโดมิเนียม,2538.0
7069,วิลล่า อโศก,2539.0
7070,วิลลาจจิโอ พระราม 2 (Villaggio Rama2),3284.0
7071,วิลลาร์ นอร์เวย์ เรสซิเดนซ์ 1,2540.0
7072,วิลลาร์ นอร์เวย์ เรสซิเดนซ์ 1 (Vila Norway Residence 1) (ชลบุรี),2540.0
7073,วิวเชอร์ (WSC),
7074,วิวทะเล เรสซิเด้นซ์ 6 คอนโดมิเนียม,2542.0
7075,วิวทะเล เรสซิเด้นซ์ 6 คอนโดมิเนียม ( ชลบุรี),2542.0
7076,วิวทะเล เรสซิเด้นซ์ 6 คอนโดมิเนียม (ชลบุรี),2542.0
7077,วิวทะเล เรสซิเดนซ์ คอนโดมิเนียม 4,2543.0
7078,วิวทะเล เรสซิเดนซ์ คอนโดมิเนียม 4 ( ชลบุรี),2543.0
7079,วิวทะเล เรสซิเดนซ์ คอนโดมิเนียม 4 (ชลบุรี),2543.0
7080,วิวทะเลเรสซิเด้นซ์ คอนโดมิเนียม 4 - ส่งเมล์มา วันที่ 06/01/2564 ส่งต่อให้ทุกคนแล้ว,
7081,วิวทะเลจอมเทียนคอนโดมิเนียม โครงการ 1,2546.0
7082,วิวทะเลจอมเทียนคอนโดมิเนียม โครงการ 1_(ชลบุรี) (LANx2 ),2801.0
7083,วิศวพล แลนด์แอนเฮ้าส์,778.0
7084,วิสเปอร์ริ่งปาล์มสวีท,2547.0
7085,วิสซ์ดอม ดิ เอ็กซ์คลูซีฟ สุขุมวิท 64,
7086,วิสซ์ดอม ดิ เอ็กซ์คลูซีฟ สุขุมวิท 64 ( Wisdom The Exclusive สุขุมวิท 64),
7087,วิสซ์ดอม ดิ เอ็กซ์คลูซีฟ สุขุมวิท 64( Wisdom The Exclusive สุขุมวิท 64),
7088,วิสซ์ดอม สถานีปุณณวิถี (Whizdom Punnawithi ),
7089,วิสซ์ดอม อเวนิว รัชดาลาดพร้าว (Wisdom Avenue รัชดาลาดพร้าว ),
7090,วิสต้า การ์เด้นท์ (Vista Garden),2548.0
7029,วิชแอทสยาม อาคาร บี ( Wish @ Siam B ),2524.0
7030,วิชแอทสยาม อาคาร บี (Wish @ siam B ),2524.0
7091,วี คอนโด (ศาลายา (V Condo ศาลายา),
7092,วี คอนโด (ศาลายา) (V Condo (ศาลายา),
7093,วี คอนโด เฟส เอ (V Condo A) (AP),2549.0
7094,วี คอนโด เฟส เอ (V Condo Phase A) (วี คอนโด ลาดกระบัง),2549.0
7097,วี คอนโด แจ้งวัฒนะ,2550.0
7098,วี คอนโด แจ้งวัฒนะ (V Condo แจ้งวัฒนะ),2550.0
7099,วี คอนโด แจ้งวัฒนะ (V Condo),2550.0
7100,วี คอนโด แจ้งวัฒนะ(V Condo),2550.0
7104,วีรันดา เรสซิเด้นซ์ หัวหิน (ประจวบ),2551.0
7105,วีรันดา เรสซิเด้นซ์ หัวหิน-ประจวบ,2551.0
7106,วีสเปซ คอนโด (Vspace Condo),2552.0
7107,วีสเปซ คอนโด (Vspace Condo) ชลบุรี,2552.0
7108,ศรีเจริญ คอนโดทาวน์,2553.0
7109,ศรีเจริญ คอนโดทาวน์- ส่งเมล์มาวันที่ 25/11/2564 ส่งต่อให้ทุกคนแล้ว,2553.0
7110,ศรีนครินทร์ เพลซ คอนโดมิเนียม,2555.0
7111,ศรีนครินทร์ เพลซ คอนโดมิเนียม - ส่งเมล์มา ส่งต่อให้ทุกคนแล้ว,2555.0
7112,ศรีนครินทร์ เพลซ คอนโดมิเนียม - ส่งเมล์มาวันที่ 11/01/2564 ส่งต่อให้ทุกคนแล้ว,2555.0
7113,ศรีบำเพ็ญ คอนโด โฮม,
7114,ศรีราชา เลคไซด์,3288.0
7115,ศรีราชา เลคไซด์ (ชลบุรี),3288.0
7116,ศรีราชา คอนโดวิว,2556.0
7117,ศรีวราแมนชั่น 1,2558.0
7118,ศรีสุโขทัย คอนโดมิเนียม,2560.0
7119,ศศิธร,3289.0
7120,ศศิธรเพรชเกษม,3289.0
7121,ศาลาแดง เรสซิเด้นซ์ (SDR),
7122,ศิรินเรสซิเด้นซ์ 1,
7123,ศิรินเรสซิเด้นซ์ 1 (พัฒนาการ),
7124,ศิรินเรสซิเด้นซ์ 1 -พัฒนาการ (หมดวันที่ 05/06/2021),
7125,ศิรินเรสซิเดนซ์ คอนโด,2561.0
7126,ศิริราชมูลนิธิ (Uniloft ศาลายา),809.0
7127,ศิริวิทย์ เรสซิเด้นท์,
7128,ศิวาลัยวิลเลจ 4,3290.0
7129,ศิวาลัยวิลเลจ 4 (เชียงใหม่),3290.0
7130,ศิวาลัยวิลเลจ 4 (เชียงใหม่)(GL),3290.0
7131,ศุภวรรณ ริเวอร์เพลส อาคารอี,
7132,ศุภวรรณ ริเวอร์เพลส อาคารอี (ศุภวรรณ อาคารอี),2562.0
7133,ศุภาลัย เพลส,2563.0
7134,ศุภาลัย เพลส - ส่งเมล์มา ส่งต่อให้ทุกคนแล้ว,2563.0
7135,ศุภาลัย เพลส (สุขุมวิท 39 ),2563.0
7136,ศุภาลัย เวลลิงตัน,2564.0
7137,ศุภาลัย เวลลิงตัน 1,2564.0
7138,ศุภาลัย เวลลิงตัน 1- ส่งเมล์มา ส่งต่อหให้ทุกคนแล้ว,2564.0
7139,ศุภาลัย เวลลิงตัน 2,2565.0
7140,ศุภาลัย เวอเรนด้า พระราม 9,2566.0
7141,ศุภาลัย เวอเรนด้า รัชวิภา,2568.0
7142,ศุภาลัย เวอเรนด้า รัตนาธิเบศร์,2569.0
7143,ศุภาลัย เวอเรนด้า สถานีภาษีเจริญ,2570.0
7144,ศุภาลัย เอลีท พญาไท,2571.0
7145,ศุภาลัย เอลีท สรุวงศ์,2572.0
7146,ศุภาลัย เอลีท สาทร-สวนพลู,2573.0
7147,ศุภาลัย โอเรียนทัล เพลส,2575.0
7148,ศุภาลัย โอเรียนทัล เพลส (สวนพูล),2575.0
7149,ศุภาลัย โอเรียนทัล เพลส-สวนพูล,2575.0
7150,ศุภาลัย โอเรียนทัล สุขุมวิท 39,2576.0
7151,ศุภาลัย โอเรียนทัล สุขุมวิท39,2576.0
7152,ศุภาลัย ไพร์ด พิษณุโลก,
7153,ศุภาลัย ไพร์ม พระราม 9,2577.0
7154,ศุภาลัย ไพร์ม พระราม9,2577.0
7155,ศุภาลัย ไลท์ ท่าพระ-วงเวียนใหญ่,2578.0
7156,ศุภาลัย การ์เด้นวิลล์ แจ้งวัฒนะ-หลักสี่,
7417,สุรวงศ์ ซิตี้ รีสอร์ท,2711.0
7102,วี คอนโดศาลายา วี 1 ทาวเวอร์,783.0
7095,วี คอนโด เฟส เอ (V Condo Phase A) (วี คอนโด ลาดกระบัง) (วี.วี.พร๊อพเพอร์ตี้ กรุ๊ป (VV Property Group)),784.0
7157,ศุภาลัย การ์เด้นวิลล์ วงแหวนปิ่นเกล้า - พระราม 5,3291.0
7158,ศุภาลัย คาซาริวา,2582.0
7159,ศุภาลัย ซิตี้ รีสอร์ท (ชลบุรี),2637.0
7160,ศุภาลัย ซิตี้ รีสอร์ท (ภูเก็ต ),2637.0
7161,ศุภาลัย ซิตี้ รีสอร์ท (ภูเก็ต ) - ส่งเมล์มา วันที่ 10/2/2565 ส่งต่อให้ทุกคนแล้ว,2637.0
7162,ศุภาลัย ซิตี้ รีสอร์ท (ภูเก็ต ) - ส่งเมล์มา วันที่ 8/10/2564 ส่งต่อให้ทุกคนแล้ว,2637.0
7163,ศุภาลัย ซิตี้ รีสอร์ท (ภูเก็ต ) - ส่งเมล์มา ส่งต่อให้ทุกคนแล้ว,2637.0
7164,ศุภาลัย ซิตี้ รีสอร์ท (ภูเก็ต ) - ส่งเมล์มาวันที่ 8/10/2564 ส่งต่อให้ทุกคนแล้ว,2637.0
7165,ศุภาลัย ซิตี้ รีสอร์ท (ภูเก็ต),2637.0
7166,ศุภาลัย ซิตี้ รีสอร์ท แจ้งวัฒนะ,2585.0
7167,ศุภาลัย ซิตี้ รีสอร์ท จรัญฯ 91,2586.0
7168,ศุภาลัย ซิตี้ รีสอร์ท ชลบุรี,2587.0
7169,ศุภาลัย ซิตี้ รีสอร์ท พระราม 8,2588.0
7170,ศุภาลัย ซิตี้ รีสอร์ท ระยอง,2589.0
7171,ศุภาลัย ซิตี้ รีสอร์ท รัชโยธิน-พหลโยธิน 32,2591.0
7172,ศุภาลัย ซิตี้ รีสอร์ท รามคำแหง,2598.0
7173,ศุภาลัย ซิตี้ รีสอร์ท สถานีแบริ่ง,2593.0
7174,ศุภาลัย ซิตี้ รีสอร์ท สถานีพระนั่งเกล้า-เจ้าพระยา,2595.0
7175,ศุภาลัย ซิตี้ รีสอร์ท สุขุมวิท 107,2596.0
7176,ศุภาลัย ปาร์ค @ ดาวน์ทาวน์ ภูเก็ต,2600.0
7177,ศุภาลัย ปาร์ค @ ภูเก็ต ซิตี้,2601.0
7178,ศุภาลัย ปาร์ค @ ภูเก็ต ซิตี้ (LANx1),2601.0
7179,ศุภาลัย ปาร์ค 2,2602.0
7180,ศุภาลัย ปาร์ค 2 (ศุภาลัย พหลโยธิน 21),2602.0
7181,ศุภาลัย ปาร์ค 2 (ศุภาลัย พหลโยธิน 21) (LANx2),2602.0
7182,ศุภาลัย ปาร์ค 3,2603.0
7183,ศุภาลัย ปาร์ค แคราย - งามวงศ์วาน,2605.0
7184,ศุภาลัย ปาร์ค แคราย - งามวงศ์วาน - ส่งเมล์มา ขอเพิ่มเติมข้อความในระบบ การออกหนังสือเตือน ส่งต่อให้ทุกคนแล้ว,2605.0
7185,ศุภาลัย ปาร์ค แคราย-งามวงศ์วาน,2605.0
7186,ศุภาลัย ปาร์ค แคราย-งามวงศ์วาน - ส่งเมล์มา ส่งต่อให้ทุกคนแล้ว,2605.0
7187,ศุภาลัย ปาร์ค แคราย-งามวงศ์วาน - ส่งเมล์มาวันที่ 2/2/2564 ส่งต่อให้ทุกคนแล้ว,2605.0
7188,ศุภาลัย ปาร์ค แคราย-งามวงศ์วาน- ส่งเมล์มา ส่งต่อให้ทุกคนแล้ว,2605.0
7189,ศุภาลัย ปาร์ค แยกเกษตร,2606.0
7190,ศุภาลัย ปาร์ค แยกเกษตร - ส่งเมล์มา ส่งต่อให้ทุกคนแล้ว,2606.0
7191,ศุภาลัย ปาร์ค แยกเกษตร - ส่งเมล์มาวันที่ 1/3/2564 ส่งต่อให้ทุกคนแล้ว,2606.0
7192,ศุภาลัย ปาร์ค แยกติวานนท์,2607.0
7193,ศุภาลัย ปาร์ค รัชโยธิน,2608.0
7194,ศุภาลัย ปาร์ค รัชโยธิน - ส่งเมล์มา ส่งต่อให้ทุกคนแล้ว,2608.0
7195,ศุภาลัย ปาร์ค รัชโยธิน - ส่งเมล์มาวันที่ 2/12/2564 ส่งต่อให้ทุกคนแล้ว,2608.0
7196,ศุภาลัย ปาร์ค ราชพฤกษ์ - เพชรเกษม,2609.0
7197,ศุภาลัย ปาร์ค ศรีนครินทร์,2610.0
7198,ศุภาลัย ปาร์ค สถานีแยกไฟฉาย,2611.0
7199,ศุภาลัย ปาร์ค สถานีตลาดพลู,2612.0
7200,ศุภาลัย พรีเมียร์ เจริญนคร,2614.0
7201,ศุภาลัย พรีเมียร์ รัชดา-นราธิวาส-สาทร,2615.0
7202,ศุภาลัย พรีเมียร์ รัชดา-นราธิวาส-สาทร - ส่งเมล์มา ส่งต่อให้ทุกคนแล้ว,2615.0
7203,ศุภาลัย พรีเมียร์ ราชเทวี,2616.0
7204,ศุภาลัย พรีเมียร์ อโศก,2617.0
7205,ศุภาลัย พาร์ควิลล์ พระราม 2 - ท่าข้าม,3293.0
7206,ศุภาลัย พาร์ควิลล์ พระราม 2-ท่าข้าม,3293.0
7207,ศุภาลัย พาร์ควิลล์ ร่มเกล้า-สุวรรณภูมิ,3294.0
7208,ศุภาลัย พาร์ควิลล์ วงแหวน-ราชพฤกษ์,3367.0
7209,ศุภาลัย พาร์ควิลล์ วงแหวน-ราชพฤกษ์ - ส่งเมล์มา ส่งต่อให้ทุกคนแล้ว,3367.0
7210,ศุภาลัย มณฑลาปิ่นเกล้า พุทธมณฑล สาย 1,3304.0
7211,ศุภาลัย มณฑลาปิ่นเกล้า-พุทธมณฑล สาย 1,3297.0
7212,ศุภาลัย มณฑลาปิ่นเกล้า-พุทธมณฑล สาย 1- ส่งเมล์มา ส่งต่อให้ทุกคนแล้ว,3297.0
7213,ศุภาลัย มณฑลาปิ่นเกล้า-พุทธมณฑล สาย1,3297.0
7214,ศุภาลัย มอนเต้ 2 (เชียงใหม่),2619.0
7215,ศุภาลัย มอนเต้ แอท เวียงเชียงใหม่,2620.0
7216,ศุภาลัย มาเรย์ @ พัทยา,2622.0
7217,ศุภาลัย มาเรย์@พัทยา,2622.0
7218,ศุภาลัย มาเรย์@พัทยา (ชลบุรี),2622.0
7219,ศุภาลัย ริเวอร์ เพลส,2624.0
7220,ศุภาลัย ริเวอร์ รีสอร์ท,2625.0
7221,ศุภาลัย ริวา แกรนด์,2626.0
7222,ศุภาลัย ลอฟท์ แจ้งวัฒนะ,2627.0
7223,ศุภาลัย ลอฟท์ ประชาธิปก - วงเวียนใหญ่,2628.0
7224,ศุภาลัย ลอฟท์ ประชาธิปก - วงเวียนใหญ่ (SLW),2628.0
7225,ศุภาลัย ลอฟท์ สถานีแคราย,2629.0
7226,ศุภาลัย ลอฟท์ สถานีแยกไฟฉาย,2630.0
7227,ศุภาลัย ลอฟท์ สถานีตลาดพลู,2631.0
7228,ศุภาลัย ลากูน คอนโด (ภูเก็ต),2632.0
7229,ศุภาลัย วิลล์ กิ่งแก้ว-ศรีนครินทร์,3298.0
7230,ศุภาลัย วิลล์ วงแหวน - รัตนาธิเบศร์,3306.0
7232,ศุภาลัย วิสต้า แอท ห้าแยกปากเกร็ด,2634.0
7233,ศุภาลัย วิสต้า แอท ห้าแยกปากเกร็ด - ส่งเมล์มา ส่งต่อให้ทุกคนแล้ว,2634.0
7234,ศุภาลัย วิสต้า ภูเก็ต,2635.0
7235,ศุภาลัย สุวรรณภูมิ,3301.0
7236,ศุภาลัย ออร์คิด ปาร์ค 3,3302.0
7237,ศุภาลัย ออร์คิด ปาร์ค 3 - ส่งเมล์มา ส่งต่อให้ทุกคนแล้ว,3302.0
7238,ศุภาลัย ออร์คิด ปาร์ค 3 (LANx1),3302.0
7239,ศุภาลัยเพลสสุขุมวิท39,2563.0
7240,ศุภาลัยไพรด์ บางนา-วงแหวนรอบนอก,
7241,ศุภาลัยบุรี-รังสิต,3303.0
7242,ศุภาลัยบุรี-รังสิต (คลอง 4)),3303.0
7243,ศุภาลัยบุรี-รังสิต (คลอง 4)) (LANx1),3303.0
7244,ศุภาลัยบุรี-รังสิต (คลอง 4)) (LANx2),3303.0
7245,ศุภาลัยพรีเมียร์เพลส,2639.0
7246,ศุภาลัยพรีเมียร์เพลส (อโศก),2639.0
7247,ศุภาลัยริเวอร์เพลส,2624.0
7249,ศุภาลัยวิสต้า ศรีราชา-แยกท่าเรือแหลมฉบัง,2642.0
7250,ศุภาลัยวิสต้า ศรีราชา-แยกท่าเรือแหลมฉบัง (ชลบุรี),1546.0
7251,ศูนย์บริหารสินทรัพย์ มหาวิทยาลัยมหิดล,813.0
7252,ศูนย์บริหารสินทรัพย์ มหาวิทยาลัยมหิดล - ส่งเมล์มา ส่งต่อให้ทุกคนแล้ว,813.0
7254,สโคป หลังสวน,816.0
7255,สกายแลนด์คอนโดมิเนียม,2644.0
7256,สกายแลนด์คอนโดมิเนียม (อุดรธานี )( Skyland ),2644.0
7257,สกายบีช คอนโดมิเนียม (Sky Beach),2645.0
7258,สกายบีช คอนโดมิเนียม (Sky Beach) (LANx4),2645.0
7259,สกุลไทย สุรวงศ์ ทาวเวอร์,2646.0
7260,สตาร์วิว (Star View),2647.0
7261,สบาย สบาย 2,
7262,สปริงฟิลด์ บีช คอนโดมิเนียม,2648.0
7263,สมประสงค์พัทยา(PLMบริหาร),
7264,สมพงษ์คอนโดเทล 1,2650.0
7265,สมพงษ์คอนโดเทล 1 2,2650.0
7266,สมฤทัยวิลเลจ,3307.0
7267,สมหรรษา,819.0
7268,สมาคมการค้าอัญมณีและเครื่องประดับอาเซียน,820.0
7269,สมาคมชาวหมู่บ้าน เศรษฐสิริ - รามอินทรา,3308.0
7270,สมาคมบ้านธนารักษ์ นนทบุรี,821.0
7271,สมาคมบ้านธนารักษ์นนทบุรี,821.0
7272,สมาคมบ้านธนารักษ์นนทบุรี - ส่งเมล์มา ส่งต่อให้ทุกคนแล้ว,821.0
7273,สมาคมบ้านธนารักษ์นนทบุรี - ส่งเมล์มาวันที่14/10/1564 ส่งต่อให้ทุกคนแล้ว,821.0
7274,สมาคมบ้านธนารักษ์นนทบุรี (LANx1),821.0
7276,สมาร์ท คอนโด วัชรพล (Smart Condo-วัชรพล),2665.0
7253,ส.วัฒนา บางปะอิน,814.0
7248,ศุภาลัยวิลล์ พระราม 2,3305.0
7278,สมาร์ท คอนโด อ่อนนุช (A-K) (Smart Condo อ่อนนุช A-K),
7279,สมาร์ท คอนโด อ่อนนุชA-K,
7280,สมาร์ท คอนโด อ่อนนุชA-K - ส่งเมล์มา ส่งต่อให้ทุกคนแล้ว,
7281,สมารท์เซอร์วิส,104.0
7282,สมาร์ทเฮ้าส์ วิลเลจ หัวหิน (Smart House),825.0
7283,สมาร์ทเฮ้าส์ วิลเลจ หัวหิน (Smart House) (LANx1),825.0
7284,สมาร์ทคอนโด พระราม 2 (Smart Condo Rama 2),404.0
7285,สมาร์ทคอนโด พระราม 2 (Smart Condo Rama 2) (LANx1),404.0
7286,สมาร์ทคอนโด พระราม 2 (Smart Condo Rama2),404.0
7291,สยามจตุจักร (Umall),835.0
7292,สยามจตุจักร Umall,835.0
7294,สยามซีไซต์ คอนโดมิเนียม,
7295,สราญชลพัทยา คอนโดมิเนียม (ชลบุรี),2668.0
7296,สราญสิริ ประชาอุทิศ-สุขสวัสดิ์,
7297,สราญสิริ ราชพฤกษ์ - แจ้งวัฒนะ,3310.0
7298,สราญสิริท่าข้ามพระราม2,
7299,สลิลธารา,
7308,สวิฟท์ คอนโด ( Swift Condo),
7309,สวิฟท์ คอนโด เอฟ ( Swift Condo F),2675.0
7310,สหกรณ์เคหสถานชุมชนคลองเตย,842.0
7311,สหกรณ์เคหสถานชุมชนคลองเตย ((สหกรณ์คลองเตย แฟลต 1-10)),842.0
7312,สหกรณ์เคหสถานชุมชนคลองเตย (70 ไร่),842.0
7313,สหกรณ์เคหสถานชุมชนคลองเตย (แฟลต 1-10),842.0
7319,สหกรณ์เคหสถานชุมชนคลองเตย (แฟลต1-10)- ส่งเมล์มา ส่งต่อให้ทุกคนแล้ว,842.0
7320,สหกรณ์เคหสถานชุมชนคลองเตย (โครงการ 70 ไร่),842.0
7321,สหกรณ์เคหสถานชุมชนคลองเตย (โครงการ 70 ไร่) (LANx1),842.0
7322,สหกรณ์เคหสถานชุมชนคลองเตย (โครงการ 70 ไร่)(LANx1),842.0
7323,สหกรณ์บริการชุมชนบ้านเอื้ออาทรบางบัวทอง,844.0
7324,สหกรณ์บ้านเอื้ออาทร เศรษฐกิจ 3,847.0
7325,สหกรณ์บ้านเอื้ออาทร เศรษฐกิจ 3(บ้านเอื้ออาทร เศรษฐกิจ 3),847.0
7326,สัมมากร คอนโดมิเนียม,2676.0
7327,สาทร พาร์ค เพลส,
7328,สาทรเพลส,
7329,สาทรแฮปปี้แลนด์,
7330,สาธร - แฮปปี้แลนด์ ทาวเวอร์,
7331,สาธร เพลส,2679.0
7332,สาธร แฮปปี้แลนด์ ทาวเวอร์,
7333,สาธร พาร์ค เพลส (SPP),
7334,สาธรเรสซิเด้นซ์,
7335,สายลม คอนโดเทล (เทพารักษ์),2682.0
7336,สายลมคอนโดเทล,2682.0
7337,สายลมคอนโดเทล (เทพารักษ์),2682.0
7338,สายลมคอนโดเทล (แจ้งวัฒนะ),2682.0
7339,สายลมคอนโดเทล (แจ้งวัฒนะ) - ส่งเมล์มา ส่งต่อให้ทุกคนแล้ว,2682.0
7340,สายลมคอนโดเทล (แจ้งวัฒนะ) - ส่งเมล์มาวันที่ 17/5/2564 ส่งต่อให้ทุกคนแล้ว,2682.0
7341,สายลมคอนโดมิเนียม,2683.0
7342,สายลมสวีท,2684.0
7416,สุพรีมคอนโดราชวิถี 3 ( Supreme Condo Ratchawitee 3),2710.0
7287,สยามโอเรียนทัล พลาซ่า คอนโดมิเนียม,834.0
7288,สยามโอเรียนทัล พลาซ่า คอนโดมิเนียม (ชลบุรี),834.0
7289,สยามโอเรียนทัล สตาร์ (ชลบุรี),834.0
7290,สยามคอนโดมิเนียม (Siam Condominium ),2667.0
7301,สวอนเลค นิติ 2 (Swan Lake 2) (โคราช),2670.0
7302,สวอนเลค นิติ 3 (Swan Lake 3) (โคราช),2671.0
7303,สวอนเลค นิติ 3 5 (Swan Lake 3 5) (โคราช),2671.0
7305,สวอนเลค นิติ 4 (Swan Lake 4) (โคราช),2672.0
7304,สวอนเลค นิติ 4 (Swan Lake 4),2672.0
7306,สวอนเลค นิติ 5 (Swan Lake 5),2673.0
7307,สวอนเลค นิติ 5 (Swan Lake 5) (โคราช),2673.0
7300,สวอนเลค นิติ 1 (Swan Lake 1) (โคราช),2674.0
7293,สยามจตุจักร Umall   เงินเพิ่มพูล,82.0
7343,สายลมสวีท - ส่งเมล์มา ส่งต่อให้ทุกคนแล้ว,2684.0
7344,สายลมอพาร์ทเม้นท์ (ซิตี้ เอสเตท ),450.0
7345,สาริน ซิตี้ (เฉลียงจันทร์),3312.0
7346,สาริน ซิตี้ (เฉลียงจันทร์) - ส่งเมล์มา ส่งต่อให้แล้ว,3311.0
7347,สาริน ซิตี้ (เฉลียงจันทร์) - ส่งเมล์มา ส่งต่อให้ทุกคนแล้ว,3311.0
7348,สาริน ซิตี้ (เมฆา),3313.0
7349,สาริน ซิตี้ (เมฆา) - ส่งเมล์มา ส่งต่อให้ทุกคนแล้ว,3311.0
7350,สาริน ซิตี้ (โครงการสายลม) และ (โครงการวงตะวัน),3311.0
7351,สาริน ซิตี้ (โครงการสายลม) และ (โครงการวงตะวัน) - ส่งเมล์มา ส่งต่อให้ทุกคนแล้ว,3311.0
7352,สาริน ซิตี้ โครงการ สายลม,3311.0
7353,สาริน อเวนิว,3314.0
7354,สารินซิตี้ (เฉลียงจันทร์),3312.0
7355,สารินซิตี้ (เฉลียงจันทร์) - ส่งเมล์มา ส่งต่อให้ทุกคนแล้ว,3311.0
7356,สารินซิตี้ (คินตา พาวิลเลี่ยน),3315.0
7357,สำเพ็ง 2 เฟส 1,3317.0
7358,สำเพ็ง 2 เฟส 1 2,3317.0
7359,สำเพ็ง 2 เฟส 1-2,3317.0
7360,สำเพ็ง 2 เฟส 2,3318.0
7361,สำนักงานเทศบาลตำบลบางสวรรค์,852.0
7362,สำนักงานบ้านสวัสดิการกองทัพบก,855.0
7364,สินเพชรคอนโดทาวน์,2690.0
7365,สินเศรษฐี เรสซิเดนซ์ ทาวน์ 3,
7366,สินเศรษฐีเรซิเดนซ์ ทาวน์ 3,2691.0
7367,สินทรัพย์นครการ์เด้น,3321.0
7368,สินทรัพย์นิกร,865.0
7369,สินทวีคอนโด A B D E,2692.0
7370,สินทวีคอนโด A B D E - ส่งเมล์มา ส่งต่อให้ทุกคนแล้ว,2692.0
7371,สินทวีคอนโด A B E,
7372,สินทวีคอนโด A B E_(ระยอง),
7373,สินทวีคอนโด ดี,2693.0
7374,สินทวีคอนโด ดี_(กรุงเทพฯ),2693.0
7375,สินธรณี พร็อพเพอร์ตี้,867.0
7376,สินธานี เรสซิเด้นท์ ทาวเวอร์,2694.0
7377,สินธานี เรสซิเด้นท์ ทาวเวอร์ - ส่งเมล์มา ส่งต่อให้ทุกคนแล้ว,2694.0
7378,สินสาธร ทาวเวอร์,2695.0
7379,สินสาธร ทาวเวอร์ (LANx1),2695.0
7380,สินสาธร ทาวเวอร์ (LANx2),2695.0
7381,สิมิลัน รีฟ ( Similan Reef ),3322.0
7382,สิมิลัน รีฟ ( Similan Reef )(บ.พิชชา พร็อพเพอร์ตี้แมเนจเม้นท์ ),649.0
7383,สิริ ศรีลาซาล,
7384,สิริเมโทร รัชดา-วิภาวดี,2696.0
7385,สิริสาทร สวนพลู,2265.0
7386,สีลม เทอเรส,2697.0
7387,สีลม แกรนด์ เทอเรส,
7388,สีลม พาร์ค วิว,2698.0
7389,สีลมคอนโดมิเนียม,2699.0
7390,สีลมซิตี้ รีสอร์ท,
7391,สีลมสวีท,2700.0
7392,สีวลี ปิ่นเกล้า-สาทร,3324.0
7393,สีวลี ปิ่นเกล้า-สาทร- ส่งเมล์มา ส่งต่อให้ทุกคนแล้ว,3324.0
7394,สีวลี รังสิต 1,3325.0
7395,สีวลีเชิงดอย (เชียงใหม่),3326.0
7396,สุโขทัย เรสซิเด้นเซส,
7397,สุขเหมือน 1,
7398,สุขเหมือนทวีทรัพย์ (เอส.เอ็ม.เดคคอร์เรชั่น ) (SM ),230.0
7399,สุขเหมือนทวีทรัพย์ ตึกม่วง,873.0
7400,สุขใจการ์เดน,2701.0
7401,สุขใจการ์เดน (LANx2),2701.0
7402,สุขสวัสดิ์ โมเดิร์น คอนโดวิว คอนโดมิเนียม,1612.0
7403,สุขสาทร (SST),
7404,สุขสาทร SST,
7405,สุขาภิบาล 3 แมนชั่น,2703.0
7406,สุขาภิบาล 3 แมนชั่น ( LANx1),2703.0
7407,สุขุมวิท ซิตี้ รีสอร์ท,2708.0
7408,สุขุมวิท ซิตี้ รีสอร์ท (Sukhumvit City Resort ),2708.0
7409,สุขุมวิท ซิตี้ รีสอร์ท (Sukhumvit City Resort )- ส่งเมล์มา ส่งต่อให้ทุกคนแล้ว,2708.0
7410,สุขุมวิท ลิฟวิ่ง ทาวน์,2706.0
7411,สุขุมวิท ลิฟวิ่ง ทาวน์ (LANx1),2706.0
7412,สุขุมวิท สวีท,2707.0
7413,สุขุมวิท สวีท (LANx1),2707.0
7414,สุขุมวิทปาร์ค,2709.0
7415,สุขุมวิทปาร์ค (ซอย10)),2709.0
7418,สุรวงษวัฒนาคาร,2712.0
7419,สุริยาเพอร์เฟค,3327.0
7420,สุวรรณนคร คอนโด,2714.0
7421,หจก.ทรานสมิชชั่น ชิปปิ้ง เเอนด์ เซอร์วิส(Transmission Shipping),104.0
7423,หจก.ยูนิเทรดชิ้ปปิ้ง แอนด์ เซอร์วิส,104.0
7424,หจก.ยูนิเทรดชิ้ปปิ้ง แอนด์ เซอร์วิส (WT),104.0
7425,หจก.ยูนิเทรดชิ้ปปิ้ง แอนด์ เซอร์วิส (WT)>>,104.0
7426,หน่วยงาน วสุ เดอะ เรสซิเดนส์( เดอะเวิร์คส์ คอมมิวนิตี้ ),
7427,หนั่งคอนโดมิเนียม,
7428,หนึ่งคอนโดมิเนียม,2716.0
7429,หนึ่งคอนโดมิเนียม (แจ้งวัฒนะ),2716.0
7430,หมื่นทรัพย์แลนด์,
7431,หมู่บ้าน เดอะแกรนด์ พระราม 2 (โครงการ คอร์ดยาร์ด พระราม 2 ),
7432,หมู่บ้าน พฤกษาวิลล์ 70,
7433,หมู่บ้านเพิ่มพูนทรัพย์,
7434,หมู่บ้านการ์เด้นโฮม (GARDEN HOME),3329.0
7435,หมู่บ้านขวัญเวียง 1,3330.0
7436,หมู่บ้านขวัญเวียง 1 (เชียงใหม่),3330.0
7437,หมู่บ้านชลลดา สุวรรณภูมิ,
7438,หมู่บ้านดิโอเรียนตัลเฮ้าส์ (The Oriental House),3334.0
7439,หมู่บ้านดิโอเรียนตัลเฮ้าส์ (The riental House),3334.0
7440,หมู่บ้านพนาลี 22 (พฤกษา 41/1),
7441,หมู่บ้านพนาสนธิ์ 4,
7442,หมู่บ้านพนาสนธิ์ การ์เด้นโฮม 3,3337.0
7443,หมู่บ้านมารวย ฉะเชิงเทรา,2804.0
7444,หมู่บ้านลลิล กรีนวิลล์,2947.0
7445,หมู่บ้านศศิธร เพรชเกษม 69,3289.0
7446,หมู่บ้านศิขริน,3338.0
7447,หมู่บ้านศีขริน,3339.0
7448,หมู่บ้านอินดี้ 2 ศรีนครินทร์,3340.0
7449,หลักสี่ พลาซ่า แอนด์ บิสสิเนส คอมเพล็กซ์,
7450,หลักสี่ พลาซ่า แอนด์ บิสสิเนส คอมเพล็กซ์ (IT Square),
7451,หสม.ไวด์ พลัส แมเนจเม้นท์,
7452,หัวหิน บลูลากูน,3072.0
7453,หัวหินบลูสกายคอนโดมิเนียม,
7454,ห้างหุ้นส่วน ไทย พี พี จำกัด (บ้านเอื้ออาทรนาเกลือ) - ส่งเมล์มา ส่งต่อใหุ้ทกคนแล้ว,885.0
7455,ห้างหุ้นส่วนจำกัด 72 อพาร์ทเม้นท์ (72 Apartment ),883.0
7456,ห้างหุ้นส่วนจำกัด ไทย พี พี (บ้านเอื้ออาทรพหลโยธิน 8),885.0
7457,ห้างหุ้นส่วนจำกัด ไทย พี พี (บ้านเอื้ออาทรพหลโยธิน 8)- ส่ง Format Excel มาให้ Import,885.0
7458,ห้างหุ้นส่วนจำกัด ไทย พี พี (บ้านเอื้ออาทรพหลโยธิน 8)- ส่ง Format Excel มาให้ Import ส่งต่อให้ทุกคนแล้ว (ด่วน) ลูกค้าพึ่งลงโปรแกรมวันนี้,885.0
7459,หาดใหญ่ คันทรีโฮม,2717.0
7460,อโศกเพลส,
7461,อควา คอนโด พัทยา,
7462,อดามาส หัวหิน คอนโดมิเนียม,2719.0
7463,อนันดา บีชไลฟ์,3341.0
7464,อนันดา บีชไลฟ์ (Ananda Beach Life),3341.0
7465,อนันดา สปอร์ต ไลฟ์ (Ananda Sportlife),3343.0
7466,อนันดา สปอร์ตไลฟ์,3343.0
7467,อนันดา สปอร์ตไลฟ์ (Ananda Sportlife),3343.0
7468,อนันดา สปอร์ตไลฟ์ (Ananda Sportlife) ( LANx1),3343.0
7469,อนาวิลล์,3344.0
7470,อนาวิลล์ (สุวรรณภูมิ),3344.0
7471,อนาวิลล์ สุวรรณภูมิ,3344.0
7472,อนาวิลล์ สุวรรณภูมิ - ส่งเมล์มา ส่งต่อให้ทุกคนแล้ว,3344.0
7473,อนุสาวรีย์ชัยคอนโด,
7474,อพาร์ทเม้นท์ สุขเหมือนรินรดา,894.0
7475,อมร วิลเลจ เพลส,2720.0
7476,อมร วิลเลจ เพลส ( ชลบุรี),2720.0
7477,อมรชัย 3 (โซนบ้านเดี่ยว),
7591,อินซิโอ้ ( Incio ),2765.0
7592,อินซิโอ้ ( Incio )(LANx 1),2765.0
7422,หจก.ที.เอ.บี เอสเตท แมนเนจเม้นท์ -(บ้านเอื้ออาทรหนองจะบก),2205.0
7483,อมันตา รัชดา,
7484,อมันตา-รัชดา,2724.0
7485,อมารี เรสซิเด้นเซส พัทยา (Amari Residence),2725.0
7486,อมารี เรสซิเด้นเซส พัทยา (Amari Residence) - ส่งเมล์มา วันที่4/3/2564 ส่งต่อให้ทุกคนแล้ว,2725.0
7487,อมารี เรสซิเด้นเซส พัทยา (ชลบุรี) (Amari Residence),2725.0
7488,อยู่ดี คอนโด ตึกดวงดี ทองแท้,
7489,อยู่รวย คอนโด,2727.0
7490,อยู่รวยคอนโด,2727.0
7491,อยู่รวยคอนโด - ส่งเมล์มา ส่งต่อให้ทุกคนแล้ว,2727.0
7492,อรุณโรจน์,
7493,อรุณโรจน์ (ART),
7494,อรุณโรจน์ นิมิตร (ART),
7495,ออเงิน 1,1025.0
7496,ออเงิน 3,1026.0
7497,ออโรร่า คอนโดมิเนียม (Aurora Condominium-ชลบุรี),2728.0
7498,ออกัส (August),2729.0
7499,อ่อนนุชเพลส,2730.0
7500,ออนป้าทาวเวอร์,2731.0
7501,ออนป้าทาวเวอร์ (Onpa Tower),2731.0
7502,ออนป้าทาวเวอร์ (Onpa Tower) (LANx1),2731.0
7503,ออมนิ แมนเนจเม้นท์,902.0
7504,ออมนิ แมนเนจเม้นท์ - ส่งเมล์มา ส่งต่อให้ทุกคนแล้ว,902.0
7505,ออมนิคอมเพล็กซ์,2732.0
7506,ออมนิคอมเพล็กซ์ (LANx4),2732.0
7507,ออมนิคอมเพล็กซ์ (omni complex) (LANx4),2732.0
7508,ออริจิ้น บางมด พระราม 2,
7509,ออริจินส์ บางมด พระราม 2,
7510,ออริจินส์ พระราม 2 (Origin Rama 2),2733.0
7511,ออริจินส์ พระราม 2 (Origin Rama2),2733.0
7515,อันนา คอนโด ๑-๔,2737.0
7516,อัลติจูด ดีไฟน์,
7517,อัลติจูด ดีไฟน์ (Altitude Define),
7518,อัลติจูด สามย่าน-สีลม,2741.0
7519,อัลติจูด สามย่าน-สีลม (Altitude สามย่าน-สีลม ),2741.0
7520,อัลติจูด สามย่าน-สีลม (Altitude สามย่าน-สีลม ) - ส่งเมล์มา ส่งต่อให้ทุกคนแล้ว,2741.0
7521,อัลติจูด สามย่าน-สีลม (Altitude สามย่าน-สีลม),2741.0
7522,อัสสกาญเพลส ลาดพร้าว - ส่ง Format Excel มาให้ Import ติตด่อ คุณป้อม 090-0047897 (ด่วน) ลูกค้าใหม่ ส่งต่อให้ทุกคนแล้ว,3365.0
7523,อัสสกาญจ์ ศรีนครินทร์ (Growbiz management and consulting),
7524,อัสสกาญจ์ ศรีนครินทร์ (Growbiz management and consulting) - ส่ง Format Excel มาให้ Import ส่งต่อให้ทุกคนแล้ว,
7525,อัสสกาญจน์ ซิตี้ เฟส เวล่า 2 รามคำแหง,2742.0
7526,อัสสกาญจน์ ซิตี้ เฟสซี อาคาร ซี14-ซี21 (รามคำแหง),915.0
7527,อัสสกาญจน์ ซิตี้ เฟสซี อาคาร ซี5-ซี12,2744.0
7528,อัสสกาญจน์ ซิตี้ เฟสซี อาคาร ซี5-ซี12 (LANx3) และ อัสสกาญจน์ ซิตี้ เฟสบี อาคาร B4 (LANx3) (รามคำแหง),915.0
7529,อัสสกาญจน์ ซิตี้ เฟสซี อาคารซี 5 - ซี 12 - ส่งเมล์มา ส่งต่อให้ทุกคนแล้ว,915.0
7530,อัสสกาญจน์ ซิตี้ เฟสซี อาคารซี 5 - ซี 12 (รามคำแหง),915.0
7531,อัสสกาญจน์ ซิตี้ เฟสซี อาคารซี 5 - ซี 12 (รามคำแหง) ( อัสสกาญจน์ ซิตี้ รามคําแหง 186) (LANx3),915.0
7532,อัสสกาญจน์ ซิตี้ เฟสซี อาคารซี 5 - ซี 12 (รามคำแหง) ( อัสสกาญจน์ ซิตี้ รามคําแหง 186))),915.0
7533,อัสสกาญจน์ ซิตี้ เฟสซี อาคารซี 5 - ซี 12 เฟสบี อาคาร บี4 (รามคำแหง) ( อัสสกาญจน์ ซิตี้ รามคําแหง 186))),915.0
7534,อัสสกาญจน์ ซิตี้ เฟสบี อาคาร B4 เฟสซี อาคาร ซี5-ซี12 เฟสซี อาคาร ซี14-ซี21 (รามคำแหง)-(อัสสกาญจน์ ซิตี้ รามคําแหง 186),915.0
7535,อัสสกาญจน์ ซิตี้ เฟสบี อาคาร บี4 (รามคำแหง) ( อัสสกาญจน์ ซิตี้ รามคําแหง 186) (LANx3),915.0
7536,อัสสกาญจน์ ซิตี้ เฟสบี อาคาร บี4 (รามคำแหง) ( อัสสกาญจน์ ซิตี้ รามคําแหง 186))),915.0
7512,อะเมซอน เรสซิเด้นซ์( AmaZon Residence) ชลบุรี,2734.0
7513,อะเมซอน เรสซิเด้นซ์( AmaZon Residence) ชลบุรี (LANx1),2734.0
7537,อัสสกาญจน์ ซิตี้ รามคําแหง 186 - (อัสสกาญจน์ ซิตี้ เฟสซี อาคาร ซี5-ซี12 (รามคำแหง),915.0
7538,อัสสกาญจน์ ซิตี้ รามคําแหง 186 - (อัสสกาญจน์ ซิตี้ เฟสซี อาคารซี 5 - ซี 12 (รามคำแหง),915.0
7539,อัสสกาญจน์ ซิตี้ รามคําแหง 186 - ส่งเมล์มา ส่งต่อให้ทุกคนแล้ว (อัสสกาญจน์ ซิตี้ เฟสซี อาคาร ซี5-ซี12 ),915.0
7540,อัสสกาญจน์ ซิตี้ รามคําแหง186- (อัสสกาญจน์ ซิตี้ เฟสซี อาคารซี 5 - ซี 12) - ส่งเมล์มาวันที่ 19/5/2564 ส่งต่อให้ทุกคนแล้ว,915.0
7544,อัสสกาญจน์ซิตี้ เวล่า รามคำแหง,2750.0
7545,อัสสกาญจน์ซิตี้ เวล่า รามคำแหง ( อัสสกาญจน์ ซิตี้ รามคําแหง 186))),915.0
7546,อาเซี่ยน ซิตี้ รีสอร์ท (Asean City Resort) (สงขลา-หาดใหญ่),2751.0
7547,อาเซี่ยน ซิตี้ รีสอร์ท (Asean City Resort) (สงขลา-หาดใหญ่) (LANx1),2751.0
7548,อาเซี่ยน ซิตี้ รีสอร์ท (สงขลา-หาดใหญ่),2751.0
7549,อาเซี่ยน ซิตี้ รีสอร์ท (สงขลา-หาดใหญ่) (Asean City Resort),2751.0
7550,อาเซี่ยนทาวเวอร์ (Asian Tower) (LANx1 ),2752.0
7551,อาคารเดอะเลค (เลควิว คอนโดมิเนียม ) (The Lake) (Lakeview Condominium),1209.0
7552,อาคารเดอะเลค (เลควิวคอนโดมิเนียม อาคารเดอะเลค) (Lakeview Condominium)(The Lakes),1209.0
7553,อาคารเดอะเลค เลควิว คอนโดมิเนียม (Lakeview Condominium)(The Lake),1209.0
7554,อาคารเดอะเลค เลควิว คอนโดมิเนียม (The Lake) (Lakeview Condominium),1209.0
7555,อาคารภคินท์,2033.0
7556,อาคารสาทร ไพร์ม บิวดิ้ง,
7557,อาคารสาทร ไพร์ม บิวดิ้ง (บ.สาทร ไพร์ม พร็อพเพอร์ตี้ส์),
7558,อาคารหอพักนิสิต แพทย์ พยาบาล และบุคลากรสาธารณสุข ( ศูนย์การแพทย์ปัญญานันทภิกขุ ชลประทาน),
7559,อาร์ ซี เค ทาวเวอร์ (RCK Tower),2755.0
7560,อาร์เอส ทาวเวอร์ (RS Tower ),2756.0
7561,อาร์เอส ทาวเวอร์ (RS Tower),2756.0
7562,อาร์เอส ทาวเวอร์ (RS Tower) (LANx3),2756.0
7563,อาร์ติซาน รัชดา - ส่งเมล์มา ส่งต่อให้ทุกคนแล้ว,2757.0
7564,อาร์ติซาน รัชดา (Artisan),2757.0
7565,อาร์ทิมิส กรุงเทพ,2758.0
7566,อาร์ทิมิส กรุงเทพ - ส่งเมล์มา วันที่ 7/5/2564 ส่งต่อให้ทุกคนแล้ว,2758.0
7567,อาร์ทิมิส กรุงเทพ - ส่งเมล์มา ส่งต่อให้ทุกคนแล้ว,2758.0
7568,อาร์ทิมิส กรุงเทพ ( Artemis Bangkok),2758.0
7569,อารีน่าพาร์ค (Arena Park ),3346.0
7570,อารียา,925.0
7571,อารียา (อารียา บุษบา),
7572,อารียา เมทโทร เกษตร,3347.0
7573,อารียา โคโม่ บางนา-วงแหวนฯ,3348.0
7574,อารียา โคโม่ บางนา-วงแหวนฯ - ส่งเมล์มา ส่งต่อให้ทุกคนแล้ว,3348.0
7575,อารียา โมวาเกษตร,
7576,อารียา ทูบี,3349.0
7577,อารียา บุษบา,
7578,อาสตร้า คอนโดมิเนียม (ASTRA),2759.0
7579,อาสตร้าคอนโด (Astra),2759.0
7580,อาสะ อยุธยา - โรจนะ,2760.0
7581,อิซซี่ สุขสวัสดิ์ 17,
7582,อินเดีย เอ็มโพเรี่ยม (พาหุรัด),
7583,อินเตอร์ ลักส์ พรีเมียร์ สุขุมวิท 13 ( Inter Luxe Premium สุขุมวิท 13) (อินเตอร์ ลักส์ เรสิเดนซ์ Inter Luxe Residence),2762.0
7584,อินเตอร์ ลักส์ พรีเมียร์ สุขุมวิท 13 (Inter Luxe Premium สุขุมวิท 13) (อินเตอร์ ลักส์ เรสิเดนซ์),2762.0
7585,อินเตอร์ ลักส์ พรีเมียร์ สุขุมวิท 13 (Inter Luxe Premium สุขุมวิท 13)(อินเตอร์ ลักส์ เรสิเดนซ์( Inter Luxe Residence),2762.0
7586,อินเตอร์ ลักส์ พรีเมียร์ สุขุมวิท 13 Inter Luxe Premium สุขุมวิท 13) (อินเตอร์ ลักส์ เรสิเดนซ์ Inter Luxe Residence),2762.0
7587,อินโทร คอนโดมิเนียม,2763.0
7588,อินโทร คอนโดมิเนียม (Intro Condominium),2763.0
7589,อินซิโอ้,2765.0
7590,อินซิโอ้ - ส่งเมล์มา ส่งต่อให้ทุกคนแล้ว,2765.0
7542,อัสสกาญจน์เพลส ศรีนครินทร์,2749.0
7543,อัสสกาญจน์เพลส ศรีนครินทร์ (LANx1),2749.0
7593,อินซิโอ้ ( Incio )(LANx3),2765.0
7594,อินซิโอ้ (Incio),2765.0
7595,อินดี้ ประชาอุทิศ 90 (2),3350.0
7596,อินดี่ รังสิต คลอง 3 (เบอร์นิติ 02-1914828 คุณปู),
7597,อินดี้รังสิต คลอง 3,
7599,อินทราวิว คอนโดทาวน์ (Intra View Condotown),2766.0
7600,อินทราวิว คอนโดทาวน์ (Intra View Condotown) (LANx1 ),2766.0
7601,อินนิชิโอ พระราม ๒ (Inzio Rama 2 ),3351.0
7602,อินนิซิโอ ปิ่นเกล้า ศาลายา,3352.0
7603,อินนิซิโอ ปิ่นเกล้า ศาลายา (Inicio),3352.0
7604,อินสแตนท์ เอสเตท แมเนจเม้นท์ (Instant ),937.0
7605,อินสไปร์ เพลส พระราม 9 ( Inspire Place Rama 9),2767.0
7606,อินสไปร์ เพลส พระราม 9 ( Inspire Place Rama 9) - ส่งเมล์มา ส่งต่อให้ทุกคนแล้ว,2767.0
7607,อินสไปร์ เพลส พระราม 9 (Inspire Place Rama9),2767.0
7608,อินสไปร์ เพลส พระราม 9 INSPIRE PLACE RAMA9,2767.0
7609,อิมเมจ เพลส พุทธมณฑล สาย 4 ( Image Place พุทธมณฑล สาย 4),3353.0
7610,อิลิเม้นท์ ศรีนครินทร์ 1-2 (Element 1-2),
7611,อิลิเม้นท์ ศรีนครินทร์1-2,
7612,อิลิเม้นท์ ศรีนครินทร์1-2 (Element 1-2),
7613,อิลีเม้นท์ ศรีนครินทร์ 1-2 - ส่งเมล์มา ส่งต่อให้ทุกคนลแล้ว,2768.0
7614,อิลีเม้นท์ ศรีนครินทร์ 1-2 ( Element ศรีนครินทร์ 1-2 ),2768.0
7615,อิลีเม้นท์ ศรีนครินทร์ 1-2 ( Element ศรีนครินทร์ 1-2 )-ส่งต่อให้ทุกคนแล้ว,2768.0
7616,อิลีเม้นท์ ศรีนครินทร์ 1-2 (Element 1-2),2768.0
7617,อิลีเม้นท์ ศรีนครินทร์ 1-2 (Element ศรีนครินทร์ 1-2),2768.0
7618,อิลีเม้นท์ ศรีนครินทร์ 1-2(Element 1-2),2768.0
7619,อิลีเม้นท์ ศรีนครินทร์ 3 ( Elemement-ศรีนครินทร์ 3 ),2769.0
7620,อิลีเม้นท์ ศรีนครินทร์ 3 (Elemement-ศรีนครินทร์ 3),2769.0
7621,อิลีเม้นท์ ศรีนครินทร์ 3 (Elemement-ศรีนครินทร์ 3) - ส่งเมล์มา ส่งต่อให้ทุกคนแล้ว,2769.0
7622,อิลีเม้นท์ ศรีนครินทร์ 3 (Elemement-ศรีนครินทร์ 3) - ส่งเมล์มาวันที่18/8/2564 ส่งต่อให้ทุกคนแล้ว,2769.0
7623,อิลีเม้นท์ ศรีนครินทร์ 3 (Element 3),2769.0
7624,อิลีเม้นท์ ศรีนครินทร์ 4-5 - ส่งเมล์มา ส่งต่อให้ทุกคนแล้ว,2771.0
7625,อิลีเม้นท์ ศรีนครินทร์ 4-5 (Element -ศรีนครินทร์ 4-5),2771.0
7626,อิลีเม้นท์ ศรีนครินทร์ 4-5 (Element -ศรีนครินทร์ 4-5)),2771.0
7627,อิลีเม้นท์ ศรีนครินทร์ 4-5 (Element -ศรีนครินทร์ 4-5)) (LANx1),2771.0
7628,อิลีเม้นท์ ศรีนครินทร์ 4-5 Element ศรีนครินทร์ 4-5,2771.0
7629,อิลีเม้นท์ ศรีนครินทร์ 4-5 Element ศรีนครินทร์ 4-5 ),2771.0
7630,อิลีเม้นท์ ศรีนครินทร์ 6-7,2772.0
7631,อิลีเม้นท์ ศรีนครินทร์ 6-7 - ส่งเมล์มา ส่งต่อให้ทุกคนแล้ว,2772.0
7632,อิลีเม้นท์ ศรีนครินทร์ 6-7 (Element 6-7),2772.0
7633,อิลีเม้นท์ ศรีนครินทร์ 6-7 (Element ศรีนครินทร์ 6-7 ),2772.0
7634,อิสธานัน คอนโด 1 (ชลบุรี),2773.0
7635,อีลิท ศาลายา ( Elipe ศาลายา ),2775.0
7636,อีลิท ศาลายา ( Elipe ศาลายา ) - ส่งเมล์มา ส่งต่อให้ทุกคนแล้ว,2775.0
7637,อีลิท ศาลายา ( Elite ศาลายา ),2775.0
7638,อีส ทาวเวอร์,2776.0
7639,อีส ทาวเวอร์ ( East Tower),2776.0
7640,อีส ทาวเวอร์ (East Tower),2776.0
7641,อีส พระราม 2,2777.0
7642,อีสท์ ทาวเวอร์,
7643,อุบลเจริญศรี,942.0
7644,ฮอลล์มาร์ค งามวงศ์วาน,2779.0
7645,ฮอลล์มาร์ค งามวงศ์วาน (Hallmark -งามวงศ์วาน),2779.0
7646,ฮัมเบิลลีฟวิ่ง แอด ศุภฤกษ์,2780.0
7647,ฮัมเบิลลีฟวิ่ง แอด ศุภฤกษ์ (Humble Living @ Suppalerk),2780.0
7648,ฮัมเบิลลีฟวิ่ง แอด ศุภฤกษ์ (Humble Living),2780.0
7649,ฮาเว่น ลุคซ์ (Haven Luxe),2781.0
7650,ฮาบิเทีย เกาะแก้ว (ภูเก็ต),3354.0
7651,ฮาบิเทีย เกาะแก้ว ภูเก็ต,3354.0
7652,ฮาบิเทีย โมทีฟ (Habitia Motif),
7653,ฮาบิเทีย บางใหญ่,3355.0
7654,ฮาบิเทีย ปัญญาอินทรา,
7655,ฮาบิทาวน์ วัชรพล,3356.0
7656,ฮาบิทาวน์ วัชรพล - ส่งเมล์มา ส่งต่อให้ทุกคนแล้ว,3356.0
7657,ฮาบีเทีย ราชพฤกษ์,
7658,ฮาร์โมนี ลิฟวิ่ง พหลโยธิน 11 อาคาร 1 และ 2,2782.0
7659,ฮิลล์ไซด์พลาซ่า แอนด์ คอนโดเทล 4 (Hillside 4),2786.0
7660,ฮิลล์ไซด์พลาซ่า แอนด์ คอนโดเทล 4 (Hillside 4) (เชียงใหม่ ),2786.0
7661,ฮิลล์ไซด์พลาซ่า แอนด์ คอนโดเทล 4 (Hillside 4) (เชียงใหม่ ) (LANx1),2786.0
55,*** IRM - ส่งเมล์มา ส่งต่อให้ทุกคนแล้ว,350.0
56,*** IRM - ส่งเมล์มา ส่งต่อให้ทุกคนแล้ว>>,350.0
342,IRM ( ผาสุขA-B) >>,350.0
58,*** IRM (เดอะซิกเนเจอร์) - ส่งเมล์มาให้ ติดตั้งสิทธิ์ CM ส่งต่อให้ทุกคนแล้ว>>,350.0
59,*** IRM (วีคอนโด อาคารวีว่า),350.0
60,*** IRM (อารีย์เพลส) >>,350.0
61,*** IRM (อารีย์สัมพันธ์ อารีย์ เพลส) - ส่งเมล์มา ส่งต่อให้ทุกคนแล้ว,350.0
62,*** IRM-Extra (เขาใหญ่ไฮด์อเวย) - ส่งเมล์มา ส่งต่อให้ทุกคนแล้ว,350.0
63,*** IRM-Extra (โครงการครีเอ้เขาใหญ่)>>,350.0
64,*** IRM-Extra (กัลปพฤกษ์ พาร์ค คอนโอมิเนียม อาคารเอ),350.0
65,*** IRM-Extra (นับดาว - เคียงดาว) - ส่งเมล์มา ส่งต่อให้ทุกคนแล้ว,350.0
66,*** IRM-Extra (วิสต้า การ์เด้น) - ส่งเมล์มาให้ติดตั้งสิทธิ์ ส่งต่อให้ทุกคนแล้ว,350.0
84,*** Remote เพิ่มทะเบียน+สร้างฐานข้อมูลให้ลูกค้าใหม่ ของ โซล ลาดพร้าว-เสนา หน่วยงาน IRM (ลูกค้าโอนเงินมาแล้ว วันที่ 5/1/65 ยอด 1 940 บาท) ส่งเมล์ต่อให้ทุกคนแล้ว - ส่งคิวได้เลย ลูกค้าโอนเงินมาเพิ่มแล้ว วันที่ 6/1/65 ยอด 140 บาท,350.0
85,*** Remote เพิ่มทะเบียน+สร้างฐานข้อมูลให้ลูกค้าใหม่ ของ โนเบิล แอมเบียนส์ สารสินหน่วยงาน IRM (ลูกค้าโอนเงินมาแล้ว วันที่ 7/3/65 ยอด 2 080 บาท) ส่งเมล์ต่อให้ทุกคนแล้ว - ส่งคิวได้เลย >>,350.0
87,*** Remote ลงโปรแกรม AM+คืนข้อมูลสำรอง จากโปรกรมของ IRM ที่มีอยู่ ให้ โรงแรมภูรินดา สระบุรี ติตด่อ คุณนก 063-906-6189 (ลูกค้าโอนเงินมาแล้ว วันที่ 29/11/2565 ยอด 23 112 บาท) (ด่วน) ลูกค้ามีประชุมต่อ,350.0
124,*** ตอน 13.30 น. Remote ลงโปรแกรม CM+Import ให้ ชูเครเขาใหญ่ อาคาร เอ หน่วยงานของ IRM-Extra (ลูกค้าโอนเงินมาแล้ว วันที่ 1/11/65 ยอด 4 160 บาท) 094-454-6197>> คุณฝน>>ส่งเมล์ต่อให้ทุกคนแล้ว,350.0
132,*** ติดตั้งสิทธิ์ให้ ไอดี-ไซน์ วิภาวดี หน่วยงาน IRM ส่งเมล์ต่อให้ทุกคนแล้ (โอนเงินมาแล้ว วันที่ 8/7/2565 ยอด 2 080 บาท)>>,350.0
133,*** ติดตั้งสิทธิ์การใช้งานให้หน่วยงาน 3 หน่วยงาน ของ IRM-Extra (หน่วยงานใหม่ จ่ายเงินแล้ว) ส่งเมล์ต่อให้ทุกคนแล้ว,350.0
340,IRM ( ทิว ริเวอร์เพลส)>>,350.0
341,IRM ( บีซียร์ร่า) >>,350.0
316,H2Oเขาใหญ่(IRM),350.0
329,IRM,350.0
330,IRM - Extra (บ้านเขาใหญ่ อาคารเอ)>>,350.0
331,IRM - Extra (บ้านเขาใหญ่ อาคารบี)>>,350.0
332,IRM - Extra (อยู่ดีคอนโด อาคารก้าวหน้า-ขุมทรัพย์),350.0
333,IRM - ส่งเมล์มา ส่งต่อให้ทุกคนแล้ว,350.0
334,IRM - ส่งเมล์มา ส่งต่อให้ทุกคนแล้ว>>,350.0
7663,ฮิลล์ไซด์พายัพคอนโดมิเนียม 7(Hillside payap condominium 7)(เชียงใหม่) (ม.กรีนพลัสมอลล์ 3),2788.0
7667,ฮิว สุขุมวิท (Hue สุขุมวิท ),2789.0
7662,ฮิลล์ไซด์พายัพคอนโดมิเนียม 7(Hillside payap condominium 7)(เชียงใหม่),2788.0
335,IRM ( เดอะคิท บางกะดี-ติวานนท์ เฟส1 2),350.0
336,IRM ( เมืองทอง C5),350.0
337,IRM ( เมืองทองธานี C5),350.0
338,IRM ( โนเบิล แอมเบียนส์ สารสิน)>>,350.0
339,IRM ( คอนโด วันสยาม),350.0
343,IRM ( พาร์คแลนด์ ศรีนครินทร์),350.0
344,IRM ( ม.เดอะ ทรัสต์),350.0
345,IRM ( สีวลี ปิ่นเกล้า-สาทร ) - ส่งเมล์มา ส่งต่อให้ทุกคนแล้ว,350.0
346,IRM ( สุรวงศ์ ซิตี้ รีสอร์ท) >>,350.0
347,IRM ( อังเกตุพัทยา) >>,350.0
348,IRM ( อารีย์ เพลส),350.0
349,IRM ( อารีย์เพลส),350.0
350,IRM ( อี๊ดวูด) - ส่งเมล์มาส่งต่อให้ทุกคนแล้ว,350.0
351,IRM ((บ้านรัชดา) - ส่งเมล์มา ส่งต่อให้ทุกคนแล้ว>>,350.0
352,IRM (1.อารีย์เพลส 2.เดอะเทมโป 3.เดอะพาร์คแลนศรีนครินทร์ 4.บ้านลาดพร้าว),350.0
353,IRM (เดอะ เทมโป พหลโยธิน),350.0
354,IRM (เดอะ ซิกเนเจอร์ เรสซิเด้นซ์) - ส่งเมล์มาส่งต่อให้ทุกคนแล้ว,350.0
355,IRM (เดอะ ทรัสต์),350.0
356,IRM (เดอะเทมโป),350.0
357,IRM (เดอะเทมโป) - ส่งเมล์มา ส่งต่อให้ทุกคนแล้ว,350.0
358,IRM (เดอะเทมโป) >>,350.0
359,IRM (เดอะเทมโปพหลโยธิน) - ส่งเมล์มา ส่งต่อให้ทุกคนแล้ว,350.0
360,IRM (เดอะคิท เฟส1 และเฟส 2) - ส่งเมล์มา ส่งต่อให้ทุกคนแล้ว,350.0
361,IRM (เดอะคิทเฟส1) >>,350.0
362,IRM (เดอะคิทไลท์ เฟส1),350.0
363,IRM (เดอะคิทไลทท์ บางกะดี เฟส1),350.0
364,IRM (เดอะคิทไลทท์ บางกะดี เฟส2),350.0
365,IRM (เดอะคิทท์ ไลท์ บางกะดี-ติวานนท์ เฟส 1 เฟส 2) - ส่งเมล์มา ส่งต่อให้ทุกคนแล้ว>>>,350.0
366,IRM (เดอะคิทท์ไลท์ บางกะดี),350.0
367,IRM (เดอะคิทท์ไลท์ บางกะดี-ติวานนท์ เฟส 2) >>,350.0
368,IRM (เดอะซิเนเจอร์) - ส่งเมล์มา ส่งต่อให้ทุกคนแล้ว,350.0
369,IRM (เดอะซิกเนเจอร์) - ส่งเมล์มา ส่งต่อให้ทุกคนแล้ว,350.0
370,IRM (เดอะซี้ด มูซี่ ),350.0
371,IRM (เดอะซี้ด มูซี่) - ส่งเมล์มา ส่งต่อให้ทุกคนแล้ว,350.0
372,IRM (เดอะซี้ด มูซี่) >>,350.0
373,IRM (เดอะซี้ด มูซี่ ซายน์สุขุมวิท) - ส่งเมล์มา ส่งต่อให้ทุกคนแล้ว,350.0
374,IRM (เดอะซี้ดมูซี่ ) - ส่งเมล์มา ส่งต่อให้ทุกคนแล้ว,350.0
375,IRM (เดอะซี้ดมูซี่)>>,350.0
376,IRM (เดอะทรัสต์ ราชพฤกษ์ - รัตนาธิเบศร์ )>>,350.0
377,IRM (เดอะทรัสต์ ราชพฤษ์ - รัตนาธิเบศร์),350.0
378,IRM (เดอะพาร์คแลนด์ ศรีนครินทร์ เลคไซด์ ) - ส่งเมล์มา ส่งต่อให้ทุกคนแล้ว,350.0
379,IRM (เดอะพาร์คแลนด์ ศรีนครินทร์),350.0
380,IRM (เดอะพาร์คแลนด์ศรีนครินทร์เลคไซค์) - ส่งเมล์มา ส่งต่อให้ทุกคนแล้ว,350.0
381,IRM (เดอะริช),350.0
382,IRM (เดอะวิลเลจ) - ส่งเมล์มา ส่งต่อให้ทุกคนแล้ว,350.0
383,IRM (เนเบอร์โฮม),350.0
384,IRM (เนเบอร์โฮม) >>,350.0
385,IRM (เนเบอร์โฺฮม),350.0
386,IRM (เมโทร จอมเทียน คอนโดเทล) - ส่งเมล์มา ส่งต่อให้ทุกคนแล้ว,350.0
387,IRM (เมโทร จอมเทียน คอนโดเทล) >>,350.0
388,IRM (เมโทร จอมเทียน พัทยา),350.0
389,IRM (เมโทร จอมเทียน พัทยา) >>,350.0
390,IRM (เมโทร จอมเทียน),350.0
391,IRM (เมโทร จอมเทียน) - ส่งเมล์มา ส่งต่อให้ทุกคนแล้ว,350.0
392,IRM (เมโทร จอมเทียน) - ส่งเมล์มา ส่งต่อใหุ้ทกคนแล้ว,350.0
393,IRM (เมโทร จอมเทียน)>>,350.0
394,IRM- (เมโทร จอมเทียน ดีคอนโด แคมปัส),350.0
395,IRM (เมโทร จอมเทียน ม.สีวลี) >>,350.0
396,IRM (เมโทร พัทยา),350.0
397,IRM (เมโทร) - ส่งเมล์มา ส่งต่อให้ทุกคนแล้ว,350.0
398,IRM (เมโทร)>>,350.0
399,IRM (เมโทรจอมเทียน คอนโดเทล),350.0
400,IRM (เมโทรจอมเทียน คอนโดเทล) - ส่งเมล์มา ส่งต่อให้ทุกคน,350.0
401,IRM (เมโทรจอมเทียน),350.0
402,IRM (เมโทรจอมเทียน) - ส่งเมล์มา ส่งต่อให้ทุกคนแล้่ว,350.0
403,IRM (เมโทรฯ),350.0
404,IRM (เมืองทอง C5) - ส่งเมล์มา ส่งต่อให้ทุกคนแล้ว,350.0
405,IRM (เมืองทองC5) - ส่งเมล์มา ส่งต่อให้ทุกคนแล้ว,350.0
406,IRM (เมืองทองธานี C5),350.0
407,IRM (เรนด์ สุขุมวิท 23),350.0
408,IRM (เรนด์ สุขุมวิท23),350.0
409,IRM (เรนด์ สุขุมวิท23) >>,350.0
410,IRM (เรนสุขุมวิท 23),350.0
411,IRM (เรนสุขุมวิท 23)  (ชะอำ) - ส่งเมล์มา ส่งต่อให้ทุกคนแล้ว,350.0
412,IRM (แกรนด์ คริสตัล เมรโทร จอมเทียนพัทยา) - ส่งเมล์มา ส่งต่อให้ทุกคนแล้ว,350.0
413,IRM (แกรนด์ บางกอก บูเลอร์วาด รัชดา-รามอินทรา   โกลเด้น เลเจ้นด์   ค่าซ่า แกรนด์) - ส่งเมล์มา ส่งต่อให้ทุกคนแล้ว,350.0
414,IRM (แกรนด์ บางกอก บูเลอวาร์ด รัชดา-รามอินทรา) - ส่งเมล์มา ส่งต่อให้ทุกคนแล้ว,350.0
415,IRM (แกรนด์ บางกอกบลูเลอวาร์ด วิภาวดี) >>,350.0
416,IRM (แกรนด์คริสตัล) - ส่งเมล์มา ส่งต่อให้ทุกคนแล้ว,350.0
417,IRM (แกรนด์บางกอก บลูเลอร์วาด วิภาวดี ),350.0
418,IRM (โกเด้น เลเจ้นด์) - ส่งเมล์มาส่งต่อให้ทุกคนแล้ว,350.0
419,IRM (โกดก้นเลเจ้นด์ ) - ส่งเมล์มา ส่งต่อให้ทุกคนแล้ว,350.0
420,IRM (โกลเด้น เลเจ้น) >>,350.0
421,IRM (โกลเด้นท์ เลเจ้น) - ส่งเมล์มา วันที่11/5/2564 ส่งต่อให้ทุกคนแล้ว,350.0
422,IRM (โกลเด้นท์ เลเจ้น) - ส่งเมล์มา ส่งต่อให้ทุกคนแล้ว,350.0
423,IRM (โซล ลาดพร้าว-เสนา),350.0
424,IRM (โซล ลาดพร้าว-เสนา) - ส่งเมล์มา ส่งต่อให้ทุกคนแล้ว,350.0
425,IRM (โดีคอนโด แคมปัสรังสิต),350.0
426,IRM (โนเบิ้ล เฮ้าร่วมฤดี) >>,350.0
427,IRM (โนเบิล เฮ้าส์ ร่วมฤดี ) - ส่งเมล์มา ส่งต่อให้ทุกคนแล้ว,350.0
428,IRM (โนเบิล เฮ้าส์ ร่วมฤดี),350.0
429,IRM (โนเบิล เฮ้าส์ ร่วมฤดี) - ส่งเมล์มา ส่งต่อให้ทุกคนแล้ว,350.0
430,IRM (โนเบิล เฮ้าส์ ร่วมฤดี) - ส่งเมล์มา ส่งต่อให้ทุกคนแล้ว>>,350.0
431,IRM (โนเบิล แอมเบียนส์ สารสิน),350.0
432,IRM (โนเบิล แอมเบียนส์ สารสิน) >>,350.0
433,IRM (โนเบิล แอมเบียนส์ วันลาดพร้าว) >>,350.0
434,IRM (โนเบิล ร่วมฤดี),350.0
435,IRM (โนเบิ้ลเฮ้า),350.0
436,IRM (โนเบิลเฮ้าส์ ร่วมฤดี) >>,350.0
437,IRM (โนเบิ้ลเฮ้าส์ ร่วมฤดี) >>,350.0
438,IRM (โนเบิลแอมเบียน สารสิน)>>,350.0
439,IRM (ไมอามี่),350.0
440,IRM (ไอดีไซน์),350.0
441,IRM (ไอ-ดีไซน์),350.0
442,IRM (ไอดีไซน์) >>,350.0
443,IRM (กลางเมือง รัชดา ลาดพร้าว) >>,350.0
444,IRM (กลางเมือง รัชดา ลาดพร้าว)>>,350.0
445,IRM (กลางเมือง รัชดา-ลาาดพร้าว),350.0
446,IRM (คณาสิริ พุทธมณฑลสาย 4 - ศาลายา) >>,350.0
447,IRM (คณาสิริ พุทธมณฑลสาย 4- ศาลายา),350.0
448,IRM (คณาสิริ),350.0
449,IRM (คลิ๊ก คอนโด),350.0
450,IRM (คลิ๊ก คอนโด) - ส่งเมล์มา ส่งต่อให้ทุกคนแล้ว,350.0
451,IRM (คลิ๊ก คอนโด) >>,350.0
452,IRM (คลิ๊กคอนโด),350.0
453,IRM (คลิ๊กคอนโด วิสต้า ปร์ค รัชดา-ราม) >>,350.0
454,IRM (คอนโด วัน ลาดพร้าว),350.0
455,IRM (คอนโด วัน สยาม) - ส่งเมล์มา ส่งต่อให้ทุกคนแล้ว,350.0
456,IRM (คอนโด วันลาดพร้าว),350.0
457,IRM (คอนโด วันสยาม) >>,350.0
458,IRM (คอนโดวัน ลาดพร้าว) - ส่งเมล์มา ส่งต่อให้ทุกคนแล้ว,350.0
459,IRM (คอนโดวันลาดพร้าว) - ส่งเมล์มา ส่งต่อให้ทุกคนแล้ว,350.0
460,IRM (คอนโดวันลาดพร้าว)>>,350.0
461,IRM (คอนโดวันลาดพร้าว อีสวู๊ด) - ส่งเมล์มา ส่งต่อให้ทุกคนแล้ว,350.0
462,IRM (คอนโดวันลาดพร้าวสเตชั่น) - ส่งเมล์มา ส่งต่อหให้ทุกคนแล้ว,350.0
463,IRM (คอนโดวันสยาม),350.0
464,IRM (คอนโดวันสยาม) - ส่งเมล์มา ส่งต่อให้ทุกคนแล้ว,350.0
465,IRM (คอนโดวันสยาม) - ส่งเมล์มา ส่งต่อให้ทุกคนแล้ว>>,350.0
466,IRM (คอนโดวันสยาม เลคไซส์),350.0
467,IRM (ชะอำ) >>,350.0
468,IRM (ชะอำแกรนด์ คอนโดเทล) >>,350.0
469,IRM (ชะอำแกรนด์),350.0
470,IRM (ชะอำคอนโดเทล) - ส่งเมล์มา ส่งต่อให้ทุกคนแล้ว,350.0
471,IRM (ชะอำคอนโดเทล) - ส่งเมล์มาวันที่ 28/01/2564 ส่งต่อให้ทุกคนแล้ว,350.0
472,IRM (ซายน์ สุขุมวิท 50) - ส่งเมล์มา ส่งต่อให้ทุกคนแล้ว,350.0
473,IRM (ซายน์ สุขุมวิท50) - ส่งเมล์มา ส่งต่อให้ทุกนแล้ว,350.0
474,IRM (ซิกเนเจอร์ เรสซิเด้นท์),350.0
475,IRM (ซิกเนเจอร์)>>,350.0
476,IRM (ซิตี้ลิ้งค์ แมนฮัตตั้น) - ส่งเมล์มา ส่งต่อให้ทุกคนแล้ว,350.0
477,IRM (ซี้ดส์ มูซี่),350.0
478,IRM (ดอะพาร์คเลนค์ ศรีนครินทร์ เลคไซค์ ) - ส่งเมล์มา ส่งต่อให้ทุกคนแล้ว,350.0
479,IRM (ดอะพาร์คเลนค์ ศรีนครินทร์ เลคไซค์ ) - ส่งเมล์มา ส่งต่อให้ทุกคนแล้ว (12/1/2565),350.0
480,IRM (ดี คอนโด แคมปัส รังสิต) - ส่งเมล์มา ส่งต่อให้ทุกคนแล้ว,350.0
481,IRM (ดี คอนโด),350.0
482,IRM (ดี คอนโด) - ส่งเมล์มา ส่งต่อให้ทุกคนแล้ว,350.0
483,IRM (ดีคอนโด แคมปัส รังสิต) - ส่งเมล์มา ส่งต่อให้ทุกคนแล้ว,350.0
484,IRM (ดีคอนโด แคมปัส รังสิต) >>,350.0
485,IRM (ดีคอนโด),350.0
486,IRM (ดีคอนโด) - ส่งเมล์มา ส่งต่อให้ทุกคนแล้ว,350.0
487,IRM (ดีคอนโด) >>,350.0
488,IRM (ดีคอนโดและหน่วยงานเมืองทองc5),350.0
489,IRM (ทิวลิเวอร์ เพลส),350.0
490,IRM (นาราโบทานิค),350.0
491,IRM (นาราโบทานิค) - ส่งเมล์มา ส่งต่อให้ทุกคนแล้ว,350.0
492,IRM (บ.แฟคทอรี่ แมเนจเม้นท์ ) >>,350.0
493,IRM (บลูมารีน คอนโดมเนียม 1),350.0
494,IRM (บลูมารีน คอนโดมิเนียม 1),350.0
495,IRM (บ้านเพลินจิต) - ส่งเมล์มา ส่งต่อให้ทุกคนแล้ว,350.0
496,IRM (บ้านเพลินจิต ซายน์ สุขุมวิท 50) - ส่งเมล์มา ส่งต่อให้ทุกคนแล้ว,350.0
497,IRM (บ้านเพลินจิตและสีวลี ปิ่นเกล้า-สาทร) - ส่งเมล์มา ส่งต่อให้ทุกคนแล้ว,350.0
498,IRM (บ้านกลางเมือง),350.0
499,IRM (บ้านกลางเมือง) - ส่งเมล์มา ส่งต่อให้ทุกคนแล้ว,350.0
500,IRM (บ้านกลางเมือง) >>,350.0
501,IRM (บ้านกลางเมือง-รัชดา ลาดพร้าว),350.0
502,IRM (บ้านกาญจนาคม และ เมืองทอง C5) - ส่งเมล์มา ส่งต่อให้ทุกคนแล้ว,350.0
503,IRM (บ้านกาญจนาคม และ เมืองทอง C5) - ส่งเมล์มาวันที่ 17/3/2564 ส่งต่อให้ทุกคนแล้ว,350.0
504,IRM (บ้านกาญจนาคม) - ส่งเมล์มา ส่งต่อให้ทุกคนแล้ว,350.0
505,IRM (บ้านกาญจนาคมและอารีย์เพลส) -,350.0
506,IRM (บ้านชานไม้ รังสิต คลอง 3),350.0
507,IRM (บ้านรัชดา) - ส่งเมล์มา ส่งต่อให้ทุกคนแล้ว,350.0
508,IRM (บ้านลาดพร้าว เอ็กซ์คลูซีฟ),350.0
509,IRM (บ้านลาดพร้าว เอ็กซ์คลูซีฟ) - ส่งเมล์มา (รอบ 2) ส่งต่อใหุ้ทกคนแล้ว,350.0
510,IRM (บ้านลาดพร้าว เอ็กซ์คลูซีฟ)>>,350.0
511,IRM (บ้านลาดพร้าว),350.0
512,IRM (บ้านลาดพร้าว) - ส่งเมล์มา ส่งต่อให้ทุกคนแล้ว,350.0
513,IRM (บ้านลาดพร้าว) - ส่งเมล์มา ส่งต่อใหุ้ทกคนแล้ว,350.0
514,IRM (บ้านลาดพร้าว)>>,350.0
515,IRM (บิซ แกลเลอเรีย )>>,350.0
516,IRM (ผาสุข A และ B),350.0
517,IRM (ผาสุข),350.0
518,IRM (ผาสุขB),350.0
519,IRM (ผาสุขB) - ส่งเมล์มา ส่งต่อให้ทุกคนแล้ว,350.0
520,IRM (พาร์คแลน ศรีนครินทร์ เลคไซด์) - ส่งเมล์มา ส่งต่อให้ทุกคนแล้ว>>,350.0
521,IRM (พาร์คแลนด์ และ เดอะซี๊ดมูซี่) >>,350.0
522,IRM (พาร์คแลนด์ ศรีนครินทร์),350.0
523,IRM (พาร์คแลนด์ศรีนครินทร์),350.0
524,IRM (ม.เดอะ ทรัสต์),350.0
525,IRM (ม.เนเบอโฮม)>>,350.0
643,IRM-Extra (เขาใหญ่ไฮด์อเวย์)>>,350.0
526,IRM (ม.แกรนด์ วิภาวดี) - ส่งเมล์มา ส่งต่อให้ทุกคนแล้ว,350.0
527,IRM (ม.โซลลาดพร้าว -เสนา),350.0
529,IRM (ม.คาซ่า+ชะอำแกรนด์),350.0
530,IRM (ม.บ้านกลางเมือง รัชดา-ลาดพร้าว),350.0
531,IRM (ม.วิสต้า ปาร์ค รัชดา-รามฯ) >>,350.0
532,IRM (มอนเทอเรย์ ) - ส่่งเมล์มา วันที่ 1/6/2564 ส่งต่อให้ทุกคนแล้ว,350.0
533,IRM (มอนเทอเรย์ ) - ส่่งเมล์มา ส่งต่อให้ทุกคนแล้ว,350.0
534,IRM (มอนเทอเรย์ เพลซ)>>,350.0
535,IRM (มอนเทอเรย์ เพลส),350.0
536,IRM (มอนเทอเรย์),350.0
537,IRM (มอนเทอเรย์เพลซ) - ส่งเมล์มา ส่งต่อให้ทุกคนแล้ว,350.0
538,IRM (มาสเตอร์วิว เอ็กเซ็กคิวทีฟ เพลส),350.0
539,IRM (มาสเตอร์วิว เอ็กเซ็กคิวทีฟ เพลส) >>,350.0
540,IRM (มาสเตอร์วิว เอ็กเซ็กคิวทีฟ),350.0
541,IRM (มาสเตอร์วิว),350.0
542,IRM (มาสเตอร์วิว) - ส่งเมล์มา ส่งต่อให้ทุกคนแล้ว,350.0
543,IRM (มาสเตอร์วิว) >>,350.0
544,IRM (ลดาวัลย์ เลคโคโลเนียล) >>,350.0
545,IRM (วัน สยาม) - ส่งเมล์มา ส่งต่อให้ทุกคนแล้ว,350.0
546,IRM (วิสต้า ปาร์ค รัชดา-รามอินทรา) - ส่งเมล์มา ส่งต่อให้ทุกคนแล,350.0
547,IRM (วิสต้า ปาร์ค รัชดา-รามอินทรา) - ส่งเมล์มา ส่งต่อให้ทุกคนแล้ว,350.0
548,IRM (วิสต้า ปาร์ค),350.0
549,IRM (วีคอนโด อาคาร วีวิด),350.0
550,IRM (ศุภาลัย ปาร์ค ศรีนครินทร์ ) - ส่งเมล์มา ส่งต่อให้ทุกคนแล้ว,350.0
551,IRM (ส่งเมล์มา ส่งต่อให้ทุกคนแล้ว),350.0
552,IRM (สายชล แมนชั่น),350.0
553,IRM (สายชล แมนชั่น) - ส่งเมล์มา ส่งต่อให้ทุกคนแล้ว,350.0
554,IRM (สายชลแมนชั่น)>>,350.0
555,IRM (สิรารมย์ 5)>>,350.0
556,IRM (สีวลี ปิ่น เกล้า สาทร) - ส่งเมล์มา ส่งต่อให้ทุกคนแล้ว,350.0
557,IRM (สีวลี ปิ่นเกล้า สาทร) (เดอะคิทท์ เฟส 2) >>,350.0
558,IRM (สีวลี ปิ่นเกล้า-สาทร) >>,350.0
559,IRM (สีวลี ปิิ่นเกล้า - สาทร) - ส่งเมล์มา ส่งต่อให้ทุกคนแล้ว,350.0
560,IRM (สีวลี) - ส่งเมล์มา ส่งต่อให้ทุกคนแล้ว,350.0
561,IRM (สีวลี) - ส่งเมล์มาวันที่ 11/5/2565 ส่งต่อให้ทุกคนแล้ว,350.0
562,IRM (สีวลี)>>,350.0
563,IRM (สุรวงศ์ ซิตี้ รีสอร์ท) >>,350.0
564,IRM (สุรวงศ์) >>,350.0
565,IRM (หน่วยงานผาสุข A-B และ GL หน่วยงาน อารีย์สัมพันธ์ พาร์ค) - ส่งเมล์มา ส่งต่อให้ทุกคนแล้ว,350.0
566,IRM (หมู่บ้านโกลเด้นเลเจ้น)  (บ้านลาดพร้าว)>>,350.0
567,IRM (หมู่บ้านโซล ลาดพร้าว) >>,350.0
568,IRM (หอพักนักศึกษาเดอะริช),350.0
569,IRM (อยู่ดีคอนโด),350.0
570,IRM (อังเกตุ พัทยา),350.0
571,IRM (อังเกตุ พัทยา) - ส่งเมล์มา ส่งต่อให้ทุกคนแล้ว,350.0
572,IRM (อังเกตุ พัทยา) >>,350.0
573,IRM (อังเกตุ),350.0
574,IRM (อังเกตุพัทยา),350.0
575,IRM (อังเกตุพัทยา) - ส่งเมล์มา ส่งต่อให้ทุกคนแล้ว,350.0
576,IRM (อังเกตุพัทยา) >>,350.0
577,IRM (อารีเพลส),350.0
578,IRM (อารีเพลส) - ส่งเมล์มา ส่งต่อให้ทุกคนแล้ว,350.0
579,IRM (อารีเพลส) - ส่งเมล์มา ส่งต่อใหุ้ทกคนแล้ว,350.0
580,IRM (อารีย์ เพลส),350.0
581,IRM (อารีย์ เพลส) - ส่งเมล์มา ส่งต่อให้ทุกคนแล้ว,350.0
582,IRM (อารีย์ สัมพันธ์),350.0
583,IRM (อารีย์เพลส),350.0
584,IRM (อารีย์เพลส) - ส่งเมล์มา ส่งต่อให้ทุกคนแล้ว,350.0
585,IRM (อารีย์เพลส) >>,350.0
586,IRM (อารีย์สัมพันธ์ ) - ส่งเมล์มา ส่งต่อให้ทุกคนแล้ว,350.0
587,IRM (อารีย์สัมพันธ์ ) - ส่งเมล์มาส่งต่อให้ทุกคนแล้ว,350.0
588,IRM (อารีย์สัมพันธ์ พาร์ค) - ส่งเมล์มา ส่งต่อให้ทุกคนแล้ว,350.0
589,IRM (อารีย์สัมพันธ์ พาร์ค)>>,350.0
590,IRM (อารีย์สัมพันธ์) - ส่งเมล์มา ส่งต่อให้ทุกคนแล้ว,350.0
591,IRM (อารีย์สัมพันธ์) >>,350.0
592,IRM (อารีย์สัมพันธ์ โซล ลาดพร้าว) - ส่งเมล์มา ส่งต่อให้ทุกคนแล้ว,350.0
593,IRM (อารีสัมพันธ์),350.0
594,IRM (อีสท์วูด พาร์ค) - ส่งเมล์มา ส่งต่อให้ทุกคนแล้ว,350.0
595,IRM (อีสท์วูด) - ส่งเมล์มา ส่งต่อให้ทุกคนแล้ว,350.0
596,IRM (อีสท์วูด) - ส่งเมล์มาวันที่ 9/3/2564 ส่งต่อให้ทุกคนแล้ว,350.0
597,IRM >>,350.0
598,IRM 1.นิติบุคคลอาคารชุด เดอะพาร์คแลนด์ ศรีนครินทร์ 2.นิติบุคคลอาคารชุด มาสเตอร์วิว เอ็กเซ็กคิวทีฟ เพลส >>,350.0
599,IRM- Extra (ฉลองชัย - ชัยชนะ) - ส่งเมล์มา แก้ไขท้ายใบแจ้งหนี้ โดยให้แก้ไขใหม่ ส่งต่อให้ทุกคนแล้ว,350.0
600,IRM Extra (ซิตี้ลิงค์ คอนโด อาคารซิดนีย์ (City Link Sydney)) - ส่งเมล์มา ส่งต่อให้ทุกคนแล้ว,350.0
601,IRM-(ผาสุข A-B)>>,350.0
602,IRM-(อารีสัมพันธ์ ) >>,350.0
603,IRM-(อารีสัมพันธ์ พาร์ค) - ส่งเมล์มา ส่งต่อให้ทุกคนแล้ว,350.0
604,IRM-(อารีสัมพันธ์ พาร์ค) >>,350.0
605,IRM-Exta,350.0
606,IRM-Exta (เดอะเฮาส์ คอนโด ขอนแก่น),350.0
607,IRM-Exta (เดอะเฮาส์โซลูชั่น),350.0
608,IRM-Exta (ฉลองชัย-ชัยชนะ )>>,350.0
609,IRM-Extar ( อยู่ดีคอนโด อาคาร ง-จ ) - ส่งเมล์มา ส่งต่อ ให้ทุกคนแล้ว,350.0
610,IRM-Extar (เฟิร์ส4),350.0
611,IRM-Extar(เอช ทู โอ วีคอนโด) - ส่งเมล์มา ส่งต่อให้ทุกคนแล้ว***แจ้งเติมสิทธิ์การออกใบเสร็จ 1.นิติบุคคลฯ เอช ทู โอ ติดต่อ คุณ.สุภาพร 085-688-3984 (2. นิติฯ วีคอนโด ติดต่อ พิชญาภรณ์ ระวิวรรณ์(ธุรการฝน) เบอร์โทร 085-505-3946,350.0
612,IRM-Extra,350.0
613,IRM-Extra - ส่งเมล์ต่อให้ทุกคนแล้ว,350.0
614,IRM-Extra - ส่งเมล์มา ส่งต่อให้ทุกคนแล้ว,350.0
615,IRM-Extra - ส่งเมล์มา ส่งต่อให้ทุกคนแล้วไม่สามารถติดตั้ง GL ได้ จำนวน 2 เครื่อง (1.)นิติบุคคลอาคารชุด อาเรียปุระ เขาใหญ่ (2.)นิติบุคคลหมู่บ้านจัดสรร หมู่บ้าน สิรารมย์ 5 **ติดต่อหน้างานได้ที่เบอร์โทร 061-692-4669 (คุณจินตนา),350.0
616,IRM-Extra ( city link condo อาคารไมอามี่) - ส่งเมล์มา ส่งต่อให้ทุกคนแล้ว,350.0
617,IRM-Extra ( เคียงดาว นับดาว) - ส่งเมล์มา ส่งต่อให้ทุกคนแล้ว,350.0
618,IRM-Extra ( เดอะเฮ้าส์ โซลูชั่น),350.0
619,IRM-Extra ( เดอะทรัสต์ ราชพฤษ์ - รัตนาธิเบศร์),350.0
620,IRM-Extra ( เลควิว อาคารบี ) >>,350.0
621,IRM-Extra ( เอช ทู โอ เขาใหญ่ ) >>,350.0
622,IRM-Extra ( เอชทูโอ เขาใหญ่) - ส่งเมล์มา ส่งต่อให้ทุกคนแล้ว,350.0
623,IRM-Extra ( ครีเอ้ ),350.0
624,IRM-Extra ( บ้านเขาใหญ่ นครราชสีมา อาคารบี ),350.0
625,IRM-Extra ( บ้านรองเมือง),350.0
626,IRM-Extra ( บียอนด์),350.0
627,IRM-Extra ( ม. ไฮอเวย์) >>,350.0
628,IRM-Extra ( วี คอนโด อาคาร วีว่า และ อาคาร วีวิด)>>,350.0
629,IRM-Extra ( วี คอนโด อาคาร วีว่า),350.0
630,IRM-Extra ( สิรารมย์ 5 และ สุรนารีวิลล์ 4),350.0
631,IRM-Extra ( หมู่บ้านเนเทอร์ร่า พาร์ค),350.0
632,IRM-Extra ( อนาสรา ))>>,350.0
633,IRM-Extra (BAAN SUKUMVIT 27 และ P&P COURT ),350.0
634,IRM-Extra (BAAN SUKUMVIT 27 และ P&P COURT),350.0
635,IRM-Extra (Baan sukunvit 27)(P&P COURT),350.0
636,IRM-Extra (H2O),350.0
637,IRM-Extra (เขาใหญ่ ไฮด์อเวย์),350.0
638,IRM-Extra (เขาใหญ่ไฮด์อเวย์ ) - ส่งเมล์มา ส่งต่อให้ทุกคนแล้ว,350.0
639,IRM-Extra (เขาใหญ่ไฮด์อเวย์),350.0
640,IRM-Extra (เขาใหญ่ไฮด์อเวย์) - ส่งเมล์มา ส่งต่อให้ทุกคนแล้ว,350.0
641,IRM-Extra (เขาใหญ่ไฮด์อเวย์) - ส่งเมล์มา ส่งต่อให้ทุกคนแล้วรายการค้างไม่ขึ้น ขึ้นแต่ยอด แก้ไขให้หน้างาน นิติฯเขาใหญ่ไฮด์อเวย์ (ตามรูปภาพ) ติดต่อ 093-346-3462 คุณเอมอร,350.0
642,IRM-Extra (เขาใหญ่ไฮด์อเวย์) >>,350.0
644,IRM-Extra (เคียงดาว นับดาว) - ส่งเมล์มา ส่งต่อให้ทุกคนแล้ว,350.0
645,IRM-Extra (เคียนติ เขาใหญ่),350.0
646,IRM-Extra (เดอเบสท์ 2) >>,350.0
647,IRM-Extra (เดอะ เชนท์ รีแลกซ์ คอนโด) - ส่ง Format Excel มาให้ Import ส่งต่อให้ทุกคนแล้ว,350.0
648,IRM-Extra (เดอะเชน สมาทแวลู )>>,350.0
649,IRM-Extra (เดอะเชน สมาทแวลู)>>,350.0
650,IRM-Extra (เดอะเชนจ์ แวลู คอนโด),350.0
651,IRM-Extra (เดอะเชนจ์ คอนโด),350.0
652,IRM-Extra (เดอะเชนจ์ คอนโด) >>,350.0
653,IRM-Extra (เดอะเชนจ์ รีแรก คอนโด),350.0
654,IRM-Extra (เดอะเชนจ์ รีแลก คอนโด),350.0
655,IRM-Extra (เดอะเชนจ์ รีแลก),350.0
656,IRM-Extra (เดอะเชนจ์ รีแลกซ์ คอนโด),350.0
657,IRM-Extra (เดอะเชนจ์ รีแล็กซ์ คอนโด),350.0
658,IRM-Extra (เดอะเชนจ์ รีแลกซ์ คอนโด) >>,350.0
659,IRM-Extra (เดอะเชนจ์ รีแล็กซ์ คอนโด) >>,350.0
660,IRM-Extra (เดอะเชนจ์ รีแลกซ์),350.0
661,IRM-Extra (เดอะเชนจ์ รีแลกซ์คอนโด),350.0
662,IRM-Extra (เดอะเชนจ์ สมาร์ท แวลู),350.0
663,IRM-Extra (เดอะเชนจ์ สมาร์ทแวลู คอนโด (The Change Smart Value Condo)),350.0
664,IRM-Extra (เดอะเชนจ์ สมาร์ทแวลู คอนโด ),350.0
665,IRM-Extra (เดอะเชนจ์ สมาร์ทแวลู),350.0
666,IRM-Extra (เดอะเชนจ์รีแลกซ์),350.0
667,IRM-Extra (เดอะเชนจ์สมาทแวลู คอนโด),350.0
668,IRM-Extra (เดอะเบส 2 ),350.0
669,IRM-Extra (เดอะเบส 2),350.0
670,IRM-Extra (เดอะเฮ้าส์ โซลูชั่น ),350.0
671,IRM-Extra (เดอะเฮาส์ โซลูชั่น),350.0
672,IRM-Extra (เดอะเฮ้าส์ โซลูชั่น),350.0
673,IRM-Extra (เดอะเฮาส์ โซลูชั่น)>>,350.0
674,IRM-Extra (เดอะเฮ้าส์ โซลูชั่น)>>,350.0
675,IRM-Extra (เดอะเฮาส์ ขอนแก่น),350.0
676,IRM-Extra (เดอะเฮ้าส์ ขอนแก่น),350.0
677,IRM-Extra (เดอะเฮาส์ คอนโดขอนแก่น),350.0
678,IRM-Extra (เดอะเฮาส์ คอนโดมิเนียม),350.0
679,IRM-Extra (เดอะเฮาส์),350.0
680,IRM-Extra (เดอะเฮาส์โซลูชั่น),350.0
681,IRM-Extra (เดอะเฮาส์คอนโด),350.0
682,IRM-Extra (เดอะริช 1),350.0
683,IRM-Extra (เดอะริช โคกกรวด ตึกเอ บี ซี ),350.0
684,IRM-Extra (เดอะริช คอนโด อาคารเอ บี ซี),350.0
685,IRM-Extra (เนเทอร์ร่า พาร์ค ),350.0
686,IRM-Extra (เฟิร์ส5),350.0
687,IRM-Extra (เมลเบิร์น),350.0
688,IRM-Extra (เมลเบิร์น) - ส่งเมล์มา ส่งต่อให้ทุกคนแล้ว,350.0
689,IRM-Extra (เมลเบิร์น)>>,350.0
690,IRM-Extra (เมลเบิร์น อาณาสรา),350.0
691,IRM-Extra (เลควิว ABC),350.0
692,IRM-Extra (เลควิว เอ และ ซี),350.0
693,IRM-Extra (เลควิว เอ บี ซี),350.0
694,IRM-Extra (เลควิว อาคาร เอ และ ซี),350.0
695,IRM-Extra (เลควิว อาคาร เอ บี ซี),350.0
696,IRM-Extra (เลควิว อาคาร บี)>>,350.0
697,IRM-Extra (เลควิว),350.0
698,IRM-Extra (เลควิว) >>,350.0
699,IRM-Extra (เอชทูโอ เขาใหญ่ อาคารทู),350.0
700,IRM-Extra (เอชทูโอ เขาใหญ่ อาคารวัน และ อาคารทู ),350.0
701,IRM-Extra (เอชทูโอ เขาใหญ่ อาคารวันและอาคารทู),350.0
702,IRM-Extra (เอชทูโอ เขาใหญ่),350.0
703,IRM-Extra (เอชทูโอ เขาใหญ่) - ส่งเมล์มา ส่งต่อให้ทุกคนแล้ว,350.0
704,IRM-Extra (เอชทูโอ อาคารวัน และอาคารทู),350.0
705,IRM-Extra (เอชทูโอ อาคารวัน และอาคารทู) - ส่งเมล์มา ส่งต่อให้ทุกคนแล้ว,350.0
706,IRM-Extra (เอชทูโอ อาคารวัน),350.0
707,IRM-Extra (เอชทูโอ อาคารวันและอาคารทู),350.0
708,IRM-Extra (เอชทูโอ อาคารวันและอาคารทู) >>,350.0
709,IRM-Extra (แมนฮัตตั้น),350.0
710,IRM-Extra (แมนฮันตั้น),350.0
711,IRM-Extra (แสนดาว เขาใหญ่) - ส่งเมล์มา ส่งต่อให้ทุกคนแล้ว,350.0
712,IRM-Extra (แสนดาว นับดาว) - ส่งเมล์มา ส่งต่อให้ทุกคนแล้ว,350.0
713,IRM-Extra (แสนดาว นับดาว เคียงดาว) - ส่งเมล์มา ส่งต่อให้ทุกคนแล้ว,350.0
820,IRM-Extra (นิติเลควิว บี และ ซี) >>,350.0
821,IRM-Extra (บอสตัน),350.0
714,IRM-Extra (แสนดาวเขาใหญ่ นับดาวและ เคียงดาว) - ส่งเมล์มา ส่งต่อให้ทุกคนแล้ว>>,350.0
715,IRM-Extra (แสนดาวเขาใหญ่ -บ้านเคียงดาว+แสนดาวเขาใหญ่ -บ้านนับดาว) - ส่งเมล์มา ส่งต่อให้ทุกคนแล้ว,350.0
716,IRM-Extra (โกลเด้น นีโอ โคราช-เทอร์มินอล),350.0
717,IRM-Extra (โกลเด้นนีโอ),350.0
718,IRM-Extra (โครงการ BAAN SUKUMVIT 27 และ P&P COURT),350.0
719,IRM-Extra (โครงการเคียนติ ดิ เขาใหญ่),350.0
720,IRM-Extra (โนเบิล เฮ้าส์ ร่วมฤดี),350.0
721,IRM-Extra (โบทานิก้า เขาใหญ่)>>,350.0
722,IRM-Extra (โมเดิร์นลิ้งค์) - ส่งเมล์มา ส่งต่อให้ทุกคนแล้ว,350.0
723,IRM-Extra (โรงแรมภูรินดา เรสซิเด้น) - ส่งเมล์มา ส่งต่อให้ทุกคนแล้ว,350.0
724,IRM-Extra (โรงแรมภูรินดา เรสซิเดนซ์) - ส่งเมล์มา ส่งต่อให้ทุกคนแล้ว,350.0
725,IRM-Extra (โรงแรมภูรินดา เรสซิเดนซ์) - ส่งเมล์มาวันที่3/3/2564 ส่งต่อให้ทุกคนแล้ว,350.0
726,IRM-Extra (โรงแรมภูรินดา) - ส่งเมล์มา ส่งต่อให้ทุกคนแล้ว,350.0
727,IRM-Extra (ไพรเวท),350.0
728,IRM-Extra (ไพรเวทพาร์ควิลล์ ),350.0
729,IRM-Extra (ไพรเวทพาร์ควิลล์),350.0
730,IRM-Extra (ไพรเวทวิลล์),350.0
731,IRM-Extra (ไมอามี่),350.0
732,IRM-Extra (ไรซ์ คอนโด),350.0
733,IRM-Extra (ไรซ์คอนโด),350.0
734,IRM-Extra (ไฮอวเย์),350.0
735,IRM-Extra (กัลปพฤกษ์ เลควิว ขอนแก่น เอ บี ซี)>>,350.0
736,IRM-Extra (กัลปพฤกษ์ เลควิว ขอนแก่น เอ บี ซี) >>,350.0
737,IRM-Extra (กัลปพฤกษ์ เลควิว อาคาร บี),350.0
738,IRM-Extra (กัลปพฤกษ์ พาร์ค เอ บี) >>,350.0
739,IRM-Extra (กัลปพฤกษ์ พาร์ค คอนโดมิเนียม บี),350.0
740,IRM-Extra (กัลปพฤกษ์ พาร์ค คอนโดมีเนียมอาคารเอ)>>,350.0
741,IRM-Extra (กัลปพฤกษ์ พาร์ค ตึกA แลตึก B) - ส่งเมล์มา ส่งต่อให้ทุกคนแล้ว,350.0
742,IRM-Extra (กัลปพฤษ์ พาร์ค คอนโด ตึก เอ และ ตึกบี)>>,350.0
743,IRM-Extra (ก้าวหน้า-ขุมทรัพย์),350.0
744,IRM-Extra (ก้าวหน้า-ขุมทรัพย์) - ส่งเมล์มา ส่งต่อให้ทุกคนแล้ว,350.0
857,IRM-Extra (มาดริด สิรารมย์ 6) >>,350.0
745,IRM-Extra (ก้าวหน้า-ขุมทรัพย์) - ส่งเมล์มา ส่งต่อให้ทุกคนแล้ว>>,350.0
746,IRM-Extra (ครีเอ้ เขาใหญ่) >>,350.0
747,IRM-Extra (ครีเอ้ เขาใหญ่))>>,350.0
748,IRM-Extra (ครีเอ้),350.0
749,IRM-Extra (ครีเอ้) >>,350.0
750,IRM-Extra (คอนโด มาดริด),350.0
751,IRM-Extra (คอนโด อาคารวีว่า) - ส่งเมล์มา ส่งต่อให้ทุกคนแล้ว,350.0
752,IRM-Extra (คอนโด อาคารวีว่า) >>,350.0
753,IRM-Extra (คอนโดเดอะเชนจ์ รีแลกซ์),350.0
754,IRM-Extra (คอนโดเลควิว ขอนแก่น) >>,350.0
755,IRM-Extra (คอนโดเลควิว ขอนแก่น) (ฉลองชัย),350.0
756,IRM-Extra (คอนโดบ้านรองเมือง ),350.0
757,IRM-Extra (คอนโดวันสยาม) >>,350.0
758,IRM-Extra (คอนโดอากาศ เขาใหญ่),350.0
759,IRM-Extra (งอกงาม-จงเจริญ),350.0
760,IRM-Extra (งอกงาม-จงเจริญ) - ส่งเมล์มา ส่งต่อให้ทุกคนแล้ว,350.0
761,IRM-Extra (ฉลองชัย-ชัยชนะ),350.0
762,IRM-Extra (ฉลองชัย-ชัยชนะ) - ส่งเมล์มา ส่งต่อให้ทุกคนแล้ว,350.0
763,IRM-Extra (ชูเคร เขาใหญ่),350.0
764,IRM-Extra (ชูเคร บี),350.0
765,IRM-Extra (ชูเคร อาคารเอ บี),350.0
766,IRM-Extra (ซานฟราน),350.0
767,IRM-Extra (ซานฟราน) - ส่งเมล์มา ส่งต่อให้ทุกคนแล้ว,350.0
768,IRM-Extra (ซานฟราน) >>,350.0
769,IRM-Extra (ซานฟราน)>>,350.0
770,IRM-Extra (ซานฟรานล)>>,350.0
771,IRM-Extra (ซานมาโค),350.0
772,IRM-Extra (ซิดนีย์),350.0
773,IRM-Extra (ซิติ้ลิงค์บอสตัน),350.0
774,IRM-Extra (ซิติี้ลิงค์คอนโด อาคารไมอามี่) - ส่งเมล์มา ส่งต่อให้ทุกคนแล้ว,350.0
775,IRM-Extra (ซิตี้ลิงค์ แมนฮัตตัน),350.0
776,IRM-Extra (ซิตี่ลิงค์ คอนโด แมนฮัตตั้น) - ส่งเมล์มา ส่งต่อให้ทุกคนได้,350.0
822,IRM-Extra (บอสตัน) - ส่งเมล์มา ส่งต่อให้ทุกคนแล้ว>>,350.0
777,IRM-Extra (ซิตี้ลิงค์ คอนโด มาดริด) - ส่งเมล์มา ส่งต่อให้ทุกคนแล้ว,350.0
778,IRM-Extra (ซิตี้ลิงค์ คอนโด อาคาร เมลเบิร์น),350.0
779,IRM-Extra (ซิตี้ลิงค์ คอนโด อาคารแมนฮัตตั้น)>>,350.0
780,IRM-Extra (ซิตี้ลิงค์ คอนโด อาคารซิดนีย์ ) - ส่งเมล์มา ส่งต่อให้ทุกคนแล้วตั้งค่าหน้ากระดาษใบแจ้งหนี้ให้ตรงกับแบบฟร์อม (ไฟล์แนบ) ตัวอย่างแบบฟร์อมที่ไม่ตรงกับใบแจ้งหนี้ นิติฯซิตี้ลิงค์ คอนโด อาคารซิดนีย์ (ธุรการหน้างาน 093-346-3462 คุณไอซ์),350.0
781,IRM-Extra (ซิตี้ลิงค์ คอนโด อาคารปารีส),350.0
782,IRM-Extra (ซิตี้ลิงค์ คอนโด อาคารปารีส) - ส่งเมล์มา ส่งต่อให้ทุกคนแล้ว,350.0
783,IRM-Extra (ซิตี้ลิงค์ คอนโด อาคารมาดริด)>>,350.0
784,IRM-Extra (ซิตี้ลิงค์ คอนโด อาคารมิลาน),350.0
785,IRM-Extra (ซิตี้ลิงค์ ซานฟราน) >>,350.0
786,IRM-Extra (ซิตี้ลิงค์ ซิดนี่ย์ ไฮอเวย์)>>,350.0
787,IRM-Extra (ซิตี้ลิงค์ ซฺดนีย์),350.0
788,IRM-Extra (ซิตี้ลิงค์ บอสตัน),350.0
789,IRM-Extra (ซิตี้ลิงค์ มิลาน) - ส่งเมล์มา ส่งต่อให้ทุกคนแล้ว,350.0
790,IRM-Extra (ซิตี้ลิงค์ อาคารแมนฮัตตั้น)>>,350.0
791,IRM-Extra (ซิตี้ลิงค์ อาคารบอสตัน) >>,350.0
792,IRM-Extra (ซิตี้ลิงค์ อาคารมิลาน ),350.0
793,IRM-Extra (ซิตี้ลิงค์ อาคารมิลาน),350.0
794,IRM-Extra (ซิตี้ลิงค์คอนโด แมนฮัตตัน),350.0
795,IRM-Extra (ซิตี้ลิงค์คอนโด แมนฮัตตัน) - ส่งเมล์มา ส่งต่อให้ทุกคนแล้ว,350.0
796,IRM-Extra (ซิตี้ลิงค์คอนโด ไมอามี่),350.0
797,IRM-Extra (ซิตี้ลิงค์คอนโด ไมอามี่) - ส่งเมล์มา ส่งต่อให้ทุกคนแล้ว,350.0
798,IRM-Extra (ซิตี้ลิงค์คอนโด ซานฟราน) - ส่งเมล์มา ส่งต่อให้ทุกแล้ว,350.0
799,IRM-Extra (ซิตี้ลิงค์คอนโด บอสตัน),350.0
800,IRM-Extra (ซิตี้ลิงค์คอนโด อาคาร เมลเบิร์น) - ส่งเมล์มา ส่งต่อให้ทุกคนแล้ว,350.0
801,IRM-Extra (ซิตี้ลิงค์คอนโด อาคาร ไมอามี่) - ส่งเมล์มา ส่งต่อให้ทุกคนแล้ว,350.0
802,IRM-Extra (ซิตี้ลิงค์คอนโด อาคารเมลเบิร์น)>>,350.0
803,IRM-Extra (ซิตี้ลิงค์คอนโด อาคารแมนฮัตตั้น),350.0
804,IRM-Extra (ซิตี้ลิงค์คอนโด อาคารแมนฮัตตั้น) - ส่งเมล์มา ส่งต่อให้ทุกคนแล้ว,350.0
805,IRM-Extra (ซิตี้ลิงค์คอนโด อาคารซิดนีย์)>>,350.0
806,IRM-Extra (ซิตี้ลิงค์คอนโด อาคารบอสตัน) >>,350.0
807,IRM-Extra (ซิตี้ลิงค์คอนโด อาคารบอสตัน)>>,350.0
808,IRM-Extra (ซิตี้ลิ้งค์คอนโด อาคารปารีส) - ส่งเมล์มา ส่งต่อให้ทุกคนแล้ว,350.0
809,IRM-Extra (ซิตี้ลิงค์คอนโด อาคารปารีส)>>,350.0
810,IRM-Extra (ซิตี้ลิงค์คอนโด อาคารมิลาน) - ส่งเมล์มา ส่งต่อให้ทุกคนแล้ว,350.0
811,IRM-Extra (ซิตี้ลิงค์คอนโด อาคารมิลาน) >>,350.0
812,IRM-Extra (ซิตี้ลิงค์คอนโดไมอามี่),350.0
813,IRM-Extra (ซิตี้ลิงค์ตอนโด ไมอามี่ ) - ส่งเมล์มา ส่งต่อให้ทุกคนแล้วตั้งค่ากระดาษให้ตรงกับแบบฟร์อมใบแจ้งหนี้//แก้ไขแบบฟอร์ให้ตรงกับคำอธิบายในใบแจ้งหนี้ค่ะ นิติฯซิตี้ลิงค์ตอนโด ไมอามี่ (ตัวอย่างตามไฟล์แนบ)ติดต่อ (ธุรการ 080-172-2472 ใหม่),350.0
814,IRM-Extra (ซิตี้ลิงค์อาคารมาดริด หมู่บ้าน สิรารมย์ 6),350.0
815,IRM-Extra (ซิตี้ลิงค์อาคารมิลาน ) - ส่งเมล์มาให้เติมสิทธิ์การใช้งาน GL ส่งเต่อให้ทุกคนแล้ว,350.0
816,IRM-Extra (ดิเคียนติ เขาใหญ่)>>,350.0
817,IRM-Extra (ดิเอ็กเซลเลนซ์ 2 ),350.0
818,IRM-Extra (ดีคอนโด อาคารก้าวห้า-ขุมทรัพย์) - ส่งเมล์มา ส่งต่อให้ทุกคนแล้ว>>รายการยอดค้างชำระ ไม่แสดงรานละเอียดยอดค้างมาในใบแจ้งหนี้ รบกวนเจ้าหน้าที่ตรวจสอบ/แก้ไขให้ด้วยค่ะ (ตามตัวอย่างไฟล์แนบ) ธุรการฯหน้างาน 082-491-4401 คุณอีฟ,350.0
819,IRM-Extra (ตึกเมลเบริน),350.0
825,IRM-Extra (บ้านเขาใหญ่ ตึก A),350.0
826,IRM-Extra (บ้านเขาใหญ่ ตึกเอ) >>,350.0
827,IRM-Extra (บ้านเขาใหญ่ นครราชสีมา เอ),350.0
828,IRM-Extra (บ้านเขาใหญ่ อาคารเอ),350.0
829,IRM-Extra (บ้านเขาใหญ่ อาคารเอ/บี) - ส่งเมล์มา ส่งต่อให้ทุกคนแล้ว,350.0
830,IRM-Extra (บ้านประชาสุข 7) >>,350.0
831,IRM-Extra (บ้านรอง),350.0
832,IRM-Extra (บ้านรองเมือง )>>,350.0
833,IRM-Extra (บ้านรองเมือง),350.0
834,IRM-Extra (บ้านรองเมือง) >>,350.0
835,IRM-Extra (บ้านรองเมือง)>>,350.0
836,IRM-Extra (บ้านสุขุมวิท),350.0
837,IRM-Extra (บ้านสุขุมวิท27 กับ P&P COURT),350.0
838,IRM-Extra (บ้านสุรนารีวิลล์ 4),350.0
839,IRM-Extra (บีเซียร์ร่า คอนโด),350.0
840,IRM-Extra (บียอนด์),350.0
841,IRM-Extra (บียอนด์) >>,350.0
842,IRM-Extra (ประชาสุข 7)>>,350.0
843,IRM-Extra (ปารีส),350.0
844,IRM-Extra (ปารีส ไฮอเวย์)>>,350.0
845,IRM-Extra (พาร์ค คอนโด อาคาร เอและบี),350.0
846,IRM-Extra (พาร์ค คอนโด),350.0
847,IRM-Extra (พาร์ค อาคารเอ) - ส่งเมล์มา ส่งต่อให้ทุกคนแล้ว,350.0
848,IRM-Extra (พาร์คขอนแก่น เอ บี),350.0
849,IRM-Extra (ภูรินดา) - ส่งเมล์มา ส่งต่อใหุ้ทกคนแล้ว,350.0
850,IRM-Extra (ภูรินารา),350.0
851,IRM-Extra (ภูรินารา) - ส่งเมล์มา ส่งต่อให้ทุกคนแล้ว,350.0
852,IRM-Extra (ภูรินารา) - ส่งเมล์มา ส่งต่อให้ทุกคนแล้ว>>,350.0
853,IRM-Extra (ม.เขาใหญ่-ไฮด์อเวย์)>>,350.0
854,IRM-Extra (ม.เดอะเวนิส พาร์ค ซานมาร์โคร ),350.0
855,IRM-Extra (ม.เวนิส ซานมาร์โค),350.0
856,IRM-Extra (ม.สิรารมย์ 5),350.0
858,IRM-Extra (มิลาน),350.0
859,IRM-Extra (ยูดี คอนโด),350.0
860,IRM-Extra (ยูดี คอนโด)>>,350.0
863,IRM-Extra (วิสต้า การ์เด้น ),350.0
864,IRM-Extra (วิสต้า การ์เด้น),350.0
865,IRM-Extra (วิสต้า การ์เด้น)>>,350.0
866,IRM-Extra (วี คอนโด อาคาร วีว่า และ อาคาร วีวิด ),350.0
867,IRM-Extra (วี คอนโด อาคาร วีว่า),350.0
868,IRM-Extra (วีคอนโด วีวิด),350.0
869,IRM-Extra (วีคอนโด อาคาร วีว่า) >>,350.0
870,IRM-Extra (วีคอนโด อาคารวีว่า),350.0
871,IRM-Extra (วีคอนโด อาคารวีวิด),350.0
872,IRM-Extra (วีคอนโด)>>,350.0
873,IRM-Extra (ศุภลัย เบลล่า) >>,350.0
874,IRM-Extra (ศุภลัยเบลล่า),350.0
875,IRM-Extra (ศุลภาลัย เบลล่า นคราชสีมา),350.0
876,IRM-Extra (สายชล แมนชั่น) >>,350.0
877,IRM-Extra (สิรารม 5) >>,350.0
878,IRM-Extra (สิรารม 6),350.0
879,IRM-Extra (สิรารมย์ 5),350.0
880,IRM-Extra (สิรารมย์ 5) - ส่ง Format Excel มาให้ Import ส่งต่อให้ทุกคนแล้ว,350.0
881,IRM-Extra (สิรารมย์ 6 ),350.0
882,IRM-Extra (สิรารมย์ 6),350.0
883,IRM-Extra (สิรารมย์ 6) - ส่งเมล์มา ส่งต่อให้ทุกคนแล้ว,350.0
884,IRM-Extra (สิรารมย์ 6 ซิตี้ลิงค์อาคารมาดริด),350.0
885,IRM-Extra (สิรารมย์5 และ สุรนารีวิลล์ บ้านเกาะ 4),350.0
886,IRM-Extra (สุรนารีวิลล์ 4),350.0
887,IRM-Extra (สุรนารีวิลล์ และ สิรารมย์ 5)>>,350.0
888,IRM-Extra (สุรนารีวิลล์ บ้านเกาะ 4),350.0
889,IRM-Extra (สุรนารีวิลล์ บ้านเกาะ 4) >>,350.0
890,IRM-Extra (สุรนารีวิวบ้านเกาะ 4),350.0
891,IRM-Extra (สุรนารีวิวล์ 4)>>,350.0
892,IRM-Extra (หมู่บ้าน ไพรเวท พาร์ควิลล์),350.0
893,IRM-Extra (หมู่บ้าน ไพรเวทวิลล์),350.0
894,IRM-Extra (หมู่บ้าน สิรารมย์ 6),350.0
895,IRM-Extra (หมู่บ้านเนเทอร์ร่า พาร์ค),350.0
896,IRM-Extra (หมู่บ้านเนอเทอร่า),350.0
897,IRM-Extra (หมู่บ้านเฟิร์ส4),350.0
898,IRM-Extra (หมู่บ้านไพรเวท),350.0
899,IRM-Extra (หมู่บ้านบียอนด์หัวทะเล),350.0
900,IRM-Extra (หมู๋บ้านภูรินารา) >>,350.0
901,IRM-Extra (หมู่บ้านสิรารมย์ 5) - ส่งเมล์มา ส่งต่อให้ทุกคนแล้ว>>,350.0
902,IRM-Extra (หมู่บ้านสิรารมย์ 6),350.0
903,IRM-Extra (อณาสรา),350.0
904,IRM-Extra (อยู่ดี คอนโด งอกงามงาม-จงเจริญ),350.0
905,IRM-Extra (อยู่ดี อาคารก้าวหน้า-ขุมทรัพย์),350.0
906,IRM-Extra (อยู่ดี อาคารก้าวหน้า-ขุมทรัพย์) และ อาคารงอกงาม-จงเจริญ))>>,350.0
907,IRM-Extra (อยู่ดี อาคารก้าวหน้า-ขุมทรัพย์)>>,350.0
908,IRM-Extra (อยู่ดี อาคารฉลองชัย ชัยชนะ )>>,350.0
909,IRM-Extra (อยูดี),350.0
910,IRM-Extra (อยู่ดีคอนโด ก-ข นิติฯอยู่ดีคอนโด ง-จ),350.0
911,IRM-Extra (อยู่ดีคอนโด อาคาร งอกงาม-จงเจริญ ))>>,350.0
912,IRM-Extra (อยู่ดีคอนโด อาคารก้าวหน้า-ขุมทรัพย์ และ งอกงาม-จงเจริญ),350.0
913,IRM-Extra (อยู่ดีคอนโด อาคารก้าวหน้า-ขุมทรัพย์),350.0
914,IRM-Extra (อยู่ดีคอนโด อาคารก้าวหน้า-ขุมทรัพย์) - ส่งเมล์มา ส่งต่อให้ทุกนแล้ว>>,350.0
915,IRM-Extra (อยู่ดีคอนโด อาคารก้าวหน้า-ขุมทรัพย์ อยู่ดีคอนโด อาคารจงเจริญ-งอกงาม),350.0
916,IRM-Extra (อยู่ดีคอนโด อาคารก้าวหน้า-ขุมทรัพย์และ อาคารงอกงาม-จงเจริญ)>>,350.0
917,IRM-Extra (อยู่ดีคอนโด อาคารงอกงาม-จงเจริญ),350.0
918,IRM-Extra (อยู่ดีคอนโด อาคารงอกงาม-จงเจริญ) - ส่งเมล์มา ส่งต่อให้ทุกคนแล้ว,350.0
919,IRM-Extra (อยู่ดีคอนโด อาคารฉลองชัย-ชัยชนะ),350.0
920,IRM-Extra (อยู่ดีคอนโด),350.0
921,IRM-Extra (อาเรียปุระเขาใหญ่),350.0
922,IRM-Extra (อาเรียปุระเขาใหญ่) - ส่งเมล์มา ส่งต่อให้ทุกคนแล้ว>>,350.0
923,IRM-Extra (อากาศ เขาใหญ่ คอนโด บลูฮิลล์ บีเซียร์ร่า),350.0
924,IRM-Extra (อากาศ เขาใหญ่ คอนโด) >>,350.0
925,IRM-Extra (อากาศ เขาใหญ่),350.0
926,IRM-Extra (อากาศ เขาใหญ่คอนโด ตึกบีเซียร่าและบลูฮิล),350.0
927,IRM-Extra (อากาศเขาใหญ่ คอนโด อาคารบีเซียร์ร่า),350.0
928,IRM-Extra (อากาศเขาใหญ่ คอนโด อาคารบีเซียร์ร่า บลูฮิลส์) - ส่งเมล์มา ส่งต่อให้ทุกคนแล้ว,350.0
929,IRM-Extra (อากาศเขาใหญ่ บลูฮิลส์),350.0
930,IRM-Extra (อากาศเขาใหญ่) - ส่งเมล์มา ส่งต่อให้ทุกคนแล้ว,350.0
931,IRM-Extra (อากาส คอนโด เขาใหญ่ ) - ส่งเมล์มา วันที่ 21/01/2564 ส่งต่อให้ทุกคนแล้ว,350.0
932,IRM-Extra (อาคาร วีว่า),350.0
933,IRM-Extra (อาคารเมลเบริน),350.0
934,IRM-Extra (อาคารเมลเบิร์น),350.0
935,IRM-Extra (อาคารไมอามี่),350.0
936,IRM-Extra (อาคารไรซ์ คอนโด),350.0
937,IRM-Extra (อาคารก้าวหน้า-ขุมทรัพย์),350.0
938,IRM-Extra (อาคารนับดาว) - ส่งเมล์มา ส่งต่อให้ทุกคนแล้ว,350.0
939,IRM-Extra (อาคารบอสตัน),350.0
940,IRM-Extra (อาคารพาร์ค เอ-บี),350.0
941,IRM-Extra (อาคารวิวิด),350.0
942,IRM-Extra (อาณาสรา),350.0
943,IRM-Extra (อินนิชิโอ),350.0
944,IRM-Extra (อินนิชิโอ) - ส่งเมล์มา ส่งต่อให้ทุกคนแล้ว,350.0
945,IRM-Extra (อินนิซิโอ คลอง 3   เดอะเชนจ์ สมาร์ท แวลู ),350.0
946,IRM-Extra (อินนิซิโอ้ รังสิต คลอง 3) - ส่งเมล์มา ส่งต่อให้ทุกคนแล้ว,350.0
947,IRM-Extra (อินนิซิโอ้ รังสิตคลอง 3) - ส่งเมล์มา ส่งต่อให้ทุกคนแล้ว,350.0
948,IRM-Extra (อินิชิโอ) >>,350.0
949,IRM-Extra (อินิชิโอ)>>,350.0
950,IRM-Extra >>,350.0
951,IRM-Extra>>,350.0
861,IRM-Extra (รักษาความปลอดภัย ไอ เซอร์วิส) >>,350.0
862,IRM-Extra (รักษาความปลอดภัย ไอ เซอร์วิส)>>,350.0
147,*** ลงโปรแกรม HJ+Import ให้ นาราโฮม หน่วยงาน ของ บ.พร็อพเพอร์ตี้ แมเนจเม้นท์ คอนโทรล( PMC) ติดต่อเบอร์ 063-002-6880 คุณฟลุ๊ก (ลูกค้าจ่ายเช็คแล้ว) ส่งเมล์ต่อให้ทุกคนแล้ว,624.0
166,***บ.พร็อพเพอร์ตี้ แมเนจเม้นท์ คอนโทรล (PMC) - ส่งเมล์แจ้งถอนโปรแกรมหน่วยงาน 88 เดอะ เทอร์มอนอล ส่งต่อให้ทุกคนแล้ว>>,624.0
991,PMC,624.0
992,PMC - แจ้งถอนโปรแรกม หน่วยงาน นาราโฮม ส่งเมล์ต่อให้ทุกคนแล้ว/// แจ้งถอนโปรแกรมซอฟบิสที่นิติฯนาราโฮม จากที่เคยส่งเมลล์แจ้งให้ถอนในวันที่ 21/1/2565 ปัจจุบันยังไม่ได้ถอนโปรแกรมจึงรบกวนถอนในวันนี้ เวลา 11.00 น.เบอร์ 0957212644 คุณเจ๋ง และรบกวนขอใบแจ้งหนี้ เพื่อนำสิทธ์ที่เหลือดังกล่าวไปใช้ที่ หมู่บ้านจัดสรร บ้านกลางเมือง ศรีนครินทร์ คุณสาวิตรี 091-871-5822 (PMC),624.0
993,PMC ( เออร์บิเทีย ทองหล่อ) - ส่งเมล์มา ส่งต่อให้ทุกคนแล้ว,624.0
994,PMC (88 เดอะเทอมินอล),624.0
995,PMC (เดอะคัลเลอร์ส พรีเมี่ยม บางนา-วงแหวน) - ส่งเมล์มา ส่งต่อให้ทุกคนแล้ว (สอบถามเพิ่มเติม),624.0
996,PMC (บ้านกลางเมือง บริติชทาวน์ ศรีนครินทร์) - ส่ง Format Excel มาให้ เช็ค ก่อน Import ส่งต่อให้ทุกคนแล้ว,624.0
997,PMC (พร็อพเพอร์ตี้ แมเนจเม้นท์ คอนโทรล) - ส่งเมล์มาให้ถอน หน่วยงาน บ้านกลางเมืองบริติชทาวน์ ศรีนครินทร์ ส่งต่อให้ทุกคนแล้ว,624.0
998,PMC (ภูผา อาคารซี) - ส่งเมล์มา ส่งต่อให้ทุกคนแล้ว,624.0
999,PMC หน่วยงาน ม.ภัทรา รามคำแหง 76 และ ไอคอนโด สุขุมวิท 105-3 ติดต่อ คุณเบน 061-423-4777 091-871-5822,624.0
3908,บ. เมทเธียร์(METTHIER) _ (โครงการบ้านวารีภิรมย์ คิงเพาเวอร์ศรีวารี)(LANx2),357.0
52,*** Acute (เดอะซีเครซ หัวหิน) - ส่ง การเพิ่ม user ให้ที่หน้างาน ระดับ 1 ค่ะ และเพิ่มให้สำนักงานใหญ่ ระดับ 3 มาให้เพิ่มเติม ส่งต่อให้ทุกคนแล้ว,195.0
53,*** Acute (บ้านสิริ สุขุมวิท 10) ส่ง Format Excel+รูปแบบใบเสร็จ ใบแจ้งหนี้ ส่งต่อให้ทุกคนแล้ว**092-724-6655	คุณโบว์ *** Acute - ส่งเมล์มาให้เพิ่มทะเบียน หน่วยงาน บ้านสิริ สุขุมวิท 10 ส่งต่อให้ทุกคนแล้ว,195.0
167,**เอซีอาร์ แมเนจเม้นท์ ( Acute )ส่ง Format Excel หน่วยงาน เดอะซีเครซ หัวหิน มาให้ Import ส่งต่อให้ทุกคนแล้ว***** Remote ลงโปรแกรม CM ให้ เดอะ ซีเครซ หัวหิน หน่วยงานของ Acute (ใช้สิทธิ์โอนสิทธิ์) เสร็จแล้วให้ Remote เพิ่มทะเบียนที่ Aucte (จะฝากเช็คให้ประมาณจันทร์หรืออังคารหน้า) ส่งต่อให้ทุกคนแล้ว-(วันที่ 2/9/2565),195.0
216,Acute - ส่งเมล์มาให้ถอนโปรแกรม หน่วยงาน เดอะเครสท์ ซานโตราหัวหิน ส่งต่อให้ทุกคนแล้ว,195.0
217,Acute (เดอะทรี จรัญสนิทวงศ์ 30) - ส่งเมล์มาลงโปรแกรม CM+Import (โอนสิทธิ์) (จะโอนให้วันจันทร์) ส่งต่อให้ทุกคนแล้ว,195.0
218,Acute (เดอะทรี จรัญสนิทวงศ์ 30) - ส่งเมล์มาวันที่ 9/2/2564 ลงโปรแกรม CM+Import (โอนสิทธิ์) (จะโอนให้วันจันทร์) ส่งต่อให้ทุกคนแล้ว,195.0
219,Acute (เดอะทรี จรัญฯ 30) - ส่งเมล์มาถอนโปรแกรม ส่งต่อให้ทุกคนแล้ว,195.0
220,Acute (เอซีอาร์ แมเนจเม้นท์),195.0
221,Acute (เอซีอาร์ แมเนจเม้นท์) - ส่งเมล์มา ส่งต่อให้ทุกคนแล้ว,195.0
222,Acute (เอซีอาร์ แมเนจเม้นท์) เดอะทรี พริวาต้า - ส่งเมล์มา ส่งต่อให้ทุกคนแล้ว,195.0
223,Acute (เอซีอาร์ แมเนจเม้นท์) ริทึ่ม สุขุมวิท 50 - ส่งเมล์มา ส่งต่อให้ทุกคนแล้ว,195.0
224,Acute (เอซีอาร์ แมเนจเม้นท์)- ส่งเมล์มา ส่งต่อให้ทุกคนแล้ว,195.0
227,Acute (เอซีอาร์ แมเนจเม้นท์)(บ้านแสงจันทร์ คอนโดมิเนียม) - ส่งเมล์มา วันที่ 2/2/2564 ส่งต่อให้ทุกคนแล้ว,195.0
228,Acute (มิคโคนอส หัวหิน) - ส่งเมล์มา ส่งต่อให้ทุกคนแล้ว,195.0
229,Acute (ศุภาลัย เวลลิงตัน) - ส่งเมล์มา ส่งต่อให้ทุกคนแล้ว,195.0
230,Acute (ศุภาลัย ลอฟท์ สถานีแยกไฟฉาย) - ส่งเมล์มา ส่งต่อให้ทุกคนแล้ว,195.0
1010,PPM(นิว โนเบิล แจ้งวัฒนะ (New Noble-แจ้งวัฒนะ ) - ส่งเมล์มา ส่งต่อให้ทุกคนแล้ว,663.0
4728,บ.พีพีเอ็ม เเมนเนจเมนท์ (PPM )(โนเบิล แอมเบียนส์ สุขุมวิท 42 (Noble Ambience) - ส่งเมล์มา ส่งต่อให้ทุกคนแล้ว,663.0
4729,บ.พีพีเอ็ม เเมนเนจเมนท์ (PPM )(โอเรียลเต็ล ทาวเวอร์ คอนโดมิเนียม ),663.0
4730,บ.พีพีเอ็ม เเมนเนจเมนท์ (PPM),663.0
4731,บ.พีพีเอ็ม เเมนเนจเมนท์ (PPM) - ส่งเมล์มา ส่งต่อให้ทุกคนแล้ว,663.0
4732,บ.พีพีเอ็ม เเมนเนจเมนท์ (PPM) -( เดอะคิทท์ พลัส นวมินทร์ อาคารเอและบี ),663.0
4733,บ.พีพีเอ็ม เเมนเนจเมนท์ (PPM) ( แฮปปี้คอนโด ดอนเมือง เดอะ เทอมินอล),663.0
4734,บ.พีพีเอ็ม เเมนเนจเมนท์ (PPM) ( โอเรียลเต็ล ทาวเวอร์ คอนโดมิเนียม (Oriental Tower Condominium ),663.0
4735,บ.พีพีเอ็ม เเมนเนจเมนท์ (PPM) -( มิลเลนเนียม เรสซิเดนท์ (Milennium Resident ),663.0
4736,บ.พีพีเอ็ม เเมนเนจเมนท์ (PPM) ( ร๊อยซ์ ไพรเวท เรซิเดนซิซ (Royce Private Residences),663.0
4737,บ.พีพีเอ็ม เเมนเนจเมนท์ (PPM) (เดอะ เทรเชอร์),663.0
4738,บ.พีพีเอ็ม เเมนเนจเมนท์ (PPM) -(เดอะ พาร์คแลนด์ เพชรเกษม ( The Parkland เพชรเกษม ),663.0
4739,บ.พีพีเอ็ม เเมนเนจเมนท์ (PPM) (แก้ไข26/1/2565),663.0
4740,บ.พีพีเอ็ม เเมนเนจเมนท์ (PPM) (แอทโมซ โอเอซิส อ่อนนุช))),663.0
4741,บ.พีพีเอ็ม เเมนเนจเมนท์ (PPM) (โนเบิล แอมเบียนส์ สุขุมวิท 42 (Noble Ambience),663.0
4158,บ.เมทเธียร์ (METTHIER)_(โครงการบ้านวารีภิรมย์),357.0
4742,บ.พีพีเอ็ม เเมนเนจเมนท์ (PPM) (โนเบิล แอมเบียนส์ สุขุมวิท 42 (Noble Ambience)-(นิว โนเบิล แจ้งวัฒนะ (New Noble-แจ้งวัฒนะ ),663.0
4743,บ.พีพีเอ็ม เเมนเนจเมนท์ (PPM) (โนเบิล รีมิกซ์ ),663.0
4744,บ.พีพีเอ็ม เเมนเนจเมนท์ (PPM) (โนเบิล รีมิกซ์ Noble Remix),663.0
4745,บ.พีพีเอ็ม เเมนเนจเมนท์ (PPM) (ไทปิง ทาวเวอร์ส ),663.0
4746,บ.พีพีเอ็ม เเมนเนจเมนท์ (PPM) (ไพรม แมนชั่น),663.0
4747,บ.พีพีเอ็ม เเมนเนจเมนท์ (PPM) -(ไพรม แมนชั่น),663.0
4748,บ.พีพีเอ็ม เเมนเนจเมนท์ (PPM) (ไอดีโอ คิว สุขุมวิท 36 (Ideo Q))),663.0
4749,บ.พีพีเอ็ม เเมนเนจเมนท์ (PPM) -(นิว โนเบิล แจ้งวัฒนะ),663.0
4750,บ.พีพีเอ็ม เเมนเนจเมนท์ (PPM) (มิลเลนเนียม เรสซิเดนท์ (Milennium Resident ),663.0
4751,บ.พีพีเอ็ม เเมนเนจเมนท์ (PPM) (รวมสุข) - ส่งเมล์มา ส่งต่อให้ทุกคนแล้ว,663.0
4752,บ.พีพีเอ็ม เเมนเนจเมนท์ (PPM)( นวรัตน์ แมนชั่น),663.0
4753,บ.พีพีเอ็ม เเมนเนจเมนท์ (PPM)-(ไพรม แมนชั่น),663.0
4754,บ.พีพีเอ็ม เเมนเนจเมนท์ (PPM)-(นิว โนเบิล แจ้งวัฒนะ),663.0
6765,รีเจ้นท์ โฮม บางซ่อน เฟส 27 (Regent Home 27),2461.0
6766,รีเจ้นท์ โฮม บางซ่อน เฟส 27 (Regent Home 27) (LANx5),2461.0
6767,รีเจ้นท์ โฮม บางซ่อน เฟส 27 (Regent Home บางซ่อน เฟส 27),2461.0
6768,รีเจ้นท์ โฮม บางซ่อน เฟส 27 (Regent Home บางซ่อน เฟส 27) (LANx5),2461.0
6831,รีเจ้นท์โฮมบางซ่อน เฟส 27,2461.0
6832,รีเจ้นท์โฮมบางซ่อน เฟส 27 - ส่ง Format Excel มาให้ Import ส่งต่อให้ทุกคนแล้ว,2461.0
3551,ดิแอลโคฟ(ยูไลฟ์ พร็อพเพอร์ตี้),712.0
3623,ถ้า บ.ยูไลฟ์ฯ โทร.มา ให้ติดต่อ ตาลโดยตรง บริษัทเค้าเคยแจ้งว่าไม่ได้ใช้โปรแกรมแล้ว และไม่ต่อ MA ••• บ.ยูไลฟ์ คอร์ปอเรชั่น (Ulife) (แชมเบอร์ ชาน) •••,712.0
4778,บ.ยูไลฟ์ คอร์ปอเรชั่น (Ulift),712.0
4779,บ.ยูไลฟ์ คอร์ปอเรชั่น (เดอะพอยต์ คอนโด รังสิต-คลอง 6) - ส่งเมล์มา ส่งต่อให้ทุกคนแล้ว,712.0
4780,บ.ยูไลฟ์ คอร์ปอเรชั่น (คาซ่าคอนโด รัชดา-ท่าพระ ),712.0
4781,บ.ยูไลฟ์ คอร์ปอเรชั่น (คาซ่าคอนโด รัชดา-ท่าพระ เอ บี) - ส่งเมล์มา ส่งเมล์มา ส่งต่อให้ทุกคนแล้ว,712.0
4782,บ.ยูไลฟ์ คอร์ปอเรชั่น (สราญสิริ 2),712.0
4783,บ.ยูไลฟ์ คอร์ปอเรชั่น (สราญสิริ 2) - ส่งเมล์มา ส่งต่อให้ทุกคนแล้ว,712.0
4784,บ.ยูไลฟ์ คอร์ปอเรชั่น (สราญสิริ 2) - ส่งเมล์มาวันที่ 28/2564 ส่งต่อให้ทุกคนแล้ว,712.0
4785,บ.ยูไลฟ์ พร็อพเพอร์ตี้ แมเนจเม้นท์ ( อโศกเพลส) - ส่งเมล์มา ส่งต่อให้ทุกคนแล้ว,712.0
4786,บ.ยูไลฟ์ พร็อพเพอร์ตี้ แมเนจเม้นท์ (Ulife Property Management) (ม.มัณฑนา และบุศรินทร์ ธนบุรีรมย์) - ส่งเมล์มา ส่งต่อให้ทุกคนแล้ว,712.0
4787,บ.ยูไลฟ์ พร็อพเพอร์ตี้ แมเนจเม้นท์ (Ulift Property Management) ( วินด์ รัชโยธิน) - ส่งเมล์มา ส่งต่อให้ทุกคนแล้ว,712.0
4788,บ.ยูไลฟ์ พร็อพเพอร์ตี้ แมเนจเม้นท์ (ดีคอนโด สุขุมวิท 109) - ส่งเมล์มา ส่งต่อให้ทุกคนแล้ว,712.0
4789,บ.ยูไลฟ์ พร็อพเพอร์ตี้ แมเนจเม้นท์ (รอแยล 3)- ส่งเมล์มา ส่งต่อให้ทุกคนแล้ว,712.0
4790,บ.ยูไลฟ์ พร็อพเพอร์ตี้ แมเนจเม้นท์ (รอแยล 3)- ส่งเมล์มาวันที่5/3/2564 ส่งต่อให้ทุกคนแล้ว,712.0
4791,บ.ยูไลฟ์ พร็อพเพอร์ตี้ แมเนจเม้นท์ (อโศกเพลส),712.0
6627,ยูไลฟ์ (Ulife )(เดอะทรัสต์ คอนโด อมตะ-ชลบุรี) - ส่งเมล์มา ส่งต่อให้ทุกคนแล้ว,712.0
6628,ยูไลฟ์ (เดอะทรัสต์ คอนโด แอทบีทีเอส) - ส่งเมล์มา ส่งต่อให้ทุกคนแล้ว,712.0
6629,ยูไลฟ์ (คาซ่า คอนโดศรีราชา อาคาร เอ) - ส่งเมล์มา ส่งต่อให้ทุกคนแล้ว,712.0
6630,ยูไลฟ์ (คิวคอนโด สุขุมวิท) - ส่งเมล์มา ส่งต่อให้ทุกคนแล้ว MA12/2564 095-926-4092 คุณฝน แก้ไขสิทธิของพนักงานไม่ให้แก้ไขหรือยกเลิกใบเสร็จได้  . แก้ำขสิทธิพนักงาน คุณส่งต่อข้อความนี้เมื่อ พ 3/2/2021 15:12 ULIFE Property Management <ilifebackup@gmail.com> พ 3/2/2021 15:11 เรียน คุณตาล/ทุกท่านที่เกี่ยวข้อง  . รวบกวนลิ๊งไปแก้ไขสิทธิของพนักงานไม่ให้แก้ไขหรือยกเลิกใบเสร็จได้ ของนิติฯ คิวคอนโด สุขุมวิท ติดต่อเบอร์ 095-926-4092 คุณฝน . จึงเรียนมาเพื่อทราบ ฤชนก มาตระกูล(ดาด้า) . Better Life by ULIFE .,712.0
6631,ยูไลฟ์ (สราญสิริ 2) - ส่งเมล์มา ส่งต่อให้ทุกคนแล้ว,712.0
4347,บ.ไทย แอซเซ็ท พร็อพเพอร์ตี้ แอนด์ เจ.พี )(Thai Asset Property And J.P.)_( บ.รวมนครก่อสร้าง (ประเทศไทย) ),320.0
154,**** Remote เพิ่มทะเบียน 1 ทะเบียน ให้ บ.ไทย แอซเซ็ท พร็อพเพอร์ตี้ แอนด์ เจ.พี หน่วยงาน โฮป แอนด์ กาย คอนโดทาวน์ ติตด่อ คุณแหว๋ว 095-927-0687 (ด่วน) ลุกค้ารออยู่ โอนเงินแล้ว --||--,320.0
4345,บ.ไทย แอซเซ็ท พร็อพเพอร์ตี้ แอนด์ เจ.พี (Thai Asset Property And J.P) (ยูนีค เกษตร-นวมินทร์,320.0
4346,บ.ไทย แอซเซ็ท พร็อพเพอร์ตี้ แอนด์ เจ.พี )(Thai Asset Property And J.P.),320.0
4348,บ.ไทย แอซเซ็ท พร็อพเพอร์ตี้ แอนด์ เจ.พี )(Thai Asset Property And J.P.)>>,320.0
4349,บ.ไทย แอซเซ็ท พร็อพเพอร์ตี้ แอนด์ เจ.พี )(Thai Asset Property And J.P.)>> (อัสสกาญจน์ เพลส โครงการลาดพร้าว),320.0
4410,บ.กรุงเทพไดอ์แคสซ์ติ้ง แอนด์อินแจ๊กชั่น (Bangkok Diecasting And Injection )(Big Tree Residence ),577.0
4411,บ.กรุงเทพไดอ์แคสซ์ติ้ง แอนด์อินแจ๊กชั่น (Bangkok Diecasting And Injection )(Big Tree Residence ) (LANx1),577.0
4608,บ.บิ๊ก ทรี แอสเสท (Big Tree Asset)- (Tree Condo สุขุมวิท 50 (ทรี คอนโด สุขุมวิท 50),577.0
4609,บ.บิ๊ก ทรี แอสเสท (Big Tree Asset) (Tree Condo สุขุมวิท 52 (ทรีคอนโด สุขุมวิท 52),577.0
4610,บ.บิ๊ก ทรี แอสเสท (Big Tree Asset) Tree Condo สุขุมวิท 40(Tree Condo เอกมัย)(ทรี คอนโดสุขุมวิท 40) (ทรี คอนโด เอกมัย),577.0
4611,บ.บิ๊ก ทรี แอสเสท (Big Tree Asset)_(ทรีคอนโดลักซ์ สุขุมวิท 52),577.0
4826,บ.รักษาความปลอดภัย ซีบีเอ็ม แฟซิลิตี้ส์ แมนเนจเม้นท์ (CBM)- ส่งเมล์มาให้ลงโปรแกรมให้ใหม่ ส่งต่อให้ทุกคนแล้ว,14.0
1015,Raimon Land Services (The Loft Ekkamai) เดอะลอฟท์ เอกมัย - ส่งเมล์มา ส่งต่อให้ทุกคนแล้ว,343.0
1017,Raimon Land Services (The Loft Ekkamai)ไรมอนด์ แลนด์( เดอะลอฟท์ เอกมัย),343.0
1018,Raimon Land Services (The Lofts Ekkamai) ไรมอนด์ แลนด์( เดอะลอฟท์ เอกมัย),343.0
1702,เดอะไทเทิ้ล ฮาโล 1 (The Title Halo 1),722.0
5021,บ.อาร์เอสจี แบง พร็อพเพอร์ตี้ แมเนจเม้นท์ (RSG),921.0
5022,บ.อาร์เอสจี แบง พร็อพเพอร์ตี้ แมเนจเม้นท์ (RSG) ( เดอะโมนาเวล เพชรเกษม ) - ส่ง Format Excel มาให้ Import ส่งต่อให้ทุกคนแล้ว,921.0
5023,บ.อาร์เอสจี แบง พร็อพเพอร์ตี้ แมเนจเม้นท์ (RSG) (LANx1),921.0
5024,บ.อาร์เอสจี แบง พร็อพเพอร์ตี้ แมเนจเม้นท์ (RSG) (เดอะโมนาเวล เพชรเกษม 39 (The Mona Vale เพชรเกษม 39),921.0
5025,บ.อาร์เอสจี แบง พร็อพเพอร์ตี้ แมเนจเม้นท์ (RSG) (ชาโตว์ อินทาวน์ รัชดา 13-2),921.0
5026,บ.อาร์เอสจี แบง พร็อพเพอร์ตี้ แมเนจเม้นท์(RSG),921.0
5027,บ.อาร์เอสจี แบง พร็อพเพอร์ตี้ แมเนจเม้นท์(RSG) (ระยองคอนโดเชน ) - ส่งเมล์มา ส่งต่อให้ทุกคนแล้ว,921.0
6939,ลุมพินี เซ็นเตอร์ นวมินทร์ (RSG),921.0
175,11.48 Savills ติดตั้งสิทธิ์ GL CTS City Smart (ใช้สิทธิ์ของ เดอะ โคฟ พัทยา) หมดวันที่ 31/12/2021 ติดตั้งถึงวันที่ 05/02/2022 >OK    Email,447.0
184,15.07 Savills ติดตั้งสิทธิ์ CM SDR ศาลาแดงเรสซิเดนเซส หมดวันที่ 31/07/2022 ติดตั้งถึงวันที่ 31/07/2022 >OK    Email : Service โดย kwan ,447.0
186,16.53 Savills ติดตั้งสิทธิ์ CM SST สุขสาธร หมดวันที่ 14/11/2021 ติดตั้งถึงวันที่ 10/02/2022 >OK      : Service โดย kwan ,447.0
187,17.20 Savills ติดตั้งสิทธิ์ GL SLD-1 ศาลาแดง วัน (เอสซี แอสเสท คอร์ปอเรชั่น ซื้อติดตั้งถึงที่นิติฯ) (ยังไม่ต่อ MA) หมด 09/05/2019 ติดตั้งถึงวันที่ 06/04/2022 >OK    Email,447.0
188,17.21 Savills ติดตั้งสิทธิ์ GL 28CL (ทเวนตี้เอท ชิดลม) (SC Asset ซื้อ) หมดวันที่ 25/08/2020 ติดตั้งถึงวันที่ 06/04/2022 >OK      : Service โดย kwan ,447.0
1042,Savills ( โนเบิล รีวอล์ฟ รัชดา) - ส่งเมล์มา ส่งต่อให้ทุกคนแล้ว--//--โปรแกรมซอฟบิทของหน่วยงาน NRR มีปัญหาเข้าระบบได้ แต่ดึงข้อมูลและบันทึกใบเสร็จไม่ได้ ระบบบันทึกข้อมูลเป็นศูนย์บาท ทำการ Re-Index ไม่ได้ ตามรูปภาพที่แนบมา ติดต่อคุณนราธิป 095-313-9921,447.0
1046,Savills (บางกอกไทย) - ส่งเมล์มา ส่งต่อให้ทุกคนแล้ว,447.0
1047,Savills (รอยัล ศาลาแดง) - ส่งเมล์มา ส่งต่อให้ทุกคนแล้ว,447.0
1048,Savills (ศาลาแดงวัน) - ส่งเมล์มา ส่งต่อให้ทุกคนแล้ว,447.0
4453,บ.ซาวิลล์ (Savills),447.0
4454,บ.ซาวิลล์ (Savills) (โนเบิล เพลินจิต (NPC)),447.0
4455,บ.ซาวิลล์ (Savills) (ปิยะสาธร),447.0
4456,บ.ซาวิลส์ (Savills),447.0
4457,บ.ซาวิลส์ (Savills) - (มหานคร (MCJ)),447.0
4458,บ.ซาวิลส์ (Savills) - (มหานคร),447.0
4459,บ.ซาวิลส์ (Savills) (TLY (เดอะ ลอฟท์ เย็นอากาศ),447.0
4460,บ.ซาวิลส์ (Savills) (TLY (เดอะ ลอฟท์ เย็นอากาศ) - ส่งเมล์มา ส่งต่อให้ทุกคนแล้ว,447.0
4461,บ.ซาวิลส์ (Savills) (นิวาติ ทองหล่อ 23 (NIVATI)- ส่งเมล์มา ส่งต่อให้ทุกคนแล้ว,447.0
4462,บ.ซาวิลส์ (Savills) (รอยัล ศาลาแดง)(TRS )- ส่งเมล์มา ส่งต่อให้ทุกคนแล้ว,447.0
4463,บ.ซาวิลส์ (Savills) (ลาวีค) - ส่งเมล์มา ส่งต่อให้ทุกคนแล้ว,447.0
4464,บ.ซาวิลส์ (Savills) (ศาลาแดงวัน),447.0
4465,บ.ซาวิลส์ (Savills) (สาธร พาร์ค เพลส) - ส่งเมล์มา ส่งต่อให้ทุกคนแล้ว,447.0
4466,บ.ซาวิลส์ (Savills)- ส่งเมล์มา ส่งต่อให้ทุกคนแล้ว,447.0
4467,บ.ซาวิลส์ (Savills)_( วอเตอร์มาร์ค เจ้าพระยา ริเวอร์),447.0
1116,V condo ลาดกระบัง เฟส บี,792.0
1117,V Condo ลาดกระบัง เฟส บี (V Condo Phase B),792.0
1118,V Condo ลาดกระบัง เฟส บี (V Condo Phase B) - ส่งเมล์มา ส่งต่อให้ทุกคนแล้ว,792.0
4911,บ.วี.วี.พร๊อพเพอร์ตี้ กรุ๊ป (VV Property )) (V Condo ลาดกระบัง Phase B) วี คอนโด ลาดกระบัง เฟส บี,792.0
7101,วี คอนโด ลาดกระบัง เฟส บี (V Condo ลาดกระบัง Phase B),792.0
4956,บ.สยามโอเรียนทัล เซอร์วิส แอนด์ เมนเนจเม้นท์ (SIAM ORIENTAL SERVICE) (Water's Edge Condominium ),834.0
4957,บ.สยามโอเรียนทัล เซอร์วิส แอนด์ เมนเนจเม้นท์ (SIAM ORIENTAL SERVICE) -(Water's Edge Condominium ),834.0
2354,เอซีอาร์ แมเนจเม้นท์ ( Acute ) (เดอะซีเครซ หัวหิน),202.0
2274,เศรษฐสิริ ราชพฤกษ์ จรัญฯ 2,2886.0
2275,เศรษฐสิริ ราชพฤกษ์ จรัญฯ2,2886.0
4684,บ.พร็อพเพอร์ตี้ แอนด์ ไลฟ์ แมเนจเม้นท์ (PLM) ( ประตูน้ำเพรสตีจ คอนโดมิเนียม)) ( เศรษฐสิริ ราชพฤกษ์ จรัญฯ 2)),2886.0
6144,ม.เศรษฐสิริ ราชพฤกษ์ - จรัญฯ,2886.0
2307,เอ.ดี. คอนโดมิเนียม ไฮเอท (AD Condominium Hiace) เอดี เฮาส์ (A.D. Houses),5.0
2308,เอ.ดี. คอนโดมิเนียม ไฮเอท (AD Condominium Hiace) เอดี เฮาส์ (A.D. Houses) (LANx1),5.0
2309,เอ.ดี. คอนโดมิเนียม ไฮเอท (AD Condominium Hiace) เอดี เฮาส์ (A.D. Houses)- ส่งเมล์มา ส่งต่อให้ทุกคนแล้ว,5.0
2654,โกลเด้น เฮอริเทจ เฟส 2 (บ้านปิ่นเกล้า เฟส 1),2913.0
5560,บ้านปิ่นเกล้า เฟส 1 -(โกลเด้น เฮอริเทจ เฟส 2),2913.0
5561,บ้านปิ่นเกล้า เฟส 1 (โกลเด้น เฮอริเทจ เฟส 2),2913.0
5562,บ้านปิ่นเกล้า เฟส 1_ (โกลเด้น เฮอริเทจ เฟส 2))),2913.0
2661,โกลเด้น นีโอ บางนา-กิ่งแก้ว (Golden Neo บางนา-กิ่งแก้ว ),2921.0
3907,บ. เมทเธียร์ (METTHIER) _ (โครงการบ้านวารีภิรมย์ คิงเพาเวอร์ศรีวารี)(LANx2),357.0
4394,บ.ไอเอฟเอส ฟาซิลิตี้ เซอร์วิสเซส (IFS) บ.ไอเอสเอส ฟาซิลิตี้ เซอร์วิส(ISS) )>>(โครงการบ้านวารีภิรมย์),357.0
4395,บ.ไอเอสเอส ฟาซิลิตี้ เซอร์วิส(ISS)(IFS)โครงการบ้านวารีภิรมย์,357.0
4291,บ.แกรนด์ เวิร์ค พลัส แอสเสท ( ไนท์บริดจ์ คอลลาจ สุขุมวิท 107 ),248.0
2908,ไอ-เฮ้าส์ ลากูน่าการ์เด้น 1 (I-House Laguna Garden 1),1646.0
2909,ไอ-เฮ้าส์ ลากูน่าการ์เด้น 1 (I-House Laguna Garden 1) (LANx1 ),1646.0
2910,ไอ-เฮ้าส์ ลากูน่าการ์เด้น 1 ตึกเอ (I-House Laguna Garden 1) (LANx1 ),1646.0
5088,บริษัท เซ็น เอกซ์ พร็อพเพอร์ตี้ แมเนจเม้นท์ จำกัด (ACRM) (Acute) (ไอ-เฮ้าส์ ลากูน่า การ์เด้น 2),1644.0
4079,บ.เดอะสมาร์ท กรุ๊ป (The Smart Group) ( ไอทะเลคอนโดมิเนียม),124.0
4083,บ.เดอะสมาร์ท กรุ๊ป (The Smart Group) (ไอทะเลคอนโดมิเนียม),124.0
3143,คอลเลซซิโอ สาทร-พิพัฒน์ (Collezio สาทร-พิพัฒน์ ),1744.0
3144,คอลเลซซิโอ สาทร-พิพัฒน์ (Collezio สาทร-พิพัฒน์ ) - ส่งเมล์มา ส่งต่อให้ทุกคนแล้ว,1744.0
3145,คอลเลซซิโอ สาทร-พิพัฒน์ (Collezio),1744.0
4939,บ.สกายไนน์ แมเนจเม้นท์ (Sky Nine) (คอลเลซซิโอ สาทร-พิพัฒน์ ) - ส่งเมล์มา ส่งต่อให้ทุกคนแล้ว,1744.0
4193,บ.เอ็กซ์ตร้า เซอร์วิส)(Extra-Service) _ ( หมู่บ้านมารวยโสธร 4),3364.0
4643,บ.ปาล์มฮิลส์ พรอพเพอร์ตี้ เซอร์วิส (เพชรบุรี),609.0
4644,บ.ปาล์มฮิลส์ พรอพเพอร์ตี้ เซอร์วิส (เพชรบุรี) (LANx2),609.0
6965,ลูกค้าใหม่(บริษัทบริหาร),3365.0
6990,ลูกค้าใหม่สนใจโปรแกรมเป็นบริษัทบริหาร,3365.0
6996,ลูกค้าบริษัทบริหาร,3365.0
6068,ม. บางกอก บูเลอวาร์ด เทพารักษ์-วงแหวน,3366.0
6303,ม.บางกอก บูเลอวาร์ด เทพารักษ์-วงแหวน,3366.0
4545,บ.ทัฟฟ์ เซอร์วิส (Tuff Servic )(CRM) (บ้านพฤกษา สุขสวัสดิ์-ประชาอุทิศ (พฤกษา 128),508.0
5686,บ้านสวนธน (4) เอเอ ดี จี,2248.0
5687,บ้านสวนธน (4) จี (บัญชีกลาง),2248.0
5688,บ้านสวนธน (4) จี (บัญชีกลาง) (บ้านสวนธน (4) A B C),2248.0
5689,บ้านสวนธน (4) อาคาร เอเอ  ดี จี,2248.0
4875,บ.วิฟ เมเนจเม้นท์ (Viv Management) (พาร์คแลนด์ 6),772.0
6430,ม.พาร์คเวย์ ชาเล่ต์ โครงการ 2 (Parkway Chalet 2),3224.0
6953,ลูกค้าใหม่ (บริหารนิติฯ),3365.0
6985,ลูกค้าใหม่สนใจโปรแกรม อาคารชุด,3365.0
6976,ลูกค้าใหม่สนใจโปรแกรม (หมู่บ้าน/ต่างจังหวัด),3365.0
3975,บ. วี คอนซัลแทนท์ แอนด์ เมเนจเม้นต์) ((V Consultant and Management)_(วี คอนโดศาลายา)_(บ.บัณฑิตทาวน์) (LANx1),783.0
7103,วี คอนโดศาลายา วี 2 ทาวเวอร์,783.0
7514,อะพูล คอนโด (Apool Condo),2736.0
3236,จี สไตล์ คอนโด 2 (G Style Condo 2),1782.0
5956,พัทยาฮิลล์ รีสอร์ท,2348.0
5957,พัทยาฮิลล์ รีสอร์ท (ชลบุรี),2348.0
5958,พัทยาฮิลล์ รีสอร์ท (ชลบุรี) (LANx2),2348.0
7314,สหกรณ์เคหสถานชุมชนคลองเตย (แฟลต 14),842.0
7315,สหกรณ์เคหสถานชุมชนคลองเตย (แฟลต 14) (แฟลต 11-18),842.0
7316,สหกรณ์เคหสถานชุมชนคลองเตย (แฟลต 14) (แฟลต 11-18) (LANx1),842.0
7317,สหกรณ์เคหสถานชุมชนคลองเตย (แฟลต 14) (แฟลต 11-18) (LANx1)  สหกรณ์เคหสถานชุมชนคลองเตย (โครงการ 70 ไร่) (LANx1),842.0
7318,สหกรณ์เคหสถานชุมชนคลองเตย (แฟลต 14) (แฟลต 11-18)(LANx1),842.0
7478,อมรันทา เรสซิเด้นซ์ ( อมรันทา ดีเวลลอปเม้นท์),2721.0
7479,อมรันทา เรสซิเด้นซ์ (อมรันทา ดีเวลลอปเม้นท์),2721.0
7480,อมรันทา เรสซิเด้นซ์ (อมรันทา ดีเวลลอปเม้นท์) (LANx1),2721.0
7481,อมรันทา เรสซิเด้นซ์ (อมรันทา ดีเวลลอปเม้นท์)- ส่งเมล์มา ส่งต่อให้ทุกคนแล้ว,2721.0
4551,บ.ทัฟฟ์ เซอร์วิส (Tuff Servic )(CRM) (ม.ซิตี้เซนส์ พระราม2-ท่าข้าม),508.0
7482,อมรันทา เรสซิเด้นซ์ (อมรันทา ดีเวลลอปเม้นท์)- ส่งเมล์มา ส่งต่อให้ทุกคนแล้ว (17/2/2565),2721.0
4065,บ.เดอะเบสท์ การบัญชี (BTP) - ADDx2-Head (1) บจก. ธงเอก (2) บจก. เฟืองคณา (ลุกค้าโอนเงินมาแล้ว วันที่ 22/8/65 ยอด 10 400 บาท ) ส่งเมล์ต่อให้ทุกคนแล้ว (ด่วน),744.0
4630,บ.บีทีพี แอคเค้าติ้ง แมเนจเม้นท์)(เดอะ เบสท์ การบัญชี)(BTP) (LANx1),744.0
4631,บ.บีทีพี แอคเค้าติ้ง แมเนจเม้นท์)(เดอะ เบสท์ การบัญชี)(BTP)- (บ้านชิดลม ),744.0
4632,บ.บีทีพี แอคเค้าติ้ง แมเนจเม้นท์)(บ.เดอะ เบสท์ การบัญชี)(BTP) ( ศุภาลัย วิสต้า แยกติวานนท์),744.0
4633,บ.บีทีพี แอคเค้าติ้ง แมเนจเม้นท์)(บ.เดอะ เบสท์ การบัญชี)(BTP) ( อพาร์ท เม้นท์ ธงเอก),744.0
4634,บ.บีทีพี แอคเค้าติ้ง แมเนจเม้นท์)(บ.เดอะ เบสท์ การบัญชี)(BTP) ( อพาร์ทเม้น ปิติสุขสิริ )- (อพาร์ท เม้นท์ เฟืองคณา),744.0
4635,บ.บีทีพี แอคเค้าติ้ง แมเนจเม้นท์)(บ.เดอะ เบสท์ การบัญชี)(BTP) (อพาร์ท เม้นท์ เฟืองคณา),744.0
1632,เดอะเนสท์เพลินจิต (ทัฟฟ์ เซอร์วิส) (CRM),508.0
1633,เดอะเนสท์เพลินจิต (บ.ทัฟฟ์ เซอร์วิส (Tuff Servic )(CRM),508.0
3670,ทัฟฟ์ เซอร์วิส-CRM (เดอะ เนสท์ สุขุมวิท 71) - ส่งเมล์มา ส่งต่อให้ทุกคนแล้ว///ขอแก้ไขชื่อนิติบุคคล//แก้ไขชื่อนิติ แก้ไขเป็น นิติบุคคลอาคารชุด เดอะ เนสท์ สุขุมวิท 71 ทั้งที่หน้างานและที่สำนักงานทัฟฟ์ ///เบอร์โทรติดตั้งที่นิติฯ เดอะ เนสท์ สุขุมวิท 71 086-771-8101 ติดต่อคุณโบว์///เบอร์โทรติดตั้งสำนักงานใหญ่ 02-108-5251 ติดต่อคุณเสก,508.0
4212,บ.เอซีอาร์ แมเนจเม้นท์ (ACRM) (Acute) - ส่งเมล์มา ส่งต่อให้ทุกคนแล้ว,508.0
4213,บ.เอซีอาร์ แมเนจเม้นท์ (ACRM) (Acute) (เดอะทรี พริวาต้า) - ส่งเมล์มา ส่งต่อให้ทุกคนแล้ว,508.0
4219,บ.เอซีอาร์ แมเนจเม้นท์ (Acute)(ACRM),508.0
4530,บ.ทัฟฟ์ เซอร์วิส (Tuff Servic )(CRM) - (624 คอนโดเลต รัชดา 36 (624 Condolette รัชดา 36),508.0
4532,บ.ทัฟฟ์ เซอร์วิส (Tuff Servic )(CRM) - เดอะเนสท์ 71 (The Nest 71)- ส่งเมล์มา ส่งต่อให้ทุกคนแล้ว,508.0
4533,บ.ทัฟฟ์ เซอร์วิส (Tuff Servic )(CRM) ( เวิร์ฟ พหลโยธิน-สายไหม ),508.0
4534,บ.ทัฟฟ์ เซอร์วิส (Tuff Servic )(CRM) ( ชวนชื่น ไพร์ม วิลล์ กรุงเทพ-ปทุมธานี ),508.0
4535,บ.ทัฟฟ์ เซอร์วิส (Tuff Servic )(CRM) ( ม.เคริซทาวน์ 4 จตุโชติ-หทัยราษฎร์ ),508.0
4536,บ.ทัฟฟ์ เซอร์วิส (Tuff Servic )(CRM) (เซลรัตนาธิเบศร์ 2 อาคาร A),508.0
4537,บ.ทัฟฟ์ เซอร์วิส (Tuff Servic )(CRM) (เดอะ บริว คอนโด สมุย)),508.0
4538,บ.ทัฟฟ์ เซอร์วิส (Tuff Servic )(CRM) (เดอะ บริว สมุย)),508.0
4539,บ.ทัฟฟ์ เซอร์วิส (Tuff Servic )(CRM) (ซีณิธ เพลส สุขุมวิท),508.0
4540,บ.ทัฟฟ์ เซอร์วิส (Tuff Servic )(CRM) -(ดิ เอ็กซ์คลูซีฟ รัชดา-วงศ์สว่าง (The Exclusive Ratchada-Wongsawang)(TERV),508.0
4541,บ.ทัฟฟ์ เซอร์วิส (Tuff Servic )(CRM) -(ดิ เอ็กซ์คลูซีฟ รัชดา-วงศ์สว่าง (The Exclusive Ratchada-Wongsawang)(TERV)),508.0
4542,บ.ทัฟฟ์ เซอร์วิส (Tuff Servic )(CRM) -(ดิเอ็กซ์คูลซีฟ รัชดา-วงค์สว่าง (The Exclusive Ratchada-Wongsawang)(TERV)),508.0
4543,บ.ทัฟฟ์ เซอร์วิส (Tuff Servic )(CRM) -(ดิเอ็กซ์คูลซีฟ รัชดา-วงค์สว่าง (The Exclusive Ratchada-Wongsawang)(TERV)) - ส่งเมล์มา ส่งต่อให้ทุกคนแล้ว,508.0
4544,บ.ทัฟฟ์ เซอร์วิส (Tuff Servic )(CRM) (ดี มูระ รัชโยธิน คอนโดมิเนียม (ดีมูระ รัชโยธิน 34)),508.0
4546,บ.ทัฟฟ์ เซอร์วิส (Tuff Servic )(CRM) (บ้านสวนธน รัชดา 4 เอ บี ซี),508.0
4547,บ.ทัฟฟ์ เซอร์วิส (Tuff Servic )(CRM) (บ้านสุขุมวิท 77 (โกเมน-เพทาย),508.0
4548,บ.ทัฟฟ์ เซอร์วิส (Tuff Servic )(CRM) (บุราสิริ พหลโยธิน-สายไหม)),508.0
4549,บ.ทัฟฟ์ เซอร์วิส (Tuff Servic )(CRM) (ม.ชวนชื่น ไพร์ม วิลล์ กรุงเทพ-ปทุมธานี)),508.0
4550,บ.ทัฟฟ์ เซอร์วิส (Tuff Servic )(CRM) (ม.ซิกเนเจอร์ รามอินทรา),508.0
4552,บ.ทัฟฟ์ เซอร์วิส (Tuff Servic )(CRM) -(ม.ซิตี้เซนส์ พระราม2-ท่าข้าม),508.0
4553,บ.ทัฟฟ์ เซอร์วิส (Tuff Servic )(CRM) (ลัดดารมย์ - วัชรพล รัตนโกสินทร์ )),508.0
4554,บ.ทัฟฟ์ เซอร์วิส (Tuff Servic )(CRM) (ลัดดารมย์ วัชรพล รัตนโกสินทร์),508.0
4555,บ.ทัฟฟ์ เซอร์วิส (Tuff Servic )(CRM) (ลัดดารมย์-วัชรพล รัตนโกสินทร์),508.0
4556,บ.ทัฟฟ์ เซอร์วิส (Tuff Servic )(CRM) _(ม.ลัดดารมย์-วัชรพล รัตนโกสินทร์),508.0
4557,บ.ทัฟฟ์ เซอร์วิส (Tuff Servic )(CRM) -ทรีคอนโดลาดพร้าว 27 (TREE CONDO ลาดพร้าว 27),508.0
4558,บ.ทัฟฟ์ เซอร์วิส (Tuff Servic )(CRM) ปาริชาต 345,508.0
4559,บ.ทัฟฟ์ เซอร์วิส (Tuff Servic )(CRM)((ลิปป์ รามคำแหง 43-1 (Libb รามคำแหง 43-1),508.0
4560,บ.ทัฟฟ์ เซอร์วิส (Tuff Servic )(CRM)-(ม.ลิฟวิ่ง เรสซิเด้นซ์),508.0
4561,บ.ทัฟฟ์ เซอร์วิส (Tuff Servic )(CRM)(รัตนาธิเบศร์ 2 อาคาร A),508.0
4562,บ.ทัฟฟ์ เซอร์วิส (Tuff Servic )(CRM)_(ฟอร์เร่ ลำลูกกา คลอง 5 ),508.0
4563,บ.ทัฟฟ์ เซอร์วิส (Tuff Servic )(CRM)_(อนีน่า วิลล่า สาทร เย็นอากาศ ),508.0
4564,บ.ทัฟฟ์ เซอร์วิส (Tuff Service )(CRM),508.0
4565,บ.ทัฟฟ์ เซอร์วิส (Tuff Service )(CRM) - เดอะเนสท์ 71 (The Nest 71),508.0
5089,บริษัท เซ็น เอกซ์ พร็อพเพอร์ตี้ แมเนจเม้นท์ จำกัด (ACRM) (Acute) (ไอ-เฮ้าส์ ลากูน่า การ์เด้น 3),508.0
5090,บริษัท เซ็น เอกซ์ พร็อพเพอร์ตี้ แมเนจเม้นท์ จำกัด (ACRM) (Acute)( โครงการ มิว ),508.0
5091,บริษัท เซ็น เอกซ์ พร็อพเพอร์ตี้ แมเนจเม้นท์ จำกัด (Sen X Property) (ACRM),508.0
5718,บ้านสุขุมวิท 77 (โกเมน-เพทาย) (Tuff Service (CRM),508.0
3644,ทรู ทองหล่อ คอนโด - ส่งเมล์มา ส่งต่อให้ทุกคนแล้ว,498.0
3645,ทรู พร็อพเพอร์ตี้ เซอร์วิส (True Property),498.0
3646,ทรู พร็อพเพอร์ตี้ เซอวิส (True Property )(ไลฟ์ บางกอก บูเลอวาร์ด รามอินทรา) - ส่งเมล์มาย้ายโปรแกรม ส่งต่อให้ทุกคนแล้ว (ด่วน),498.0
3647,ทรูพร็อพเพอร์ตี้ เซอร์วิส (True Property),498.0
4502,บ.ทรู พร็อพเพอร์ตี้ เซอร์วิส (True Property),498.0
4503,บ.ทรู พร็อพเพอร์ตี้ เซอร์วิส (True Property)(โกลเด้นทาวน์ 3 บางนาสวนหลวง),498.0
4504,บ.ทรู พร็อพเพอร์ตี้ เซอร์วิส (True Property)บ้านกลางเมืองสวิสทาวน์ เกษตร-นวมินทร์ (Swiss Town เกษตร-นวมินทร์ ),498.0
4505,บ.ทรู พร็อพเพอร์ตี้ เซอร์วิส (True Property)บ้านกลางเมืองสวิสทาวน์ เกษตร-นวมินทร์ (Swiss Town เกษตร-นวมินทร์ ) - ส่งเมล์มา ส่งต่อให้ทุกคนแล้ว,498.0
4506,บ.ทรู พร็อพเพอร์ตี้ เซอวิส (True Property ),498.0
4507,บ.ทรู พร็อพเพอร์ตี้ เซอวิส (True Property ) ( ไอคอนโด สุขาภิบาล 2)),498.0
4508,บ.ทรู พร็อพเพอร์ตี้ เซอวิส (True Property ) (เดอะมาสเตอร์สาทร เอ็กเซ็กคูทีฟ),498.0
4509,บ.ทรู พร็อพเพอร์ตี้ เซอวิส (True Property ) (ทาวน์พลัส (ลาดพร้าว101),498.0
4510,บ.ทรู พร็อพเพอร์ตี้ เซอวิส (True Property ) (พาทิโอ แจ้งวัฒนะ (Patio แจ้งวัฒนะ))),498.0
4511,บ.ทรู พร็อพเพอร์ตี้ เซอวิส (True Property ) (มัณฑนา พระยาสุเรนทร์ 26),498.0
4512,บ.ทรู พร็อพเพอร์ตี้ เซอวิส (True Property )ไลฟ์บางกอก บูเลอวาร์ด รามอินทรา,498.0
4513,บ.ทรู พร็อพเพอร์ตี้ เซอวิส (True Property )ไลฟ์บางกอก บูเลอวาร์ด รามอินทรา - ส่งเมล์มา ส่งต่อให้ทุกคนแล้ว,498.0
4514,บ.ทรูพร็อพเพอร์ตี้ เซอร์วิส ( True ) (โมโน ป่าหล่าย),498.0
4515,บ.ทรูพร็อพเพอร์ตี้ เซอร์วิส (True Property ),498.0
4516,บ.ทรูพร็อพเพอร์ตี้ เซอร์วิส (True Property ) ( ปาริชาต 345),498.0
4517,บ.ทรูพร็อพเพอร์ตี้ เซอร์วิส (True Property ) (ม.ดิเอ็กซ์คลูซีฟ พัฒนาการ เอกมัย ทองหล่อ),498.0
4518,บ.ทรูพร็อพเพอร์ตี้ เซอร์วิส(True Property),498.0
7059,วิลล์คอน (อินนิชิโอ พระราม ๒ (Inzio Rama 2 ) - ส่งเมล์มา ส่งต่อให้ทุกคนแล้ว,775.0
4519,บ.ทรูพร็อพเพอร์ตี้ เซอร์วิส(True Property) (ไลฟ์บางกอก บูเลอวาร์ด รามอินทรา) - ส่งเมล์มา ส่งต่อให้ทุกคนแล้ว,498.0
4520,บ.ทรูพร็อพเพอร์ตี้ เซอร์วิส(True Property) (พรีเมี่ยม เพลส เอกมัย-รามอินทรา ( พรีเมี่ยมเพลส (เลียบทางด่วน-เอกมัยรามอินทรา)) - ส่งเมล์มา ส่งต่อให้ทุกคนแล้ว,498.0
4521,บ.ทรูพร็อพเพอร์ตี้ เซอร์วิส(True Property) (ม.ไลฟ์บางกอก บูเลอวาร์ด รามอินทรา),498.0
93,*** Remote ลงโปรแกรม CM-AP ให้ โอเชี่ยน เรสซิเดนซ์ (มิตรภาพ-ขอนแก่น) หน่วยงานของ ยูนิตี้ (Unity) ส่งเมล์ต่อให้แล้ว (ลูกค้าจะโอนค่าโอนสิทธิ์ให้วันจันทร์ ที่ 5/7/64),717.0
146,*** ยูนิตี้ ส่งเมล์มาให้ถอนโปรแกรม หน่วยงาน เอสโทร คอนโดมิเนียม ติดต่อ คุณอ้อย 095-371-6833 ส่งเมล์ต่อให้ทุกคนแล้ว,717.0
3800,นิติบุคคลอาคารชุด เดอะเชนจ์ รีแลกซ์ คอนโด(ยูนิตี้),717.0
5259,บางเสร่ ไฮท์ ยูนิตี้ (Unity),717.0
7231,ศุภาลัย วิสต้า แยกติวานนท์,2633.0
4104,บ.เพอร์เฟค พร็อพเพอร์ตี้ แอนด์ แอคเค้าท์ติ้ง ( เมโทร พาร์ค สาทร-กัลปพฤกษ์))),141.0
4105,บ.เพอร์เฟค พร็อพเพอร์ตี้ แอนด์ แอคเค้าท์ติ้ง ( ชาโตว์ อินทาวน์ พระราม 8),141.0
4106,บ.เพอร์เฟค พร็อพเพอร์ตี้ แอนด์ แอคเค้าท์ติ้ง ( วินน์ พหลโยธิน 52 ),141.0
4107,บ.เพอร์เฟค พร็อพเพอร์ตี้ แอนด์ แอคเค้าท์ติ้ง ( อมาร์ป้า คอนโดมิเนียม)),141.0
4108,บ.เพอร์เฟค พร็อพเพอร์ตี้ แอนด์ แอคเค้าท์ติ้ง ( อินนิซิโอ ปิ่นเกล้า-วงแหวน ),141.0
4109,บ.เพอร์เฟค พร็อพเพอร์ตี้ แอนด์ แอคเค้าท์ติ้ง (?สุชารีไลฟ์? 2),141.0
4110,บ.เพอร์เฟค พร็อพเพอร์ตี้ แอนด์ แอคเค้าท์ติ้ง (Perfect Properrty and Accounting),141.0
4111,บ.เพอร์เฟค พร็อพเพอร์ตี้ แอนด์ แอคเค้าท์ติ้ง (Perfect Property And Accounting),141.0
4112,บ.เพอร์เฟค พร็อพเพอร์ตี้ แอนด์ แอคเค้าท์ติ้ง (เลอริช? รัชดา-สุทธิสาร)(วินน์ พหลโยธิน 52),141.0
4113,บ.เพอร์เฟค พร็อพเพอร์ตี้ แอนด์ แอคเค้าท์ติ้ง (โกลเด้น ทาวน์ ศรีนครินทร์-สุขุมวิท ),141.0
4114,บ.เพอร์เฟค พร็อพเพอร์ตี้ แอนด์ แอคเค้าท์ติ้ง -(โนเบิล? รีดี (Noble Re-D),141.0
4115,บ.เพอร์เฟค พร็อพเพอร์ตี้ แอนด์ แอคเค้าท์ติ้ง (โนเบิลรีดี),141.0
4116,บ.เพอร์เฟค พร็อพเพอร์ตี้ แอนด์ แอคเค้าท์ติ้ง (โนเบิลรีดี) - ส่งเมล์มา ส่งต่อให้ทุกคนแล้ว,141.0
4117,บ.เพอร์เฟค พร็อพเพอร์ตี้ แอนด์ แอคเค้าท์ติ้ง (ชาโตว์ อินทาวน์ พระราม 8),141.0
4118,บ.เพอร์เฟค พร็อพเพอร์ตี้ แอนด์ แอคเค้าท์ติ้ง (ซิลค์ เพลส พหลโยธิน-หลักสี่),141.0
4119,บ.เพอร์เฟค พร็อพเพอร์ตี้ แอนด์ แอคเค้าท์ติ้ง (วินน์ พหลโยธิน 52),141.0
4120,บ.เพอร์เฟค พร็อพเพอร์ตี้ แอนด์ แอคเค้าท์ติ้ง (อมาร์ป้า คอนโดมิเนียม)),141.0
4121,บ.เพอร์เฟค พร็อพเพอร์ตี้ แอนด์ แอคเค้าท์ติ้ง <<(บริษัท เพาเวอร์ พลัส โฟลว์ แมนเนจเมนท์ จํากัด)>>( วินน์ พหลโยธิน 52 ) (วินน์ คอนโด พหลโยธิน 52 (Wynn Condo Phahon Yothin 52),141.0
4122,บ.เพอร์เฟค พร็อพเพอร์ตี้ แอนด์ แอคเค้าท์ติ้ง_( ชาโตว์ อินทาวน์ พระราม 8),141.0
4251,บ.เอ็ม แมเนจเม้นท์ (M Management) (ดีคอนโด รามคำแหง 9),218.0
4252,บ.เอ็ม แมเนจเม้นท์ (M Management) (ดีคอนโด รามคำแหง 9) - ส่งเมล์มา ส่งต่อให้ทุกคนแล้ว,218.0
4253,บ.เอ็ม แมเนจเม้นท์ (M Management) (ดีคอนโด รามคำแหง 9) - ส่งเมล์มาวันที่ 1/7/2565 ส่งต่อให้ทุกคนแล้ว****,218.0
4254,บ.เอ็ม แมเนจเม้นท์ (M Management) เดอะนิช ไอดี ลาดพร้าว 130 (The niche ID ลาดพร้าว 130),218.0
2703,โทรกลับ คุณสุมน 081-855-7130 สอบถามเรื่องรายงาน(ซื้อโปรแกรม GL ส่วนตัว),420.0
4259,บ.เอ็มดีเอ็ม แมเนจเม้นท์ กรุ๊ป (MDM ) (หมู่บ้านภัทรา อ่อนนุชวงแหวน) - ส่งเมล์มาวันที่ 24/5/2565 ส่งต่อให้ทุกคนแล้ว,218.0
5114,บริษัท เอ็มดีเอ็ม แมเนจเม้นท์ กรุ๊ป(MDM) ( บ้านกลางเมืองลาดพร้าว 87 ),218.0
3730,ธาดาพาร์ค 2,3051.0
3731,ธาดาพาร์ค 2 (Tada Park 2)(ชลบุรี),3051.0
4186,บ.เอ.ซี. พร็อพเพอร์ตี้ กรุ๊ป(AC Property Group) (รัชดา ซิตี้ คอนโด 1  3),184.0
4187,บ.เอ.ซี. พร็อพเพอร์ตี้ กรุ๊ป(AC Property Group) (รัชดา ซิตี้ คอนโด 1 2 3),184.0
4188,บ.เอ.ซี. พร็อพเพอร์ตี้ กรุ๊ป(AC Property Group) (รัชดา ซิตี้ คอนโด 2),184.0
4189,บ.เอ.ซี. พร็อพเพอร์ตี้ กรุ๊ป(AC Property Group) (รัชดา ซิตี้ คอนโด 2 3),184.0
4190,บ.เอ.ซี. พร็อพเพอร์ตี้ กรุ๊ป(AC Property Group) (รัชดาซิตี้ คอนโด 1 (RC RD) ) _(รัชดาซิตี้ คอนโด 2 (RA))_(รัชดาซิตี้ คอนโด 3 (RB) ),184.0
4191,บ.เอ.ซี. พร็อพเพอร์ตี้ กรุ๊ป(AC Property Group) (ราชพฤกษ์ เกษตร - นวมินทร์),184.0
3391,ซิตี้วิลล์ ตึก A-G(วิลล์คอน),775.0
4881,บ.วิลล์คอน - ส่งเมล์แจ้งถอนโปรแกรม หน่วยงาน ซิตี้โฮม รัตนาธิเบศร์ ส่งเมล์ให้ทุกคนแล้ว --//--ในศุกร์ ที่ 1 เมษายน 2565 ให้ด้วยค่ะ ติดต่อคุณปุ้ม : 089-750-8833,775.0
4882,บ.วิลล์คอน เมเนจเม็นท์ ( พลัสโคราช),775.0
4883,บ.วิลล์คอน เมเนจเม็นท์ (Villecon ) (ซิตี้วิลล์ อาคารเอ อาคารบี อาคารซีและดี อาคารอีเอฟจี (City Ville A-G) - ส่งเมล์มา ส่งต่อให้ทุกคนแล้ว,775.0
4885,บ.วิลล์คอน เมเนจเม็นท์ (Villecon) ( เดอะคิทท์ สุขุมวิท 113? อาคาร เอ บี?),775.0
4886,บ.วิลล์คอน เมเนจเม็นท์ (Villecon) ( ริชพาร์ค แอด บางซ่อน ) - ส่งเมล์มา ส่งต่อให้ทุกคนแล้ว,775.0
4887,บ.วิลล์คอน เมเนจเม็นท์ (Villecon) ( ริชพาร์ค แอด บางซ่อน),775.0
4888,บ.วิลล์คอน เมเนจเม็นท์ (Villecon) (เดอะคิทท์ สุขุมวิท 113-อาคาร บี?),775.0
4889,บ.วิลล์คอน เมเนจเม็นท์ (Villecon) (โฟคัสคอนโดมิเนียม (Focus),775.0
4890,บ.วิลล์คอน เมเนจเม็นท์ (Villecon) (ดุสิต อเวนิวส์) - ส่งเมล์มาวันที่ 4/4/2565 ส่งต่อให้ทุกคนแล้ว,775.0
4891,บ.วิลล์คอน เมเนจเม็นท์ (Villecon) (นลิน เรสซิเด้นส์),775.0
4892,บ.วิลล์คอน เมเนจเม็นท์ (Villecon) (มายเพลส) - ส่งเมล์มา ส่งต่อให้ทุกคนแล้ว,775.0
4893,บ.วิลล์คอน เมเนจเม็นท์ (Villecon)เลอโคเต้ สุขุมวิท 14 (Le Cote สุขุมวิท 14),775.0
4894,บ.วิลล์คอน เมเนจเม็นท์ (Villecon)-ส่งเมล์มา ส่งต่อให้ทุกคนแล้ว,775.0
4895,บ.วิลล์คอน เมเนจเม็นท์(Villecon) (เดอะ เพรสซิเด้นท์ สาทร-ราชพฤกษ์ เฟส 2 )- ส่งเมล์มา ส่งต่อให้ทุกคนแล้ว,775.0
4896,บ.วิลล์คอน เมเนจเม็นท์(Villecon) (บางนาเพลส),775.0
4897,บ.วิลล์คอน เมเนจเม็นท์(Villecon)( เย็นสบายดี คอนโด ลาดพร้าว 101),775.0
4898,บ.วิลล์คอน เมเนจเม็นท์(Villecon)( ริชพาร์ค แอด บางซ่อน),775.0
4899,บ.วิลล์คอน เมเนจเม็นท์(Villecon)(เอกสิน)ส่งเมล์มา ส่งต่อให้ทุกคนแล้ว,775.0
4900,บ.วิลล์คอนส่งเมล์แจ้งถอนโปรแกรม หน่วยงาน ซิตี้โฮม รัตนาธิเบศร์ ส่งเมล์ให้ทุกคนแล้ว --//--ในศุกร์ ที่ 1 เมษายน 2565 ให้ด้วยค่ะ ติดต่อคุณปุ้ม : 089-750-8833,775.0
7052,วิลล์คอน - ส่งเมล์มา ส่งต่อให้ทุกคนแล้ว,775.0
7053,วิลล์คอน ( พลัส อยุธยา พาร์ค),775.0
7054,วิลล์คอน (Villecon),775.0
7055,วิลล์คอน (พญาไท เพลส) - ส่งเมล์มา ส่งต่อให้ทุกคนแล้ว,775.0
7056,วิลล์คอน (พลัสอยุทธยา พาร์ค) - ส่งเมล์มา ส่งต่อให้ทุกคนแล้ว,775.0
7057,วิลล์คอน (พหล เมทโทร คอนโดมิเนียม) - ส่งเมล์มา ส่งต่อให้ทุกคนแล้ว,775.0
7058,วิลล์คอน (ฟีล คอนโด ลาดพร้าว 33) - ส่งเมล์มา ส่งต่อให้ทุกคนแล้ว,775.0
3210,คุณสุมน (ซื้อโปรแกรม GL ส่วนตัว),420.0
7060,วิลล์คอน ส่งเมล์มา ถอนโปรแกรม หน่วยงาน เลอ เซ แลส ส่งต่อให้ทุกคนแล้ว,775.0
1063,SMC (ริชพาร์ค แอท ทริปเปิ้ล สเตชั่น) - ส่งเมล์มา ส่งต่อให้ทุกคนแล้ว,234.0
2410,เอสเอ็มซี พร็อพเพอร์ตี้ ซอฟต์ (SMC) (คิวเฮ้าส์ คอนโด สาทร),234.0
3913,บ. เอสเอ็มซี พร็อพเพอร์ตี้ ซอฟต์ (SMC)- (คิวเฮ้าส์ คอนโด สาทร) - ส่งเมล์มา ส่งต่อให้ทุกคนแล้ว,234.0
3914,บ. เอสเอ็มซี พร็อพเพอร์ตี้ ซอฟต์ (SMC)- (ริธึ่ม รางน้ำ) - ส่งเมล์มา ส่งต่อให้ทุกคนแล้ว,234.0
3915,บ. เอสเอ็มซี พร็อพเพอร์ตี้ ซอฟต์ (SMC)- (ริธึ่ม รางน้ำ) - ส่งเมล์มาวันที่ 28/2/2565 ส่งต่อให้ทุกคนแล้ว,234.0
4274,บ.เอสเอ็มซี พร็อพเพอร์ตี้ ซอฟต์ (SMC) (ไอดีโอ บลูโคฟ สาทร (Ideo Blue Cove สาทร),234.0
4275,บ.เอสเอ็มซี พร็อพเพอร์ตี้ ซอฟต์ (SMC) (ไอดีโอ บลูโคฟ สาทร (Ideo Blue Cove สาทร)) - ส่งเมล์มา ส่งต่อให้ทุกคนแล้ว,234.0
4276,บ.เอสเอ็มซี พร็อพเพอร์ตี้ ซอฟต์ (SMC) (คิวเฮ้าส์ คอนโด สาทร) - ส่งเมล์ให้ย้ายโปรแกรม ส่งต่อให้ทุกคนแล้ว,234.0
4277,บ.เอสเอ็มซี พร็อพเพอร์ตี้ ซอฟต์ (SMC) (คิวเฮ้าส์ คอนโด สาทร) - ส่งเมล์มา ส่งต่อให้ทุกคนแล้ว,234.0
4278,บ.เอสเอ็มซี พร็อพเพอร์ตี้ ซอฟต์ (SMC) (บ้านกลางเมือง แกรนด์เดอะ ปารีส รัชดา) - ส่งเมล์มาวันที่ 22/12/2564 ส่งต่อให้ทุกคนแล้ว ///ขอความอนุเคราะห์โอนข้อมูลโปรเเกรม Softbiz (กรณีเปลี่ยน คอมพิวเตอร์เครื่องใหม่) นิติฯ บ้านกลางเมือง แกรนด์เดอะ ปารีส รัชดา เบอร์ติดต่อ 086-356-5969 (คุณสมพร) ภายใน วันที่ 23/12/64,234.0
4279,บ.เอสเอ็มซี พร็อพเพอร์ตี้ ซอฟต์ (SMC)(ริทึม รัชดา) (ริธึ่ม รัชดา) - ส่งเมล์มา ส่งต่อให้ทุกคนแล้ว,234.0
101,*** เวลา 13.30 น. Remote ลงโปรแกรม CM+Import หน่วยงาน เดอะวัน พลัส คอนโดมิเนียม และ เพิ่มทะเบียนที่ Metro ติดต่อ คุณอิ๊บ 081-997-6896 ส่งเมล์ต่อให้ทุกคนแล้ว (ด่วน) (ลูกค้าใช้สิทธิ์โอนสิทธิ์ วางบิลแล้ว) //- สำนักงานใหญ่ สามารถติดต่อ คุณเฟียร์ เบอร์ฯ 064-082-1654///- หน่วยงานนิติฯ เดอะวัน พลัส สามารถติดต่อ คุณฟ้า เบอร์ 093-430-8111 ข้อมูลลูกหนี้ค้างชำระ / ชื่อที่อยู่ลูกบ้าน / รหัสค่าใช้จ่าย / อยู่ไฟล์แนบ,157.0
2157,เมโทร พาร์ค สาทร 2-3 2-4 (Metro Park สาทร 2-3 2-4),157.0
2160,เมโทร ริเวอร์ฟร้อนท์ (Metro River Front ),157.0
2161,เมโทร ลักซ์ รัชดา (METRO LUXE รัชดา),157.0
2162,เมโทร ลักซ์ รัชดา (METRO LUXE รัชดา) (LANx1),157.0
2164,เมโทร สกาย รัชดา ( Metro Sky รัชดา ),157.0
2169,เมโทรลักซ์ พระราม 4 (Metro Luxe Rama4),157.0
2868,ไมอามี่ บางปู เฟส 2-3(Miami บางปู 2-3 ) (Metro Property),157.0
4151,บ.เมโทร พรอพเพอร์ตี้แมเนจเม้นท์ (Metro ProPerty) ( เดอะ คลาสซี่ รัชดาภิเษก 19),157.0
4153,บ.เมโทร พรอพเพอร์ตี้แมเนจเม้นท์ (Metro ProPerty) (เอ็นที เฮ้าส์ ( NT House ),157.0
4154,บ.เมโทร พรอพเพอร์ตี้แมเนจเม้นท์ (Metro ProPerty)- ส่งเมล์มาให้เพิ่มทะเบียน 1 ทะเบียน หน่วยงาน เดอะคอลเล็ค รัชดา 32 ส่งต่อให้ทุกคนแล้ว,157.0
4302,บ.แกรนด์ พี พรอพเพอร์ตี้ (ดิ อินดี๊ด คอนโด แกรนด์ คาแนล (The Indeed Condo Grand Canal),252.0
4303,บ.แกรนด์ พี พรอพเพอร์ตี้ (ดิ อินดี๊ด คอนโด แกรนด์ คาแนล (The Indeed Condo Grand Canal) - ส่งเมล์มา ส่งต่อให้ทุกคนแล้ว,252.0
2590,แอทอีสต์ คอนโดมิเนียม,1559.0
2591,แอทอีสต์ คอนโดมิเนียม 1 2 (@East Condominium 1 2) (ชลบุรี),1559.0
2592,แอทอีสต์ คอนโดมิเนียม 1 2 (ชลบุรี),1559.0
2593,แอทอีสต์ คอนโดมิเนียม 2 (ชลบุรี),1559.0
6156,ม.เอ็มเมอรัลด์ รีสอร์ท (หัวหิน) (Emerald Resort Hua Hin)- ส่งเมล์มา ส่งต่อใหุ้ทกคนแล้ว,2892.0
6157,ม.เอ็มเมอรัลด์ รีสอร์ท (หัวหิน) (Emerald Resort Hua Hin)- ส่งเมล์มาวันที่ 23/11/2564 ส่งต่อใหุ้ทกคนแล้ว,2892.0
3211,คุณสุมน ตั้งไพบูลย์ (ซื้อเฉพาะ GL),420.0
5208,บริษัท ส.วัฒนาอพาร์ทเม้นท์,814.0
5209,บริษัท ส.วัฒนาอพาร์ทเม้นท์ (บ.พงษ์ทองวิลล่า (พงษ์ทองบางปะอิน)-(พงษ์ทองทาวเวอร์ (ดอนเมือง) (LANx1),814.0
5210,บริษัท ส.วัฒนาอพาร์ทเม้นท์ (รังสิต),814.0
5211,บริษัท ส.วัฒนาอพาร์ทเม้นท์ (ส.วัฒนา)(pp บริษัท พฤกษ์สราญ ลำลูกกา คลอง 9 จำกัด),814.0
5212,บริษัท ส.วัฒนาอพาร์ทเม้นท์ จำกัด,814.0
5213,บริษัท ส.วัฒนาอพาร์ทเม้นท์ จำกัด (ส.วัฒนา)(pp บริษัท พฤกษ์สราญ จำกัด),814.0
5214,บริษัท ส.วัฒนาอพาร์ทเม้นท์ จำกัด (ส.วัฒนา)(pp บริษัท พฤกษ์สราญ ลำลูกกา คลอง 9 จำกัด),814.0
5215,บริษัท ส.วัฒนาอพาร์ทเม้นท์ จำกัด (สะพานใหม่)),814.0
5216,บริษัท ส.วัฒนาอพาร์ทเม้นท์ รัตนาธิเบศน์,814.0
5217,บริษัท ส.วัฒนาอพาร์ทเม้นท์ รัตนาธิเบศร์,814.0
5218,บริษัท ส.วัฒนาอพาร์ทเม้นท์_( แอนเน็กซ์),814.0
5791,พงษ์ทองทาวเวอร์ (ดอนเมือง (ส.วัฒนา),814.0
5881,พฤกสราญ ลำลูกกา คลอง 9 (ส.วัฒนา),814.0
1782,เดอะคอนเนค 12 เอ (The Connect 12 A ),2817.0
7541,อัสสกาญจน์เพลส โครงการลาดพร้าว,2748.0
113,*** โนเบิล จีโอ พระราม 5 ส่งข้อมูลมาให้เช็คก่อนลง Format Excel ติดต่อ คุณเล็ก 095-773-5965 (ด่วน) ลูกค้าใหม่ยังไม่ได้ลงโปรแกรม-ส่งมาทางไลน์**--ตรวจสอบแล้ว ลูกค้าส่งมาเป็นไฟล์ PDF แจ้งให้แก้ไข หนี้ค้าง เพิ่มเติม แล้วส่งเข้ามาให้ตรวจสอบใหม่--,2925.0
114,*** โนเบิล จีโอ พระราม 5 ส่งข้อมูลมาให้เช็คก่อนลง Format Excel ติดต่อ คุณเล็ก 095-773-5965 (ด่วน) ลูกค้าใหม่ยังไม่ได้ลงโปรแกรม-ส่งมาทางไลน์**--ตรวจสอบแล้ว ลูกค้าส่งมาเป็นไฟล์ PDF แจ้งให้แก้ไข หนี้ค้าง เพิ่มเติม แล้วส่งเข้ามาให้ตรวจสอบใหม่-- >>ลูกค้าส่ง Format Excel มาให้เช็คคะ-ส่งมาทางไลน์--ลูกค้าจะส่งมาให้ตรวจสอบใหม่***--แจ้งให้แก้ไข แล้วส่งมาอีกที,2925.0
327,IQ (บางกอกบูเลอวาร์ด สาทร - ราชพฤกษ์) - ส่งเมล์มา ส่งต่อให้ทุกคนแล้ว นัดไว้วันนี้,370.0
2781,โมนีค สุขุมวิท 64 (Moniiq สุขุมวิท 64),370.0
2782,โมนีค สุขุมวิท 64 (Moniq สุขุมวิท 64 ),370.0
3502,ดิ ยูนีค รัชดา 19 (The Unique รัชดา 19 ),370.0
6913,ลาวีค สุขุมวิท 57 ( Laviq-สุขุมวิท 57),370.0
3057,กัสโต้ ท่าน้ำนนท์,2953.0
4142,บ.เมเจอร์ พร็อพเพอร์ตี้ เซอร์วิส (Major Property Service)- ส่งเมล์มา ส่งต่อให้ทุกคนแล้ว///**ส่งหนังสือย้ายระบบ Softbiz ขึ้นไปยัง Windows Server//เนื่องด้วยทางบริษัท เมเจอร์ พร๊อพเพอร์ตี๊ เซอร์วิส จำกัด จะขอย้ายระบบ Softbiz จากเครื่องคอมพิวเตอร์เดิมที่มีการใช้งานอยู่บน Microsoft Windows 10 ไปยัง เครื่องคอมพิวเตอร์แม่ข่าย ที่อยู่บนระบบปฏิบัติการ Microsoft Windows Server 2019 Essentials ทั้งนี้ บริษัทฯ ได้จัดทำหนังสือมาเพื่อขอดำเนินการย้าย (ตามไฟล์แนบ) โดยทาง Softbiz สามารถติดต่อมายัง ฝ่ายสารสนเทศ ของ บริษัท เมเจอร์ พร๊อพเพอร์ตี๊ เซอร์วิส จำกัด ได้โดยตรงที่ คุณเอก โทร 084-915-1525 Line ID : t.aek825,155.0
4067,บ.เดอะไนน์ พร๊อพเพอร์ตี้ แมเนจเมนท์ (The Nine) (มัณฑนา ปิ่นเกล้า-พระราม 5)- ส่งเมล์มาให้ลงโปรแกรมใหม่ ติดตั้งสิทธิ์ถึงวันที่ 30/5/64 (ส่งต่อให้ทุกคนแล้ว)///คุณธีรดลย์ เบอร์โทร : 095-735-7700 (เจ้าหน้าที่ประจำหน่วยงาน) ///คุณทรงวุฒิ เบอร์โทร : 086-767-3446 (ผู้จัดการพื้นที่)/// คุณสายัญ 097-995-9495,117.0
1870,เดอะทรัสต์ ศรีนครินทร์ -แพรกษา (เดอะทรัสต์ ทาวน์ ศรีนครินทร์ -แพรกษา) ( The Trust Town ศรีนครินทร์ -แพรกษา ),2847.0
6102,ม.เดอะทรัสต์ ทาวน์ ศรีนครินทร์-แพรกษา ( The Trust Town -ศรีนครินทร์-แพรกษา ),2847.0
2842,ไทม์โฮม(สวนหลวง-อ่อนนุช),2936.0
4143,บ.เมเจอร์ พร็อพเพอร์ตี้ เซอร์วิส (Major Property Service)- ส่งเมล์มาวันที่30/9/2564 ส่งต่อให้ทุกคนแล้ว///**ส่งหนังสือย้ายระบบ Softbiz ขึ้นไปยัง Windows Server//เนื่องด้วยทางบริษัท เมเจอร์ พร๊อพเพอร์ตี๊ เซอร์วิส จำกัด จะขอย้ายระบบ Softbiz จากเครื่องคอมพิวเตอร์เดิมที่มีการใช้งานอยู่บน Microsoft Windows 10 ไปยัง เครื่องคอมพิวเตอร์แม่ข่าย ที่อยู่บนระบบปฏิบัติการ Microsoft Windows Server 2019 Essentials ทั้งนี้ บริษัทฯ ได้จัดทำหนังสือมาเพื่อขอดำเนินการย้าย (ตามไฟล์แนบ) โดยทาง Softbiz สามารถติดต่อมายัง ฝ่ายสารสนเทศ ของ บริษัท เมเจอร์ พร๊อพเพอร์ตี๊ เซอร์วิส จำกัด ได้โดยตรงที่ คุณเอก โทร 084-915-1525 Line ID : t.aek825,155.0
4147,บ.เมเจอร์ พร็อพเพอร์ตี้ เซอร์วิส (Major Property Service)>>,155.0
4148,บ.เมเจอร์ พร็อพเพอร์ตี้ เซอร์วิส (เดอะ ทรีโอ การ์เด้น) - ส่งเมล์มา ส่งต่อใหุ้ทกคนแล้ว,155.0
4149,บ.เมเจอร์ พร็อพเพอร์ตี้ เซอร์วิส (ศุภาลัย ปาร์ค ศรีนครินทร์) - ส่งเมล์มา ส่งต่อให้ทุกคนแล้ว,155.0
2035,เดอะสตาร์เอสเตทแอทนราธิวาส,1341.0
2036,เดอะสตาร์เอสเตทแอทนราธิวาส (The Star Estate @ นราธิวาส),1341.0
1218,เคหะชุมชนร่มเกล้า 1,1016.0
1219,เคหะชุมชนร่มเกล้า 1 - ส่งเมล์มา ส่งต่อให้ทุกคนแล้ว,1016.0
5478,บ้านเอื้ออาทรหนองจะบก,2205.0
5479,บ้านเอื้ออาทรหนองจะบก (โคราช),2205.0
5480,บ้านเอื้ออาทรหนองจะบก (โคราช) - แจ้งทาง Line,2205.0
5481,บ้านเอื้ออาทรหนองจะบก (โคราช)-ส่ง Format Excel ให้ Import ติดต่อเจ้าหน้าที่นิติ 082-6544265 (ด่วน) ลูกค้าใหม่,2205.0
4417,บ.กองเงิน ซิตี้โฮม (เดอะ แกรนด์ คอนโดมิเนียม) (ปราจีนบุรี),383.0
4062,บ.เดอะ วัน แมเนจเม้นท์ (ม.คาซ่า บางนา เทพารักษ์),112.0
4063,บ.เดอะ วัน แมเนจเม้นท์ (ม.คาซ่า บางนา เทพารักษ์) - ส่ง Format Excel มาให้ Import (ด่วน) ลูกค้าพึ่งลงโปรแกรม ส่งต่อให้ทุกคนแล้ว,112.0
5163,บริษัท ทีทีทีที (ไลฟ์สไตล์ บาย สมสิริ 1 (Life Style By สมสิริ 1)),525.0
5164,บริษัท ทีทีทีที ไลฟ์สไตล์ บาย สมสิริ 1,525.0
4022,บ.เจ พลัส พร็อพเพอร์ตี้ เมเนจเม้นท์ ( J Plus ) (โฮมเพลส),86.0
4023,บ.เจ พลัส พร็อพเพอร์ตี้ เมเนจเม้นท์ (เพอร์เฟคเพลส 5),86.0
4024,บ.เจ พลัส พร็อพเพอร์ตี้ เมเนจเม้นท์ (บ้านพฤกษาทาวน์ pkt002/2),86.0
4025,บ.เจ พลัส พร็อพเพอร์ตี้ เมเนจเม้นท์ (บีลีฟ อาคาร A B (บี ลีฟ ติวานนท์) (B-Live),86.0
4026,บ.เจ พลัส พร็อพเพอร์ตี้ เมเนจเม้นท์ (ม.บ้านพฤกษาทาวน์ PKT002/2),86.0
5607,บ้านฟ้าปิยรมย์ เลค แอนด์ พาร์ค (J Plus Property เจ พลัส พร็อพเพอร์ตี้),86.0
1703,เดอะไนน์ (คาซ่า วิลล์ บางนา-สุวรรณภูมิ) - ส่งเมล์มาวันที่ 29/01/2564 ส่งต่อใหุ้ทกคนแล้ว บ.เดอะไนน์ พร๊อพเพอร์ตี้ แมเนจเมนท์ LICENCE03/2564 097-995-9495 คุณสายัญ ขอกำหนดรหัสการใช้งาน ระดับ ๓  . ขอกำหนด user level 3 คุณส่งต่อข้อความนี้เมื่อ ศ. 29/1/2021 17:11 sayan maidam <sayan_mai@yahoo.com> ศ. 29/1/2021 16:46 ขอกำหนดรหัสการใช้งาน ระดับ ๓ ของ คาซ่า วิลล์ บางนา-สุวรรณภูมิ . นายสายัญ ใหม่ดำ e mail : sayan_mai@yahoo.com Tel 09 7995 9495 . และขอทราบว่าปัจจุบันใครเป็น ระดับ ๓ . ขอบคุณครับ นายสายัญ ใหม่ดำ  กรรมการ บริษัท เดอะไนน์ฯ Tel 09 7995 9495 ส่งจาก Yahoo Mail บน Android .,117.0
1704,เดอะไนน์ พร๊อพเพอร์ตี้ แมเนจเมนท์ (โฮมเพลส สุขุมวิท 71) - ส่งเมล์มา ส่งต่อให้ทุกคนแล้ว---------------- เรื่อง ขอลบใบเสร็จรับเงิน เนื่องจากคำนวนตัดยอดผิด . คุณส่งต่อข้อความนี้เมื่อ ศ. 22/1/2021 13:01 homeplace sk71 <homeplace-sk71@hotmail.com> ศ. 22/1/2021 12:38 จำนวน 12 ใบเสร็จ ตามเอกสารเเนบ . ผจก.ปุ้ม นิติบุคคลฯ HOME PLACE โทร.093-841-5151 ขอบคุณครับ . -----,117.0
1868,เดอะทรัสต์ ทาวน์ ศรีนครินทร์-แพรกษา ( The Trust Town -ศรีนครินทร์-แพรกษา ),2847.0
4068,บ.เดอะไนน์ พร๊อพเพอร์ตี้ แมเนจเมนท์ (The Nine) (มัณฑนา ปิ่นเกล้า-พระราม 5)- ส่งเมล์มาวันที่ 17/4/2564 ให้ลงโปรแกรมใหม่ ติดตั้งสิทธิ์ถึงวันที่ 30/5/64 (ส่งต่อให้ทุกคนแล้ว)///คุณธีรดลย์ เบอร์โทร : 095-735-7700 (เจ้าหน้าที่ประจำหน่วยงาน) ///คุณทรงวุฒิ เบอร์โทร : 086-767-3446 (ผู้จัดการพื้นที่)/// คุณสายัญ 097-995-9495,117.0
4070,บ.เดอะไนน์ พร๊อพเพอร์ตี้ แมเนจเมนท์ (แบงค์คอก เฟลิซ สุขุมวิท 69-1 ) - - ส่งเมล์มา วันที่ 30 /6/2565 ให้ตั้งรหัสระดับ 3 (ด่วน) ลูกค้าต้องรีบใช้งาน ส่งต่อให้ทุกคนแล้ว,117.0
4071,บ.เดอะไนน์ พร๊อพเพอร์ตี้ แมเนจเมนท์ (แบงค์คอก เฟลิซ สุขุมวิท 69-1 ) - ส่งเมล์มาให้ตั้งรหัสระดับ 3 (ด่วน) ลูกค้าต้องรีบใช้งาน ส่งต่อให้ทุกคนแล้ว,117.0
4072,บ.เดอะไนน์ พร๊อพเพอร์ตี้ แมเนจเมนท์ (แบงค์คอก เฟลิซ สุขุมวิท 69-1 ) - ส่งเมล์มาให้ยกเลิกรหัสระดับ 3 ส่งต่อให้ทุกคนแล้ว>>>,117.0
4073,บ.เดอะไนน์ พร๊อพเพอร์ตี้ แมเนจเมนท์ (มัณฑนา ปิ่นเกล้า-พระราม 5) - ส่งเมล์มา ส่งต่อให้ทุกคนแล้ว,117.0
4074,บ.เดอะไนน์ พร๊อพเพอร์ตี้ แมเนจเมนท์ (ศุภาลัย วิสต้า แอท ห้าแยกปากเกร็ด ) - ส่งเมล์มา ส่งต่อให้ทุกคนแล้ว,117.0
4075,บ.เดอะไนน์ พร๊อพเพอร์ตี้ แมเนจเมนท์(The Nine Property),117.0
4076,บ.เดอะไนน์ พร๊อพเพอร์ตี้ แมเนจเมนท์(The Nine)-(โครงการ บียอน - มอตโต้),117.0
2374,เอฟ พร็อพเพอร์ตี้ (บ้านกลางเมือง เออบาเนี่ยน) - ส่งเมล์มา ส่งต่อให้ทุกคนแล้ว,214.0
4239,บ.เอฟ พรอพเพอร์ตี้ แมเนจเม้นท์ (F Property) ( พลัม คอนโด ลาดพร้าว 101) - ส่งเมล์มา ส่งต่อให้ทุกคนแล้ว,214.0
4241,บ.เอฟ พรอพเพอร์ตี้ แมเนจเม้นท์ (F Property) (ไดมอนด์ ทาวเวอร์ คอนโดมิเนียม),214.0
4242,บ.เอฟ พรอพเพอร์ตี้ แมเนจเม้นท์ (F Property) (บ้านสวนริมคลอง บางมด),214.0
4243,บ.เอฟ พรอพเพอร์ตี้ แมเนจเม้นท์ (F Property) (พลัม คอนโด ลาดพร้าว 101) - ส่งเมล์มา ส่งต่อให้ทุกคนแล้ว,214.0
4244,บ.เอฟ พรอพเพอร์ตี้ แมเนจเม้นท์ (F Property) (ออริจินส์ บางมด พระราม 2),214.0
4245,บ.เอฟ พรอพเพอร์ตี้ แมเนจเม้นท์ (F Property) >>,214.0
4246,บ.เอฟ พรอพเพอร์ตี้ แมเนจเม้นท์ (F Property)(เดอะ ไพรเวซี่ ลาดพร้าว-วังหิน),214.0
4247,บ.เอฟ พรอพเพอร์ตี้ แมเนจเม้นท์ (F Property)(เดอะ ไพรเวซี่ ลาดพร้าว-วังหิน) - ส่ง Format Excel ให้ Import ส่งต่อให้ทุกคนแล้ว,214.0
4248,บ.เอฟ พรอพเพอร์ตี้ แมเนจเม้นท์ (ธนาภิรมย์ )(มายเพลส แจ้งวัฒนะ)- ส่งเมล์มา ส่งต่อให้ทุกคนแล้ว,214.0
1289,เซ็นจูรี่ ทเวนตี้วัน (พี.จี.พระราม9 คอนโดมิเนียม) - ส่งเมล์มา ส่งต่อให้ทุกคนแล้ว***ตั้งค่าการทำงานของ รหัส1 ของหน่วยงาน///ตั้งค่าล็อคการแก้ไขใบแจ้งหนี้ ใบเสร็จ รหัสของหน่วยงาน ทั้งหมด ไม่ให้แก้ไขใบแจ้งหนี้ และใบเสร็จ ได้คะ ยกเว้น ACCHO ของหน่วยงาน นิติบุคคลอาคารชุด พี.จี.พระราม9 คอนโดมิเนียม ติดต่อคุณอัยดา โทร.063-1842469////***หากมีข้อสงสัยติดต่อ กุ้ง / บัญชีสำนักงานใหญ่ บจก.เซ็นจูรี่ ทเวนตี้วันโทร.093-962-6551,3368.0
4053,บ.เซ็นจูรี่ ทเวนตี้วัน พร็อพเพอร์ตี้ เอมส์ (เดอะ ทรัสต์ คอนโด งามวงศ์วาน) - ส่งเมล์มา ส่งต่อให้ทุกคนแล้ว,3368.0
4054,บ.เซ็นจูรี่ ทเวนตี้วัน พร็อพเพอร์ตี้ เอมส์ (เดอะทรัสต์ คอนโด นครปฐม (The Trust Condo -นครปฐม) - ส่งเมล์มา ส่งต่อให้ทุกคนแล้ว,3368.0
1864,เดอะทรัสต์ ทาวน์ ศรีนครินทร์ -แพรกษา,2847.0
1865,เดอะทรัสต์ ทาวน์ ศรีนครินทร์ -แพรกษา ( The Trust Town ศรีนครินทร์ -แพรกษา ),2847.0
1866,เดอะทรัสต์ ทาวน์ ศรีนครินทร์-แพรกษา,2847.0
1867,เดอะทรัสต์ ทาวน์ ศรีนครินทร์-แพรกษา ,2847.0
2843,ไทม์โฮม(สวนหลวง-อ่อนนุช) (Time Home),2936.0
6185,ม.ไทม์โฮม(สวนหลวง-อ่อนนุช),2936.0
6494,ม.วีวิลเลจ เฟส 2 (V Village 2),3287.0
2081,เบลกราเวีย เรสสิเดนซ์ (Belgravia Residenc),1355.0
2082,เบลกราเวีย เรสสิเดนซ์ (Belgravia Residence),1355.0
4016,บ.เจ ไลน์ แมเนจเม้นท์ (J Line Management ) (LANx1) _(กรู๊ฟ ไวบส์ ลาดพร้าว18)),85.0
4017,บ.เจ ไลน์ แมเนจเม้นท์ (J Line Management ) (LANx4),85.0
4018,บ.เจ ไลน์ แมเนจเม้นท์ (J Line Management ) (LANx4) ( แกรนดิโอ ลาดพร้าว-เกษตรนวมินทร์ ),85.0
4019,บ.เจ ไลน์ แมเนจเม้นท์ (J Line Management ) (เอสคิว สุขุมวิท 101/1)),85.0
4020,บ.เจ ไลน์ แมเนจเม้นท์ (J Line Management ) (นอตติ้ง ฮิลล์)),85.0
4021,บ.เจ ไลน์ แมเนจเม้นท์ (เอส วัน ปาร์ค คอนโดมิเนียม (S1 Park Condomimium ) - ส่งเมล์มา ส่งต่อให้ทุกคนแล้ว,85.0
2702,โทรกลับ เปี่ยมรักเรสซิเด้นซ์ ติดต่อ นิติ 086-4093892 (ด่วน) (แจ้งปัญหาทาง Line),1363.0
7363,สินเกษม (บ้านสวนจันทน์),861.0
4953,บ.สยามโอเรียนทัล เซอร์วิส แอนด์ เมนเนจเม้นท์ (SIAM ORIENTAL SERVICE ) (ทรอปิคอล การ์เด้น พัทยา A B C (Tropical Garden พัทยา ABC),834.0
4955,บ.สยามโอเรียนทัล เซอร์วิส แอนด์ เมนเนจเม้นท์ (Siam Oriental Service )(Twin),834.0
4958,บ.สยามโอเรียนทัล เซอร์วิส แอนด์ เมนเนจเม้นท์(SIMA ORIENTAL SERVICE),834.0
4959,บ.สยามโอเรียนทัล เซอร์วิส แอนด์ เมนเนจเม้นท์(SIMA ORIENTAL SERVICE) (สยามโอเรียนทัล พลาซ่า คอนโดมิเนียม (ชลบุรี)),834.0
4960,บ.สยามโอเรียนทัล เซอร์วิส แอนด์ เมนเนจเม้นท์(SIMA ORIENTAL SERVICE) สยามโอเรียนทัล พลาซ่า คอนโดมิเนียม (ชลบุรี),834.0
4961,บ.สยามโอเรียลทัล เซอร์วิส แอนด์ เมนเนจเม้นท์ (SIAM ORIENTAL SERVICE ) (สยามโอเรียนทัล สตาร์ )(ชลบุรี) (ไม่ได้ใช้ที่หน่วยงานแล้ว เอามาใช้ที่ Head),834.0
5411,บ้านเอื้ออาทรบางนา 1,2161.0
5412,บ้านเอื้ออาทรบางนา 1 - ส่ง Format Excel มา ให้ Import ส่งต่อให้ทุกคนแล้ว (ด่วน) ลูกค้าใหม่,2161.0
3866,นิรันดร์คอนโดมิเนียม 2 (A-I),2013.0
3867,นิรันดร์คอนโดมิเนียม 2 (A-I) - ส่งเมล์มา ส่งต่อให้ทุกคนแล้ว,2013.0
3868,นิรันดร์คอนโดมิเนียม 2 (A-I) (นิรันดร์ คอนโดมิเนียม 2 JK-QT),2013.0
6036,ฟิวส์ สาทร – ตากสิน,755.0
6037,ฟิวส์ สาทร-ตากสิน,755.0
6512,ม.ศุภาลัยวิลล์ พระราม 2,3305.0
2306,เอ.ดี เลค แอนด์ รีสอร์ท หัวหิน-(เพชรบุรี) (AD Lake and Resort ) (LANx1),1448.0
2612,แอร์ลิงค์ เรสซิเดนซ์ เฟส 4 (Airlink Residence 4),1569.0
2613,แอร์ลิงค์ เรสซิเดนซ์ เฟส 4 (Airlink Residence Phase 4),1569.0
2614,แอร์ลิงค์ เรสซิเดนซ์ เฟส 4 (อาคาร 7)) (Airlink Residence 4),1569.0
2615,แอร์ลิงค์ เรสซิเดนซ์ เฟส 4 (อาคาร 7)) (Airlink Residence 4) (LANx1),1569.0
2523,แบงค์คอก ฮอไรซอน เพชรเกษม ( Bangkok Horizon -เพชรเกษม),248.0
2524,แบงค์คอก ฮอไรซอน เพชรเกษม (Bangkok Horizon เพชรเกษม),248.0
2526,แบงค์คอก ฮอไรซอน รัชดา-ท่าพระ (Bangkok HoriZon ),248.0
2527,แบงค์คอก ฮอไรซอน รัชดา-ท่าพระ (Bangkok HoriZon ) (LANx1),248.0
2528,แบงค์คอก ฮอไรซอน รัชดา-ท่าพระ (Bangkok Horizon รัชดา-ท่าพระ ),248.0
2529,แบงค์คอก ฮอไรซอน รัชดา-ท่าพระ (Bangkok Horizon รัชดา-ท่าพระ),248.0
2530,แบงค์คอก ฮอไรซอน รัชดา-ท่าพระ (Bangkok Horizon),248.0
2531,แบงค์คอก ฮอไรซอน สาทร -นราธิวาส 14 (Bangkok Horizon สาทร - นราธิวาส 14),248.0
2532,แบงค์คอก-ฮอไรซอน พี 48 (Bangkok Horizon P 48),248.0
5256,บันยันทรี เรสซิเดนซ์ ริเวอร์ไซด์ กรุงเทพ ( Banyan Tree Residences Riverside Bangkok ),3371.0
5257,บันยันทรี เรสซิเดนซ์ ริเวอร์ไซด์ กรุงเทพ (BYT) ( Banyan Tree Residences Riverside Bangkok ),3371.0
4617,บ.บิซิเนส พร๊อพเพอร์ตี้ แมเนจเม้นท์ (บ.บีพีเอ็ม 15(BPM 15),580.0
1141,เกรส ไอวอรี่ (Grace Ivory) -สุโขทัย เรสซิเด้นซ์,960.0
3177,คาซาลูนา พาราดิโซ คอนโดมิเนียม บี (ชลบุรี) ( Casaluna Paradiso B ) - ส่งเมล์มา ส่งต่อใหุ้ทกคนแล้ว,1757.0
3178,คาซาลูนา พาราดิโซ คอนโดมิเนียม บี(Casaluna Paradiso B),1757.0
258,Cemco (ลัดดารมย์ บางนา ),426.0
5361,บ้านเอื้ออาทรคู้บอน (Cemco),426.0
5362,บ้านเอื้ออาทรคู้บอน (Cemco) 1,426.0
5364,บ้านเอื้ออาทรคู้บอน 1 (Cemco),426.0
5366,บ้านเอื้ออาทรคู้บอน 1 2 (Cemco),426.0
3377,ซิตี้ทาวเวอร์คอนโดมิเนียม (City Tower Condominium ) (ชลบุรี),1833.0
266,City Ville A-G (ซิตี้วิลล์ ตึก A-G) (ซิตี้วิลล์ ตึก B  C และ D),226.0
267,City Ville A-G (ซิตี้วิลล์ ตึก A-G) (ซิตี้วิลล์ ตึก E F G),226.0
268,City Ville A-G (ซิตี้วิลล์ ตึก A-G) (ซิตี้วิลล์ ตึก E F G) (City Ville C D (ซิตี้วิลล์ ตึก C และ D)),226.0
269,City Ville A-G (ซิตี้วิลล์ ตึก A-G) (ซิตี้วิลล์ ตึก E F G) (ซิตี้วิลล์ ตึก B),226.0
270,City Ville A-G (ซิตี้วิลล์ ตึก A-G) City Ville A (ซิตี้วิลล์ ตึก A),226.0
271,City Ville A-G (ซิตี้วิลล์ ตึก A-G) City Ville A (ซิตี้วิลล์ ตึก A) (City Ville C D (ซิตี้วิลล์ ตึก C และ D)),226.0
272,City Ville A-G (ซิตี้วิลล์ ตึก A-G) City Ville A (ซิตี้วิลล์ ตึก A) (City Ville C D (ซิตี้วิลล์ ตึก C และ D))(ซิตี้วิลล์ ตึก E F G),226.0
273,City Ville A-G (ซิตี้วิลล์ ตึก A-G) City Ville A (ซิตี้วิลล์ ตึก A)  City Ville C D (ซิตี้วิลล์ ตึก C และ D),226.0
274,City Ville A-G (ซิตี้วิลล์ ตึก A-G) City Ville A (ซิตี้วิลล์ ตึก A) City Ville B (ซิตี้วิลล์ ตึก B) (City Ville C D (ซิตี้วิลล์ ตึก C และ D))(ซิตี้วิลล์ ตึก E F G),226.0
275,City Ville A-G (ซิตี้วิลล์ ตึก A-G) City Ville A-G (ซิตี้วิลล์ ตึก A-G),226.0
276,City Ville A-G (ซิตี้วิลล์ ตึก A-G) City Ville B (ซิตี้วิลล์ ตึก B),226.0
277,City Ville A-G (ซิตี้วิลล์ ตึก A-G) City Ville B (ซิตี้วิลล์ ตึก B)  City Ville C D (ซิตี้วิลล์ ตึก C และ D),226.0
278,City Ville A-G (ซิตี้วิลล์ ตึก A-G) City Ville B C D (ซิตี้วิลล์ ตึก B C และ D),226.0
3392,ซิตี้วิลล์ อาคารเอ อาคารบี อาคารซีและดี อาคารอีเอฟจี (City Ville A-G),226.0
1516,เดอะ ทรีโอ การ์เด้น (The Trio Garden ),1156.0
3583,ดี คอนโด รามคำแหง (D Condo รามคำแหง ),1943.0
4314,บ.แม็กซิมบิลด์ (DECO ตึก A) เดคโค่ คอนโดมิเนียม ตึก A - ส่งเมล์มา ส่งต่อให้ทุกคนแล้ว,271.0
4315,บ.แม็กซิมบิลด์ (DECO ตึก A) เดคโค่ คอนโดมิเนียม ตึก A - ส่งเมล์มา ส่งต่อให้ทุกคนแล้ว (Email วันที่ 4/4/2565),271.0
4316,บ.แม็กซิมบิลด์ (DECO ตึก A) เดคโค่ คอนโดมิเนียม ตึก A - ส่งเมล์มาส่งต่อให้ทุกคนแล้ว (Email วันที่ 4/4/2565),271.0
4318,บ.แม็กซิมบิลด์ (DECO ตึก B) เดคโค่ คอนโดมิเนียม ตึก B - ส่งเมล์มา ส่งต่อให้ทุกคนแล้ว,271.0
4319,บ.แม็กซิมบิลด์ (DECO ตึก C ) เดคโค่ คอนโดมิเนียม ตึก C,271.0
4320,บ.แม็กซิมบิลด์ (DECO ตึก C ) เดคโค่ คอนโดมิเนียม ตึก C - ส่งเมล์มา ส่งต่อให้ทุกคนแล้ว,271.0
4321,บ.แม็กซิมบิลด์ -(น.เคดโค),271.0
2765,โฟร์สตรีท แมนชั่น (Four Street Mansion) - ส่งเมล์มา ส่งต่อให้ทุกคนแล้ว,1609.0
2766,โฟร์สตรีท แมนชั่น (Four Street Mansion) - ส่งเมล์มาวันที่19/8/2564 ส่งต่อให้ทุกคนแล้ว,1609.0
2678,โกลเด้นพัทยาคอนโดมิเนียม-ชลบุรี)(Golden Pattaya Condominium ),1586.0
6426,ม.พลีโน่ วงแหวน-รามอินทรา(PLENO),3219.0
6424,ม.พลีโน่ วงแหวน รามอินทรา (PLENO),3219.0
1453,เดอะ กรีนลิฟวิ่ง พัทยา อาคาร เอ,1125.0
3063,กัสโต้ รามคำแหง ( Gusto รามคำแหง ),2958.0
6210,ม.กัสโต้ รามคำแหง ( Gusto รามคำแหง ) (LANx1),2958.0
1136,เกรส ไอวอรี่ ( Grace Ivory),960.0
1137,เกรส ไอวอรี่ ( Grace Ivory) (LANx2),960.0
1138,เกรส ไอวอรี่ ( Grace Ivory) สุโขทัย เรสซิเด้นเซส,960.0
1139,เกรส ไอวอรี่ ( Grace Ivory) สุโขทัย เรสซิเด้นเซส - ส่งเมล์ต่อให้ทุกคนแล้ว,960.0
1140,เกรส ไอวอรี่ (Grace Ivory) (สุโขทัย เรสซิเด้นเซส),960.0
1142,เกรส ไอวอรี่( Grace Ivory) สุโขทัย เรสซิเด้นเซส,960.0
2972,ไอริส แอเวนิว อาคาร 1,1676.0
2973,ไอริส แอเวนิว อาคาร 1 - ส่งเมล์มา ส่งต่อให้ทุกคนแล้ว,1676.0
2974,ไอริส แอเวนิว อาคาร 1 ( Iris avenue 1),1676.0
2970,ไอทีเอฟ-สีลมพาเลส (ITF),1675.0
1254,เจนัส (Janus) - ส่งเมล์มา ส่งต่อให้ทุกคนแล้ว (ทำได้เลย),98.0
4039,บ.เจไอพีเอ็ม (เจนัส อินเตอร์เนชั่นแนล พรอพเพอร์ตี้ แมเนจเม้นท์) (JIPM_Janus) _ ( คาสิต้าส์ ศรีนครินทร์ อาคาร เอ),98.0
4040,บ.เจไอพีเอ็ม (เจนัส อินเตอร์เนชั่นแนล พรอพเพอร์ตี้ แมเนจเม้นท์) (JIPM_Janus)-( เจ.ดับบลิว.ซิตี้ อาคารเอ บี),98.0
4041,บ.เจไอพีเอ็ม (เจนัส อินเตอร์เนชั่นแนล พรอพเพอร์ตี้ แมเนจเม้นท์) (JIPM_Janus)-( ป่าตองแกรนด์คอนโดเทล),98.0
4042,บ.เจไอพีเอ็ม -(เจนัส) (JIPM_Janus),98.0
4043,บ.เจไอพีเอ็ม (เจนัส) (JIPM_Janus) - ส่งเมล์มา ส่งต่อให้ทุกคนแล้ว,98.0
4044,บ.เจไอพีเอ็ม -(เจนัส) (JIPM_Janus) - ส่งเมล์มา ส่งต่อให้ทุกคนแล้ว,98.0
4045,บ.เจไอพีเอ็ม (เจนัส) JIPM_Janus,98.0
4046,บ.เจไอพีเอ็ม (เจนัส) JIPM_Janus - ส่งเมล์มา ส่งต่อให้ทุกคนแล้ว,98.0
3228,จิวเวลรี่ เทรด เซ็นเตอร์ ( Jewelry Trade Center )(JTC -สีลม),1780.0
3229,จิวเวลรี่ เทรด เซ็นเตอร์ ( Jewelry Trade Center )-(JTC -สีลม),1780.0
3230,จิวเวลรี่ เทรด เซ็นเตอร์ ( Jewelry Trade Center )-(JTC -สีลม) (LANx5),1780.0
6894,ลาเมซอง พหลโยธิน 24 (La Maison พหลโยธิน 24 ) (LANx1),2503.0
6895,ลาเมซอง พหลโยธิน 24(La Maison พหลโยธิน 24 ),2503.0
7598,อินท์ - อินเตอร์เซคชั่น( lnt - Intersection),932.0
4714,บ.พี เอ ลินน์ ฟิลลิปส์ (PA Linn) (โนเบิลรีฟอร์ม (Noble Reform),653.0
4715,บ.พี เอ ลินน์ ฟิลลิปส์ (PA Linn)(เดอะ เทอร์เรส เรสซิเดนซ์ คอนโดมีเนียม),653.0
6798,รีเจ้นท์โฮม 18 (Regent Home 18)- ส่งเมล์มา ส่งต่อให้ทุกคนแล้ว,2473.0
6571,มัณฑนา และบุศรินทร์ ธนบุรีรมย์,3248.0
6572,มัณฑนา และบุศรินทร์ ธนบุรีรมย์ (LANx1),3248.0
1878,เดอะทรี ลาดพร้าว15 (The Tree ลาดพร้าว) (acute),202.0
2353,เอซีอาร์ แมเนจเม้นท์ ( Acute ) ( ศุภาลัย มณฑลาปิ่นกล้า - พุทธมณฑล สาย 1 ),202.0
2356,เอซีอาร์ แมเนจเม้นท์ ( Acute ) (บ้านสิริ สุขุมวิท 10),202.0
2357,เอซีอาร์ แมเนจเม้นท์ ( Acute ) (บ้านสิริ สุขุมวิท ซอย 10 ),202.0
2358,เอซีอาร์ แมเนจเม้นท์ ( Acute )- ส่งเมล์มา ส่งต่อให้ทุกคนแล้ว,202.0
2359,เอซีอาร์ แมเนจเม้นท์ ( Acute )(มาร์เวสท์ หัวหิน (Marvest หัวหิน) - ส่งเมล์มา ส่งต่อให้ทุกคนแล้ว,202.0
2360,เอซีอาร์ แมเนจเม้นท์ (Acute),202.0
4932,บ.ศิริน เอสเตท (ศิรินเรสซิเด้นซ์) (SC พัฒนาการ) (บ.คุณากรชัย),808.0
3412,ซีดรีมคอนโดมิเนียม ศรีราชา( Sea Dream),3381.0
4943,บ.สมาร์ท เซอร์วิส แอนด์ แมเนจเม้นท์ (Smart Service) (อะพูล คอนโด (Apool Condo),823.0
4946,บ.สมาร์ท เซอร์วิส แอนด์ แมเนจเม้นท์ Smart AP (ริธึ่ม รัชดา-ห้วยขวาง),823.0
4947,บ.สมาร์ท เซอร์วิส แอนด์ แมเนจเม้นท์ Smart AP (ริธึ่ม รัชดา-ห้วยขวาง) - ส่งเมล์มา ส่งต่อให้ทุกคนแล้ว,823.0
4948,บ.สมาร์ท เซอร์วิส แอนด์ แมเนจเม้นท์ Smart AP (ริธึ่ม รัชดา-ห้วยขวาง) - ส่งเมล์มาวันที่11/5/2564 ส่งต่อให้ทุกคนแล้ว,823.0
7275,สมาร์ท เซอร์วิส แอนด์ แมเนจเม้นท์ (Smart Service  Smart AP),823.0
2152,เมโทร (สวอนเลค) - ส่งเมล์มา ส่งต่อให้ทุกคนแล้ว**1. นิติบุคคลอาคารชุด สวอนเลค นิติ 1 (SWK1)2.นิติบุคคลอาคารชุด สวอนเลค นิติ 2 (SWK2)3. นิติบุคคลอาคารชุด สวอนเลค นิติ 3 (SWK3)4.นิติบุคคลอาคารชุด สวอนเลค นิติ 4 (SWK4)5.นิติบุคคลอาคารชุด สวอนเลค นิติ 5 (SWK5),157.0
7664,ฮิลล์ไซด์พายัพคอนโดมิเนียม 7(Hilside 7)(เชียงใหม่),2788.0
7665,ฮิลล์ไซด์พายัพคอนโดมิเนียม 7(Hilside 7)(เชียงใหม่) (ฮิลล์ไซด์พายัพคอนโดมิเนียม 8 9 ),2788.0
7666,ฮิลล์ไซด์พายัพคอนโดมิเนียม 7 8 9(Hillside payap condominium 7 8 9)(เชียงใหม่),2788.0
3509,ดิ อาร์ท เรสซิเด้นซ์ (The Art Residence )(Art on the hill),1912.0
3510,ดิ อาร์ท เรสซิเด้นซ์ (The Art Residence _Art on the hill ),1912.0
3511,ดิ อาร์ท เรสซิเด้นซ์ (The Art Residence),1912.0
3512,ดิ อาร์ท เรสซิเด้นซ์ (The Art Residence_Art on the hill ),1912.0
3513,ดิ อาร์ท เรสซิเด้นซ์ (ชลบุรี) (The Art Residence )(Art on the hill),1912.0
1096,The Sukhothai Residences (HKR International) - ส่งเมล์แจ้งให้ถอนโปรแกรม หน่วยงาน เกรสไอวอรี่ ส่งเต่อให้ทุกคนแล้ว,960.0
1922,เดอะพาร์คแลนด์ 1 (The Parkland 1 )- ส่งเมล์มา ส่งต่อให้ทุกคนแล้ว,1298.0
1923,เดอะพาร์คแลนด์ 1 (The Parkland 1),1298.0
1933,เดอะพาร์คแลนด์ ศรีนครินทร์ (The Parkland ศรีนครินทร์),1303.0
1935,เดอะพาร์คแลนด์ ศรีนครินทร์ (The Parkland) - ส่งเมล์มา ส่งต่อให้ทุกคนแล้ว,1303.0
4833,บ.รัศมิ์ลภัส (The Book) ( Mono),731.0
4834,บ.รัศมิ์ลภัส (The Book) (LANx1),731.0
4835,บ.รัศมิ์ลภัส (The Book) (LANx1) _(บ.รัศมิ์ลภัส ( Mono) (LANx1),731.0
4836,บ.รัศมิ์ลภัส (The Book) (LANx1)_ ( บ.รัศมิ์ลภัส ( Mono) (LANx1)),731.0
4837,บ.รัศมิ์ลภัส (The Book) (LANx2),731.0
4838,บ.รัศมิ์ลภัส (The Book) (LANx2)  ( Mono),731.0
1780,เดอะคอนเน็กซ์ชั่น 2 (The Connextion 2),3370.0
1401,เดอะ แกลลอรี่ คอนโดมิเนียม อาคารเอ (The Gallery Condominium A ),1101.0
1402,เดอะ แกลลอรี่ คอนโดมิเนียม อาคารเอ (The Gallery Condominium A ) (LANx1),1101.0
1574,เดอะ ลอฟท์ สีลม (The Loft สีลม),1181.0
1951,เดอะมาร์ค รัชดา - แอร์พอร์ตลิงค์ (The Mark รัชดา-Airport Link)- ส่งเมล์มา ส่งต่อให้ทุกคนแล้ว,1309.0
1952,เดอะมาร์ค รัชดา-แอร์พอร์ตลิงค์ (The Mark รัชดา-Airport Link),1309.0
2020,เดอะสเปซ คอนโด 2 ( The Space Condo 2 ),1336.0
2021,เดอะสเปซ คอนโด 2 (โคราช),1336.0
2022,เดอะสเปซ คอนโด 2 (โคราช) ( The Space Condo 2 ),1336.0
2023,เดอะสเปซ คอนโด 2 (โคราช) (The Space Condo 2),1336.0
2016,เดอะสเปซ คอนโด 1 (The Space Condo 1) (NOT MA)  เดอะสเปซ คอนโด 2 (The Space Condo 2) (MA),1336.0
2017,เดอะสเปซ คอนโด 1( The Space Condo 1 ),1336.0
2018,เดอะสเปซ คอนโด 1 2 ( The Space Condo 1 2 ),1336.0
1512,เดอะ ทรี อินเตอร์เชนจ์ (ตึกเอ) (The Tree Interchange A ),1155.0
1513,เดอะ ทรี อินเตอร์เชนจ์ (ตึกเอ ตึกบี) (The Tree Interchange A  B),1155.0
1514,เดอะ ทรี อินเตอร์เชนจ์ (ตึกบี) (The Tree Interchange B ),1155.0
1515,เดอะ ทรี อินเตอร์เชนจ์ (ตึกบี) (The Tree Interchange B),1155.0
1440,เดอะ กราซคอนโด พัทยาใต้ (The Grass South-Pattaya Condominium),1120.0
1441,เดอะ กราซคอนโด พัทยาใต้ (The Grass South-Pattaya Condominium) - ส่งเมล์มา ส่งต่อให้ทุกคนแล้ว,1120.0
1442,เดอะ กราซคอนโด พัทยาใต้ (The Grass South-Pattaya Condominium) (ชลบุรี)),1120.0
1443,เดอะ กราซคอนโด พัทยาใต้ (The Grass South-Pattaya Condominium) (ชลบุรี)) (LANx1),1120.0
1444,เดอะ กราซคอนโด พัทยาใต้ (The Grass South-Pattaya Condominium) (ชลบุลี)),1120.0
1445,เดอะ กราซคอนโด พัทยาใต้ (The Grass South-Pattaya Condominium) (ชลบุลี)) (LANx1),1120.0
6276,ม.ทาวน์ อเวนิวฟอร์เต้ พระราม 2 (Town Avenue Forte Rama2),3035.0
7096,วี คอนโด เฟส เอ (V Condo Phase A) (วี คอนโด ลาดกระบัง) (วี.วี.พร๊อพเพอร์ตี้ กรุ๊ป (VV Property Group)) - ส่งเมล์มา ส่งต่อให้ทุกคนแแล้ว (ส่งมารอบ 2 เซ็นเรียบร้อย),784.0
2258,เวเนเชี่ยน ซิกเนเจอร์ คอนโด รีสอร์ท พัทยา (Venetian Signature ),1433.0
2259,เวเนเชี่ยน ซิกเนเจอร์ คอนโด รีสอร์ท พัทยา (Venetian Signature ) (LANx1),1433.0
2260,เวเนเชี่ยน ซิกเนเจอร์ คอนโด รีสอร์ท พัทยา (Venetian Signature),1433.0
7015,วอเตอร์มาร์ค เจ้าพระยา ริเวอร์ (Watermark),2522.0
1183,เคหะชุมชนและบริการชุมชนบางบ่อ 1 (บางบ่อ แพ็ค 1),996.0
1216,เคหะชุมชนพัทยา 3 (LANx1),1014.0
1223,เคหะชุมชนร่มเกล้า 2 (LANx1),1018.0
5124,บริษัท แอล.แอล.ซี กรุงเทพ_ (บ.เงินเพิ่มพูล) (LLC),82.0
1243,เจ คอนโด พระราม 2 อาคาร บี (J Condo Rama2 B),1033.0
1246,เจ คอนโด สาทร-กัลปพฤกษ์ (J Condo-สาทร-กัลปพฤกษ์),1034.0
1251,เจ.ดับบลิว.บูเลอวาร์ด อาคารเอและบี (JW Boulevard A-B),1036.0
3796,นิติบุคคลอาคารชุด เจ.ดับบลิว.บูเลอวาร์ด อาคาร เอ และ อาคาร บี,1036.0
1257,เจมโมโปลิส ฟรีโซน (Gemopolis Freezone) (GL),1042.0
1258,เจมโมโปลิส ฟรีโซน (Gemopolis Freezone)_แฟคตอรี่ คอนโดน หนึ่ง,1042.0
1259,เจมโมโปลิส ฟรีโซน (GL),1042.0
1260,เจมโมโปลิส ฟรีโซน 2 (Gemo Polis Free Zone 2),1042.0
1261,เจมโมโปลิส ฟรีโซน 2 (Gemo Polis Free Zone 2) (GL),1042.0
1262,เจมโมโปลิส ฟรีโซน 3,1042.0
1263,เจมโมโปลิส ฟรีโซน 4-5 (Gemopolis Freezone 4-5),1042.0
1264,เจมโมโปลิส ฟรีโซน และ แฟคตอรี่ คอนโด - ส่งเมล์มา ส่งต่อให้ทุกคนแล้ว,1042.0
