company_id,genre,company
1,company,123 ฟายด์ ลีฟวิ่ง จำกัด
2,company,18 บิซ จำกัด
3,company,360 ดีกรีส์ เซอร์วิสเซส จำกัด
4,company,888 ทองหล่อ จำกัด
5,company,A.D. Houses Co.  LTD.
6,company,AmBillion Group Co. Ltd.
7,company,AMF Condominium
8,company,ASSUMPTION UNIVERSITY
9,company,Baan Lux Sathon 1 Condominium Juristic Person
10,company,Baan Lux Sathon 2 Condominium Juristic Person
11,company,Bangkok Diecasting And Injection Co.  Ltd.
12,company,C.I.T. Property Consultants Co.  Ltd.
13,company,CBM Facilities & Security Management (Thailand) Co. Ltd.
14,company,CBM Facilities Management (Thailand) Co. Ltd.
15,company,CHANTHAMANEE JEWELRY CO. LTD.
16,company,FUJITSU SYSTEMS BUSINESS (THAILAND) LTD.
17,company,GFPT NICHIREI (THAILAND) CO.  LTD.
18,company,Golden Pattaya Condominium Juristic Person
19,company,Grand asset prosperity Co.Ltd
20,company,Hellmann Worldwide Logistics Co. Ltd
21,company,HKR Facilities Management Co.  Ltd.
22,company,Jasmine Residence Pattaya Condominium Juristic Person
23,company,JOMTHIEN PLAZA CONDOMINIUM JURISTIC PERSON
24,company,Jones Lang LaSalle Management Limited
25,company,Lucky Living Properties Co.Ltd.
26,company,MahaNakhon Condominium Juristic Person
27,company,Nathasa แกรนด์คอนโดวิลล์
28,company,Northshore Condominium Juristic Person
29,company,P & D Development Co.  Ltd
30,company,PACE PROJECT TWO CO. LTD.
31,company,President Park  Park View Tower Condominium Juristic Person
32,company,PTF Realty Co. Ltd.
33,company,Raimon land Ekkamai Co.  Ltd.
34,company,Raimon Land Sathorn Company Limited.
35,company,Raimon Land Services Company Limited.
36,company,Raimon Land Silom Company Limited.
37,company,Raimon Land Twenty Six Company Limited.
38,company,Raimon Land Unixx Company Limited.
39,company,Rhom Bho Property Public Company Limited
40,company,Riviera Luxury Development Co. Ltd.
41,company,Rojana Distribution Center Co.  Ltd.
42,company,Seafront Condo Management Co. Ltd.
43,company,SIAM ORIENTAL SERVICE AND MANAGEMENT CO.  LTD.
44,company,Summit Property Services Co.Ltd.
45,company,Summit Property Services Co.Ltd. ไอ อาร์ ซี บี พรอพเพอร์ตี้
46,company,TAKSIN PROPERTIES COMPANY LIMITED
47,company,Thai KM Tech Co.  Ltd.
48,company,The Clubhouse Residence Juristic Person
49,company,The Kris 3
50,company,The Kump Condo ABCD
51,company,The Residences Hua Hin
52,company,THE RIVER CONDOMINIUM JURISTIC PERSON
53,company,The View Cozy Beach Residence
54,company,UNIXX SOUTH PATTAYA CONDOMINIUM JURISTIC PERSON
55,company,Upmost Projects Co.  Ltd.
56,company,Upmost Projects Co.  Ltd. (Head Office)
57,company,WISE POWER LAND CO.  LTD.
58,company,ZIRE Wongamat CONDOMINIUM JURISTIC PERSON
59,company,เกรเซียส ไอแอนด์ดี จำกัด
60,company,เกรท พร็อพเพอร์ตี้ แมเนจเม้นท์ จำกัด
61,company,เกรทเทอร์ โปรเฟสชั่นแนล แมเนจเมนท์ จำกัด
62,company,เกรทไชน่า มิลเลนเนียม (ไทยแลนด์)
63,company,เกรทไชน่า มิลเลนเนียม (ไทยแลนด์) จำกัด
64,company,เกรทไชน่า มิลเลนเนียม(ไทยแลนด์) จำกัด
65,company,เกษตรธนสาร จำกัด
66,company,เก้าเชือก จำกัด
67,company,เค.เอส.พร็อพเพอร์ตี้ แมเนจเม้นท์ จำกัด
68,company,เค.เอส.ฟอร์จูน จำกัด
69,company,เค.จี.เอ็ม. เซอร์วิส จำกัด
70,company,เคเอสอี เรียลตี้ แมนเนจเมนท์ จำกัด
71,company,เคโฮม จำกัด
72,company,เคที แมเนจเม้นท์ จำกัด
73,company,เคทูบี แอสเซทส์ จำกัด
74,company,เคปทาวน์ ศรีราชา จำกัด
75,company,เคพีเอ็น แลนด์ จำกัด
76,company,เคพีเอ็น กรุ๊ป คอร์ปอเรชั่น จำกัด
77,company,เคอร์เทซี เซอร์วิสเซส คอร์ปอเรชั่น จำกัด
78,company,เคอร์รี่ อินเตอร์เนชั่นแนล โฮลดิ้งส์ จำกัด
79,company,เคอาร์ แอนด์ แอสโซซิเอทส์ จำกัด (สาขาประชาชื่นเรสซิเด้นซ์)
80,company,เคอาร์แอนด์แอสโซซิเอทส์ จำกัด
81,company,เคอาร์แอนด์แอสโซซิเอทส์ จำกัด (สาขาประชาชื่นเรสซิเด้นซ์)
82,company,เงินเพิ่มพูล จำกัด
83,company,เจ เอส แอสเสท จำกัด
84,company,เจ เอส แอสเสท จำกัด (สำนักงานใหญ่)
85,company,เจ ไลน์ แมเนจเม้นท์ จำกัด
86,company,เจ พลัส พร็อพเพอร์ตี้ เมเนจเม้นท์ จำกัด
87,company,เจ อาร์ วาย พัฒนา กรุ๊ป จำกัด
88,company,เจ.เอส.พี.พร็อพเพอร์ตี้ จำกัด (มหาชน)
89,company,เจ.ดับบลิว.เรียลเอสเตท จำกัด
90,company,เจเอเอส แอสเซ็ท จำกัด (มหาชน)
91,company,เจโม เซอร์วิส จำกัด
92,company,เจโมเพย์พ้อย จำกัด
93,company,เจไอพีเอ็ม จำกัด
94,company,เจดับบลิว เรียลเอสเตท จำกัด
95,company,เจนัส เเมเนจเม้นท์ จำกัด
96,company,เจนัส เเมเนจเม้นท์ จำกัด (สำนักงานใหญ่)
97,company,เจนัส แมเนจเม้นท์ จำกัด
98,company,เจนัส อินเตอร์เนชั่นแนล พรอพเพอร์ตี้ แมเนจเม้นท์ จำกัด
99,company,เจริญกรุง พรอพเพอร์ตี้ จำกัด
100,company,เจริญพัฒนาอาเขต จำกัด
101,company,เชน คอมมูนิตี้ แมนเนจเม้นท์ จำกัด
102,company,เซ็น เอกซ์ พร็อพเพอร์ตี้ แมเนจเม้นท์ จำกัด
103,company,เซ็นทรัลพัฒนา ขอนแก่น จำกัด
104,company,เซอร์วิส จำกัด
105,company,เณศนเรศวร อพาร์ทเมนท์
106,company,เดอะ 63 ทวินส์ เรสซิเดนท์ จำกัด
107,company,เดอะ เบสท์ การบัญชี จำกัด
109,company,เดอะ เบสท์ วัน อพาร์ทเมนท์
110,company,เดอะ ซันซิตี้ จำกัด
111,company,เดอะ ทรอปิคอล แอสเซท จำกัด
112,company,เดอะ วัน แมเนจเม้นท์ จำกัด
113,company,เดอะ สมาร์ท กรุ๊ป จำกัด
114,company,เดอะเบสท์ การบัญชี จำกัด
115,company,เดอะเวิร์คส์ คอมมิวนิตี้ แมนเนจเม้นท์
116,company,เดอะเวิร์คส์ คอมมิวนิตี้ แมนเนจเม้นท์ จำกัด
117,company,เดอะไนน์ พร๊อพเพอร์ตี้ แมเนจเมนท์ จำกัด
119,company,เดอะกั๊มคอนโดมิเนียม
120,company,เดอะซิตี้พร็อพเพอร์ตี้ จำกัด
121,company,เดอะบียอนด์ จำกัด
122,company,เดอะวันแมเนจเม้นท์ จำกัด
123,company,เดอะสมาร์ท กรุ๊ป จำกัด
124,company,เดอะสมาร์ท กรุ๊ป จำกัด (สำนักงานใหญ่)
125,company,เตชะไพบูลย์ จำกัด
126,company,เตชะไพบูลย์ จำกัด (สาขา 2)
127,company,เตียง จิราธิวัฒน์ จำกัด
128,company,เตียงจิราธิวัฒน์ จำกัด (สาขา พระราม 2)
129,company,เทอม แคปปิตอล แมเนจเม้นท์ จำกัด
130,company,เทียนเฉิน อินเตอร์เนชั่นแนล พร็อพเพอร์ตี้ (ไทยแลนด์) จำกัด
131,company,เนชั่น คอนเซาท์ จำกัด
132,company,เนชั่น คอนเซ้าท์ จำกัด
133,company,เบเน่ เบเน่
134,company,เบเน่ เบเน่ จำกัด
135,company,เบ็ล ดีเวลลอปเมนท์ จำกัด
136,company,เพกาซัส อินเตอร์เนชันแนล จำกัด
137,company,เพชรบุญมา จำกัด
138,company,เพรสทีจ เรสซิเด้นท์ จำกัด
139,company,เพลน แลนด์ จำกัด
140,company,เพอร์เฟค เพรสทิจ พร็อพเพอร์ตี้ จำกัด
141,company,เพอร์เฟค พร็อพเพอร์ตี้ แอนด์ แอคเค้าท์ติ้ง จำกัด
143,company,เพาเวอร์ พลัส โฟลว์ แมนเนจเมนท์ จํากัด
144,company,เพิ่มพูล ประสิทธิ์-ตุ๊ จำกัด
145,company,เฟรเกรนท์ พร็อพเพอร์ตี้ แมเนจเม้นท์
146,company,เฟรเกรนท์ พร็อพเพอร์ตี้ แมเนจเม้นท์ จำกัด
147,company,เฟรเกรนท์ พร็อพเพอร์ตี้ จำกัด
148,company,เฟรเกรนท์ พร็อพเพอร์ตี้ จำกัด มหาชน
149,company,เฟิรส์ แปซิฟิก ฮาริสัน จำกัด
150,company,เฟิร์ส แปซิฟิค ฮาริสัน จำกัด
152,company,เมเจอร์ เรสซิเด้นส์ จำกัด
153,company,เมเจอร์ ดีเวลลอปเม้นท์ พร็อพเพอร์ตี้
154,company,เมเจอร์ ดีเวลลอปเม้นท์ พร็อพเพอร์ตี้ พาร์ทเนอร์ส จำกัด
155,company,เมเจอร์ พร็อพเพอร์ตี้ เซอร์วิส จำกัด
156,company,เมเจอร์พรอพเพอร์ตี้ คอนซัลแทนท์ จำกัด
157,company,เมโทร พรอพเพอร์ตี้ แมเนจเม้นท์ จำกัด
158,company,เมกะ พร็อพเพอร์ตี้ แมเนจเม้นท์ แอนด์
159,company,เมกะ พร็อพเพอร์ตี้ แมเนจเม้นท์ แอนด์ คอนซัลแทนซี่ จำกัด
160,company,เมกะ พลัส พร็อพเพอร์ตี้ แมเนจเม้นท์ จำกัด
162,company,เมนเฟรท โลจิสติกส์ (ไทยแลนด์) จำกัด
163,company,เมอริท โฮลดิ้งส์ (1989) จำกัด
164,company,เมืองทอง เซอร์วิสเซส แอนด์ แมเน็จเม้นท์ จำกัด
165,company,เมืองทอง เซอร์วิสเซส แอนด์ แอนด์ แมเน็จเม้นท์ จำกัด
166,company,เมืองพัฒนา จำกัด
167,company,เรสซิเด้นท์เชียล เซอร์วิส จำกัด
168,company,เรียลแมนเนจเม้นท์ 2552 จำกัด
169,company,เรียลแอสเสท ดีเวลลอปเม้นท์ จำกัด
170,company,เรียลพร็อพเพอร์ตี้แมเนจเม้นท์ จำกัด
172,company,เรือนจามจุรี จำกัด
173,company,เวลธ์ ดีเวลลอปเปอร์ จำกัด
174,company,เวอร์ติคอล จำกัด
176,company,เวอร์ติพลัส 98 จำกัด
178,company,เวิร์ค อีท เพลย์ จำกัด
179,company,เวิร์คพลัส พร็อพเพอร์ตี้ แมเนจเม้นท์ จำกัด
180,company,เศรษฐธนาแลนด์ จำกัด
181,company,เอ เค คอมพิวเตอร์
182,company,เอ พลัส เรียลเอสเตท จำกัด
183,company,เอ.เอ็ม.เอส. ลิสซิ่ง จำกัด
184,company,เอ.ซี. พร็อพเพอร์ตี้ กรุ๊ป จำกัด
186,company,เอ.บี. เดคคอร์เรท จำกัด (สำนักงานใหญ่)
187,company,เอ.บี.เดคคอร์เรท จำกัด
188,company,เอเวอร์นิว พลาซ่า จำกัด
189,company,เอไอเอ็ม รีท แมนเนจเม้นท์ จำกัด
190,company,เอ็กเซลโฮลดิ้ง จำกัด
191,company,เอ็กซ์เซล แอสแซทส์ จำกัด
192,company,เอกพิพัฒนา จำกัด
193,company,เอคควิตี้ พร็อพเพอร์ตี้ แมเนจเม้นท์ จำกัด
195,company,เอคิว พร๊อพเพอร์ตี้ แมเนจเม้นท์ จำกัด
196,company,เอจีซี มาเท็กซ์ (ไทยแลนด์) จำกัด
197,company,เอช ที อาร์ จำกัด
198,company,เอชบี แอสเสท แมเนจเม้นท์ แอนด์ เซอร์วิส จำกัด
199,company,เอชบี อินเตอร์ เรียลตี้ แมเนจเม้นท์
200,company,เอชบี อินเตอร์ เรียลตี้ แมเนจเม้นท์ จำกัด
201,company,เอชอาร์.ไดเจสท์ (2013) จำกัด
202,company,เอซีอาร์ แมเนจเม้นท์ จำกัด
203,company,เอ็น แอนด์ เอฟ เซอร์วิส จำกัด
204,company,เอ็น อาร์ พร็อพเพอร์ตี้ จำกัด
205,company,เอ็น.วี.วอล จำกัด
206,company,เอ็นทรัส พร๊อพเพอร์ตี้ จำกัด
207,company,เอ็นทรัส พร๊อพเพอร์ตี้ จำกัด *** Sixty-Six ***
208,company,เอ็นที แอสเสท แมเนจเมนท์ จำกัด
209,company,เอพีพี 168 เอ็นจิเนียริ่ง จำกัด
211,company,เอฟ เอ็ม แอดวานซ์ เซอร์วิส จำกัด
212,company,เอฟ ที เอส บริการขนส่ง จำกัด
213,company,เอฟ พรอพเพอร์ตี้ แมเนจเม้นท์
214,company,เอฟ พรอพเพอร์ตี้ แมเนจเม้นท์ จำกัด
215,company,เอฟ พี เอ็ม เซอร์วิส จำกัด
216,company,เอ็ม เค 71 จำกัด
217,company,เอ็ม แมเนจเม้นท์ (ประเทศไทย) จำกัด
218,company,เอ็ม แมเนจเม้นท์ จำกัด
219,company,เอ็ม แอนด์ เฟรนด์ จำกัด
220,company,เอ็มคิวดีซี เคอร์เทซี เซอร์วิส คอร์ปอเรชั่น จำกัด
221,company,เอ็มดีเอ็ม แมเนจเม้นท์ กรุ๊ป จำกัด
222,company,เอ็มทูพี เมเนจเม้นท์ จำกัด
223,company,เอส 71 โฮลดิ้ง จำกัด
224,company,เอส เอช วี หัวหิน จำกัด
225,company,เอส ที เอ็ม เอส จำกัด
226,company,เอส พร็อพเพอร์ตี้ แมเนจเม้นท์ แอนด์ เอ็นจิเนียริ่ง จำกัด
227,company,เอส พี วิลเลจ จำกัด
228,company,เอส. วิลล่า จำกัด
229,company,เอส.เอ็ม. เดคคอร์เรชั่น จำกัด
230,company,เอส.เอ็ม.เดคคอร์เรชั่น จำกัด
231,company,เอส.แอล.เอสเตท จำกัด
232,company,เอส.ซี.พัฒนาการ จำกัด
233,company,เอส.ที.เพอร์เฟ็คท์ เฮ้าส์ จำกัด
234,company,เอสเอ็มซี พร็อพเพอร์ตี้ ซอฟต์ จำกัด
236,company,เอสเอสเอ็ม เซอร์วิส แอนด์ แมเนจเม้นท์ จำกัด
237,company,เอสซี แอสเสท คอร์ปอเรชั่น จำกัด (มหาชน)
238,company,เอสซีซีพี วัน จำกัด
239,company,เอสซีซีพี วัน จำกัด สาขา 00001
240,company,เอสทีพี เอสเตท จำกัด
241,company,เอสพี สมาร์ท ดีเวลลอปเม้นท์ จำกัด
242,company,เอสวาย เรียลตี้ จำกัด
243,company,เอสอี เอสเตท จำกัด
244,company,เออห์ลินส์ เอเชีย จำกัด
245,company,เอื้ออมรสุข จำกัด
246,company,เฮลแมน เวิร์ลไวด์ โลจิสติคส์ จำกัด
247,company,เฮลแมน โลจิสติคส์ (ประเทศไทย)
248,company,แกรนด์ เวิร์ค พลัส แอสเสท จำกัด
249,company,แกรนด์ แอสเซท พรอสเพอริตี้ จำกัด
250,company,แกรนด์ แอสเสท โฮเทลส์ แอนด์ พรอพเพอร์ตี้ จำกัด (มหาชน)
251,company,แกรนด์ ซิตี้พาร์ค จำกัด
252,company,แกรนด์ พี พรอพเพอร์ตี้ จำกัด
253,company,แกรนด์หลานหลวง จำกัด
254,company,แก้วธรรมชัย จำกัด
255,company,แคปปิตอลจี ดีเวลลอปเมนท์ จำกัด
256,company,แซนด์ แอนด์ สโตน จำกัด
257,company,แซมมี่ โฮม จำกัด
258,company,แทนคุณสยาม จำกัด
259,company,แนเชอรัล เพลส แมเนจเม้นท์ จำกัด
260,company,แปซิฟิก แกรนด์ แมเนจเมนท์ จำกัด
261,company,แผ่นดินอำพัน จำกัด
262,company,แพทโก้ แลนด์ จำกัด
263,company,แพ็ทโก้ อินเตอร์เทรด จำกัด
264,company,แพรนด้า จิวเวลรี่ จำกัด (มหาชน)
265,company,แพรนด้า ลอดจิ้ง จำกัด
266,company,แพรนด้า ลอดจิ้ง จำกัด (สาขาที่ 00001)
267,company,แมเนจเมนท์ จำกัด
268,company,แมกโนเลีย ไฟน์เนสท์ คอร์ปอเรชั่น จำกัด
270,company,แม็กซ์เซอร์วิส แอนด์ แมเนจเม้นท์ จำกัด
271,company,แม็กซิมบิลด์ จำกัด
272,company,แม็กม่าคอนสตรัคชั่นซัพพลาย จำกัด
273,company,แสงวิไล แลนด์ จำกัด
274,company,แอ๊ก ซีเคียวริตี้ การ์ด จำกัด
275,company,แอซเซ็ท คอนเนคชั่น จำกัด
277,company,แอดวานซ์ แมเนจเม้นท์ เซอร์วิส จำกัด
278,company,แอนด์ แอคเค้าท์ติ้ง จำกัด
279,company,แอบบิลิตี้ พร็อพเพอร์ตี้ จำกัด
280,company,แอมบิลเลี่ยน กรุ๊ป จำกัด
282,company,แอล.แอล.ซี กรุงเทพ จำกัด
283,company,แอลพี โก จำกัด
284,company,แอสเสท อินเตอร์ แมเนจเมนท์ จำกัด
285,company,แฮปปี้ โซไซตี้ จำกัด
286,company,โก๊ธซัคเซส แมเนจเม้นท์ จำกัด
287,company,โก๊ธซัดคเซส แมเนจเม้นท์ จำกัด
288,company,โกร๊ธซัคเซสแมเนจเม้นท์ จำกัด
289,company,โกรว พรอพเพอร์ตี้ จำกัด
290,company,โกล ลิฟวิ่ง พร็อพเพอร์ตี้ จำกัด
291,company,โกลเด้น ดีเวลล๊อปเม้นท์ จำกัด
292,company,โครงการ สวิฟท์ คอนโด
293,company,โชคทรัพย์ โลจิสติกส์ จำกัด
294,company,โชคพลัส จำกัด
295,company,โซดิก (ประเทศไทย) จำกัด
296,company,โทเทิ่ล พร็อพเพอร์ตี้ โซลูชั่น จำกัด
297,company,โนเวล พร็อพเพอร์ตี้ แมนเนจเม้นท์ จำกัด
298,company,โบ๊เบ๊ทาวเวอร์ จำกัด
299,company,โบ๊ทเฮ้าส์ หัวหิน จำกัด
300,company,โบ๊ทเฮ้าหัวหิน จำกัด
301,company,โปรเกรส กฎหมาย และการบัญชี จำกัด
302,company,โพแมค ควอลิตี้ แมเนจเม้นท์ จำกัด
303,company,โพแมค ควอลิตี้ แมนเนจเม้นท์ จำกัด
304,company,โพธิ์ทอง (2005) จำกัด
305,company,โฟคัส ดีเวลลอปเม้นท์ แอนด์ คอนสตรัคชั่น จำกัด(มหาชน)
306,company,โมเดอร์น พร็อพเพอร์ตี้ แมเนจเมนท์ จำกัด
307,company,โมบิลไซน์ เซ็นเตอร์ จำกัด
308,company,โรงเรียนนานาชาติ เอไอเอสบี รามอินทรา
309,company,โรงเรียนบุญญวิทยาคาร
310,company,โรงเรียนอนุบาลนานาชาติลิตเติ้ล โคอาล่า
311,company,โรงเรียนอนุบาลนานาชาติลิตเติ้ลโคอาล่า
312,company,โรส แมเนจเม้นท์ จำกัด
313,company,โอเพ่น เทคโนโลยี่ จำกัด (มหาชน)
314,company,โอภัส จำกัด
315,company,ไซมิส พร็อพเพอร์ตี้ เซอร์วิส จำกัด
316,company,ไดมอนด์ เอ็กซ์เพรส (ไทยแลนด์) จำกัด
317,company,ไดมอนด์ พร็อพเพอร์ตี้ แมเนจเม้นท์ จำกัด
319,company,ไทเทค โปรเซิร์ฟ จำกัด
320,company,ไทย แอซเซ็ท พร็อพเพอร์ตี้ แอนด์ เจ.พี จำกัด
321,company,ไทย แอซเซ็ท พร็อพเพอร์ตี้ จำกัด
323,company,ไทย แอสเสท กรุ๊ป จำกัด
324,company,ไทย แอสเสท กรุ๊ป จำกัด (สำนักงานใหญ่)
325,company,ไทยเอสเตท แมเนจเม้นท์ จำกัด
326,company,ไทยแอซเซ็ท แมเนจเมนท์ จำกัด
327,company,ไทยแอซเซ็ท แมเนจเม้นท์ จำกัด
328,company,ไทยคันทรีโฮม หัวหิน จำกัด
329,company,ไทยคันทรีโฮม หัวหิน จำกัด (สำนกงานใหญ่)
330,company,ไทย-วัน พร็อพเพอร์ตี้ จำกัด
331,company,ไทยสตาร์แลนด์ จำกัด
332,company,ไทยสาธิตอพาร์ทเม้นท์ จำกัด
333,company,ไนซ์ โกลบอล อินเตอร์เทรด จำกัด
334,company,ไนท์แฟรงค์ ชาร์เตอร์ (ประเทศไทย)
335,company,ไนท์แฟรงค์ ชาร์เตอร์ (ประเทศไทย) จำกัด
336,company,ไนน์ พร็อพเพอร์ตี้ มาเนจเม้นท์ จำกัด
337,company,ไบรท์ ดีเวลลอปเมนท์ กรุงเทพ จำกัด
338,company,ไบรท์ พร็อพเพอร์ตี้ เซอร์วิส (ไทยแลนด์) จำกัด
339,company,ไบร์ท พร็อพเพอร์ตี้ เซอร์วิสเซส (ประเทศไทย) จำกัด
340,company,ไพร์ม เอสเตท แมเนจเม้นท์ จำกัด
341,company,ไพรม์ พร็อพเพอร์ตี้ กรุ๊ป จำกัด
342,company,ไรมอน แลนด์ จำกัด (มหาชน
343,company,ไรมอน แลนด์ จำกัด (มหาชน)
344,company,ไรมอน แลนด์ ยูนิกซ์ จำกัด
345,company,ไลรา แมเนจเม้นท์ จำกัด
346,company,ไวท์สยาม ดีเวลลอปเม้นท์ จำกัด
347,company,ไวท์สยาม ดีเวลลอปเม้นท์ จำกัด (เฟส 26)
348,company,ไวส์ เอสเตท 7 จำกัด
349,company,ไวส์ ลิฟวิ่งเวล เฮาส์ซิ่ง จำกัด
350,company,ไอ อาร์ เอ็ม เอ็กซ์ตร้า จำกัด
351,company,ไอ อาร์ ซี บี พรอพเพอร์ตี้ แมเนจเมนท์
352,company,ไอ อาร์ ซี บี พรอพเพอร์ตี้ แมเนจเมนท์ จำกัด
353,company,ไอ.จี.เอส. จำกัด
354,company,ไอ.จี.เอส. จำกัด (มหาชน)
355,company,ไอเอฟเอส ฟาซิลิตี้ เซอร์วิสเซส จำกัด
357,company,ไอเอสเอส ฟาซิลิตี้ เซอร์วิส จำกัด
358,company,ไอเอสโอ เรียลเอสเตท จำกัด
359,company,ไอเฮาส์เอเจนซี่ จำกัด
360,company,ไอ-แองเจิล แมเนจเม้นท์ จำกัด
361,company,ไอแอมมีเดียแอนด์คอมพิวเตอร์ จำกัด
362,company,ไอไลฟ์ แมเนจเม้นท์ จำกัด
363,company,ไอไลฟ์ แมเนจเม้นท์ จำกัด CANCEL
364,company,ไอคิว แมเนจเม้นท์ จำกัด
365,company,ไอคิว แมเนจเม้นท์ จำกัด (สำนักงานใหญ่)
367,company,ไอดี โมเดล พรีเซนเทชั่น จำกัด
368,company,ไอริส ดี ดีเวลลอปเม้นท์ จำกัด
370,company,ไอสไตล์ พร็อพเพอร์ตี้ จำกัด
371,company,ไฮไลฟ์ดีเวลลอปเม้นท์ จำกัด
372,company,ไฮพร๊อพเพอร์ตี้ เมเนจเม้นท์ จำกัด
373,company,กฎหมายกำประเสริฐ จำกัด
374,company,กฎุมพี จำกัด
375,company,กระบี่คอนโดเทล จำกัด
376,company,กรีน อมตะ จำกัด
377,company,กรีนโนวา พร็อพเพอร์ตี้ จำกัด
378,company,กรุงเทพ แอสเซ็ท แอนด์ คอนซัลแทนท์ จำกัด
379,company,กรุงเทพไดอ์แคสซ์ติ้ง แอนด์อินแจ๊กชั่น จำกัด
380,company,กรุ๊ป 5 ฟะซิลลิที แมเนจเม้นท์ จำกัด
381,company,กลาสเฮ้าส์ รัชดา จำกัด
382,company,กสม จำกัด
383,company,กองเงิน ซิตี้โฮม จำกัด
384,company,กันยารัตน์ พร็อพเพอร์ตี้ จำกัด
385,company,กัมปนาท ดีเวลล๊อปเมนท์ จำกัด
386,company,กัมปนาท ดีเวลล็อปเม้นท์ จำกัด
387,company,การท่าเรือ เอฟ.ซี. จำกัด
388,company,กิตติอร เรสซิเด้นซ์
389,company,กิตติอร อพาร์ทเม้นท์
390,company,กู๊ด แอสเซท แมเเนจเม้นท์ จำกัด
391,company,กู๊ดโกเวอร์แนนซ์ พรอพเพอร์ตี้ แมเนจเม้นท์ จำกัด
392,company,กูรู เรียลตี้ จำกัด
393,company,คงศักดิ์ มิคาระเศรษฐ์
394,company,คณะบุคคล เดอะ โฮม อพาร์ทเม้นท์
395,company,คณะบุคคล จินตนา อพาร์ทเม้นท์
396,company,คณาพญา พร็อพเพอร์ตี้ จำกัด
397,company,คลาส 82 จำกัด
398,company,คลิ๊ก ทู แอคเคาท์ จำกัด
399,company,ควอด จำกัด
400,company,ควอลิตี้ คอมมูนิตี้ แมเนจเม้นท์ จำกัด
401,company,ควอลิตี้ ลิฟวิ่ง แมเนจเม้นท์ จำกัด
402,company,คอนเซ็ปต์ 101 จำกัด
403,company,คอนโด บีนู เรสสิเดนซ์
404,company,คอนโด พระราม 2
405,company,คาซ่า โรยัล จำกัด
406,company,คาซาวดี จำกัด
407,company,ค่าบริหารส่วนกลางโครงการหัวหินเอมเมอรัลด์ รีสอร์ท (Hua Hin Emerald Resort)
408,company,คาร์โก้ คัสตอมส์ เซอร์วิส จำกัด
409,company,คิลิน พร็อพเพอร์ตี้ จำกัด
410,company,คิวซี เอสเตท จำกัด
411,company,คีรีคาม จำกัด
412,company,คุณ ศิริชัย ศักดิ์ธนะเศรษฐ
413,company,คุณไพลิน อนันต์มณีศรี
414,company,คุณณัฐพัชร์ บุญเลาหนันท์
415,company,คุณธนภูมิ อนันตฤดี
416,company,คุณธรรมฐิติ ปถมวาลย์
417,company,คุณนิพนธ์ พร้อมพันธุ์
418,company,คุณปาทิตตา ท้าวเที่ยงธรรม
419,company,คุณวาสนา คุ้มทรัพย์
420,company,คุณสุมน ตั้งไพบูลย์
421,company,คุณสุวิมล จิตรองอาจกิจ
422,company,คุณอนุพงษ์ ทวีสิทธิกุลลาภ
423,company,คุณากรชัย จำกัด
424,company,งานสมบูรณ์ จำกัด
425,company,จงรัก พร็อพเพอร์ตี้ แมเนจเมนท์ จำกัด
426,company,จัดการทรัพย์สินและชุมชน จำกัด
427,company,จันทบุรีสามัคคีร่วมใจ จำกัด
428,company,จินตนา 2495 จำกัด
429,company,จี - วัน แลนด์ จำกัด
430,company,จี 659 แมเนจเม้นท์ แอนด์ เอ็นจิเนียริง จำกัด
431,company,จี 659 แมเนจเม้นท์ แอนด์ เอ็นจิเนียริ่ง จำกัด
432,company,จี-วัน แลนด์ จำกัด
433,company,จูนีส์ การ์เดนโฮม จำกัด
434,company,ฉันทรัตน์ พร็อพเพอร์ตี้ จำกัด
435,company,ชลบุรีสามมุขธานี จำกัด
436,company,ชัยณรงค์เซนเตอร์ จำกัด
437,company,ชัยวรดิศ จำกัด
438,company,ชัยวรดิศกรุ๊ป จำกัด
439,company,ชาญวดี ดีเวลล็อปเม้นท์ จำกัด
440,company,ชีวาทัย จำกัด (มหาชน)
441,company,ชื่อผู้ซื้อสินค้า / ผู้รับบริการ
442,company,ชูเตอร์ เอ็นเตอร์ไพรส์ จำกัด
443,company,ซอฟต์เทรด จำกัด
444,company,ซัคเซส เรียลตี้ จำกัด
445,company,ซับม่วง จำกัด
446,company,ซัมโก เซอร์วิส จำกัด
447,company,ซาวิลส์ (ประเทศไทย) จำกัด
449,company,ซิตี้ เรียลเอสเตท แมนเนจเมนท์ จำกัด
450,company,ซิตี้ เอสเตท จำกัด
451,company,ซิตี้ รีสอร์ท แลนด์ จำกัด
452,company,ซิตี้ รีสอร์ท ดีเวลลอปเม้นท์ จำกัด
453,company,ซิตี้ รีสอร์ท พร็อพเพอร์ตี้ จำกัด
454,company,ซิตี้เรียลเอสเตท แมนเนจเม้นท์
455,company,ซิตี้เรียลเอสเตท แมนเนจเม้นท์ จำกัด
456,company,ซิส เซอร์ฟเวอร์ จำกัด
457,company,ซิส เซิร์ฟเวอร์ จำกัด
458,company,ซี.เค แลนด์ แอนด์ เฮ้าส์ ดีเวลลอปเม้นท์ จำกัด
459,company,ซี.ไอ.ที.พร็อพเพอร์ตี้ คอลซัลแทนส์ จำกัด
460,company,ซี.พี.ฟาซิลิตี้ แมเนจเม้นท์ จำกัด
461,company,ซีทีไอ โฮลดิ้ง จำกัด
462,company,ซีพีเอ็น เรซซิเด้นซ์ จำกัด
463,company,ซุปเปอร์ทีม แมนเนจเม้นท์ จำกัด
464,company,ณวรางค์ แอสเซท จำักัด
465,company,ณะพัชรพล จำกัด
466,company,ณัฏฐรัศม์ จำกัด
467,company,ดับเบิ้ลยู เอ.เอ็ม.รุ่งเรือง แมเนจเม้นท์ จำกัด
468,company,ดับเบิ้ลยู-ชินวะ จำกัด
469,company,ด่านปฐมพัฒน์ 2010 จำกัด
470,company,ดิ เอ็มไพร์ ไดนัสตี้ จำกัด
471,company,ดิ โอเรียนท์ จอมเทียน จำกัด
472,company,ดิ อินสไปร์ เรียล เอสเตท จำกัด
473,company,ดิเอ็กเซลเลนซ์ จำกัด
474,company,ดิเอ็กเซลเลนซ์ จำกัด (สำนักงานใหญ่)
475,company,ดิจิกูรู จำกัด
476,company,ดิวายน์ ดิเวลลอปเมนท์ กรุ๊ป จำกัด
477,company,ดี เวล แกรนด์ แอสเสท จำกัด
478,company,ดี-แลนด์ ดีเวลลอปเม้นท์ จำกัด
479,company,ดีดี วีพีกิจ จำกัด
480,company,ดีทีแซด ฟาซิลิตีส์ แอนด์ เอ็นจิเนียริ่ง (ประเทศไทย) จำักัด
481,company,ดุสิต แกรนด์ คอนโด จำกัด
482,company,ดุสิต ไฮท์ ทาวเวอร์ จำกัด
483,company,ดุสิต พัทยา จำกัด
484,company,ดุสิต ฮอสปิตัลลิตี้ เซอร์วิสเซล จำกัด
485,company,ดุสิต ฮอสปิตัลลิตี้ เซอร์วิสเซส จำกัด
486,company,ต้นสน ดีเวลลอปเม้นท์ จำกัด
487,company,ต้นสน อินเตอร์เนชั่นแนล จำกัด
488,company,ตลาดถนอมมิตร จำกัด
489,company,ตลาดลุงเพิ่ม
490,company,ตากสิน พร็อพเพอร์ตี้ส์ จำกัด
491,company,ถาวรสินพัฒนา จำกัด
492,company,ทรงทัย กรุ๊ป จำกัด
493,company,ทรัพย์เข็มทอง จำกัด
495,company,ทรัพย์แสนสิริมงคล จำกัด
496,company,ทรีโอเนส อินดัสเทรียล จำกัด
497,company,ทรีดี เออร์บาน จำกัด
498,company,ทรู พร็อพเพอร์ตี้ เซอร์วิส จำกัด
500,company,ทรูพร็อพเพอร์ตี้ เซอร์วิส จำกัด
502,company,ทองทศ แมนเนจเม้นท์ จำกัด
503,company,ทองธรรมจักร เอสเตท จำกัด
504,company,ทองธารามหานคร จำกัด
505,company,ทองสุวรรณ เรียล เอสเตล จำกัด
506,company,ทองหล่อเมเนจเม้นท์ จำกัด
507,company,ท๊อปสตาร์ส เรียลเอสเตท จำกัด
508,company,ทัฟฟ์ เซอร์วิส จำกัด
510,company,ทากะ ทาวน์ จำกัด
511,company,ทำแทนแมเนจเม้นท์ จำกัด
512,company,ทิพย์โฮดิ้ง จำกัด
513,company,ทิพย์โฮลดิ้ง จำกัด
514,company,ที.เค.ที.เพลส จำกัด
515,company,ที.เค.ที.เพลส จำกัด (สำนักงานใหญ่)
516,company,ที.ซี.ซี.คอมเมอร์เชียล พร็อพเพอร์ตี้ แมนเนจเม้นท์ จำกัด
517,company,ที52 แอสเสท จำกัด
519,company,ที52 แอสเสท จำกัด สาขา ม.ธรรมศาสตร์ (ศูนย์รังสิต)
520,company,ทีแอลพี กรุ๊ป จำกัด
521,company,ทีซี พร็อพเพอร์ตี้ จำกัด
522,company,ทีซีจี การบัญชี จำกัด
523,company,ทีซีซี แคปปิตอล แลนด์ จำกัด
524,company,ทีดับบลิว ฟาซิลิตี้ เซอร์วิส จำกัด
525,company,ทีทีทีที จำกัด
526,company,ทีพี แมเนจเม้นท์ จำกัด
527,company,ทีพีเอ็นพัฒนา จำกัด
528,company,ทีพีซี (ไทยแลนด์) จำกัด
529,company,ทีม พร็อพเพอร์ตี้ เมเนจเม้นท์ จำกัด
530,company,ทู ไพร์ม แอสเซท จำกัด
531,company,ธนกร พร็อพเพอร์ตี้ แมเนจเม้นท์ จำกัด
532,company,ธนบูลย์ เอสเตท 77 จำกัด
533,company,ธนาคารออมสิน
534,company,ธารทิพย์ พรอพเพอร์ตี้ จำกัด
535,company,ธารทิพย์พรอพเพอร์ตี้ จำกัด
536,company,ธิติคุณแลนด์ จำกัด
537,company,ธีรกมล พร็อพเพอร์ตี้ จำกัด
538,company,ธีรการเอสเตรท จำกัด
539,company,ธีรการพัฒนา จำกัด
540,company,น.ส.ธนภร จึงสวัสดิ์
541,company,นวพรพร็อพเพอร์ตี้ จำกัด
542,company,นววิลล่า จำกัด
543,company,นวสหมิตร จำกัด
544,company,นอร์เวย์ ไวกิ้ง วิลเลจ
545,company,นอร์ธ ทาวเวอร์
546,company,นอร์ธปาร์ค พร็อพเพอร์ตี้ ดีเวลลอปเม้นท์ จำกัด
547,company,นายารา จำกัด
548,company,นารายณ์พร็อพเพอตี้ จำกัด
549,company,น้ำอ้อย หวังวรภิญโญ
550,company,นิตยาแมนชั่น
551,company,นีโอ เรสสิเดนส์ แมเนจเมนท์ จำกัด
552,company,นีโอเทค พลายวู้ด จำกัด
553,company,นีโอคลับ จำกัด
554,company,บรรทัดทอง พัฒนา จำกัด
555,company,บรรลือ รีสอร์ท จำกัด
556,company,บริษัทยัวร์ส พร็อพเพอร์ตี้ แมเนจเม้นท์ จำกัด
557,company,บริหารอสังหาริมทรัพย์ไทย จำกัด
558,company,บลู สกาย ดี เวลลอปเปอร์ จำกัด
559,company,บลู สกาย ดีเวลลอปเม้นท์ จำกัด
560,company,บวรพงศ์ จำกัด
561,company,บอร์เนียว โลจิสติกส์ จำกัด
562,company,บอส เซอร์วิส พลัส จำกัด
563,company,บอส เซอร์วิส พลัส จำกัด .
565,company,บัณฑิตทาวน์ จำกัด
567,company,บางแคคอนโดทาวน์ จำกัด
568,company,บางแสนมหานครพร็อพเพอร์ตี้ จำกัด
569,company,บางกอก เมเนจเม็นท์ เรียลตี้ จำกัด
570,company,บางกอก ฟาซิลิตี้ เมเนจเม้นท์ แอนด์ เซอร์วิส จำกัด
571,company,บางกอกไทย (1988) จำกัด
572,company,บ้านโป่งโครเมี่ยม จำกัด
573,company,บ้านกาญจนทรัพย์ จำกัด
574,company,บ้านสวย แมเนจเม้นท์ จำกัด
575,company,บ้านสุขศรีการ จำกัด
576,company,บำรุงเมืองพลาซ่า จำกัด
577,company,บิ๊ก ทรี แอสเสท จำกัด
578,company,บิ๊กทรี แอสเสท จำกัด
579,company,บิซิเนส พร๊อพเพอร์ตี้ แมเนจเม้นท์
580,company,บิซิเนส พร๊อพเพอร์ตี้ แมเนจเม้นท์ จำกัด
581,company,บิยอนด์ พรอพเพอร์ตี้ แมเนจเม้นท์ จำกัด
582,company,บิลท์ ฮาร์ท จำกัด
583,company,บิลท์ฮาร์ท จำกัด
584,company,บิวดิ้ง แมเนจเมนท์ แอสโซซิแอท
585,company,บิวดิ้ง ดีไซน์ 2549 จำกัด
586,company,บิวดิ้ง ดีไซน์ จำกัด
587,company,บี เอส เอเจนซี่ แอนด์ แอ็สเซ็ท จำกัด
588,company,บีเอ็มพี แมนเนจเมนท์ จำกัด
589,company,บีทีพี แอคเค้าติ้ง แมเนจเม้นท์ จำกัด
591,company,บีบี เพลส แกรนด์ เรสซิเดนซ์ จำกัด
592,company,บีพีเอ็ม 15 จำกัด
593,company,บุญช่วยอุตสาหกรรม จำกัด
594,company,บุญญลิศ เอาท์เลท จำกัด
595,company,บูรพา แอสเซ็ท แมนเนจเม้นท์ จำกัด
596,company,ปยุต จำกัด
597,company,ประเสริฐโชค จำกัด
598,company,ประสิทธิ์ธร จำกัด
599,company,ปรินซ์วอเตอร์เกท จำกัด
600,company,ปรีชา กรุ๊ป จำกัด (มหาชน)
601,company,ปรีดาโฮดิ้ง จำกัด
602,company,ป๊อบ เมดิค แอนด์ เทรดดิ้ง จำกัด
603,company,ป่าตัน 2 จำกัด
604,company,ป่าตัน 3 จำกัด
605,company,ป่าตัน 4 จำกัด
606,company,ปาร์มฮิลส์ พรอพเพอร์ตี้ เซอร์วิส จำกัด
607,company,ปาล์ม สปริงส์ เพลส จำกัด
608,company,ปาล์มฮิลส์ เรสซิเดนซ์ เซอร์วิส จำกัด
609,company,ปาล์มฮิลส์ พรอพเพอร์ตี้ เซอร์วิส จำกัด
610,company,ปิยวรรณอพาร์ทเม้น
611,company,ปิยะชาติ จำกัด
612,company,ปิยะสุวรรณ เรียลตี้ จำกัด
613,company,พรไพลิน จำกัด
614,company,พรพลาซ่า พรอพเพอร์ตี้ จำกัด
615,company,พรพัน จำกัด
616,company,พรพัน จำกัด (สาขา 001)
617,company,พรรคพลังท้องถิ่นไทย
618,company,พรรุ่งเรือง ดีเวลลอปเม้นท์ จำกัด
619,company,พร็อพเพอร์ตี้ เพอร์เฟค จำกัด (มหาชน)
620,company,พร็อพเพอร์ตี้ เพอร์เฟค จำกัด(มหาชน)
621,company,พร็อพเพอร์ตี้ เมเนจเม้นท์ (ไทยแลนด์) จำกัด
622,company,พรอพเพอร์ตี้ แคร์ เซอร์วิสเซส (ประเทศไทย)
623,company,พรอพเพอร์ตี้ แคร์ เซอร์วิสเซส (ประเทศไทย) จำกัด
624,company,พร็อพเพอร์ตี้ แมเนจเม้นท์ คอนโทรล
625,company,พร็อพเพอร์ตี้ แมเนจเม้นท์ คอนโทรล จำกัด
626,company,พร็อพเพอร์ตี้ แอนด์ ไลฟ์ แมเนจเม้น
627,company,พร็อพเพอร์ตี้ แอนด์ ไลฟ์ แมเนจเม้น จำกัด
629,company,พร็อพเพอร์ตี้ แอนด์ ไลฟ์ แมเนจเม้นท์ จำกัด
630,company,พร็อพเพอร์ตี้ แอนด์ ไลฟ์ แมเนจเม้นท์ จำกัด แมเนจเม้นท์ จำกัด
631,company,พร็อพเพอร์ตี้ โซลูชั่น เซ็นเตอร์ จำกัด
632,company,พรอพเพอร์ตี้ โปร บิวดิ้ง แมเนจเม้นท์ จำกัด
633,company,พรอพเพอร์ตี้ โปรเฟสชั่นแนล แมเนจเมนท์ เซอร์วิสเซส จำกัด
634,company,พร้อม โปรเฟสชั่นแนล เซอร์วิส จำกัด
635,company,พร็อม พรอพเพอร์ตี้ มาเนจเมนท์ จากัด
636,company,พระตำหนัก แซนด์ จำกัด
637,company,พรีโม่พลัส จำกัด
638,company,พรีมัส (ประเทศไทย) จำกัด
639,company,พลอยภัทร พร็อพเพอร์ตี้ จำกัด
640,company,พหล 8 จำกัด
641,company,พอร์ชแลนด์ 59958 จำกัด
642,company,พัฒนรัฐ พรอพเพอร์ตี้ จำกัด
643,company,พัทยา แกรนด์ วิลเลจ จำกัด
644,company,พัทยา แกรนด์ วิลเลจ จำกัด วิลเลจ จำกัด
645,company,พัทยาซิตี้ 2005 จำกัด
646,company,พันธกิจ บริการ จํากัด
647,company,พาร์ทเนอร์ คลับ เซอร์วิส จำกัด
648,company,พารากอน เรียลตี้ แอนด์ แมนเนจเม้นท์ จำกัด
649,company,พิชชา พร็อพเพอร์ตี้แมเนจเม้นท์ จำกัด
650,company,พิมวิสุทธิ์ เอสเตท จำกัด
651,company,พิมานพร็อพเพอร์ตี้ เซอร์วิส จำกัด
652,company,พี 36 ดีเวลลอปเม้นท์ จำกัด
653,company,พี เอ ลินน์ ฟิลลิปส์ จำกัด
655,company,พี แลนด์ แอนด์ เฮ้าส์ เซอร์วิส จำกัด
656,company,พี แอนด์ พี แอสเซท กรุ๊ป จำกัด
657,company,พี.เอ.เอ็น เรียลเอสเตท แมนเนจเม้นท์ จำกัด
659,company,พี.พลัส พร็อพเพอร์ตี้ แมเนจเม้นท์ จำกัด
660,company,พี.วี.วี. ดีเวลลอปเมนท์ จำกัด
661,company,พีเคเค พร็อพเพอร์ตี้ แมเนจเม้นท์ จำกัด
662,company,พีเอ็น 39 เรียล แอสเตท แอคเคาน์ติ้ง จำกัด
663,company,พีพีเอ็ม เเมนเนจเมนท์ จำกัด
665,company,พีอาร์ที แฟคเตอร์ส จำกัด
666,company,พูลผล ประสิทธิ์-ตุ๊ จำกัด
667,company,ฟอร์จูน วัน จำกัด
668,company,ฟ้าบันดาลทรัพย์ จำกัด
669,company,ฟาวด์ จำกัด
670,company,ฟาสต์ พร็อพเพอร์ตี้ โซลูชั่น จำกัด
671,company,ฟีนิกซ์ เซอร์วิส พร็อพเพอร์ตี้ จำกัด
673,company,ฟีนิกซ์ เพาเวอร์ จำกัด
674,company,ภาญา จำกัด
675,company,ภูเก็ตเรียลตี้ จำกัด
676,company,ภูเก็ตวิลล่า คอร์ปอเรชั่น จำกัด
677,company,ภูชงค์ เอ็นจิเนียริ่ง จำกัด
678,company,ภูมิธารา แอสเซท จำกัด
679,company,ภูมิภวัน จำกัด
680,company,ภูมิภัททา จำกัด
681,company,ภูรินดา เรสซิเดนซ์ จำกัด
682,company,มงคลกรุ๊ป จำกัด
683,company,มณียา เรียลตี้ จำกัด
684,company,มหฤทธิ์ จำกัด
685,company,มหานที พรอพเพอร์ตี จำกัด
686,company,มหาวิทยาลัยมหิดล (สำนักงานอธิการบดี)
687,company,มั่งมีทรัพย์ มาร์เก็ต จำกัด
688,company,มั่นคงเคหะการ จำกัด (มหาชน)
689,company,มันทนาอพาร์ทเมนท์
691,company,มาบุญยง เรียลเอสเตท จำกัด
692,company,มาร์เก็ตทูเดย์ จำกัด
693,company,มาร์คเดล จำกัด
694,company,มาร์คเด็ล จำกัด
695,company,มาร์จินอล จำกัด
697,company,มาสเตอร์กรุ๊ปเอเชีย จำกัด
698,company,มาสด้า ชลบุรี จำกัด
699,company,มิเนกิชิ คอร์ปอเรชั่น จำกัด
700,company,มิซูมิ (ไทยแลนด์) จำกัด
701,company,มิราเคิล พร็อพเพอร์ตี้ แมเนจเม้นท์ จำกัด
702,company,มิลฟอร์ด พาราไดซ์ จำกัด
703,company,มี แมเนจเม้นท์ แอนด์ เซอร์วิส จำกัด
704,company,มีดี พร็อพเพอร์ตี้ เซอร์วิส เมเนจเม้นท์ จำกัด
705,company,มีสไตล์ พร็อพเพอร์ตี้ จำกัด
706,company,ยอดพิภพ จำกัด
707,company,ยัวร์ส พร็อพเพอร์ตี้ แมเนจเม้นท์ จำกัด
708,company,ยู เอ็ม เอส อินเตอร์เนชั่นแนล จำกัด
709,company,ยูเนียนโฟร์ พร็อพเพอร์ตี้ แมเนจเม้นท์ จำกัด
710,company,ยูโฮม บริหาร จำกัด
711,company,ยูไลฟ์ คอร์ปอเรชั่น จำกัด
712,company,ยูไลฟ์ พร็อพเพอร์ตี้ แมเนจเม้นท์ จำกัด
714,company,ยูทีลิตี แลนด์ จำกัด
715,company,ยูทีลิตี้แลนด์ จำกัด
716,company,ยูนิตี้ แมเนจเม้นท์ แอนด์ ฟาซิลิตี้ เซอร์วิส จำกัด
717,company,ยูนิตี้ แมเนจเม้นท์ จำกัด
718,company,ยูนิตี้ กรุ๊ป จำกัด
720,company,ยูลิงค์ เอเจนซี่ จำกัด
721,company,รดา เรียลเอสเตท จำกัด
722,company,ร่มโพธิ์ พร็อพเพอร์ตี้ จำกัด (มหาชน)
723,company,ร่มโพธิ์ พร็อพเพอร์ตี้ จำกัด (มหำชน)
724,company,ร่มรื่นเคหะ จำกัด
725,company,รวมโชคพัฒนา ( พัทยา ) จำกัด
726,company,ร่วมถนอมมิตร จำกัด
727,company,รักษาความปลอดภัย เซอร์วิส มายด์ กรุ๊ป จำกัด
728,company,รักษาความปลอดภัย ซีบีเอ็ม แฟซิลิตี้ส์ แมนเนจเม้นท์ (ไทยแลนด์) จำกัด
729,company,รักษาความปลอดภัย พีซีเอส และ ฟาซิลิตี้ เซอร์วิสเซส จำกัด
730,company,รังสิตร่วมพัฒนา จำกัด
731,company,รัศมิ์ลภัส จำกัด
732,company,ริเวนเดลล์ เลกาซี่ คอนโดมิเนียม
733,company,ริเวนเดลล์ แอปโซลูท คอนโดมิเนียม
734,company,ริเวนเดลล์ กรีนวิว คอนโดมิเนียม
735,company,ริเวนเดลล์ จำกัด
736,company,ริเวนเดลล์ พรีเมียร์ อพาร์ทเม้นท์
737,company,ริเวนเดลล์ พาร์ควิว คอนโดมิเนียม
738,company,ริเวนเดลล์ รีเจ้นท์ คอนโดมิเนียม
739,company,ริเวนเดลล รีสอร์ท อพาร์ทเม้นท์
740,company,ริเวนเดลล์ รีสอร์ท อพาร์ทเม้นท์
741,company,ริช พร็อพเพอร์ตี้ แมเนจเม้นท์ จำกัด
742,company,ริชเชส ลีฟวิ่ง จำกัด
743,company,ริชแลนด์ พร็อพเพอร์ตี้ ดีเวลลอปเม้นท์ จำกัด
744,company,ริษัท บีทีพี แอคเค้าติ้ง แมเนจเม้นท์ จำกัด
745,company,รีเจ้นท์ กรีน เพาเวอร์ จำกัด
746,company,รีเซท พร็อพเพอร์ตี้ จำกัด
747,company,รีไฟน์ แอ็สเซ็ท แม็นเน็จเม้นท์ จำกัด
749,company,รีบอร์น แมเนจเม้นท์ จำกัด
750,company,ลอยตี้ จำกัด
751,company,ลอยตี้ จำกัด (สำนักงานใหญ่)
752,company,ลินดา พร็อพเพอร์ตี้ จำกัด
753,company,ลิมไลน์ แอพพาเรล จำกัด
754,company,ลีเด็น (ประเทศไทย) จำกัด
755,company,ลีฟ อัลติเมท แวลูส์ จำกัด
757,company,ลีลาวดี 3 อพาร์ทเม้นท์
758,company,วงศ์อมาตย์ พร็อพเพอตี้ ดีเวลลอปเม้นท์ จำกัด
759,company,วรรณผกา จำกัด
760,company,วสุ 01 จำกัด
761,company,วสุ 55 จำกัด
762,company,วัชราดล จำกัด
763,company,วัน แอท โบ๊เบ๊ จำกัด
764,company,วัน พร็อพเพอร์ตี้ แมเนจเม้นท์ จำกัด
765,company,วันไพร์ม แอสเซท จำกัด
766,company,วาย แอล พี จํากัด
767,company,วิคทอรี่ พร็อพเพอร์ตี้ แมเนจเม้นท์ จำกัด
768,company,วินเนอร์ เทเลคอมป์ กรุ๊ฟ จำกัด
769,company,วินซัม จำกัด
770,company,วินซัม จำกัด (สำนักงานใหญ่)
771,company,วินด์ฟอลล์ คอนเซาท์แทนท์ จำกัด
772,company,วิฟ เมเนจเม้นท์ จำกัด
773,company,วิภนัย ดีเวลลอปเม้นท์ จำกัด
774,company,วิรันดา พร็อพเพอร์ตี้
775,company,วิลล์คอน เมเนจเม็นท์ จำกัด
777,company,วิศวกรที่ปรึกษาต่อตระกูล ยมนาค และคณะ จำกัด
778,company,วิศวพล แลนด์แอนเฮ้าส์ จำกัด
779,company,วิศวพลแลนด์ แอนด์เฮ้าส์ จำกัด
780,company,วิศวพลแลนด์แอนด์เฮ้าส์ จำกัด
781,company,วิษณี จำกัด
782,company,วี เค โปร จำกัด
783,company,วี คอนซัลแทนท์ แอนด์ เมเนจเม้นต์ จำกัด
784,company,วี พร็อพเพอร์ตี้เมเนจเม้นท์ จำกัด
785,company,วี วี พี พร็อพเพอร์ตี้ จำกัด
786,company,วี. พร็อพเพอร์ตี้เมเนจเม้นท์ จำกัด
787,company,วี.แลนด์ พร็อพเพอร์ตี้ จำกัด
788,company,วี.พร็อพเพอร์ตี้เมเนจเม้นท์ จำกัด
789,company,วี.พี. แคปปิตอล แอสเซ็ทส์ จำกัด
790,company,วี.พี.แคปปิตอล แอสเซ็ทส์ จำกัด
791,company,วี.พี.ซี.พร็อพเพอร์ตี้ จำกัด
792,company,วี.วี.พร๊อพเพอร์ตี้ กรุ๊ป จำกัด
794,company,วีเอสเอสแอล เอ็นเตอร์ไพร์ส์ จำกัด
795,company,วี-ไวส์ แมเนจเม้นท์ จำกัด
796,company,วี-ไวส์ ลิฟวิ่ง จำกัด
797,company,วี-ไวส์ ลีฟวิ่ง จำกัด
798,company,วีไอพี คอนโดมิเนียม จำกัด
799,company,วีไอพี สมาร์ท จำกัด
800,company,วีไอพี(2012) จำกัด
801,company,วีวีพี พร็อพเพอร์ตี้ จำกัด
803,company,ศรีเมืองทอง (2008) จำกัด (สำนักงานใหญ่)
804,company,ศรีสมาน คอนโดเทล จำกัด
806,company,ศาลายา เอ็น ซี เพลส จำกัด
807,company,ศิริเลิศ บิวดิ้ง จำกัด
808,company,ศิริน เอสเตท จำกัด
809,company,ศิริราชมูลนิธิ
810,company,ศิลาตาก อินดัสตรี้ จำกัด
811,company,ศุภากร แท็กซ์ แอนด์ แอคเคาท์ติ้ง จำกัด
812,company,ศุภาลัย พรอพเพอร์ตี้ แมเนจเม้นท์ จำกัด
813,company,ศูนย์บริหารสินทรัพย์ มหาวิทยาลัยมหิดล
814,company,ส.วัฒนาอพาร์ทเม้นท์ จำกัด
816,company,สโคป จำกัด
817,company,สกายไนน์ แมเนจเม้นท์ จำกัด
818,company,สตาร์ เพอร์เฟคท์ พร็อพเพอร์ตี้ จำกัด
819,company,สมหรรษา จำกัด
820,company,สมาคมการค้าอัญมณีและเครื่องประดับอาเซียน
821,company,สมาคมบ้านธนารักษ์นนทบุรี
822,company,สมาร์ท เซอร์วิส แอนด์ แมเนจเม้นท์
823,company,สมาร์ท เซอร์วิส แอนด์ แมเนจเม้นท์ จำกัด
825,company,สมาร์ทเฮ้าส์ วิลเลจ หัวหิน
827,company,สมาร์ทแฮมเลต หัวหิน จำกัด
828,company,สยาม โอเรียนทัล เซอร์วิส แอนด์ เมนเนจเม้นท์ จำกัด
829,company,สยาม จัสติส คอร์ปอเรชั่น จำกัด
830,company,สยามเคหะพัฒนา จำกัด
831,company,สยามเอ็กซ์เพรส จำกัด
832,company,สยามเฮอริเทจ ดีเวลลอปเม้นท์ จำกัด
833,company,สยามโอเรียนทัล เซอร์วิส แอนด์ เมนเนจเม้นท์ จำกัด
834,company,สยามโอเรียนทัล เซอร์วิส แอนด์ เมนเนจเม้นท์ จำกัด (สำนักงานใหญ่)
835,company,สยามจตุจักร จำกัด
836,company,สยามจตุจักร จำกัด (สำนักงานใหญ่)
837,company,สร้างสิน พร็อพเพอร์ จำกัด
838,company,สราญสุขการ์เด้น คอร์ท จำกัด
839,company,สหโชติอพาร์ทเม้นท์ จำกัด
841,company,สหกรณ์เคหสถานชุมชน คลองเตย จำกัด
842,company,สหกรณ์เคหสถานชุมชนคลองเตย จำกัด
843,company,สหกรณ์บริการชุมชนบ้านเอื้ออาทร บางบัวทอง จํากัด
844,company,สหกรณ์บริการชุมชนบ้านเอื้ออาทรบางบัวทอง จํากัด
845,company,สหกรณ์บริการบ้านเอื้ออาทรบางโฉลง จำกัด
846,company,สหกรณ์บริการลูกจ้างการเคหะแห่งชาติ จำกัด
847,company,สหกรณ์บ้านเอื้ออาทร เศรษฐกิจ 3
848,company,สัมมากร จำกัด (มหาชน)
849,company,สาครเคเบิล จำกัด
850,company,สาทร ไพร์ม พร็อพเพอร์ตี้ส์ จํากัด
851,company,สำนักกฎหมายเพกาซัสอินเตอร์เนชันแนล จำกัด
852,company,สำนักงานเทศบาลตำบลบางสวรรค์
853,company,สำนักงานโครงการบ้านเอื้ออาทรสวนพลูพัฒนา
854,company,สำนักงานบ้านสวัสดิการ กองทัพบก
855,company,สำนักงานบ้านสวัสดิการกองทัพบก
856,company,สำนักงานสอบบัญชี สมาร์ท ออดิต จำกัด
857,company,สิงห์ พร็อพเพอร์ตี้ ดีเวลลอปเม้นท์ จำกัด
858,company,สิงห์เอสเตท จํากัด (มหาชน)
859,company,สิทธารมย์ เรสสิเดนซ์ จำกัด
860,company,สินเกษม จำกัด
861,company,สินเกษม จำกัด (สำนักงานใหญ่)
862,company,สินทรัพย์ คอมมิวนิตี้ แมเนจเม้นท์ แอนด์ คลีนนิ่ง จำกัด
863,company,สินทรัพย์ คอมมิวนิตี้ แมนเนจเม้นท์ แอนด์ คลีนนิ่ง จำกัด
864,company,สินทรัพย์ คอมมิวนิตี้ แมนเนจเม้นท์ จำกัด
865,company,สินทรัพย์นิกร จำกัด
866,company,สินธร แมเนจเมนท์ จำกัด
867,company,สินธรณี พร็อพเพอร์ตี้ จำกัด
869,company,สิปปกร วิศวกรรม จำกัด
870,company,สิริ ควอลิตี้ แมเนจเมนท์ จำกัด
871,company,สิริน พร็อพเพอร์ตี้ เมเนจเม้นท์ จำกัด
872,company,สีวลี ไลฟ์ พร๊อพเพอร์ตี้แมเนจเม้นท์ จำกัด
873,company,สุขเหมือนทวีทรัพย์ จำกัด
874,company,สุขหรรษา จำกัด
875,company,สุขุมพร็อพเพอร์ตี้ จำกัด
876,company,หจก.วิรัชวัสดุก่อสร้าง
877,company,หจก.สมชายพัฒนาก่อสร้าง
878,company,หทัยพัทธ์ อินเตอร์เนชั่นแนล จำกัด
879,company,หลังสวนโฮลดิ้งส์ จำกัด
880,company,หัวหินทรัพย์สิริ พร็อพเพอร์ตี้ จำกัด
881,company,ห้างเซ็นทรัลดีพาทเมนท์สโตร์ จำกัด
882,company,ห้างหุ้นส่วน ภัทรมิตรการบัญชี จำกัด
883,company,ห้างหุ้นส่วนจำกัด 72 อพาร์ทเม้นท์
884,company,ห้างหุ้นส่วนจำกัด เอ๊กซ์ทริม ทรานสปอร์ต (สำนักงานใหญ่)
885,company,ห้างหุ้นส่วนจำกัด ไทย พี พี
886,company,ห้างหุ้นส่วนจำกัด ช้างงามเซอร์วิส
887,company,ห้างหุ้นส่วนจำกัด ซีริน แมนชั่น
888,company,ห้างหุ้นส่วนจำกัด ที.เอ.บี เอสเตท แมนเนจเม้นท์
889,company,ห้างหุ้นส่วนจำกัด ยูนิเทรดชิ้ปปิ้ง แอนด์ เซอร์วิส
890,company,อโศก พลาซ่า จำกัด
891,company,อควาเรียส เอสเตท จำกัด
892,company,อคานโด จำกัด
893,company,อดามัส เรียล เอสเตท จำกัด
894,company,อพาร์ทเม้นท์ สุขเหมือนรินรดา
895,company,อมรันทา ดีเวลลอปเม้นท์ จำกัด
896,company,อมารี หัวหิน จำกัด
897,company,อลีนตา จำกัด
898,company,ออเมนโต ดิวิเดน จำกัด
899,company,อ่องเอี่ยม เรียลเอสเตท จำกัด
900,company,ออฟติมา แมเนจแมนท์ เซอร์วิส จำกัด
901,company,ออฟฟิสเซอร์ โฮลดิ้งส์ จำกัด
902,company,ออมนิ แมนเนจเม้นท์ จำกัด
903,company,ออริจิ้น พร็อพเพอร์ตี้ จำกัด
904,company,ออริจิ้น พร็อพเพอร์ตี้ จำกัด (มหาชน)
905,company,ออริจิ้น วัน จำกัด
906,company,ออริจิ้น วัน พร้อมพงษ์ จำกัด
907,company,ออล์ อินสไปร์ ดิเวลลอปเม้นท์ จำกัด (มหาชน)
908,company,ออลล์ อินสไปร์ ดีเวลลอปเม้นท์ จำกัด (มหาชน)
909,company,ออลล์ไรส์ พร็อพเพอร์ตี้ แมเนจเม้นท์ จำกัด
910,company,ออสก้า เอสเตท เมนเนจเม้นท์ จำกัด
911,company,อออล์ อินสไปร์ ดิเวลลอปเม้นท์ จำกัด
912,company,อัญญดา เรสซิเดนซ์
913,company,อัลเทอร์เนทีฟ แอสเซท จำกัด
914,company,อัลทิเมท บิสเทด จำกัด
915,company,อัสสกาญจน์ จำกัด
916,company,อาทิตย์ - จันทร์ จำกัด
917,company,อาทิวรา แมเนจเม้นท์ จำกัด
918,company,อามีน-เนาะห์ จำกัด
919,company,อาร์ เจ 9 เซอร์วิส จำกัด
920,company,อาร์เจ 9 เซอร์วิส จำกัด
921,company,อาร์เอสจี แบง พร็อพเพอร์ตี้ แมเนจเม้นท์ จำกัด
922,company,อาร์เอสจี แมเนจเม้นท์ และกฎหมาย จำกัด
923,company,อารามิส แคปปิตอล จำกัด
924,company,อารีย์ แอดวานซ์เทค จำกัด
925,company,อารียา แมนเนจเม้นต์ จำกัด
926,company,อิติ เมตตา พร็อพเพอร์ตี้ แมเนจเม้นท์ จำกัด
927,company,อินเตอร์ เรียลตี้ แมเนจเม้นท์ จำกัด
928,company,อินเตอร์ ลักส์ เรซิเดนซ์ จำกัด
929,company,อินเตอร์เนชั่นแนล คอนซัลแทนท์ จำกัด
930,company,อินช์เคป ชิปปิ้ง เซอร์วิสเซส (ประเทศไทย) จำกัด
931,company,อินดี้ พร็อพเพอร์ตี้ จำกัด
932,company,อินท์ - อินเตอร์เซคชั่น จำกัด
933,company,อินทัช พร็อพเพอร์ตี้ แมเนจเม้นท์ จำกัด
935,company,อินฟินิท เรียลเอสเตท จำกัด
936,company,อินฟินิท พร็อพเพอร์ตี้ เมเนจเม้นท์ แอนด์ คอนซัลแทนท์ จำกัด
937,company,อินสแตนท์ เอสเตท แมเนจเม้นท์ จำกัด
938,company,อินสไปร์ แมเนจเม้นท์ จำกัด
939,company,อินสปายด์ เอสเตท จำกัด
940,company,อีสเทอร์น สตาร์ เรียลเอสเตท จำกัด (มหาชน)
941,company,อุดมสุขโปรเจค เมเนจเม้นท์ จำกัด
942,company,อุบลเจริญศรี จำกัด
943,company,ฮอร์สชู พอยท์ จำกัด
944,company,ฮอว์ค แมเนจเม้นท์ จำกัด
945,company,ฮิวแมนเนสท์ จำกัด
946,condo,​ ชาโตว์ อินทาวน์ พหลโยธิน 14
947,condo,103 คอนโดมิเนียม โครงการ 5
948,condo,15 สุขุมวิทเรสซิเดนเซส
949,condo,185 ราชดำริ
950,condo,33 ทาวเวอร์
951,condo,49 พลัส คอนโดมิเนียม
952,condo,59 เฮอริเทจ
953,condo,624 คอนโดเลต รัชดา 36
954,condo,9 กะรัตคอนโดทาวน์
955,condo,Family Life Condo
956,condo,H.R เรซิเดนซ์ โครงการ 4
957,condo,H.R เรซิเดนซ์ โครงการ 5
958,condo,PRESENT EKACHAI
959,condo,เกรซแกรนด์โฮม 2
960,condo,เกรส ไอวอรี่
961,condo,เก้ากะรัตคอนโดทาวน์
962,condo,เกียรติธานี ซิตี้ แมนชั่น
963,condo,เกียรติประภาคอนโดทาวน์
964,condo,เค.ลาย แมนชั่น
965,condo,เคนซิงตัน
966,condo,เคนซิงตัน เพลส
967,condo,เคส รัชดา คอนโดมิเนียม
968,condo,เคหสถานกรุงเทพฯ
969,condo,เคหะชุมชน และบริการชุมชน นาเกลือ
970,condo,เคหะชุมชน และบริการชุมชน บางปู 2
971,condo,เคหะชุมชน และบริการชุมชน ลาดกระบัง 2/3
972,condo,เคหะชุมชน และบริการชุมชนเทพารักษ์ 3/1
973,condo,เคหะชุมชน และบริการชุมชนลาดกระบัง 2/1
974,condo,เคหะชุมชน และบริการชุมชนลาดกระบัง 2/2
975,condo,เคหะชุมชน แหลมฉบัง 1
976,condo,เคหะชุมชน แหลมฉบัง 2
977,condo,เคหะชุมชน แหลมฉบัง 3
978,condo,เคหะชุมชน บางนา 1
979,condo,เคหะชุมชน พัทยา 1
980,condo,เคหะชุมชน พัทยา 2
981,condo,เคหะชุมชน พัทยา 3
982,condo,เคหะชุมชน ร่มเกล้า 2
983,condo,เคหะชุมชนและ บริการชุมชน มิตรไมตรี 1
984,condo,เคหะชุมชนและ บริการชุมชนประชาอุทิศ
985,condo,เคหะชุมชนและ บริการชุมชนลาดกระบัง 2/2
986,condo,เคหะชุมชนและบริการชุมชน เทพารักษ์ 3/1
987,condo,เคหะชุมชนและบริการชุมชน นาเกลือ
988,condo,เคหะชุมชนและบริการชุมชน บางปู 2
989,condo,เคหะชุมชนและบริการชุมชน ประชาอุทิศ
990,condo,เคหะชุมชนและบริการชุมชน ลพบุรีราเมศวร์
991,condo,เคหะชุมชนและบริการชุมชน ลาดกระบัง 2/1
992,condo,เคหะชุมชนและบริการชุมชน ลาดกระบัง 2/2
993,condo,เคหะชุมชนและบริการชุมชนเชียงรากน้อย
994,condo,เคหะชุมชนและบริการชุมชนเทพารักษ์ 3/1
995,condo,เคหะชุมชนและบริการชุมชนถลาง
996,condo,เคหะชุมชนและบริการชุมชนบางบ่อ 1
997,condo,เคหะชุมชนและบริการชุมชนประชาอุทิศ
998,condo,เคหะชุมชนและบริการชุมชนลพบุรี ราเมศวร์
999,condo,เคหะชุมชนแหลมฉบัง 1
1000,condo,เคหะชุมชนแหลมฉบัง 2
1001,condo,เคหะชุมชนแหลมฉบัง 3
1002,condo,เคหะชุมชนธนบุรี 4
1003,condo,เคหะชุมชนธนบุรี 5
1004,condo,เคหะชุมชนธนบุรี 6
1005,condo,เคหะชุมชนธนบุรี 7
1006,condo,เคหะชุมชนธนบุรี 8
1007,condo,เคหะชุมชนนนทบุรี 3
1008,condo,เคหะชุมชนนวนคร
1009,condo,เคหะชุมชนบางนา 1
1010,condo,เคหะชุมชนบางนา 2
1011,condo,เคหะชุมชนพัทยา 1
1012,condo,เคหะชุมชนพัทยา 2
1013,condo,เคหะชุมชนพัทยา 2  3
1014,condo,เคหะชุมชนพัทยา 3
1015,condo,เคหะชุมชนภูเก็ต 2
1016,condo,เคหะชุมชนร่มเกล้า 1
1017,condo,เคหะชุมชนร่มเกล้า 10
1018,condo,เคหะชุมชนร่มเกล้า 2
1019,condo,เคหะชุมชนร่มเกล้า 3
1020,condo,เคหะชุมชนร่มเกล้า 4
1021,condo,เคหะชุมชนร่มเกล้า 6
1022,condo,เคหะชุมชนร่มเกล้า 7
1023,condo,เคหะชุมชนร่มเกล้า 8
1024,condo,เคหะชุมชนร่มเกล้า 9
1025,condo,เคหะชุมชนออเงิน 1
1026,condo,เคหะชุมชนออเงิน 3
1027,condo,เคหะบางกะปิ 1
1028,condo,เคหะบางกะปิ 1 2
1029,condo,เคหะบางกะปิ 1-2
1030,condo,เคหะบางกะปิ 2
1031,condo,เคหะลำลูกกา
1032,condo,เคียงทะเล
1033,condo,เจ คอนโด พระราม 2 อาคาร บี
1034,condo,เจ คอนโด สาทร-กัลปพฤกษ์
1035,condo,เจ อาร์ วาย คอนโดมิเนียม พระราม 9
1036,condo,เจ.ดับบลิว.บูเลอวาร์ด อาคาร เอ และ อาคาร บี
1037,condo,เจ.ดับบลิว.บูเลอวาร์ด อาคารเอและบี
1038,condo,เจดับบลิว คอนโด แอด ดอนเมือง
1039,condo,เจดับบลิว สเตชั่น แอด รามอินทรา
1040,condo,เจมโม ทาวน์ สอง
1041,condo,เจมโม ทาวน์ หนึ่ง
1042,condo,เจมโมโปลิส ฟรีโซน 2
1043,condo,เจมโมโปลิส ฟรีโซน 3
1044,condo,เจมโมโปลิส ฟรีโซน 4-5
1045,condo,เจมโมทาวน์ 1
1046,condo,เจมโมทาวน์ 2
1047,condo,เจริญกรุงคอนโดมีเนียม 1
1048,condo,เชียงใหม่ริเวอร์ไซด์ คอนโดมิเนียม
1049,condo,เซเรนิตี้ วงศ์อมาตย์ คอนโดมิเนียม
1050,condo,เซ็นเตอร์ คอนโดเทล
1051,condo,เซ็นเตอร์คอนโดเทล
1052,condo,เซ็นจูเรียน ปาร์ค
1053,condo,เซ็นจูรี่ ไฮทส์ - 1
1054,condo,เซ็นจูรี่ ปาร์ค
1055,condo,เซ็นจูรี่ ปาร์ค คอนโดมิเนียม
1056,condo,เซนต์ชาร์ม คอนโดมิเนียม เฟส 1
1057,condo,เซ็นต์หลุยส์ แกรนด์ เทอเรส
1058,condo,เซ็นทรัลซิตี้ ทาวเวอร์ 1 ออฟฟิศ
1059,condo,เซนทริค ซี พัทยา
1060,condo,เซ็นทริค ซี พัทยา
1061,condo,เซ็นทริค ซีน สุขุมวิท 64
1062,condo,เซ็นทริค รัชดา -ห้วยขวาง
1063,condo,เซ็นทริค รัชดา-สุทธิสาร
1064,condo,เซ็นทริค สาทร-เซ็นหลุยส์
1065,condo,เซ็นทริค อารีย์ สเตชั่น
1066,condo,เซ็นทริคเพลส
1067,condo,เซนส์ พหลโยธิน
1068,condo,เซนส์ สุขุมวิท
1069,condo,เซ้นส์ ออฟ ลอนดอน
1070,condo,เซล รัตนาธิเบศร์
1071,condo,เซอเลส อโศก
1072,condo,เซอร์เคิล คอนโดมิเนียม
1073,condo,เซอราโน่ พระราม 2 เฟส 1
1074,condo,เด็น วิภาวดี
1075,condo,เด็น วิภาวดี (สำนักงานใหญ่)
1076,condo,เดอ โซน แจ้งวัฒนะ 23
1077,condo,เดอะ เครสท์ สุขุมวิท 34
1078,condo,เดอะ เคสท์ ร่วมฤดี
1079,condo,เดอะ เชดด์ สาทร 1
1080,condo,เดอะ เทมโป รัชดา
1081,condo,เดอะ เทอร์เรส เรสซิเดนซ์ คอนโดมีเนียม
1082,condo,เดอะ เบลล่า คอนโด พระราม 2
1083,condo,เดอะ เบส พัทยากลาง
1084,condo,เดอะ เพรสซิเด้นท์ เพชรเกษม - บางแค
1085,condo,เดอะ เพรสซิเด้นท์ สาทร- ราชพฤกษ์ เฟส 2
1086,condo,เดอะ เพรสซิเด้นท์ สาทร-ราชพฤกษ์ เฟส 1
1087,condo,เดอะ เพรสซิเด้นท์ สาทร-ราชพฤกษ์ เฟส 2
1088,condo,เดอะ เพรสซิเด้นท์ สุขุมวิท 81
1089,condo,เดอะ เพรสซิเด้นท์ สุขุมวิท อาคาร เอ
1090,condo,เดอะ เพรสซิเด้นท์ สุขุมวิท อาคาร บี
1091,condo,เดอะ เพรสสิเด้นท์ สุขุมวิท-สมุทรปราการ
1092,condo,เดอะ เมเปิ้ล แอท รัชดา
1093,condo,เดอะ เมเปิ้ล แอท รัชดา-ลาดพร้าว
1094,condo,เดอะ เม้าท์เท้น คอนโดมิเนียม เอ
1095,condo,เดอะ เม้าส์เท้น คอนโดมิเนียม เอ
1096,condo,เดอะ เรสซิเดนซ์ หัวหิน
1097,condo,เดอะ เลจเจ้นท์
1098,condo,เดอะ เฮริเทจ สวีท
1099,condo,เดอะ แกรนด์ เอ.ดี. จอมเทียน บีช พัทยา
1100,condo,เดอะ แกลเลอรี่ คอนโดมิเนียม
1101,condo,เดอะ แกลลอรี่ คอนโดมิเนียม อาคารเอ
1102,condo,เดอะ แคปปิตอล เอกมัย-ทองหล่อ
1103,condo,เดอะ แซงชัวรี่ คอนโดมิเนียม
1104,condo,เดอะ แซงชัวรี่ คอนโดมิเนียม เอบีซี
1105,condo,เดอะ แมท 1 (สาทร-ท่าพระ)
1106,condo,เดอะ แลนด์สเคป คอนโดมิเนียม แสงจันทร์ ระยอง
1107,condo,เดอะ แฮปปี้เนส ซี
1108,condo,เดอะ โคฟ คอนโดมิเนียม
1109,condo,เดอะ โซน แจ้งวัฒนะ 23
1110,condo,เดอะ โมนาเวล คอนโด
1111,condo,เด็อะ ไทเทิ้ล
1112,condo,เดอะ ไพรเวซี่ เรวดี โครงการ เอ
1113,condo,เดอะ ไพรเวซี่ เรวดี โครงการ ซี
1114,condo,เดอะ ไพรเวซี่ เรวดี โครงการ ดี
1115,condo,เดอะ ไพรเวซี่ เรวดี โครงการ บี
1116,condo,เดอะ ไพรเวซี่ ประชาอุทิศ โครงการ เอ
1117,condo,เดอะ ไพรเวซี่ ประชาอุทิศ โครงการ ซี
1118,condo,เดอะ ไพรเวซี่ ประชาอุทิศ โครงการ บี
1119,condo,เดอะ ไลท์ นิวยอร์ก
1120,condo,เดอะ กราซคอนโด พัทยาใต้
1121,condo,เดอะ กรีน
1122,condo,เดอะ กรีน เพลส
1123,condo,เดอะ กรีน ลิฟวิ่ง คอนโด พัทยา อาคารเอ
1124,condo,เดอะ กรีน ลิฟวิ่ง คอนโด พัทยา อาคารบี
1125,condo,เดอะ กรีนลิฟวิ่ง พัทยา อาคาร เอ
1126,condo,เดอะ คริสตัล คอนโดมิเนียม 2 เรวดี 1
1127,condo,เดอะ คริสตัล คอนโดมิเนียม รัตนาธิเบศร์ 3
1128,condo,เดอะ คริสตัล บลิส
1129,condo,เดอะ คลับเฮาส์ เรสซิเดนซ์
1130,condo,เดอะ คลาวด์ คอนโดมิเนียม
1131,condo,เดอะ คอนเน็กซ์ชั่น คอนโดมิเนียม
1132,condo,เดอะ คอนเน็กซ์ชั่น คอนโดมิเนียม (แคราย-รัตนาธิเบศร์)
1133,condo,เดอะ คอมพลีท นราธิวาส
1134,condo,เดอะ คอลเล็ครัชดา 32
1135,condo,เดอะ คัลเลอร์รี่ วีวิค
1136,condo,เดอะ คิวบ์ นวมินทร์-รามอินทรา
1137,condo,เดอะ คิวบ์ ประชาอุทิศ อาคาร เอ
1138,condo,เดอะ คิวบ์ ประชาอุทิศ อาคาร บี
1139,condo,เดอะ คิวบ์ พลัส แจ้งวัฒนะ
1140,condo,เดอะ คิวบ์ พลัส มีนบุรี
1141,condo,เดอะ คิวบ์ รามคำแหง
1142,condo,เดอะ คิวบ์ สเตชั่น รามอินทรา 109
1143,condo,เดอะ คีย์ ประชาชื่น
1144,condo,เดอะ ซิตี้ คอนโดมิเนียม 2
1145,condo,เดอะ ซี
1146,condo,เดอะ ซีเครซ หัวหิน
1147,condo,เดอะ ดิโพลแมท 39
1148,condo,เดอะ ดิโพลแมท สาทร
1149,condo,เดอะ ทรัสต์ คอนโด งามวงศ์วาน
1150,condo,เดอะ ทรี บางโพ สเตชั่น
1151,condo,เดอะ ทรี พริวาต้า
1152,condo,เดอะ ทรี ริโอ้
1153,condo,เดอะ ทรี ลาดพร้าว 15
1154,condo,เดอะ ทรี อ่อนนุช สเตชั่น
1155,condo,เดอะ ทรี อินเตอร์เชนจ์
1156,condo,เดอะ ทรีโอ การ์เด้น
1157,condo,เดอะ บรีซ
1158,condo,เดอะ บลูม สุขุมวิท 71
1159,condo,เดอะ ปาล์ม วงศ์อมาตย์ บีช คอนโดมิเนียม
1160,condo,เดอะ พริโอ คอนโด
1161,condo,เดอะ พอร์ท สุขสวัสดิ์
1162,condo,เดอะ พาโนรา ภูเก็ต
1163,condo,เดอะ พาร์คแลนด์ 4
1164,condo,เดอะ พาร์คแลนด์ เพชรเกษม
1165,condo,เดอะ พาร์คแลนด์ แกรนด์ อโศก-เพชรบุรี
1166,condo,เดอะ พาร์คแลนด์ งามวงศ์วาน-แคราย
1167,condo,เดอะ พาร์คแลนด์ ระยอง
1168,condo,เดอะ พาร์คแลนด์ รัชดา-ท่าพระ
1169,condo,เดอะ มาริน ภูเก็ต
1170,condo,เดอะ ริเวียร่า วงศ์อมาตย์ บีช
1171,condo,เดอะ ริเวียร่าจอมเทียน
1172,condo,เดอะ รีเจ้นท์ คอนโดมิเนียม
1173,condo,เดอะ รีเจ้นท์ บางเทา คอนโดมิเนียม
1174,condo,เดอะ รีเซิร์ฟ พหลฯ - ประดิพัทธ์
1175,condo,เดอะ รีเซิร์ฟ สุขุมวิท 61
1176,condo,เดอะ รีโว ลาดพร้าว 48
1177,condo,เดอะ รูม สุขุมวิท 21
1178,condo,เดอะ รูม สุขุมวิท 62
1179,condo,เดอะ ล็อฟ พระตำหนัก
1180,condo,เดอะ ลอฟท์ เอกมัย
1181,condo,เดอะ ลอฟท์ สีลม
1182,condo,เดอะ ลีฟ พัฒนาการ
1183,condo,เดอะ วอเตอร์ฟอร์ด ไดมอนด์ สุขุมวิท 30/1
1184,condo,เดอะ วอเตอร์ฟอร์ด พาร์ค คอนโดมิเนียม
1185,condo,เดอะ วอเตอร์ฟอร์ด รอยัล สูท
1186,condo,เดอะ วอเตอร์ฟอร์ด รอยัล สูธ
1187,condo,เดอะ วอเตอร์ฟอร์ด รามา 4
1188,condo,เดอะ วอเตอร์ฟอร์ด รามา 4/1
1189,condo,เดอะ วัน พลัส คอนโดมิเนียม
1190,condo,เดอะ วิชั่น เรสซิเด้นซ์
1191,condo,เดอะ สุรวงศ์
1192,condo,เดอะ สุรวงศ์ (สำนักงานใหญ่)
1193,condo,เดอะเครสท์ ซานโตรา หัวหิน
1194,condo,เดอะเครสท์ สุขุมวิท 24
1195,condo,เดอะเชดด์ สาทร 1
1196,condo,เดอะเซนต์ เรสิเดนเซส
1197,condo,เดอะเทมโป รัชดา
1198,condo,เดอะเทรเชอร์
1199,condo,เดอะเทรนดี้
1200,condo,เดอะเทอปิคอล อ่อนนุช 13
1201,condo,เดอะเน็กซ์ การ์เด้นท์ มิกซ์
1202,condo,เดอะเนสท์ สุขุมวิท 22
1203,condo,เดอะเบเวอร์ลี่ แมนชั่น
1204,condo,เดอะเบส พระราม 9 - รามคำแหง
1205,condo,เดอะเบส พัทยากลาง
1206,condo,เดอะเพ้นท์ พาเลท
1207,condo,เดอะเพรสซิเด้นท์ สาทร-ราชพฤกษ์
1208,condo,เดอะเพลนเนอรี่
1209,condo,เดอะเลค
1210,condo,เดอะเลคส์
1211,condo,เดอะเอสเตท ท่าพระ
1212,condo,เดอะแกรนด์ เอ.ดี. จอมเทียน บีช พัทยา
1213,condo,เดอะแกลลอรี่ คอนโดมิเนียม อาคาร บี
1214,condo,เดอะแคช ลำลูกกา คลอง 2
1215,condo,เดอะแซงชัวรี่ คอนโดมิเนียม เอ
1216,condo,เดอะแซงชัวรี่ คอนโดมิเนียม ซี
1217,condo,เดอะแพลทินัม แฟชั่นมอลล์
1218,condo,เดอะแมททริค
1219,condo,เดอะโฟร์ตี้ ไนน์ พลัส ทู คอนโดมิเนียม
1220,condo,เดอะโฟร์ตี้ไนน์ พลัสทู คอนโดมิเนียม
1221,condo,เดอะโฟร์วิงส์ เรสซิเด้นซ์
1222,condo,เดอะไดมอนด์ นวนคร-ตลาดไท
1223,condo,เด็อะไทเทิ้ล
1224,condo,เด็อะไทเทิ้ล 3
1225,condo,เด็อะไทเทิ้ล เฟส 3
1226,condo,เดอะไทเทิ้ล เรสซิเดนซีส์
1227,condo,เดอะไทเทิ้ล เรสซิเดนซี่ส์ (ในยาง-ภูเก็ต)
1228,condo,เดอะไนท์ ทู
1229,condo,เดอะไนท์ วัน
1230,condo,เดอะไพน์ หัวหิน
1231,condo,เดอะไพรเวซี่ พระราม 9
1232,condo,เดอะไพรเวท คอนโดมิเนียม แอด สุทธิสาร
1233,condo,เดอะไพร์ด พัทยาสาย 2 อาคารบี
1234,condo,เดอะไพร์ด พัทยาสาย 2 อาคารบี คอนโดมิเนียม
1235,condo,เดอะไพรม์ 11
1236,condo,เดอะไพร์ม 11 คอนโดมิเนียม
1237,condo,เดอะไมอามี่บางปู 8
1238,condo,เดอะไรซ์ เรสซิเดนซ์
1239,condo,เดอะไรส์ คอนโดมิเนียม บี 1
1240,condo,เดอะไรส์ คอนโดมิเนียม บี 2
1241,condo,เดอะไรส์ คอนโดมิเนียม บี 4
1242,condo,เดอะไลท์เฮ้าส์
1243,condo,เดอะไลน์ พหลโยธิน พาร์ค อาคาร เอ
1244,condo,เดอะกั๊ม คอนโดมิเนียม ตึก F
1245,condo,เดอะกั๊ม คอนโดมิเนียม ตึก G
1246,condo,เดอะกั๊มคอนโดมิเนียม (A-D)
1247,condo,เดอะกั๊มคอนโดมิเนียม H
1248,condo,เดอะกั๊มคอนโดมิเนียม I
1249,condo,เดอะกัสโต้ แอท หัวเวียง
1250,condo,เดอะคริส
1251,condo,เดอะคริส 2
1252,condo,เดอะคริส 2 คอนโดมิเนียม
1253,condo,เดอะคริส 5
1254,condo,เดอะคริส 6
1255,condo,เดอะคริส 7
1256,condo,เดอะคริส เอ็กซ์เพรส 2
1257,condo,เดอะคอมพลีท ราชปรารภ
1258,condo,เดอะคิทท์ แจ้งวัฒนะ อาคาร A
1259,condo,เดอะคิทท์ แจ้งวัฒนะ อาคาร C
1260,condo,เดอะคิทท์ แจ้งวัฒนะ อาคาร ซี
1261,condo,เดอะคิทท์ แจ้งวัฒนะ อาคาร บี
1262,condo,เดอะคิทท์ พลัส นวมินทร์ อาคารเอและบี
1263,condo,เดอะคิทท์ ลำลูกกา อาคารเอ 1 และอาคารเอ 2
1264,condo,เดอะคิวบ์ แจ้งวัฒนะ
1265,condo,เดอะคิวบ์ พรีเมียม รัชดา 32
1266,condo,เดอะคิวบ์ พลัส แจ้งวัฒนะ
1267,condo,เดอะคิวบ์ พลัส พหลโยธิน 56
1268,condo,เดอะคิวบ์ ลอฟท์ ลาดพร้าว 107
1269,condo,เดอะคีย์ แจ้งวัฒนะ
1270,condo,เดอะคีย์ อุดมสุข
1271,condo,เดอะซิกเนเจอร์ บายเออร์บาโน
1272,condo,เดอะซิกเนอเจอร์ บายเออร์บาโน
1273,condo,เดอะซีไซด์ ส คอนโดมิเนียม
1274,condo,เดอะซีไซด์'ส คอนโดมิเนียม
1275,condo,เดอะซี้ด เตร์เร่ รัชโยธิน
1276,condo,เดอะซี้ด เมมโมรี่สยาม
1277,condo,เดอะซีรีส์ ติวานนท์
1278,condo,เดอะทรัสต์ เรสซิเด้นซ์ ปิ่นเกล้า
1279,condo,เดอะทรัสต์ เรสซิเด้นซ์ พัทยากลาง
1280,condo,เดอะทรัสต์ เรสซิเด้นซ์ รัชดา-พระราม 3
1281,condo,เดอะทรัสต์ คอนโด นครปฐม
1282,condo,เดอะทรี ดินแดง-ราชปรารภ
1283,condo,เดอะทรี อิน เตอร์ เชนจ์
1284,condo,เดอะทรีโชคชัย 4
1285,condo,เดอะทีค พัฒนาการ
1286,condo,เดอะนิช ไอดี พระราม 2 เฟส 1
1287,condo,เดอะนิช ไอดี ลาพร้าว 130 อาคารซีและ อาคารดี
1288,condo,เดอะนิช ซิตี้ ลาดพร้าว 130 อาคาร เอ และ อาคาร บี
1289,condo,เดอะนิช ซิตี้ ลาดพร้าว 130 อาคาร เอ และอาคาร บี
1290,condo,เดอะนิช ตากสิน
1291,condo,เดอะนิช ลาดพร้าว 48 อาคาร 1
1292,condo,เดอะนิมมานา
1293,condo,เดอะบรีซ หัวหิน
1294,condo,เดอะบีช พาเลซ
1295,condo,เดอะบีช พาเลซ ชะอำ
1296,condo,เดอะปาล์ม วงศ์อมาตย์ บีช คอนโดมิเนียม
1297,condo,เดอะพาโนรา ภูเก็ต
1298,condo,เดอะพาร์คแลนด์ 1
1299,condo,เดอะพาร์คแลนด์ 2
1300,condo,เดอะพาร์คแลนด์ 4
1301,condo,เดอะพาร์คแลนด์ แกรนด์ ตากสิน
1302,condo,เดอะพาร์คแลนด์ รัชดา-ท่าพระ
1303,condo,เดอะพาร์คแลนด์ ศรีนครินทร์
1304,condo,เดอะพาร์คแลนด์ ศรีนครินทร์ เลคไซด์
1305,condo,เดอะพาร์คแลนด์ศรีนครินทร์ เลคไซด์
1306,condo,เดอะฟายน์ บาย ฟายน์โฮม อารีย์ 4
1307,condo,เดอะฟ้าอารีย์ 4
1308,condo,เดอะฟิฟท์อเวนิว คอนโดมิเนียม อาคารเอ และบี
1309,condo,เดอะมาร์ค รัชดา - แอร์พอร์ตลิงค์
1310,condo,เดอะมาร์คแลนด์ คอนโดทาวน์
1311,condo,เดอะมาสเตอร์สาทร เอ๊กเซ็กคูทีฟ
1312,condo,เดอะมิดด์ คอนโดมิเนียม 1
1313,condo,เดอะมิลลิเนียม คอนโด
1314,condo,เดอะรีเซิร์ฟ
1315,condo,เดอะรีเซิร์ฟ เกษมสันต์ 3
1316,condo,เดอะรีโว ลาดพร้าว 48
1317,condo,เดอะรูม รัชดา-ลาดพร้าว
1318,condo,เดอะรูม สาทร - เซนต์หลุยส์
1319,condo,เดอะรูม สาทร-ตากสิน
1320,condo,เดอะรูม สุขุมวิท 69
1321,condo,เดอะรูมพระราม 4
1322,condo,เดอะลอฟท์ อโศก
1323,condo,เดอะลิ้งค์ 3
1324,condo,เดอะลิ้งค์ 4
1325,condo,เดอะลิงค์ 5
1326,condo,เดอะวอเตอร์ฟอร์ด รอยัล สูท
1327,condo,เดอะวอเตอร์ฟอร์ด รามา 4/4
1328,condo,เดอะวอเตอร์ฟอร์ด สุขุมวิท 50/1
1329,condo,เดอะวอเตอร์ฟอร์ดพาร์ค คอนโดมิเนียม
1330,condo,เดอะวันพลัส-แกรนด์ รามคำแหง
1331,condo,เดอะวินเนอร์
1332,condo,เดอะวิลเลจ
1333,condo,เดอะวิว โคซี บีช เรสซิ เด้นซ์
1334,condo,เดอะศิริ คอนโดมิเนียม
1335,condo,เดอะสเตจ เตาปูน อินเตอร์เชนจ์
1336,condo,เดอะสเปซ คอนโด 2
1337,condo,เดอะสแตนอินดี๊ด คอนโด
1338,condo,เดอะสกาย คอนโด
1339,condo,เดอะสกาย สุขุมวิท
1340,condo,เดอะสตาร์เอสเตท แอทนราธิวาส
1341,condo,เดอะสตาร์เอสเตทแอทนราธิวาส
1342,condo,เดอะอเวนิว เรสซิเด้นซ์ คอนโดมิเนียม
1343,condo,เตาปูน แมนชั่น ทาวเวอร์ บี
1344,condo,เตาปูนแมนชั่น ทาวเวอร์ เอ
1345,condo,เทเวศร์ แมนชั่น
1346,condo,เทพมงคล คอนโด
1347,condo,เนอร์วาน่า เพลส
1348,condo,เบญจศรี คอนโดมิเนียม
1349,condo,เบฟเวอร์รี่ ฮิลล์ แมนชั่น
1350,condo,เบย์วิว รีสอร์ท
1351,condo,เบย์วิวรีสอร์ท
1352,condo,เบ็ล พาร์ค เรสซิเด้นซ์ 1
1353,condo,เบ็ล อเวนิว 1
1354,condo,เบ็ล อเวนิว 2
1355,condo,เบลกราเวีย เรสสิเดนซ์
1356,condo,เบลล่า คอสต้า
1357,condo,เปรมสิริ บูทิค พาร์ค อาคาร A
1358,condo,เปรมสิริ บูทิค พาร์ค อาคาร ซี
1359,condo,เปรมสิริ บูทิค พาร์ค อาคาร ดี
1360,condo,เปรมสิริ บูทิค พาร์ค อาคาร อี
1361,condo,เปรมสิริ พาร์ค อาคาร B
1362,condo,เปรมสิริบูทิค พาร์ค อาคาร บี
1363,condo,เปี่ยมรักเรสซิเด้นซ์
1364,condo,เพชรไพลินคอนโดทาวน์
1365,condo,เพรสซิเด้นท์ คอนโดทาวน์ 1
1366,condo,เพรสซิเด้นท์ คอนโดทาวน์ 2
1367,condo,เพรสทีจ คอนโดมิเนียม
1368,condo,เพรสิเดนท์ พาร์ค ฮาร์เบอร์วิว มะฮอกกานี ทาวเวอร์
1369,condo,เพรสิเดนท์พาร์ค พาร์ควิว ทาวเวอร์
1370,condo,เพิร์ล เรสซิเดนซ์
1371,condo,เพิร์ลการ์เด้น คอนโดมิเนียม
1372,condo,เพียว ซันเซท บีช คอนโดมิเนียม
1373,condo,เพียว ซันเซท บีช คอนโดมิเนียม บี ซี
1374,condo,เฟรเกรนท์ 71 คอนโดนิเนียม
1375,condo,เฟรช คอนโดมิเนียม
1376,condo,เฟลิค ลาดพร้าว วังหิน 79
1377,condo,เฟิร์ส ทาวเวอร์
1378,condo,เมโทร พาร์ค สาทร 1-1
1379,condo,เมโทร พาร์ค สาทร 1-2
1380,condo,เมโทร พาร์ค สาทร 1-3
1381,condo,เมโทร พาร์ค สาทร 1-4
1382,condo,เมโทร พาร์ค สาทร 2/1
1383,condo,เมโทร พาร์ค สาทร 2-1
1384,condo,เมโทร พาร์ค สาทร 2-2
1385,condo,เมโทร พาร์ค สาทร 2-3
1386,condo,เมโทร พาร์ค สาทร 3-1
1387,condo,เมโทร พาร์ค สาทร 3-2
1388,condo,เมโทร ริเวอร์ฟร้อนท์
1389,condo,เมโทร ลักซ์ รัชดา
1390,condo,เมโทร สกาย รัชดา
1391,condo,เมโทร สกาย วุฒากาศ
1392,condo,เมโทรพาร์คสาทร 1-1
1393,condo,เมโทรลักซ์ เกษตร
1394,condo,เมโทรลักซ์ พระราม 4
1395,condo,เมก้า พลาซ่า
1396,condo,เม็งรายทาวเวอร์
1397,condo,เมธา เพลสรัชดา
1398,condo,เมธาเพลสรัชดา
1399,condo,เมย์ แฟร์ เพลส สุขุมวิท 64
1400,condo,เมอร์ลินทาวเวอ
1401,condo,เมอร์ลินทาวเวอร์ 1
1402,condo,เมืองใหม่ บางพลี 18
1403,condo,เมืองใหม่บางพลี 12
1404,condo,เมืองใหม่บางพลี 13
1405,condo,เมืองใหม่บางพลี 14
1406,condo,เมืองใหม่บางพลี 15
1407,condo,เมืองใหม่บางพลี 16
1408,condo,เมืองใหม่บางพลี 17
1409,condo,เมืองใหม่บางพลี 19
1410,condo,เมืองทองธานี C2
1411,condo,เรสซิเดนซ์ วัน
1412,condo,เลคกรีน
1413,condo,เลคชอว์ เวสท์
1414,condo,เลคชอว์ นอร์ท
1415,condo,เลควิว คอนโดมิเนียม อาคารริเวียร่า
1416,condo,เลควิวคอนโดมิเนียม อาคารเจนีวา
1417,condo,เลควิวคอนโดมิเนียม อาคารริเวียร่า
1418,condo,เลควิวคอนโดมิเนียมอาคารริเวียร่า
1419,condo,เลควิวคอนโดมิเนียมอาคารวิคตอเรีย
1420,condo,เลทีเซีย
1421,condo,เลอ โมนาโค เรสซิเดนซ์
1422,condo,เลอ ครีก คอนโด
1423,condo,เลอ ริช
1424,condo,เลอเซเเลส
1425,condo,เลอโคเต้ ทองหล่อ 8
1426,condo,เลอโคเต้ สุขุมวิท 14
1427,condo,เลอโมนาโค เรสซิเดนซ์
1428,condo,เลอฌ็อง อาคาร เอ
1429,condo,เลอฌ็องลาดพร้าว บี
1430,condo,เลอนิส เอกมัย
1431,condo,เลอพรีเมียร์ 1
1432,condo,เลิศมงคลทองคอนโด 2
1433,condo,เวเนเชี่ยน ซิกเนเจอร์ คอนโด รีสอร์ท พัทยา
1434,condo,เวนโต้ คอนโด
1435,condo,เวล่า คาซ่า คอนโดมิเนียม บี
1436,condo,เวอร์ทีค
1437,condo,เสนาทิพย์ ลิฟวิ่งเพลส
1438,condo,เอ เปซ อโศก-รัชดา นอร์ธ ทาวเวอร์
1439,condo,เอ ไลฟ์ สุขุมวิท 76
1440,condo,เอ พลัส 2 @ รัตนาธิเบศ
1441,condo,เอ สเปซ เกษตร-นวมินทร์
1442,condo,เอ สเปซ เพลย์
1443,condo,เอ สเปซ มี บางนา
1444,condo,เอ สเปซ สุขุมวิท เอ-บี
1445,condo,เอ สเปซ อโศก - รัชดา เอบีซี
1446,condo,เอ สเปซ อโศก-รัชดา นอร์ธ ทาวเวอร์
1447,condo,เอ สเปซ อโศก-รัชดา นอร์ธทาวเวอร์
1448,condo,เอ.ดี เลค แอนด์ รีสอร์ท หัวหิน
1449,condo,เอ.ดี คอนโดมิเนียม ไฮเอท
1450,condo,เอ.ดี. คอนโดมิเนียม ไฮเอท
1451,condo,เอ.ดี.เลค แอนด์รีสอร์ท หัวหิน
1452,condo,เอเซ่ รัชดา คอนโดมิเนียม
1453,condo,เอเซีย ซิตี้ไลฟ์ คอนโดมิเนียม
1454,condo,เอเซียซิตี้ไลฟ์ คอนโดมิเนียม
1455,condo,เอเทรี่ยม พหลฯ-สุทธิสาร
1456,condo,เอเทรี่ยม พหลฯ-สุธิสาร
1457,condo,เอเวอร์กรีน วิว ทาวเวอร์
1458,condo,เอแบคคอนโดทาวน์ อาคาร เอ
1459,condo,เอแบคคอนโดทาวน์ อาคาร บี
1460,condo,เอ็กซ์ซีด ทุ่งกราด คอนโดมิเนียม บี
1461,condo,เอกสิน คอนโดมิเนียม
1462,condo,เอกสิน คอนโดมิเนียม อาคารดี
1463,condo,เอกสินเพลส
1464,condo,เอควา เรสซิเดนซ์ สุขุมวิท 49
1465,condo,เอช. อาร์. เรซิเดนซ์ โครงการ 5
1466,condo,เอดี บางเสร่ เลค แอนด์ รีสอร์ท
1467,condo,เอท ทองหล่อ เรสซิเด้นส์เซส
1468,condo,เอ็ม ที คอนโดมิเนียม
1469,condo,เอ็ม พญาไท
1470,condo,เอ็มไพร์ เฮ้าส์
1471,condo,เอ็มที เรสซิเด้นท์ คลองหลวง
1472,condo,เอลลิโอ สุขุมวิท 64
1473,condo,เอลิส ติวานนท์ อาคาร บี
1474,condo,เอลิสติวานนท์ อาคารเอ
1475,condo,เอส เอส พี 2
1476,condo,เอส วัน ปาร์ค คอนโดมิเนียม
1477,condo,เอส สเปซ คอนโด
1478,condo,เอส สยาม คอนโดทาวน์
1479,condo,เอส. สยาม คอนโดทาวน์
1480,condo,เอส.สยาม คอนโดทาวน์
1481,condo,เอสเซ็นท์ เชียงใหม่
1482,condo,เอสเซ็นท์ ขอนแก่น
1483,condo,เอสเซ็นท์ ระยอง
1484,condo,เอสเซ็นท์ วิลล์ เชียงใหม่
1485,condo,เอสเซ็นท์ วิลล์ เชียงราย
1486,condo,เอสเซ็นท์เชียงใหม่
1487,condo,เอสเตรญ่า
1488,condo,เอสคิว สุขุมวิท 101/1
1489,condo,เอสซี เรสซิเดนซ์ คอนโด
1490,condo,เอสตา เบ เอ
1491,condo,เอสตา เบ ซี
1492,condo,เอสตา เบ ซีี
1493,condo,เอสตา เบ บี
1494,condo,เอสต้า บลิซ
1495,condo,เอสปันญ่า คอนโด รีสอร์ท พัทยา
1496,condo,เอสวัน พระรามเก้า
1497,condo,เอสวันปาร์ค คอนโดมิเนียม
1498,condo,เออร์บานา สุขุมวิท 15
1499,condo,เออร์บาน่า สุขุมวิท 15
1500,condo,เออร์บิเทีย ทองหล่อ
1501,condo,เอื้ออมรสุข ยานนาวา
1502,condo,เอื้ออาทรบึงกุ่ม 1
1503,condo,เฮ้าส์ 23 รัชดา-ลาดพร้าว
1504,condo,แกรนด์ ไดมอนด์-ประตูน้ำ
1505,condo,แกรนด์ คอนโดมิเนียม
1506,condo,แกรนด์ คาริบเบียน คอนโด รีสอร์ท พัทยา
1507,condo,แกรนด์ ทิวลิป คอนโดมิเนียม
1508,condo,แกรนด์ พาร์ควิว อโศก
1509,condo,แกรนด์ ฟลอริด้า บีช ฟร้อน คอนโด รีสอร์ท พัทยา
1510,condo,แกรนด์ อเวนิว เรสซิเดนซ์
1511,condo,แกรนด์ไดมอนด์-ประตูน้ำ
1512,condo,แกรนด์พาเลซ อาคารเอ
1513,condo,แกรนด์พาเลซ อาคารบี
1514,condo,แก้วพฤกษา
1515,condo,แคทลียา คอนโดเทล
1516,condo,แคสเซีย คอนโดมิเนียม
1517,condo,แชปเตอร์ วัน โมเดิร์น ดัชต์
1518,condo,แชปเตอร์ วัน มิดทาวน์ ลาดพร้าว 24
1519,condo,แชปเตอร์วัน ชายน์ บางโพ
1520,condo,แชปเตอร์วัน อีโค รัชดา-ห้วยขวาง
1521,condo,แชฟวี่ คอนโดมิเนียม
1522,condo,แชมเบอร์ส เฌอ
1523,condo,แชมเบอรี่ คอนโด
1524,condo,แซนด์
1525,condo,แซนด์ คอนโดมิเนียม
1526,condo,แซฟวี่ คอนโดมิเนียม
1527,condo,แบงค์คอก เฟลิซ วิภาวดี 30
1528,condo,แบงค์คอก ฮอไรซอน เพชรเกษม
1529,condo,แบงค์คอก ฮอไรซอน รัชดา-ท่าพระ
1530,condo,แฟคตอรี่ คอนโด หนึ่ง
1531,condo,แฟมมิลี่ ทาวน์
1532,condo,แฟมมิลี่ ปาร์ค
1533,condo,แฟร์ ทาวน์เวอร์
1534,condo,แมเนอร์สนามบินน้ำ
1535,condo,แมกซ์ คอนโดมิเนียม เกษตร-วิภาวดี
1536,condo,แมกซ์คอนโด งามวงศ์วาน-แคราย
1537,condo,แมกซ์ซี่ คอนโด
1538,condo,แม่กลอง
1539,condo,แม่น้ำ เรสซิเดนท์
1540,condo,แลนด์มาร์ค เรสซิเด้นท์
1541,condo,และเคหะชุมชน และบริการชุมชน บางปู 1
1542,condo,และเคหะชุมชนและ บริการชุมชน บางปู 1
1543,condo,และเคหะชุมชนและบริการชุมชน บางปู 1
1544,condo,แวนเทจ
1545,condo,แสงทอง คอนโด
1546,condo,แหลมฉบัง
1547,condo,แหลมฉบัง 1
1548,condo,แหลมฉบัง 2
1549,condo,แหลมฉบัง 3
1550,condo,แหลมฉบังทาวเวอร์
1551,condo,แอด บีทีเอส เรสซิเด้นซ์
1552,condo,แอดเดอร่า แจ้งวัฒนะ คอนโดมิเนียม
1553,condo,แอตแลนติส คอนโด รีสอร์ท พัทยา
1554,condo,แอท ซิตี้ สุขุมวิท
1555,condo,แอทโมช คาแนล รังสิต
1556,condo,แอททรี เวสท์
1557,condo,แอททรี นอร์ท
1558,condo,แอททรี อีสท์
1559,condo,แอทอีสต์ คอนโดมิเนียม
1560,condo,แอทอีสต์ คอนโดมิเนียม 2
1561,condo,แอ็บสแตร็กส์ พหลโยธิน พาร์ค อาคาร เอ
1562,condo,แอ๊บสแตร็กส์ สุขุมวิท 66/1 เดอะซัน
1563,condo,แอ็บสแตร็กส์ สุขุมวิท 66/1 เดอะซัน
1564,condo,แอ็บสแตร็กส์ สุขุมวิท 66/1 เดอะมูน
1565,condo,แอร์ลิงค์ เรสซิเดนซ์
1566,condo,แอร์ลิงค์ เรสซิเดนซ์ (เฟส2)
1567,condo,แอร์ลิงค์ เรสซิเดนซ์ เฟส 3
1568,condo,แอร์ลิงค์ เรสซิเด้นซ์ เฟส 3
1569,condo,แอร์ลิงค์ เรสซิเดนซ์ เฟส 4
1570,condo,แอล สไตล์ คอนโด
1571,condo,แอสปาย พระราม 4
1572,condo,แอสปาย รัชดา - วงศ์สว่าง
1573,condo,แอสปาย สาทร-ท่าพระ
1574,condo,แอสปายพระราม 4
1575,condo,แฮปปี้ คอนโด ลาดพร้าว 101 อาคาร เอช
1576,condo,แฮปปี้ คอนโด ลาดพร้าว 101 อาคารเอช
1577,condo,แฮปปี้ คอนโดลาดพร้าว 101 อาคาร ดีและอี
1578,condo,แฮปปี้คอนโด ดอนเมือง เดอะเทอมินอล
1579,condo,แฮปปี้คอนโด ลาดพร้าว 101 อาคาร G
1580,condo,แฮปปี้คอนโด ลาดพร้าว 101 อาคารดี และ อาคารอี
1581,condo,แฮปปี้คอนโด ลาดพร้าว 101 อาคารนอร์ธ
1582,condo,แฮปปี้คอนโดลาดพร้าว 101 อาคาร North
1583,condo,แฮปปี้คอนโดลาดพร้าว 101 อาคารดี และ อาคาร อี
1584,condo,โกลเด้นท์ โคสท์
1585,condo,โกลเด้นพัทยา คอนโดมิเนียม
1586,condo,โกลเด้นพัทยาคอนโดมิเนียม
1587,condo,โกลเด้นพัทยาคอนโดมิเนี่ยม
1588,condo,โคโตบูกิ เพลส คอนโดมิเนียม
1589,condo,โคปาคาบาน่า บีช จอมเทียน
1590,condo,โคลเวอร์ ลาดพร้าว 83
1591,condo,โชคชัยร่วมมิตร คอนโดมิเนียม
1592,condo,โซซิโอ อินทามระ
1593,condo,โนเบิล แอมเบียนส์ สุขุมวิท 42
1594,condo,โนเบิล โซโล
1595,condo,โนเบิล ไลท์
1596,condo,โนเบิล รีเวนต์
1597,condo,โนเบิล รีโว สีลม
1598,condo,โนเบิล รีมิกซ์
1599,condo,โนเบิล รีวีล
1600,condo,โนเบิลเฮ้าส์ พญาไท
1601,condo,โนวานา เรสซิเดนซ์
1602,condo,โบ๊เบ๊ทาวเวอร์
1603,condo,โบ๊เบ๊ทาวเวอร์ 2
1604,condo,โบ๊ทเฮ้าส์ หัวหิน เอ
1605,condo,โบ๊ทเฮ้าส์ หัวหิน ซี
1606,condo,โบ๊ทเฮ้าส์ หัวหิน บี
1607,condo,โบทานิก้า เขาใหญ่
1608,condo,โฟคัส ออน ศาลาแดง
1609,condo,โฟร์สตรีท แมนชั่น
1610,condo,โมเดอร์น โฮมเพลส 1-4
1611,condo,โมเดอร์นโฮมเพลส 1-4
1612,condo,โมเดิร์น คอนโด
1613,condo,โมดัส บีชฟร้อนท์ คอนโดมิเนียม เอ
1614,condo,โมดิช รัชดา 32
1615,condo,โมทีฟ คอนโด
1616,condo,โมนีค สุขุมวิท 64
1617,condo,โอเรียลเต็ล ทาวเวอร์ คอนโดมิเนียม
1618,condo,โอกาส 105 คอนโดมิเนียม
1619,condo,โอกาส หัวหิน
1620,condo,โฮป แอนด์ กาย คอนโดทาวน์
1621,condo,ใบหยก 2
1622,condo,ใบหยก ทาวเวอร์
1623,condo,ใบหยกทาวเวอร์
1624,condo,ไซมิส จอยญ่า
1625,condo,ไซมิส สุรวงศ์
1626,condo,ไดมอนด์ ทาวเวอร์
1627,condo,ไทดีดีลักซ์
1628,condo,ไทปิง ทาวเวอร์ส
1629,condo,ไทปิงทาวเวอร์
1630,condo,ไทปิงทาวเวอร์ส
1631,condo,ไบร์ท วงเวียนใหญ่
1632,condo,ไบร์ท สุขุมวิท 24
1633,condo,ไมล์สโตน คอนโดมิเนียม เสรีไทย
1634,condo,ไลบรารี่ เฮ้าส์
1635,condo,ไลบรารี่ เฮ้าส์ จรัญ 13
1636,condo,ไลฟ์ แอด พหล-อารีย์
1637,condo,ไลฟ์ แอด รัชดา - สุทธิสาร
1638,condo,ไลฟ์ บางกอก บูเลอวาร์ด ราชพฤกษ์-จรัญสนิทวงศ์
1639,condo,ไวโอ แคราย
1640,condo,ไวโอ แคราย 2
1641,condo,ไวร์ รัชดา 19
1642,condo,ไอ คอนโด งามวงศ์วาน 2
1643,condo,ไอ คอนโด ศาลายา 2
1644,condo,ไอ-เฮ้าส์ ลากูน่า การ์เด้น 2
1645,condo,ไอ-เฮ้าส์ ลากูน่า การ์เด้น 3
1646,condo,ไอ-เฮ้าส์ ลากูน่าการ์เด้น 1
1647,condo,ไอ-เฮ้าส์ ลากูน่าการ์เด้น 2
1648,condo,ไอคอนโด เกษตรนวมินทร์
1649,condo,ไอคอนโด เพชรเกษม 39
1650,condo,ไอคอนโด เสรีไทย
1651,condo,ไอคอนโด แอคทีฟ พัฒนาการ
1652,condo,ไอคอนโด งามวงศ์วาน
1653,condo,ไอคอนโด ศาลายา
1654,condo,ไอคอนโด สุขาภิบาล 2
1655,condo,ไอคอนโด สุขุมวิท 103
1656,condo,ไอคอนโด สุขุมวิท 105-1
1657,condo,ไอคอนโด สุขุมวิท 105-2
1658,condo,ไอคอนโด สุขุมวิท 105-3
1659,condo,ไอคอนโด สุขุมวิท 77
1660,condo,ไอคอนโด สุขุมวิท 77 เฟส 2
1661,condo,ไอคอนโด สุขุมวิท77
1662,condo,ไอคอนพาร์ค คอนโดมิเนียม
1663,condo,ไอดิโอ มิกซ์ พหลโยธิน
1664,condo,ไอดีโอ โมบิ จรัญ-อินเตอร์เชนจ์
1665,condo,ไอดีโอ โมบิ พญาไท
1666,condo,ไอดีโอ คิว พญาไท
1667,condo,ไอดีโอ คิว สุขุมวิท 36
1668,condo,ไอดีโอ ท่าพระ อินเตอร์เช้นจ์
1669,condo,ไอดีโอ มิกซ์ พหลโยธิน
1670,condo,ไอดีโอ รัชดา-ห้วยขวาง
1671,condo,ไอดีโอ ลาดพร้าว 17
1672,condo,ไอดีโอ สาทร-ตากสิน
1673,condo,ไอทีเอฟ - ทาวเวอร์
1674,condo,ไอทีเอฟ- สีลมพาเลส
1675,condo,ไอทีเอฟ-สีลมพาเลส
1676,condo,ไอริส แอเวนิว อาคาร 1
1677,condo,ไอริส แอเวนิว อาคาร 5
1678,condo,ไอริสแอเวนิวอาคาร 4
1679,condo,ไอ-ลอฟท์ แอท บางแสน
1680,condo,ไอวี่ ริเวอร์
1681,condo,ไฮด์ สุขุมวิท
1682,condo,ไฮด์ สุขุมวิท 11
1683,condo,ไฮฟ์ ตากสิน
1684,condo,ไฮฟ์ สาทร
1685,condo,กมลเนตร
1686,condo,กมล-กมลภู
1687,condo,กมลพรรณ
1688,condo,กมลา รีเจ้นท์ คอนโดมิเนียม
1689,condo,กมลารีเจ้นท์ คอนโดมิเนียม
1690,condo,กรีเน่ แจ้งวัฒนะ คอนโดมิเนียม
1691,condo,กรีเน่ คอนโด ดอนเมือง- สรงประภา เฟส 2
1692,condo,กรีเน่ คอนโด ดอนเมือง-สรงประภา เฟส 1
1693,condo,กรีเน่ คอนโด ดอนเมือง-สรงประภา เฟส 2
1694,condo,กรีนเลค คอนโด
1695,condo,กรีนเลค คอนโด สอง
1696,condo,กรีนเลค คอนโด สาม
1697,condo,กรีนเลค คอนโด สี่
1698,condo,กรีนเลค คอนโด หนึ่ง
1699,condo,กรีนเลคคอนโด หนึ่ง
1700,condo,กรีนพีช แมนชั่น
1701,condo,กรีนลิฟวิ่ง พัทยา อาคาร เอ
1702,condo,กรู๊ฟ รัชดา-ลาดพร้าว
1703,condo,กรูฟวี่ คอนโด ศรีราชา เอฟ
1704,condo,กรูฟวี่ คอนโด ศรีราชา ซี
1705,condo,กรูฟวี่ คอนโด ศรีราชา บี
1706,condo,กฤษดาโกลเด้น คอนโดเทล คลิฟแอนด์พาร์ค
1707,condo,กฤษดาโกลเด้นคอนโดเทล คลิฟแอนด์พาร์ค
1708,condo,กลางกรุงรีสอร์ท A1
1709,condo,กัลปพฤกษ์ ซิตี้พลัส ราชบุรี
1710,condo,การ์เด้น เพลส 1  2
1711,condo,คณาพญา เรสซิเด๊นซ์
1712,condo,คณาพญา เรสซิเด้นท์
1713,condo,คลองจั่นเพลส
1714,condo,คลองตัน คอนโดมิเนียม
1715,condo,คลองตันคอนโดมิเนียม
1716,condo,คลับ รอยัล ซี แอนด์ ดี
1717,condo,คลาส สยาม
1718,condo,คลาส สารสิน – ราชดำริห์
1719,condo,คลาส หลังสวน
1720,condo,คลาสสีลม
1721,condo,ควอด สีลม
1722,condo,คอนโด ยู แอท หัวหมาก สเตชั่น
1723,condo,คอนโด วัน เอ็กซ์ สาทร-นราธิวาส
1724,condo,คอนโดเชน หัวหิน
1725,condo,คอนโดเทล คลิฟ แอนด์ บีช
1726,condo,คอนโดเทลคลิฟ แอนด์ บีช
1727,condo,คอนโดเลต ไอซ์ ราชเทวี
1728,condo,คอนโดเลต ดเวล สุขุมวิท 26
1729,condo,คอนโดเลต พิกเซล สาทร
1730,condo,คอนโดเลต มิสท์ พระราม
1731,condo,คอนโดเลต มิสท์ พระราม 9
1732,condo,คอนโดเลต ลาดพร้าว
1733,condo,คอนโดเลท ไลท์
1734,condo,คอนโดทาวน์ 5
1735,condo,คอนโดมิเนียม CDEFG
1736,condo,คอนโดมิเนียม เอฟ
1737,condo,คอนโดมิเนียม จี
1738,condo,คอนโดมีสุข อาคาร เอ
1739,condo,คอนโดมีสุข อาคาร บี
1740,condo,คอนโดวัน สุขุมวิท 52 คอนโดมิเนียม
1741,condo,คอนโดวัน สุขุมวิท 67 คอนโดมิเนียม
1742,condo,คอนโดวิว นกยูง คอนโดมิเนียม
1743,condo,คอมมอนเวลธ์ ปิ่นเกล้า
1744,condo,คอลเลซซิโอ สาทร-พิพัฒน์
1745,condo,คันทรี่ คอมเพล็กซ์ อาคาร ซี
1746,condo,คันทรี่ คอมเพล็กซ์ อาคาร บี
1747,condo,คันทรี่ ซี
1748,condo,คันทรี่คอมเพล็กซ์ อาคาร บี
1749,condo,คัลเลอร์ลิฟวิ่ง (บ้านเทพารักษ์ 1)
1750,condo,คัลเลอร์ลีฟวิ่ง (บ้านเทพรักษ์ 1)
1751,condo,คาซ่า เวล่า โฮเต็ล คอนโดมิเนียม
1752,condo,คาซ่า เอสปันญ่า คอนโดมิเนียม
1753,condo,คาซ่า คอนโด สุขุมวิท 97
1754,condo,คาซ่า ฟรานซ์ เอแบค บางนา
1755,condo,คาซา ริวา วิสต้า 2
1756,condo,คาซ่าจอมเทียน
1757,condo,คาซาลูนา พาราดิโซ คอนโดมิเนียม บี
1758,condo,คาซ่าวีว่า
1759,condo,คาร์พิเดี้ยม คอนโด ทาวน์
1760,condo,คิว คอนโด อโศก
1761,condo,คิว ซีไซด์ หัวหิน
1762,condo,คิว หลังสวน
1763,condo,คิวเฮ้าส์ คอนโด สุขุมวิท 79
1764,condo,คิวหลังสวน
1765,condo,คีนน์ บาย แสนสิริ
1766,condo,คุณากรชัย เรสซิเด็นซ์
1767,condo,คูณสุขวิลล์ ซีและดี
1768,condo,คูณสุขวิลล์ อาคาร CD
1769,condo,คูณสุขวิลล์ อาคาร EF
1770,condo,คูณสุขวิลล์ อีและเอฟ
1771,condo,คูล คอนโด พระราม 7
1772,condo,คูลคอนโด พระราม 7
1773,condo,จรัลสนิทวงศ์ คอนโดมิเนียม
1774,condo,จอนนี่ ทาวเวอร์
1775,condo,จอนนี่ทาวเวอร์
1776,condo,จอมเทียนคอมเพลกซ์ คอนโดเทล
1777,condo,จอมเทียนพลาซ่า คอนโดเทล
1778,condo,จอมเทียนพลาซ่า คอนโดมิเนียม และ พัทยา ไฮท์
1779,condo,จาด้า บีช คอนโดมิเนียม
1780,condo,จิวเวลรี่ เทรด เซ็นเตอร์
1781,condo,จี สไตล์ คอนโด 1
1782,condo,จี สไตล์ คอนโด 2
1783,condo,จี-วัน คอนโด
1784,condo,จูเวลเลอรี่ เซ็นเตอร์
1785,condo,ชวนา เพลส
1786,condo,ชะอำบีชคลับ
1787,condo,ชะอำ-ลองบีช คอนโดมิเนียม
1788,condo,ชะอำ-ลองบีช คอนโดมิเนียม 2
1789,condo,ชาโตว์ อินทาวน์ จรัญสนิทวงศ์ 96/2
1790,condo,ชาโตว์ อินทาวน์ รัชดา 13-1
1791,condo,ชาโตว์ อินทาวน์ รัชดา 17
1792,condo,ชาโตว์ อินทาวน์ วิภาวดี 10
1793,condo,ชาโตว์ อินทาวน์ สุขุมวิท 64 เอ
1794,condo,ชิค คอนโดมิเนียม
1795,condo,ชีวาทัย เกษตร-นวมินทร์
1796,condo,ชีวาทัย เรสซิเดนซ์ บางโพ
1797,condo,ชีวาทัย ปิ่นเกล้า
1798,condo,ชีวาทัย ราชปรารภ
1799,condo,ชีวาทัย อินเตอร์เชนจ์
1800,condo,ชีวาทัย ฮอลล์มาร์ค ลาดพร้าว- โชคชัย 4 เฟส 1
1801,condo,ชีวาทัย ฮอลล์มาร์ค ลาดพร้าว-โชคชัย 4 เฟส 1
1802,condo,ชีวาทัย ฮอลล์มาร์ค ลาดพร้าว-โชคชัย 4 เฟส 2
1803,condo,ซันเซ็ท บลูเลอวาร์ด เรสซิเด้นซ์ 2
1804,condo,ซันเซ็ท บูเลอวาร์ด เรสซิเด้นซ์ 2
1805,condo,ซันไชน์ บีช คอนโดเทล
1806,condo,ซันไรซ์ บีช รีสอร์ท
1807,condo,ซันไรซ์ บีช รีสอร์ท แอนด์ เรสซิเด้นซ์
1808,condo,ซันไรซ์ บีช รีสอร์ท แอนด์ เรสซิเด้นซ์ คอนโดมิเนียม
1809,condo,ซันซิตี้ คอนโดนิเนียม
1810,condo,ซันทารา คอนโด
1811,condo,ซัมเมอร์ การ์เด้นท์
1812,condo,ซายร์ วงศ์อมาตย์
1813,condo,ซิตี้ เซ็นเตอร์ เรสซิเดนซ์
1814,condo,ซิตี้ เซ็นเตอร์เรสซิเดนซ์
1815,condo,ซิตี้ เซ็นเตอร์เรสซิเิดนซ์
1816,condo,ซิตี้ โฮม ศรีนครินทร์
1817,condo,ซิตี้ การ์เด้น ทรอปิคานา คอนโดมิเนียม
1818,condo,ซิตี้ คอร์ท
1819,condo,ซิตี้ รีสอร์ท ภาสว่าง
1820,condo,ซิตี้ รีสอร์ท รัชดา-ห้วยขวาง
1821,condo,ซิตี้เลค ทาวเวอร์
1822,condo,ซิตี้โฮม รัชดา-ปิ่นเกล้า 2
1823,condo,ซิตี้โฮม รัชดาภิเษก 1
1824,condo,ซิตี้โฮม รัชดาภิเษก 2
1825,condo,ซิตี้โฮม รัชดาภิเษก 3
1826,condo,ซิตี้โฮม รัตนาธิเบศร์
1827,condo,ซิตี้โฮม สี่แยกท่าพระ
1828,condo,ซิตี้โฮม สุขุมวิท
1829,condo,ซิตี้โฮม สุขุมวิท 1
1830,condo,ซิตี้โฮม สุขุมวิท 2
1831,condo,ซิตี้โฮม หาดใหญ่
1832,condo,ซิตี้การ์เด้น ทรอปิคานา คอนโดมิเนียม
1833,condo,ซิตี้ทาวเวอร์คอนโดมิเนียม
1834,condo,ซิตี้พอยท์ รัชดาภิเษก
1835,condo,ซิตี้พาร์ค - บางนา (2) ซี 1 - 9
1836,condo,ซิตี้รีสอร์ท ภาสว่าง
1837,condo,ซิตี้ลิงค์ คอนโด อาคาร เมลเบิร์น
1838,condo,ซิตี้ลิงค์ คอนโด อาคาร มาดริด
1839,condo,ซิตี้ลิงค์คอนโด
1840,condo,ซิตี้วิลล่า 2
1841,condo,ซิตี้วิลล่า 3
1842,condo,ซิม วิภา-ลาดพร้าว
1843,condo,ซิมวิภา-ลาดพร้าว
1844,condo,ซิลเวอร์ เฮอริเทจ คอนโดมิเนียม
1845,condo,ซี เอกมัย
1846,condo,ซี เอ็น พี คอนโดมิเนียม
1847,condo,ซี ซี คอนโดมิเนียม 1
1848,condo,ซีณิธ เพลส สุขุมวิท
1849,condo,ซีตัส บีชฟร้อนท์ พัทยา
1850,condo,ซีทู คอนโดมิเนียม
1851,condo,ซีน คอนโด
1852,condo,ซีริดจ์ รีสอร์ท
1853,condo,ซีสไตล์ คอนโด
1854,condo,ซีฮิลล์ พร็อพเพอร์ตี้
1855,condo,ซีฮิลล์คอนโด
1856,condo,ฌ็องเซลิเซ่ เจ
1857,condo,ฌ็องเซลิเซ่ แจ้งวัฒนะ เอ
1858,condo,ฌ็องเซลิเซ่ อเวนิว เอ
1859,condo,ฌ็องเซลิเซ่ อเวนิว บี
1860,condo,ฌ็องเซลิเซ่ อาคาร เค
1861,condo,ฌ็องเซลิเซ่อเวนิว ซี
1862,condo,ณ ล้าน
1863,condo,ณ ล้านนา
1864,condo,ณ วรา เรสซิเดนซ์
1865,condo,ณ วราเรสซิเดนซ์
1866,condo,ณุศาศิริ แกรนด์ คอนโด
1867,condo,ดับเบิลเลค คอนโดมิเนียม เฟส 2
1868,condo,ดับเบิ้ลเลค คอนโดมิเนียม เฟส 2
1869,condo,ดับเบิ้ลยู คอนโด
1870,condo,ดาซเซิล สุขุมวิท 7
1871,condo,ดาวน์ทาวน์ 49 คอนโดมิเนียม
1872,condo,ดิ เอ็กเซ็กคิวทีฟ รีเจ้นท์
1873,condo,ดิ เอ็กเซล กรูฟ อาคาร เอ
1874,condo,ดิ เอ็กเซล กรูฟ อาคาร ดี และ อาคาร อี
1875,condo,ดิ เอ็กเซล กรูฟ อาคาร ดี และอาคาร อี
1876,condo,ดิ เอ็กเซล กรูฟ อาคารบี และอาคารซี
1877,condo,ดิ เอ็กเซล ปาร์ค
1878,condo,ดิ เอ็กเซล รัชดา 18
1879,condo,ดิ เอ็กเซล อุดมสุข
1880,condo,ดิ เอ็กซ์เซล แบริ่ง
1881,condo,ดิ เอ็กซ์เซล ไฮบริด
1882,condo,ดิ เอ็กซ์เซลไฮด์อเวย์
1883,condo,ดิ เอ๊จท์ คอนโดมิเนียม
1884,condo,ดิ เอช เอกมัย
1885,condo,ดิ เอดิเตอร์
1886,condo,ดิ เอ็มไพร์ เพลส
1887,condo,ดิ เอ็มไพร์ ทาวเวอร์ พัทยา
1888,condo,ดิ เอส เคป คอนโดมิเนียม อาคาร B
1889,condo,ดิ เอส เคป คอนโดมิเนียม อาคาร บี
1890,condo,ดิ เอส แอท สิงห์ คอมเพล็กซ์
1891,condo,ดิ เอส อโศก
1892,condo,ดิ เอสเคป คอนโดมิเนียม อาคารเอฟ
1893,condo,ดิ เอสเคป คอนโดมิเนียม อาคารอี
1894,condo,ดิ เอสเทลล์ พร้อมพงษ์
1895,condo,ดิ เออ เบิ้น สวีท คอนโดมิเนี่ยม ซี
1896,condo,ดิ เออเบิ้น พัทยา คอนโดมิเนียม เอ
1897,condo,ดิ เออเบิ้น พัทยา คอนโดมิเนียม ซี
1898,condo,ดิ เออเบิ้น พัทยา คอนโดมิเนี่ยม ซี
1899,condo,ดิ เออเบิ้น พัทยา คอนโดมิเนียม บี
1900,condo,ดิ แอดเดรส สุขุมวิท 61
1901,condo,ดิ แอดเดรส อโศก
1902,condo,ดิ โอเรียนท์ รีสอร์ท แอนด์ สปา
1903,condo,ดิ โอลีแอนเดอร์
1904,condo,ดิ ไอริส อาคาร เอฟ
1905,condo,ดิ ไอริส อาคารเอฟ
1906,condo,ดิ ยูนีค เอกมัย-รามอินทรา
1907,condo,ดิ ยูนีค รัชดา 19
1908,condo,ดิ ยูนีค ลาดพร้าว 10
1909,condo,ดิ อเวนิว สปริง
1910,condo,ดิ อเวนิวสปริง บี
1911,condo,ดิ อัลทิเมท ซีซั่น ปาร์ค
1912,condo,ดิ อาร์ท เรสซิเด้นซ์
1913,condo,ดิ อินดี๊ด คอนโด ไพร์ม อมตะ
1914,condo,ดิ อินดี๊ด คอนโด บางพลี
1915,condo,ดิ อินดี๊ด คอนโด พาร์ค อมตะ
1916,condo,ดิ อินดี๊ดคอนโด เออร์เบิน ศรีราชา
1917,condo,ดิ อีลีแกนซ์ คอนโดมิเนียม
1918,condo,ดิเอสเคป คอนโดมิเนียม อาคาร บี
1919,condo,ดิเอสเคป คอนโดมิเนียม อาคารซี
1920,condo,ดิเอสเคป คอนโดมิเนียม อาคารดี
1921,condo,ดิเอสเทลล์ พร้อมพงษ์
1922,condo,ดิเออร์ บานา นนทบุรี
1923,condo,ดิเออร์บานา นนทบุรี
1924,condo,ดิแอดเดรส ปทุมวัน อาคาร บี
1925,condo,ดิแอดเดรส สาทร
1926,condo,ดิแอร์พอร์ต เรสซิเดนซ์
1927,condo,ดิโอเรียนท์ รีสอร์ท แอนด์ สปา
1928,condo,ดิไอริส บางใหญ่
1929,condo,ดิไอริส ศรีนครินทร์
1930,condo,ดิไอริส อาคาร เอ
1931,condo,ดิไอริส อาคาร ดี
1932,condo,ดิไอริส อาคารเอ
1933,condo,ดิไอริส อาคารเอช
1934,condo,ดิไอริส อาคารอี
1935,condo,ดิออสการ์ คอนโด เพชรเกษม 58
1936,condo,ดี 25 ทองหล่อ คอนโดมิเนียม
1937,condo,ดี 65 คอนโดมิเนียม
1938,condo,ดี 65 คอนโดมิเนียม A
1939,condo,ดี เมโมเรีย พหลโยธิน 8 คอนโดมิเนียม
1940,condo,ดี คอนโด แคมปัส รีสอร์ท บางแสน
1941,condo,ดี คอนโด จรัญ 9 - บางขุนนนท์
1942,condo,ดี คอนโด รัตนาธิเบศร์
1943,condo,ดี คอนโด รามคำแหง
1944,condo,ดี คอนโด รามคำแหง 64
1945,condo,ดี คอนโด สาธุประดิษฐ์ 49
1946,condo,ดี มูระ รัชโยธิน คอนโดมิเนียม
1947,condo,ดี.เอส. ทาวเวอร์ 2
1948,condo,ดี.เอส.ทาวเวอร์ 2
1949,condo,ดี.ซี. ทาวเวอร์
1950,condo,ดีคอน ไพร์ม รัตนาธิเบศร์
1951,condo,ดีคอนโด ไมน์
1952,condo,ดีบุรา พรานนก
1953,condo,ดุลิยา ชาริสม่า
1954,condo,ดุลิยาเพลส
1955,condo,ดุสิต อเวนิว
1956,condo,ตรีทศ ซิตี้ มารีน่า
1957,condo,ตลาด และคอนโดเทล ศูนย์การค้าหนองแขม
1958,condo,ตวันนา เรสซิเด้นส์ 1
1959,condo,ติรติรา
1960,condo,ตึกช้าง
1961,condo,ทรีท็อปส์ คอนโดมิเนียม
1962,condo,ทรู ทองหล่อ คอนโด
1963,condo,ทวินทาวเวอร์
1964,condo,ทองประชาคอนโดทาวน์ 5
1965,condo,ท๊อปวิว ทาวเวอร์
1966,condo,ทาวเวอร์ 1 ออฟฟิศ
1967,condo,ทาวเวอร์พาร์ค
1968,condo,ทาวน์อินทาวน์ออฟฟิศ คอนโด
1969,condo,ทิพย์ธานี เรสซิเดนซ์
1970,condo,ทิวริเวอร์เพลส
1971,condo,ทิวลิป ไลท์ คอนโดมิเนียม
1972,condo,ทิวลิปไลท์
1973,condo,ที.วี.ซี.
1974,condo,ที.วี.ซี. คอนโดมิเนียม 2
1975,condo,ทีซี กรีน คอนโดมิเนียม เฟส 1
1976,condo,ทีซี กรีน คอนโดมิเนียม เฟส 2
1977,condo,ทีซี-กรีน คอนโดมิเนียม เฟส 1
1978,condo,ทีซี-กรีน คอนโดมิเนียม เฟส ๒
1979,condo,ทีวีซี คอนโด 2
1980,condo,ธนาทรี
1981,condo,ธัญญะคอนโดทาวน์
1982,condo,ธาราเรือนเอก
1983,condo,ธาราเรือนแก้ว
1984,condo,นครพิงค์คอนโดมิเนียม
1985,condo,นนทรี คอนโดมิเนียม
1986,condo,นนทรีคอนโดมิเนียม
1987,condo,นนทิพย์คอนโดวิล
1988,condo,นว ลิฟวิ่ง คอนโด
1989,condo,นวรัตน์ แมนชั่น
1990,condo,นอตติ้ง ฮิลล์
1991,condo,นอร์ทชอร์
1992,condo,นอร์ทพ้อยท์
1993,condo,นารา 9
1994,condo,นาวิโอ หัวหิน คอนโดมิเนียม
1995,condo,น้ำทะเล คอนโดมิเนียม
1996,condo,นิติบุคลอาคารชุด เซเรนนิตี้ เรสซิเด้นท์ จอมเทียน
1997,condo,นิติบุคลอาคารชุด เดอะ เทมโป แกรนด์ สาทร-วุฒากาศ
1998,condo,นิติบุคลอาคารชุด เดอะ กรีน คอนโดมิเนียม
1999,condo,นิติบุคลอาคารชุดเดอะเทมโป แกรนด์ สาทร-วุฒากาศ
2000,condo,แฮปปี้คอนโดลาดพร้าว101 อาคาร เอช
2001,condo,นิรันดร์ เรสซิเดนซ์
2002,condo,นิรันดร์ เรสซิเดนซ์ 1
2003,condo,นิรันดร์ เรสซิเดนซ์ 3 (D-R)
2004,condo,นิรันดร์ เรสซิเดนซ์ 3 (X Y Z)
2005,condo,นิรันดร์ เรสซิเดนซ์ 3(D-R)
2006,condo,นิรันดร์ เรสซิเดนซ์ 3(X Y Z)
2007,condo,นิรันดร์ แกรนด์วิลล์ พัทยา
2008,condo,นิรันดร์ ซิตี้ ลาดพร้าว 101 อาคารเจ
2009,condo,นิรันดร์ ซิตี้บางแค
2010,condo,นิรันดร์ ซิตี้บางแค (PQRS)
2011,condo,นิรันดร์แกรนด์วิลล์ พัทยา
2012,condo,นิรันดร์คอนโดมิเนียม 2
2013,condo,นิรันดร์คอนโดมิเนียม 2 (A-I)
2014,condo,นิรันดร์ซิตี้บางแค 2
2015,condo,นิรันดร์ซิตี้ลาดพร้าว 101 อาคารจี และเอช
2016,condo,นิว โนเบิล แจ้งวัฒนะ
2017,condo,นิวแลนด์
2018,condo,นิวาติ ทองหล่อ 23
2019,condo,นีเวร่าเอกมัย-รามอินทรา
2020,condo,นูเวล
2021,condo,บจ.กลางกรุง รีสอร์ท A2
2022,condo,บจ.กลางกรุงรีสอร์ท (B1-B4)
2023,condo,บจ.กลางกรุงรีสอร์ท A2
2024,condo,บดินทร์ คอนโดมิเนียม
2025,condo,บดินทร์สวีทโฮม
2026,condo,บดินทร์สวีทโฮม 1
2027,condo,บดินทร์สวีทโฮม 2
2028,condo,บราวน์ รัชดา-ห้วยขวาง
2029,condo,บริกซ์ คอนโดมิเนียม
2030,condo,บริดจ์
2031,condo,บริดจ์ นราธิวาส
2032,condo,บริษัท อาคารชุด พรีม จำกัด
2033,condo,บริษัท อาคารภคินท์ จำกัด
2034,condo,บลิซ คอนโดมิเนียม
2035,condo,บลิซ คอนโดมิเนียม แบริ่ง
2036,condo,บลิซ คอนโดมิเนียม พระราม 9 - หัวหมาก
2037,condo,บลิซ คอนโดมิเนียม ลาดพร้าว 107
2038,condo,บลิซคอนโดมิเนียม ลาดพร้าว 107
2039,condo,บลู เมาเท่น หัวหิน
2040,condo,บลู เมาเท่น หัวหิน สำนักงานใหญ่
2041,condo,บัดเจท คอนโด ติวานนท์ 3
2042,condo,บางเสร่ คอนโดมิเนียม
2043,condo,บางเสร่ บีช รีสอร์ท คอนโดมิเนียม
2044,condo,บางเสร่คอนโดมิเนียม
2045,condo,บางเสร่บีช คอนโดมิเนียม
2046,condo,บางแคคอนโดทาวน์
2047,condo,บางใหญ่ สแควร์ ซี 2
2048,condo,บางใหญ่ สแควร์ บี 1
2049,condo,บางใหญ่สแควร์ C1
2050,condo,บางใหญ่สแควร์ เอ 1
2051,condo,บางใหญ่สแควร์ ซี 2
2052,condo,บางใหญ่สแควร์ บี 1
2053,condo,บางใหญ่สแควร์ บี 2
2054,condo,บางใหญ่สแควร์ซี 1
2055,condo,บางกอก ริเวอร์มารีน่า
2056,condo,บางกอก ฮอไรซอน รามคำแหง
2057,condo,บางกอกริเวอร์มารีน่า
2058,condo,บางขุนนนท์ทาวเวอร์
2059,condo,บางนาคอมเพล็กซ์ เรสซิเดนเชียล
2060,condo,บางนาคอมเพล็กซ์ ออฟฟิศ ทาวเวอร์
2061,condo,บางพลีคอนโดมิเนียม อาคาร 1
2062,condo,บางลำพูเพลส
2063,condo,บางอ้อ ริเวอร์วิว
2064,condo,บางอ้อริเวอร์ไซด์ ทาวเวอร์ 1
2065,condo,บางอ้อริเวอร์ไซด์ทาวเวอร์ 1
2066,condo,บางอ้อริเวอร์วิว
2067,condo,บ้านเจ้าพระยา
2068,condo,บ้านเอื้ออาทร เทพารักษ์ 1
2069,condo,บ้านเอื้ออาทร เทพารักษ์ 3/2
2070,condo,บ้านเอื้ออาทร เทพารักษ์ 3/3
2071,condo,บ้านเอื้ออาทร เทพารักษ์ 3/4
2072,condo,บ้านเอื้ออาทร เพชรเกษม 1
2073,condo,บ้านเอื้ออาทร เพชรเกษม 2
2074,condo,บ้านเอื้ออาทร เมืองใหม่บางพลี 6
2075,condo,บ้านเอื้ออาทร เศรษฐกิจ 1
2076,condo,บ้านเอื้ออาทร แพรกษา 3
2077,condo,บ้านเอื้ออาทร แสมดำ
2078,condo,บ้านเอื้ออาทร กระทุ่มแบน 1
2079,condo,บ้านเอื้ออาทร กันตนา
2080,condo,บ้านเอื้ออาทร นาจอมเทียน 1
2081,condo,บ้านเอื้ออาทร นาจอมเทียน 2
2082,condo,บ้านเอื้ออาทร บ่อพลับ
2083,condo,บ้านเอื้ออาทร บางโฉลง 4
2084,condo,บ้านเอื้ออาทร บางโฉลง 5
2085,condo,บ้านเอื้ออาทร บางกระเจ้า
2086,condo,บ้านเอื้ออาทร บางขุนเทียน 2/1
2087,condo,บ้านเอื้ออาทร บางขุนเทียน 2/2
2088,condo,บ้านเอื้ออาทร บางคูวัด
2089,condo,บ้านเอื้ออาทร บางนา 1
2090,condo,บ้านเอื้ออาทร บางบ่อ 3
2091,condo,บ้านเอื้ออาทร บางบัวทอง 1
2092,condo,บ้านเอื้ออาทร บางบัวทอง 2
2093,condo,บ้านเอื้ออาทร ประชาพัฒนา 3
2094,condo,บ้านเอื้ออาทร ประชาพัฒนา 4
2095,condo,บ้านเอื้ออาทร ประชาพัฒนา 5
2096,condo,บ้านเอื้ออาทร ประชาอุทิศ
2097,condo,บ้านเอื้ออาทร ปัญญารามอินทรา
2098,condo,บ้านเอื้ออาทร ป่าตัน 1
2099,condo,บ้านเอื้ออาทร พรพระร่วงประสิทธิ์
2100,condo,บ้านเอื้ออาทร พร้อมมิตร
2101,condo,บ้านเอื้ออาทร พระประโทน 1 2
2102,condo,บ้านเอื้ออาทร มีนบุรี 1
2103,condo,บ้านเอื้ออาทร ร่มเกล้า 2
2104,condo,บ้านเอื้ออาทร ร่มเกล้า 6
2105,condo,บ้านเอื้ออาทร รัษฎา
2106,condo,บ้านเอื้ออาทร รามอินทรา 117
2107,condo,บ้านเอื้ออาทร ลาดหลุมแก้ว 1-2
2108,condo,บ้านเอื้้ออาทร ลาดหลุมแก้ว 1-2
2109,condo,บ้านเอื้ออาทร วัดพระเงิน 1
2110,condo,บ้านเอื้ออาทร วัดพระเงิน 2
2111,condo,บ้านเอื้ออาทร สมุทรปราการ 2
2112,condo,บ้านเอื้ออาทร สมุทรปราการ 3
2113,condo,บ้านเอื้ออาทร สรงประภา 1
2114,condo,บ้านเอื้ออาทร หทัยราษฎร์ 1
2115,condo,บ้านเอื้ออาทร หทัยราษฎร์ 2
2116,condo,บ้านเอื้ออาทร หมอบาง
2117,condo,บ้านเอื้ออาทร หัวหิน 1
2118,condo,บ้านเอื้ออาทรเทพารักษ์ 3/1
2119,condo,บ้านเอื้ออาทรเทพารักษ์ 3/2
2120,condo,บ้านเอื้ออาทรเทพารักษ์ 3/3
2121,condo,บ้านเอื้ออาทรเทพารักษ์ 3/4
2122,condo,บ้านเอื้ออาทรเพชรเกษม 1
2123,condo,บ้านเอื้ออาทรเพชรเกษม 2
2124,condo,บ้านเอื้ออาทรเมืองใหม่บางพลี 6
2125,condo,บ้านเอื้ออาทรเศรษฐกิจ 2
2126,condo,บ้านเอื้ออาทรแพรกษา 1
2127,condo,บ้านเอื้ออาทรแพรกษา 2
2128,condo,บ้านเอื้ออาทรแพรกษา 3
2129,condo,บ้านเอื้ออาทรแพรกษา 4
2130,condo,บ้านเอื้ออาทรแสมดำ
2131,condo,บ้านเอื้ออาทรกระทุ่มแบน 1
2132,condo,บ้านเอื้ออาทรกระทุ่มแบน 2
2133,condo,บ้านเอื้ออาทรกันตนา
2134,condo,บ้านเอื้ออาทรข จรวิทย์ 1
2135,condo,บ้านเอื้ออาทรขจรวิทย์ 1
2136,condo,บ้านเอื้ออาทรขจรวิทย์ 2
2137,condo,บ้านเอื้ออาทรคลองถนน 2
2138,condo,บ้านเอื้ออาทรติดนิคม
2139,condo,บ้านเอื้ออาทรถลาง 1
2140,condo,บ้านเอื้ออาทรถลาง 2
2141,condo,บ้านเอื้ออาทรถลาง 3
2142,condo,บ้านเอื้ออาทรท่าอิฐ
2143,condo,บ้านเอื้ออาทรนนทบุรี
2144,condo,บ้านเอื้ออาทรนาเกลือ
2145,condo,บ้านเอื้ออาทรนาจอมเทียน 1
2146,condo,บ้านเอื้ออาทรนาจอมเทียน 2
2147,condo,บ้านเอื้ออาทรนาจอมเทียน 3
2148,condo,บ้านเอื้ออาทรนาจอมเทียน 4
2149,condo,บ้านเอื้ออาทรนาจอมเทียน 5
2150,condo,บ้านเอื้ออาทรบ่อพลับ
2151,condo,บ้านเอื้ออาทรบางโฉลง 2
2152,condo,บ้านเอื้ออาทรบางโฉลง 4
2153,condo,บ้านเอื้ออาทรบางโฉลง 5
2154,condo,บ้านเอื้ออาทรบางกระเจ้า
2155,condo,บ้านเอื้ออาทรบางขุนเทียน 1
2156,condo,บ้านเอื้ออาทรบางขุนเทียน 2/1
2157,condo,บ้านเอื้ออาทรบางขุนเทียน 2/2
2158,condo,บ้านเอื้ออาทรบางขุนเทียน 3/1
2159,condo,บ้านเอื้ออาทรบางขุนเทียน 3/2
2160,condo,บ้านเอื้ออาทรบางคูวัด
2161,condo,บ้านเอื้ออาทรบางนา 1
2162,condo,บ้านเอื้ออาทรบางบ่อ
2163,condo,บ้านเอื้ออาทรบางบัวทอง 1
2164,condo,บ้านเอื้ออาทรบางบัวทอง 2
2165,condo,บ้านเอื้ออาทรบางพลี
2166,condo,บ้านเอื้ออาทรบ้านคลองสวน
2167,condo,บ้านเอื้ออาทรปทุมวิไล 1
2168,condo,บ้านเอื้ออาทรปทุมวิไล 2
2169,condo,บ้านเอื้ออาทรประชาพัฒนา 1
2170,condo,บ้านเอื้ออาทรประชาพัฒนา 2
2171,condo,บ้านเอื้ออาทรประชาพัฒนา 3
2172,condo,บ้านเอื้ออาทรประชาพัฒนา 4
2173,condo,บ้านเอื้ออาทรประชาพัฒนา 5
2174,condo,บ้านเอื้ออาทรประชาอุทิศ
2175,condo,บ้านเอื้ออาทรปัญญา รามอินทรา
2176,condo,บ้านเอื้ออาทรปัญญารามอินทรา
2177,condo,บ้านเอื้ออาทรป่าตัน 1
2178,condo,บ้านเอื้ออาทรป่าตัน 2
2179,condo,บ้านเอื้ออาทรพรพระร่วง ประสิทธิ์
2180,condo,บ้านเอื้ออาทรพรพระร่วงประสิทธิ์
2181,condo,บ้านเอื้ออาทรพร้อมมิตร
2182,condo,บ้านเอื้ออาทรพระประโทน 1 2
2183,condo,บ้านเอื้ออาทรพหลโยธิน 8
2184,condo,บ้านเอื้ออาทรมิตรไมตรี
2185,condo,บ้านเอื้ออาทรมีนบุรี 1
2186,condo,บ้านเอื้ออาทรมีนบุรี 2
2187,condo,บ้านเอื้ออาทรมีนบุรี 3
2188,condo,บ้านเอื้ออาทรร่มเกล้า 1
2189,condo,บ้านเอื้ออาทรร่มเกล้า 2
2190,condo,บ้านเอื้ออาทรร่มเกล้า 3
2191,condo,บ้านเอื้ออาทรร่มเกล้า 4
2192,condo,บ้านเอื้ออาทรร่มเกล้า 5
2193,condo,บ้านเอื้ออาทรร่มเกล้า 6
2194,condo,บ้านเอื้ออาทรลาดกระบัง
2195,condo,บ้านเอื้ออาทรศรีราชา 3
2196,condo,บ้านเอื้ออาทรศรีราชา 4
2197,condo,บ้านเอื้ออาทรสมุทรปราการ 1
2198,condo,บ้านเอื้ออาทรสมุทรปราการ 2
2199,condo,บ้านเอื้ออาทรสมุทรปราการ 3
2200,condo,บ้านเอื้ออาทรสมุทรปราการ เฟส 2
2201,condo,บ้านเอื้ออาทรสี่วาพาสวัสดิ์
2202,condo,บ้านเอื้ออาทรหทัยราษฎร์ 1
2203,condo,บ้านเอื้ออาทรหทัยราษฎร์ 2
2204,condo,บ้านเอื้ออาทรหทัยราษฎร์ 2 บริษัท เอชบี แอสเสท แมเนจเม้นท์ แอนด์
2205,condo,บ้านเอื้ออาทรหนองจะบก
2206,condo,บ้านเอื้ออาทรหมอบาง
2207,condo,บ้านเอื้ออาทรหัวหมาก
2208,condo,บ้านเอื้ออาทรหัวหิน 3
2209,condo,บ้านแสงจันทร์ คอนโดมิเนียม
2210,condo,บ้านแสนสราญ
2211,condo,บ้านกลางกรุง สยาม-ปทุมวัน
2212,condo,บ้านกลางกรุงสยาม-ปทุมวัน
2213,condo,บ้านกลางหัวหิน คอนโด
2214,condo,บ้านชมดาว
2215,condo,บ้านทิวลม ชะอำ
2216,condo,บ้านนวธารา รีเวอร์ไลฟ์
2217,condo,บ้านบุญบารมีคอนโดมิเนียม
2218,condo,บ้านปทุมวัน
2219,condo,บ้านประชานิเวศน์ 2
2220,condo,บ้านปลายหาดวงศ์อมาตย์
2221,condo,บ้านพร้อมพงษ์
2222,condo,บ้านพระยาภิรมย์ รัชดา 2
2223,condo,บ้านพระยาภิรมย์-รัชดา (อาคารเอ บี)
2224,condo,บ้านพระยาภิรมย์-รัชดา อาคาร AB
2225,condo,บ้านพหลโยธิน เพลส
2226,condo,บ้านฟูลเฮ้าส์ เอ
2227,condo,บ้านมนชเล
2228,condo,บ้านรวงข้าว 1
2229,condo,บ้านรวงข้าว 2 (B)
2230,condo,บ้านรวงข้าว 3 (C)
2231,condo,บ้านรวงข้าว 4
2232,condo,บ้านรัชโยธิน
2233,condo,บ้านรัชดา
2234,condo,บ้านราชเทวีวิลล์ 45
2235,condo,บ้านลักษณ์สาทร 1
2236,condo,บ้านลักษณ์สาทร 2
2237,condo,บ้านวิววิมาน
2238,condo,บ้านสมประสงค์
2239,condo,บ้านสมประสงค์หัวหิน
2240,condo,บ้านสวน ซื่อตรง 1 อาคาร 8
2241,condo,บ้านสวน ริมน้ำ 1
2242,condo,บ้านสวน ริมน้ำ 2
2243,condo,บ้านสวนเพชร พร้อมพงศ์ คอนโดมิเนียม
2244,condo,บ้านสวนซื่อตรง 1 อาคาร 8
2245,condo,บ้านสวนซื่อตรง 2
2246,condo,บ้านสวนซื่อตรง 4
2247,condo,บ้านสวนตะวันธรรม
2248,condo,บ้านสวนธน (4)
2249,condo,บ้านสวนธน (4) เอ
2250,condo,บ้านสวนธน (4) เอเอ
2251,condo,บ้านสวนธน (4) จี
2252,condo,บ้านสวนธน (4) จี (บัญชีกลาง)
2253,condo,บ้านสวนธน (4) ซี
2254,condo,บ้านสวนธน (4) ดี
2255,condo,บ้านสวนธน (4) บี
2256,condo,บ้านสวนธน B-2X (ยกเว้น D)
2257,condo,บ้านสวนริมน้ำ 1
2258,condo,บ้านสวนริมน้ำ 2
2259,condo,บ้านสวนริมน้ำ 3
2260,condo,บ้านสวนลาซาล
2261,condo,บ้านสวนสุโขทัย
2262,condo,บ้านสาทร เจ้าพระยา
2263,condo,บ้านสิริ เธอร์ตี้วัน
2264,condo,บ้านสิริเธอร์ตี้วัน
2265,condo,บ้านสิริสาทร สวนพลู
2266,condo,บ้านสุขุมวิท 77 (เพชร)
2267,condo,บ้านสุขุมวิท 77 (ไพทูรย์-ทับทิม)
2268,condo,บ้านสุขุมวิท 77 (ไพลิน)
2269,condo,บ้านหาดอู่ทอง
2270,condo,บ้านอิงรัก
2271,condo,บี แคมปัส
2272,condo,บี คอนโด A B
2273,condo,บี ยู โชคชัย 4
2274,condo,บี-แคมปัส
2275,condo,บีช วิลล่า วิภาวดี
2276,condo,บีชฟร้อนท์ จอนเทียน เรสซิเด้นท์ คอนโดมิเนียม เอ
2277,condo,บีทีเอส เรสซิเด้นซ์
2278,condo,บุราสิริ สนามบินน้ำ
2279,condo,ป.ธนาทาวเวอร์ 1
2280,condo,ป.ธนาทาวเวอร์ 2
2281,condo,ป.ปิ่นเกล้า คอนโดมิเนียม โครงการ 2
2282,condo,ป.ปิ่นเกล้า คอนโดมิเนียม โครงการ 2 อาคาร 5
2283,condo,ป.ปิ่นเกล้าคอนโดมิเนียม โครงการ 2
2284,condo,ปทุมวัน รีสอร์ท
2285,condo,ปทุมวันรีสอร์ท
2286,condo,ประตูน้ำเพรสตีจ คอนโดมิเนียม
2287,condo,ปัญจทรัพย์ สวีท
2288,condo,ปัญจทรัพย์ สวีท คอนโดมิเนียม
2289,condo,ปัญจทรัพย์สวีท คอนโดมิเนียม
2290,condo,ปันนา เรสซิเดนซ์ 2 แอท นิมมาน
2291,condo,ปันนาเรสซิเดนซ์ 2 แอท นิมมาน
2292,condo,ป่าตอง ฮาร์เบอร์ วิว
2293,condo,ปิ่นเกล้า คอนโดมิเนียม
2294,condo,ปิ่นเกล้า พาวิลเลี่ยน
2295,condo,ปิ่นเกล้า ริเวอร์ พาร์ควิว
2296,condo,ฝักข้าวโพด 1
2297,condo,ฝักข้าวโพด 2
2298,condo,ฝักข้าวโพด 3
2299,condo,พญาไท เพลส
2300,condo,พญาไท พลาซ่า
2301,condo,พรปิยะแมนชั่น
2302,condo,พระยาภิรมย์ รีเจ้นท์ ตากสิน - สาทร
2303,condo,พระราม 6 แมนชั่น A
2304,condo,พระราม 6 แมนชั่น เอ
2305,condo,พระรามหก แมนชั่น บี
2306,condo,พระรามหก แมนชั่นบี
2307,condo,พราว 3 คอนโดมิเนียม
2308,condo,พราว เอ็กซ์ ทู
2309,condo,พราวคอนโดมิเนียม
2310,condo,พรีม่า ศรีนครินทร์
2311,condo,พรีมิโอ เฟรสโก
2312,condo,พรีมิโอ ควินโต
2313,condo,พรีมิโอ วีโทร
2314,condo,พฤกษา คอนโด
2315,condo,พลัม คอนโด 60 รามคำแหง สเตชั่น
2316,condo,พลัม คอนโด เอ็กซ์ตร้า พระราม 2
2317,condo,พลัม คอนโด แจ้งวัฒนะ สเตชั่น เฟส 1
2318,condo,พลัม คอนโด แจ้งวัฒนะ สเตชั่น เฟส 2
2319,condo,พลัม คอนโด แจ้งวัฒนะ สเตชั่น เฟส 3
2320,condo,พลัม คอนโด โชคชัย 4
2321,condo,พลัม คอนโด นวมินทร์
2322,condo,พลัม คอนโด มิกซ์ แจ้งวัฒนะ
2323,condo,พลัม คอนโด รามคำแหง สเตชั่น
2324,condo,พลัม นวมินทร์
2325,condo,พลัมคอนโด พาร์ค รังสิต เฟส 1
2326,condo,พลัมคอนโด รังสิต อไลฟ์ 1
2327,condo,พลัมคอนโด รังสิต อไลฟ์ 2
2328,condo,พลัส 67 คอนโดมิเนียม
2329,condo,พลัส คอนโดมิเนียม หาดใหญ่ 1
2330,condo,พลัส คอนโดมิเนียม หาดใหญ่ 2
2331,condo,พลัส อยุธยา พาร์ค
2332,condo,พลัส อยุธยา พาร์ค อยุธยา พาร์ค
2333,condo,พหลเมโทร คอนโดมิเนียม
2334,condo,พหลเมทโทร คอนโดมิเนียม
2335,condo,พหลโยธิน เพลส
2336,condo,พอร์ชแลนด์ 2 จอมเทียน รีสอร์ท คอนโดมิเนียม บี
2337,condo,พัทยา แพด คอนโดมิเนียม
2338,condo,พัทยา คอนโดเทล เชน
2339,condo,พัทยา ซิตี้ รีสอร์ท
2340,condo,พัทยา ฮิลล์ รีสอร์ท
2341,condo,พัทยาไฮท์ คอนโดมิเนียม
2342,condo,พัทยากลาง เซ็นเตอร์พ้อยท์ คอนโดมิเนียม
2343,condo,พัทยากลางเซ็นเตอร์พ้อยท์ คอนโดมิเนียม
2344,condo,พัทยาคอนโดเทลเชน
2345,condo,พัทยาซิตี้รีสอร์ท
2346,condo,พัทยาบีชคอนโด (1988)
2347,condo,พัทยาพลาซ่า คอนโดเทล 1
2348,condo,พัทยาฮิลล์ รีสอร์ท
2349,condo,พันดาวเพลส สุขุมวิท 50
2350,condo,พาร์ค เลน จอมเทียน เรสซิเด้นท์
2351,condo,พาร์ค เอ็กโซ
2352,condo,พาร์ค พาวิลเลี่ยน
2353,condo,พาร์ค สิริ
2354,condo,พาร์คเลน จอมเทียน เรสซิเด้นท์
2355,condo,พาร์คเอ็กโซ
2356,condo,พาราไดซ์ คอนโดมิเนียม
2357,condo,พิงผา คอนโด
2358,condo,พิงผา คอนโดมิเนียม
2359,condo,พิชัย คอนโดมิเนียม
2360,condo,พิชัยคอนโดมิเนียม
2361,condo,พิบูลย์คอนโดทาวน์
2362,condo,พิบูลวัฒนา
2363,condo,พิพัฒน์ เพลส
2364,condo,พี.เอ็ม.วาย บีชคอนโดมิเนียม
2365,condo,พี.จี.พระราม 9 คอนโดมิเนียม
2366,condo,พี.จี.พระราม 9 คอนโดมิเนียม อาคาร บี
2367,condo,พีคส์ การ์เด้น
2368,condo,พีคส์การ์เด้น
2369,condo,พีที ทาวเวอร์
2370,condo,ฟลอราวิลล์
2371,condo,ฟลอร่าวิลล์
2372,condo,ฟลอราวิลล์ 2
2373,condo,ฟองคลื่น
2374,condo,ฟอร์โมซ่า ลาดพร้าว 7
2375,condo,ฟอร์จูน คอนโดทาวน์ 2
2376,condo,ฟอร์จูนคอนโดทาวน์ 1
2377,condo,ฟอร์จูนคอนโดทาวน์ 2
2378,condo,ฟอร์จูนทาวน์ 1
2379,condo,ฟอรั่ม ทาวเวอร์
2380,condo,ฟ้าโดม คอนโดมิเนียม
2381,condo,ฟิวส์ โมเบียส
2382,condo,ฟิวส์ จันทน์ - สาทร
2383,condo,ฟิวส์ มิติ สุทธิสาร-รัชดา
2384,condo,ฟีล คอนโด ลาดพร้าว 122
2385,condo,ฟีล พหล 34
2386,condo,มอนเทอเรย์ เพลซ
2387,condo,มาเจสติกทาวเวอร์
2388,condo,มานนท์ เพลส
2389,condo,มายคอนโด ลาดพร้าว 27
2390,condo,มายรีสอร์ท บางกอก
2391,condo,มายสตอรี่ ลาดพร้าว 71
2392,condo,มาร์เบิ้ลเพลส อาคารชุด 1
2393,condo,มาร์เวสท์ หัวหิน
2394,condo,มาร์ค สุขุมวิท
2395,condo,มารีน่า เบย์ฟร้อนท์ ศรีราชา
2396,condo,มารีน่า เบย์ฟร้อนท์ ศรีราชา คอนโดมิเนียม
2397,condo,มาลิบู เขาเต่า
2398,condo,มาลิบู เขาเต่า บริษัท เพอร์เฟค พร็อพเพอร์ตี้
2399,condo,มิคโคนอส หัวหิน
2400,condo,มิราจ สุขุมวิท คอนโดมิเนียม
2401,condo,มิลเลนเนียม เรสซิเดนท์
2402,condo,มิวนีค สุขุมวิท
2403,condo,มีสไตล์ (สุขุมวิท-บางนา)
2404,condo,มีสุวรรณ ทาวเวอร์
2405,condo,มูนทาวเวอร์ คอนโดมิเนียม
2406,condo,ยูโรคลาสสิค คอนโดนิเนียม
2407,condo,ยูโรคลาสสิค คอนโดมิเนียม
2408,condo,ยูคอนโด แอดแยกเกษตร
2409,condo,ยูคอนโดแอดแยกเกษต
2410,condo,ยูคอนโดแอดแยกเกษตร
2411,condo,ยูนิโอ พระราม 2 ท่าข้าม
2412,condo,ยูนิกก้า
2413,condo,ร่มโพธิ์คอนโดมิเนียม
2414,condo,รมณียา คอนโดทาวน์
2415,condo,รวมโชคคอนโดวิว 2
2416,condo,ร่วมใจไฮท์
2417,condo,รอแยลทาวเวอร์ 3
2418,condo,ร็อคโค่ คอนโดมิเนียม อ่าวนาง
2419,condo,ร๊อยซ์ ไพรเวท เรซิเดนซิซ
2420,condo,รอยัล เรสซิเด้นซ์ 1
2421,condo,รอยัล ริเวอร์ เพลส
2422,condo,รังษิยา มหาชัย คอนโด
2423,condo,รังสิยา มหาชัย คอนโดโฮม อาคาร บี
2424,condo,รังสิยามหาชัย คอนโดโฮม อาคาร บี
2425,condo,รัชดา ซิตี้ 18 (2)
2426,condo,รัชดาเพรสทีจ
2427,condo,รัชดาซิตี้ 18 (2)
2428,condo,รัชดาซิตี้ 18 (3)
2429,condo,รัชดาพาวิเลี่ยน
2430,condo,รัชดาพาวิลเลี่ยน
2431,condo,รัชอาภาทาวเวอร์ คอนโดมิเนียม
2432,condo,รัตนโกสินทร์ ไอส์แลนด์ คอนโดมิเนียม
2433,condo,รัตนาธิเบศร์ หนึ่งคอนโดมิเนียม
2434,condo,รัตนาธิเบศร์แมนชั่น
2435,condo,ราชเทวี ทาวเวอร์
2436,condo,ราชเทวีทาวเวอร์
2437,condo,ราชวิถี ซิตี้ รีสอร์ท
2438,condo,ริเวนเดลล์ เอสเตรญ่า คอนโดมิเนียม
2439,condo,ริเวนเดลล์ แอปโซลูท คอนโดมิเนียม
2440,condo,ริเวนเดลล์ กรีนวิว คอนโดมิเนียม
2441,condo,ริเวนเดลล์ พาร์ควิว คอนโดมิเนียม
2442,condo,ริเวนเดลล์ รีเจ้นท์ คอนโดมิเนีย
2443,condo,ริเวนเดลล์ รีเจ้นท์ คอนโดมิเนียม
2444,condo,ริเวนดลล์ เอสเตรญ่า คอนโดมิเนียม
2445,condo,ริเวอร์ เฮเว่น
2446,condo,ริเวอร์ไซด์ เทาว์เวอร์ 1
2447,condo,ริเวอร์ไซด์เทาว์เวอร์ 1
2448,condo,ริเวอร์ไซด์เทาว์เวอร์ 2
2449,condo,ริเวอร์ไรน์เพลส 4
2450,condo,ริชพาร์ค @บางช่อน
2451,condo,ริชพาร์ค@บางช่อน
2452,condo,ริทึ่ม สุขุมวิท 50
2453,condo,ริธึ่ม รัชดา-ห้วยขวาง
2454,condo,ริธึ่ม สุขุมวิท 50
2455,condo,ริธึ่ม อโศก
2456,condo,ริธึ่มพหล อารีย์
2457,condo,รินรดา ริเวอร์ไซด์
2458,condo,รินรดาริเวอร์ไซด์
2459,condo,รีเจ้นท์ โฮม 18
2460,condo,รีเจ้นท์ โฮม 4
2461,condo,รีเจ้นท์ โฮม บางซ่อน เฟส 27
2462,condo,รีเจ้นท์ รัชดา ทาวเวอร์
2463,condo,รีเจ้นท์ ออคิด คอนโด
2464,condo,รีเจนท์ ออคิท คอนโด
2465,condo,รีเจ้นท์ ออน เดอะ ปาร์ค 1
2466,condo,รีเจนท์ ออน เดอะ ปาร์ค 3
2467,condo,รีเจ้นท์ ออร์คิดส์ ตลาดพลู
2468,condo,รีเจ้นท์โฮม 1
2469,condo,รีเจ้นท์โฮม 12
2470,condo,รีเจ้นท์โฮม 13
2471,condo,รีเจ้นท์โฮม 14
2472,condo,รีเจ้นท์โฮม 15
2473,condo,รีเจ้นท์โฮม 18
2474,condo,รีเจ้นท์โฮม 19
2475,condo,รีเจ้นท์โฮม 20
2476,condo,รีเจ้นท์โฮม 22
2477,condo,รีเจ้นท์โฮม 4
2478,condo,รีเจ้นท์โฮม 5
2479,condo,รีเจ้นท์โฮม 6/1
2480,condo,รีเจ้นท์โฮม 6/2
2481,condo,รีเจ้นท์โฮม 7/1
2482,condo,รีเจ้นท์โฮม 7/1 อาคาร D
2483,condo,รีเจ้นท์โฮม 7/2
2484,condo,รีเจ้นท์โฮม 8
2485,condo,รีเจ้นท์โฮม ติวานนท์
2486,condo,รีเจ้นท์โฮม สุขุมวิท 81
2487,condo,รีเจ้นท์โฮม สุขุมวิท 97/1
2488,condo,รีเจ้นท์รัชดา ทาวเวอร์
2489,condo,รีเฟล็คชั่น จอมเทียน บีช พัทยา
2490,condo,รีช พหลโยธิน 52
2491,condo,รุ้งเพชร คอนโดมิเนียม
2492,condo,รุ้งเพชรคอนโดมิเนียม
2493,condo,รูเนะสุ ทองหล่อ 5
2494,condo,ละติจูด คอนโด 1
2495,condo,ละติจูด คอนโด 2
2496,condo,ละติจูดคอนโด 1 และ 2
2497,condo,ลัดดา คอนโดวิว
2498,condo,ลัดดา พลัส คอนโดมิเนียม
2499,condo,ลัดดาเพลส ศรีราชา คอนโด เอ
2500,condo,ลา รอยัล บีช
2501,condo,ลา วี ออง โรส เพลส
2502,condo,ลาเมซอง 22
2503,condo,ลาเมซอง พหลโยธิน 24
2504,condo,ลากูน่า บีช รีสอร์ท จอมเทียน
2505,condo,ลากูน่า บีช รีสอร์ท จอมเทียน 1
2506,condo,ลากูน่า บีช รีสอร์ท จอมเทียน 2
2507,condo,ลาวีค สุขุมวิท 57
2508,condo,ลาสโคลินาส
2509,condo,ลิเบอร์ตี้พาร์ค 2
2510,condo,ลิปป์ รามคำแหง 43/1
2511,condo,ลิฟ แอท นิมมาน
2512,condo,ลิฟ แอท ฟอร์ตี้นาย
2513,condo,ลิฟแอทไฟท์
2514,condo,ลิฟวิ่ง เพลส
2515,condo,ลิฟวิ่งเนสท์ รามคำแหง
2516,condo,ลิฟวิ่งเพลส ลาดพร้าว 140
2517,condo,ลิฟวิ่งเพลส ศูนย์วิจัย 2
2518,condo,ลุมพินี เซ็นเตอร์ นวมินทร์
2519,condo,วงศ์อมาตย์ไปรเวซี่ คอนโดมิเนียม
2520,condo,วงศ์อำมาตย์ การ์เด้นบีช รีสอร์ท คอนโดมิเนียม
2521,condo,วอเตอร์เกท พาวิลเลี่ยน
2522,condo,วอเตอร์มาร์ค เจ้าพระยา ริเวอร์
2523,condo,วิช แอท สยาม และ วิช แอท สยาม
2524,condo,วิช แอท สยาม และ วิช แอท สยาม อาคารบี
2525,condo,วิช แอท สยาม อาคาร บี
2526,condo,วิช แอท สามย่าน
2527,condo,วิช ซิกเนเจอร์ มิดทาวน์ สยาม
2528,condo,วิชแอทสยาม
2529,condo,วิชแอทสยาม อาคาร บี
2530,condo,วินด์ รัชโยธิน
2531,condo,วินด์ สุขุมวิท 23
2532,condo,วินด์เชลล์ นราธิวาส
2533,condo,วิภาวิวส์แมนชั่น 2
2534,condo,วิลเชอร์ คอนโดมิเนียม
2535,condo,วิลล่า ราชเทวี
2536,condo,วิลล่า ราชครู
2537,condo,วิลล่า ลาซาล สุขุมวิท 105
2538,condo,วิลล่า สิกขรา คอนโดมิเนียม
2539,condo,วิลล่า อโศก
2540,condo,วิลลาร์ นอร์เวย์ เรสซิเดนซ์ 1
2541,condo,วิว ทาวเวอร์
2542,condo,วิวทะเล เรสซิเด้นซ์ 6 คอนโดมิเนียม
2543,condo,วิวทะเล เรสซิเดนซ์ คอนโดมิเนียม 4
2544,condo,วิวทะเลจอมเทียน คอนโดมิเนียม
2545,condo,วิวทะเลจอมเทียน คอนโดมิเนียม (1999) อาคารเอ
2546,condo,วิวทะเลจอมเทียนคอนโดมิเนียม โครงการ 1
2547,condo,วิสเปอร์ริ่งปาล์มสวีท
2548,condo,วิสต้า การ์เด้นท์
2549,condo,วี คอนโด เฟส เอ
2550,condo,วี คอนโด แจ้งวัฒนะ
2551,condo,วีรันดา เรสซิเด้นซ์ หัวหิน
2552,condo,วีสเปซ คอนโด
2553,condo,ศรีเจริญ คอนโดทาวน์
2554,condo,ศรีธนาคอนโดมิเนียม 2
2555,condo,ศรีนครินทร์ เพลซ คอนโดมิเนียม
2556,condo,ศรีราชา คอนโดวิว
2557,condo,ศรีวรา แมนชั่น 1
2558,condo,ศรีวราแมนชั่น 1
2559,condo,ศรีสุโขทัย คอนโดมิเนียม
2560,condo,ศรีสุโขทัยคอนโดมิเนียม
2561,condo,ศิรินเรสซิเดนซ์ คอนโด
2562,condo,ศุภวรรณ อาคารอี
2563,condo,ศุภาลัย เพลส
2564,condo,ศุภาลัย เวลลิงตัน
2565,condo,ศุภาลัย เวลลิงตัน 2
2566,condo,ศุภาลัย เวอเรนด้า พระราม 9
2567,condo,ศุภาลัย เวอเรนด้า รัชวิภา - ประชาชื่น
2568,condo,ศุภาลัย เวอเรนด้า รัชวิภา-ประชาชื่น
2569,condo,ศุภาลัย เวอเรนด้า รัตนาธิเบศร์
2570,condo,ศุภาลัย เวอเรนด้า สถานีภาษีเจริญ
2571,condo,ศุภาลัย เอลีท พญาไท
2572,condo,ศุภาลัย เอลีท สรุวงศ์
2573,condo,ศุภาลัย เอลีท สาทร-สวนพลู
2574,condo,ศุภาลัย แยกติวานนท์
2575,condo,ศุภาลัย โอเรียนทัล เพลส
2576,condo,ศุภาลัย โอเรียนทัล สุขุมวิท 39
2577,condo,ศุภาลัย ไพร์ม พระราม 9
2578,condo,ศุภาลัย ไลท์ ท่าพระ-วงเวียนใหญ่
2579,condo,ศุภาลัย ไลท์ รัชดาฯ-นราธิวาส-สาทร
2580,condo,ศุภาลัย ไลท์ สาทร-เจริญราษฎร์
2581,condo,ศุภาลัย ไอคอน สาทร
2582,condo,ศุภาลัย คาซาริวา
2583,condo,ศุภาลัย คิวท์ รัชโยธิน - พหลโยธิน 34
2584,condo,ศุภาลัย ซิตี้ รีสอร์ท
2585,condo,ศุภาลัย ซิตี้ รีสอร์ท แจ้งวัฒนะ
2586,condo,ศุภาลัย ซิตี้ รีสอร์ท จรัญฯ 91
2587,condo,ศุภาลัย ซิตี้ รีสอร์ท ชลบุรี
2588,condo,ศุภาลัย ซิตี้ รีสอร์ท พระราม 8
2589,condo,ศุภาลัย ซิตี้ รีสอร์ท ระยอง
2590,condo,ศุภาลัย ซิตี้ รีสอร์ท รัชโยธิน- พหลโยธิน 32
2591,condo,ศุภาลัย ซิตี้ รีสอร์ท รัชโยธิน-พหลโยธิน 32
2592,condo,ศุภาลัย ซิตี้ รีสอร์ท รามคำแหง
2593,condo,ศุภาลัย ซิตี้ รีสอร์ท สถานีแบริ่ง
2594,condo,ศุภาลัย ซิตี้ รีสอร์ท สถานีพระนั่งเกล้า-เจ้าพระย
2595,condo,ศุภาลัย ซิตี้ รีสอร์ท สถานีพระนั่งเกล้า-เจ้าพระยา
2596,condo,ศุภาลัย ซิตี้ รีสอร์ท สุขุมวิท 107
2597,condo,ศุภาลัย ซิตี้รีสอร์ท
2598,condo,ศุภาลัย ซิตี้รีสอร์ท รามคำแหง
2599,condo,ศุภาลัย ซิตี้ั รีสอร์ท
2600,condo,ศุภาลัย ปาร์ค @ ดาวน์ทาวน์ ภูเก็ต
2601,condo,ศุภาลัย ปาร์ค @ ภูเก็ต ซิตี้
2602,condo,ศุภาลัย ปาร์ค 2
2603,condo,ศุภาลัย ปาร์ค 3
2604,condo,ศุภาลัย ปาร์ค แคราย - งามวงศ์วาน
2605,condo,ศุภาลัย ปาร์ค แคราย-งามวงศ์วาน
2606,condo,ศุภาลัย ปาร์ค แยกเกษตร
2607,condo,ศุภาลัย ปาร์ค แยกติวานนท์
2608,condo,ศุภาลัย ปาร์ค รัชโยธิน
2609,condo,ศุภาลัย ปาร์ค ราชพฤกษ์ - เพชรเกษม
2610,condo,ศุภาลัย ปาร์ค ศรีนครินทร์
2611,condo,ศุภาลัย ปาร์ค สถานีแยกไฟฉาย
2612,condo,ศุภาลัย ปาร์ค สถานีตลาดพลู
2613,condo,ศุภาลัย ปาร์ค อโศก-รัชดา
2614,condo,ศุภาลัย พรีเมียร์ เจริญนคร
2615,condo,ศุภาลัย พรีเมียร์ รัชดา-นราธิวาส-สาทร
2616,condo,ศุภาลัย พรีเมียร์ ราชเทวี
2617,condo,ศุภาลัย พรีเมียร์ อโศก
2618,condo,ศุภาลัย พรีมา ริวา
2619,condo,ศุภาลัย มอนเต้ 2
2620,condo,ศุภาลัย มอนเต้ แอท เวียงเชียงใหม่
2621,condo,ศุภาลัย มาเรย์ @ พัทยา
2622,condo,ศุภาลัย มาเรย์@พัทยา
2623,condo,ศุภาลัย รัชดา-นราธิวาส-สาทร
2624,condo,ศุภาลัย ริเวอร์ เพลส
2625,condo,ศุภาลัย ริเวอร์ รีสอร์ท
2626,condo,ศุภาลัย ริวา แกรนด์
2627,condo,ศุภาลัย ลอฟท์ แจ้งวัฒนะ
2628,condo,ศุภาลัย ลอฟท์ ประชาธิปก - วงเวียนใหญ่
2629,condo,ศุภาลัย ลอฟท์ สถานีแคราย
2630,condo,ศุภาลัย ลอฟท์ สถานีแยกไฟฉาย
2631,condo,ศุภาลัย ลอฟท์ สถานีตลาดพลู
2632,condo,ศุภาลัย ลากูน คอนโด
2633,condo,ศุภาลัย วิสต้า แยกติวานนท์
2634,condo,ศุภาลัย วิสต้า แอท ห้าแยกปากเกร็ด
2635,condo,ศุภาลัย วิสต้า ภูเก็ต
2636,condo,ศุภาลัย ศุภาลัย ปาร์ค แคราย-งามวงศ์วาน
2637,condo,ศุภาลัยซิตี้รีสอร์ท
2638,condo,ศุภาลัยปาร์ค เอกมัย-ทองหล่อ
2639,condo,ศุภาลัยพรีเมียร์เพลส
2640,condo,ศุภาลัยวิสต้า ศรีราชา- แยกท่าเรือแหลมฉบัง
2641,condo,ศุภาลัยวิสต้า ศรีราชา-แยกท่าเรือ แหลมฉบัง
2642,condo,ศุภาลัยวิสต้า ศรีราชา-แยกท่าเรือแหลมฉบัง
2643,condo,สกายแลนด์ คอนโดมิเนียม
2644,condo,สกายแลนด์คอนโดมิเนียม
2645,condo,สกายบีช คอนโดมิเนียม
2646,condo,สกุลไทย สุรวงศ์ ทาวเวอร์
2647,condo,สตาร์วิว
2648,condo,สปริงฟิลด์ บีช คอนโดมิเนียม
2649,condo,สมคิด การ์เดนส์ คอนโดมิเนียม
2650,condo,สมพงษ์คอนโดเทล 1
2651,condo,สมพงษ์คอนโดเทล 2
2652,condo,สมาร์ท คอนโด วัชรพล
2653,condo,สมาร์ท คอนโด อ่อนนุช อาคาร เค
2654,condo,สมาร์ท คอนโด อ่อนนุช อาคาร เจ
2655,condo,สมาร์ท คอนโด อ่อนนุช อาคาร เอ
2656,condo,สมาร์ท คอนโด อ่อนนุช อาคาร เอช
2657,condo,สมาร์ท คอนโด อ่อนนุช อาคาร เอฟ
2658,condo,สมาร์ท คอนโด อ่อนนุช อาคาร ไอ
2659,condo,สมาร์ท คอนโด อ่อนนุช อาคาร จี
2660,condo,สมาร์ท คอนโด อ่อนนุช อาคาร ซี
2661,condo,สมาร์ท คอนโด อ่อนนุช อาคาร ดี
2662,condo,สมาร์ท คอนโด อ่อนนุช อาคาร บี
2663,condo,สมาร์ท คอนโด อ่อนนุช อาคาร อี
2664,condo,สมาร์ทคอนโด พระราม 2
2665,condo,สมาร์ทคอนโด วัชรพล
2666,condo,สยามโอเชียนวิว
2667,condo,สยามคอนโดมิเนียม
2668,condo,สราญชลพัทยา คอนโดมิเนีย
2669,condo,สราญชลพัทยา คอนโดมิเนียม
2670,condo,สวอนเลค นิติ 2
2671,condo,สวอนเลค นิติ 3
2672,condo,สวอนเลค นิติ 4
2673,condo,สวอนเลค นิติ 5
2674,condo,สวอนเลคนิติ 1
2675,condo,สวิฟท์ คอนโด เอฟ
2676,condo,สัมมากร คอนโดมิเนียม
2677,condo,สาทร เฮอริเทจ เรสซิเดนเซส
2678,condo,สาทรเรสซิเด้นซ์
2679,condo,สาธร เพลส
2680,condo,สาธร การ์เด้น
2681,condo,สายลม คอนโดเทล
2682,condo,สายลมคอนโดเทล
2683,condo,สายลมคอนโดมิเนียม
2684,condo,สายลมสวีท
2685,condo,สำนักงานบ้านเอื้ออาทร หนองหอย 2
2686,condo,สำนักงานบ้านเอื้ออาทรร่มเกล้า 4
2687,condo,สำนักงานบ้านเอื้ออาทรหนองหอย 2
2688,condo,สำนักงานอาคารแฟลตโครงการเอื้ออาทร สวนพลูพัฒนา
2689,condo,สำนักงานอาคารแฟลตโครงการเอื้ออาทรสวนพลูพัฒนา
2690,condo,สินเพชรคอนโดทาวน์
2691,condo,สินเศรษฐีเรซิเดนซ์ ทาวน์ 3
2692,condo,สินทวีคอนโด A B D E
2693,condo,สินทวีคอนโด ดี
2694,condo,สินธานี เรสซิเด้นท์ ทาวเวอร์
2695,condo,สินสาธร ทาวเวอร์
2696,condo,สิริเมโทร รัชดา-วิภาวดี
2697,condo,สีลม เทอเรส
2698,condo,สีลม พาร์ค วิว
2699,condo,สีลมคอนโดมิเนียม
2700,condo,สีลมสวีท
2701,condo,สุขใจการ์เดน
2702,condo,สุขสวัสดิ์ โมเดิร์น คอนโดวิว
2703,condo,สุขาภิบาล 3 แมนชั่น
2704,condo,สุขุมวิท ซิตี้ รีสอร์ท
2705,condo,สุขุมวิท ปาร์ค
2706,condo,สุขุมวิท ลิฟวิ่ง ทาวน์
2707,condo,สุขุมวิท สวีท
2708,condo,สุขุมวิทซิตี้รีสอร์ท
2709,condo,สุขุมวิทปาร์ค
2710,condo,สุพรีมคอนโดราชวิถี 3
2711,condo,สุรวงศ์ ซิตี้ รีสอร์ท
2712,condo,สุรวงษวัฒนาคาร
2713,condo,สุรวงษ์วัฒนาคาร
2714,condo,สุวรรณนคร คอนโด
2715,condo,หนึ่ง คอนโดมิเนียม
2716,condo,หนึ่งคอนโดมิเนียม
2717,condo,หาดใหญ่ คันทรีโฮม
2718,condo,หาดใหญ่ คันทรี่โฮม
2719,condo,อดามาส หัวหิน คอนโดมิเนียม
2720,condo,อมร วิลเลจ เพลส
2721,condo,อมรันทา เรสซิเด้นซ์
2722,condo,อมันตา- รัชดา
2723,condo,อมันตา ลุมพินี
2724,condo,อมันตา-รัชดา
2725,condo,อมารี เรสซิเด้นเซส พัทยา
2726,condo,อยู่รวย คอนโด
2727,condo,อยู่รวยคอนโด
2728,condo,ออโรร่า คอนโดมิเนียม
2729,condo,ออกัส
2730,condo,อ่อนนุชเพลส
2731,condo,ออนป้าทาวเวอร์
2732,condo,ออมนิคอมเพล็กซ์
2733,condo,ออริจินส์ พระราม 2
2734,condo,อะเมซอน เรสซิเด้นซ์
2735,condo,อะพลูคอนโด
2736,condo,อะพูล คอนโด
2737,condo,อันนา คอนโด ๑
2738,condo,อันนา คอนโด ๒
2739,condo,อันนา คอนโด ๓
2740,condo,อันนา คอนโด ๔
2741,condo,อัลติจูด สามย่าน-สีลม
2742,condo,อัสสกาญจน์ ซิตี้ เฟส เวล่า 2 รามคำแหง
2743,condo,อัสสกาญจน์ ซิตี้ เฟสซี อาคาร ซี14-ซี21
2744,condo,อัสสกาญจน์ ซิตี้ เฟสซี อาคาร ซี5-ซี12
2745,condo,อัสสกาญจน์ ซิตี้ เฟสบี อาคาร B4
2746,condo,อัสสกาญจน์ ซิตี้ เฟสบี อาคาร บี4
2747,condo,อัสสกาญจน์ ซิตี้ อาคาร ซี14-ซี2
2748,condo,อัสสกาญจน์เพลส โครงการลาดพร้าว
2749,condo,อัสสกาญจน์เพลส ศรีนครินทร์
2750,condo,อัสสกาญจน์ซิตี้ เวล่า รามคำแหง
2751,condo,อาเซี่ยน ซิตี้ รีสอร์ท
2752,condo,อาเซี่ยนทาวเวอร์
2753,condo,อาคารชุดพักอาศัย มหาวิทยาลัยมหิดล ณ ศาลายา
2754,condo,อาคารสวางคนิเวศ สภากาชาดไทย
2755,condo,อาร์ ซี เค ทาวเวอร์
2756,condo,อาร์เอส ทาวเวอร์
2757,condo,อาร์ติซาน รัชดา
2758,condo,อาร์ทิมิส กรุงเทพ
2759,condo,อาสตร้าคอนโด
2760,condo,อาสะ อยุธยา - โรจนะ
2761,condo,อำนวยรักษ์คอนโดมิเนียม
2762,condo,อินเตอร์ ลักส์ พรีเมียร์ สุขุมวิท 13
2763,condo,อินโทร คอนโดมิเนียม
2764,condo,อินชิโอ้
2765,condo,อินซิโอ้
2766,condo,อินทราวิว คอนโดทาวน์
2767,condo,อินสไปร์ เพลส พระราม 9
2768,condo,อิลีเม้นท์ ศรีนครินทร์ 1-2
2769,condo,อิลีเม้นท์ ศรีนครินทร์ 3
2770,condo,อิลีเม้นท์ ศรีนครินทร์ 3 เอ สเปซ อโศก-รัชดา
2771,condo,อิลีเม้นท์ ศรีนครินทร์ 4-5
2772,condo,อิลีเม้นท์ ศรีนครินทร์ 6-7
2773,condo,อิสธานัน คอนโด 1
2774,condo,อีควิน็อคซ์ พหล-วิภา
2775,condo,อีลิท ศาลายา
2776,condo,อีส ทาวเวอร์
2777,condo,อีส พระราม 2
2778,condo,ฮอลล์มาร์ค แจ้งวัฒนะ
2779,condo,ฮอลล์มาร์ค งามวงศ์วาน
2780,condo,ฮัมเบิลลีฟวิ่ง แอด ศุภฤกษ์
2781,condo,ฮาเว่น ลุคซ์
2782,condo,ฮาร์โมนี ลิฟวิ่ง พหลโยธิน 11 อาคาร 1 และ 2
2783,condo,ฮิลล์ไซด์ พลาซ่า แอนด์ คอนโดเทล 4
2784,condo,ฮิลล์ไซด์ พายัพ คอนโดมิเนียม 8
2785,condo,ฮิลล์ไซด์ พายัพ คอนโดมิเนียม 9
2786,condo,ฮิลล์ไซด์พลาซ่า แอนด์ คอนโดเทล 4
2787,condo,ฮิลล์ไซด์พายัพ คอนโดมิเนียม 7
2788,condo,ฮิลล์ไซด์พายัพคอนโดมิเนียม 7
2789,condo,ฮิว สุขุมวิท
2790,condo,เซ็นทารา อเวนิว เรสซิเดนซ์
2791,condo,เซ็นทารา อเวนิว เรสซิเดนซ์ แอนด์ สวีท พัทยา
2792,condo,ควินน์ สุขุมวิท 101
2793,condo,เดอะ เบลกราเวีย รัชดา-ลาดพร้าว 15
2794,condo,เดอะ เบลกลาเวีย รัชดา-ลาดพร้าว 15
2795,condo,นิรันดร์เรซิเดนซ์ 2
2796,condo,เดอะมาร์คแลนด์คอนโดทาวน์
2797,condo,แอ๊บสแตร็กส์ สุขุมวิท 66/1 เดอะมูน
2798,condo,จอมเทียนคอมเพลกซ์คอนโดเทล
2799,condo,ดับบลิว พี เซ็นทรัล คอนโดมิเนียม
2800,condo,บางแสนรอยัลบีชคอนโดมิเนียม
2801,condo,วิวทะเลจอมเทียนคอนโดมิเนียม
2802,village,บ้านพฤกษา ๑๒๖ เทพารักษ์ -กิ่งแก้ว
2803,village,วรารักษ์-โรจนะ
2804,village,หมู่บ้านมารวย ฉะเชิงเทรา
2805,village,MMC
2806,village,THE RUX รามอินทรา- หทัยราษฎร์
2807,village,เกตุนุติ เชอมีเน่
2808,village,เกตุนุติการ์เด้น
2809,village,เจ ทาวน์ สุขุมวิท-แพรกษา
2810,village,เชียงใหม่กรีนวันเล่
2811,village,เซนมูระ ศรีนครินทร์ บางนา
2812,village,เดลี่ บาย อารียา
2813,village,เดอะ เซนโทร สุขุมวิท 113
2814,village,เดอะ เทอเรซ รามอินทรา
2815,village,เดอะ เมทโทร รัตนาธิเบศร์
2816,village,เดอะ แพลนท์ เพรส ทีจ - แจ้งวัฒนะ
2817,village,เดอะ คอนเนค 12 เอ
2818,village,เดอะ คอนเนค 12A
2819,village,เดอะ คอนเนค 3
2820,village,เดอะ คัลเลอร์ พรีเมี่ยม เกษตร-นวมินทร์
2821,village,เดอะ คัลเลอร์ส บางนา-วงแหวนฯ 2
2822,village,เดอะ คัลเลิร์ส เลชเชอร์ บางนา กม. 10
2823,village,เดอะ พลีโน่ สุขสวัสดิ์ 30
2824,village,เดอะ ฟิวชั่น
2825,village,เดอะเทอเรซ พระราม 2
2826,village,เดอะเทอเรซ พระราม2
2827,village,เดอะเบลส
2828,village,เดอะแกรนด์ พระรามสอง คอร์ทยาร์ด
2829,village,เดอะแกรนด์ วงแหวน-ประชาอุทิศ
2830,village,เดอะแพลนท์ บางแค (ภัสสร 30)
2831,village,เดอะแพลนท์ บางนา
2832,village,เดอะแพลนท์ พระราม 9 - วงแหวน
2833,village,เดอะแพลนท์ พัฒนาการ 38
2834,village,เดอะคลัสเตอร์ วิลล์ ราชพฤกษ์-สิรินธร
2835,village,เดอะคอนเนค 1 กิ่งแก้ว-สุวรรณภูมิ
2836,village,เดอะคอนเนค 10
2837,village,เดอะคอนเนค 15
2838,village,เดอะคอนเนค 32
2839,village,เดอะคัลเลอร์ เกษตร 1
2840,village,เดอะคัลเลอร์ส เลชเชอร์ บางนา กม.8
2841,village,เดอะคัลเลอร์ส กาญจนาภิเษก-ราชพฤกษ์ 2
2842,village,เดอะคัลเลอร์ส พรีเมี่ยม วงแหวน-รามอินทรา
2843,village,เดอะคัลเลอร์ส รังสิต-คลอง 4
2844,village,เดอะคัลเลอร์ส วงแหวน-รามอินทรา
2845,village,เดอะทรัสต์ ทาวน์ ราชพฤกษ์-รัตนาธิเบศน์
2846,village,เดอะทรัสต์ ทาวน์ วงแหวน-ลำลูกกา
2847,village,เดอะทรัสต์ ทาวน์ ศรีนครินทร์-แพรกษา 
2848,village,เดอะนอร์ธเทิร์นไพร์ม
2849,village,เดอะบูเลอวาร์ด ศรีราชา
2850,village,เดอะริคโค้ เรสซิเดนท์ วงแหวน-หทัยราษฏร์
2851,village,เดอะริคโค้ทาวน์ พหลโยธิน-สายไหม
2852,village,เดอะลากูน
2853,village,เดอะวิลเลจ บางนา-วงแหวน
2854,village,เดอะวิลเลจ บางนา-วงแหวนฯ
2855,village,เดอะวิลล่า รามคำแหง สุวรรณภูมิ
2856,village,เดอะึคัลเลอร์ส บางนา-วงแหวน
2857,village,เต็มสิริ วิลเลจ
2858,village,เทรนดี้ ธารา พระราม 2
2859,village,เธียรี่ พระราม 2
2860,village,เนเบอร์โฮม
2861,village,เนอวานา พาร์ค สุขุมวิท77
2862,village,เบล็สทาวน์ ศรีนครินทร์ - หนามแดง
2863,village,เปี่ยมภิรมย์ รีสอร์ท
2864,village,เปี่ยมสุข เอสเกต กรุงเทพ - ปทุมธานี
2865,village,เพชร วงแหวน
2866,village,เพชรเกษม 3
2867,village,เพชรวงแหวน
2868,village,เพอร์เฟค เพลส (๑) รัตนาธิเบศร์-ราชพฤกษ์
2869,village,เพอร์เฟค เพลส 3 รัตนาธิเบศร์
2870,village,เพอร์เฟค เพลส พระราม 5 - ราชพฤกษ์
2871,village,เพอร์เฟค เพลส รัตนาธิเบศร์
2872,village,เพอร์เฟค เพลส ราชพฤกษ์ เฟส 1
2873,village,เพอร์เฟค เพลส วงแหวน-รามคำแหง
2874,village,เพอร์เฟค เพลส วงแหวน-รามคำแหง (2)
2875,village,เพอร์เฟค พาร์ค ราชพฤกษ์
2876,village,เพอร์เฟค พาร์ค สุวรรณภูมิ
2877,village,เพอร์เฟคเพลส รัตนาธิเบศร์
2878,village,เพอร์เฟคเพลส รามคําแหง เดอะเลคโซน
2879,village,เมืองเอก โครงการ 4
2880,village,เรือนภิษา
2881,village,เวอรีเดียน ราชพฤกษ์
2882,village,เศรณี สรงประภา ดอนเมือง
2883,village,เศรณีสรงประภา
2884,village,เศรษฐสิริ ประชาชื่น เรสซิเด้นท์ 1
2885,village,เศรษฐสิริ ราชพฤกษ์ - จรัญฯ
2886,village,เศรษฐสิริ ราชพฤกษ์ จรัญฯ 2
2887,village,เศรษฐสิริ วงแหวน- สุขาภิบาล 2
2888,village,เศรษฐสิริ วงแหวน-สุขาภิบาล 2
2889,village,เศรษฐสิริชัยพฤกษ์ - แจ้งวัฒนะ
2890,village,เสนา พาร์ค วิลล์
2891,village,เสนาแกรนด์โฮม รังสิต
2892,village,เอ็มเมอรัลด์ รีสอร์ท
2893,village,เอส.พี.ทาวโฮม จอมเทียน
2894,village,เอสต้าโฮม ไพรเวทพาร์ค
2895,village,เออบาโน รามคำแหง 94
2896,village,เฮ้าส์ เดอะ ฮัมบูร์ก
2897,village,แกรนด์ โมนาโค
2898,village,แกรนด์ โมนาโค เฟส 1
2899,village,แกรนด์ คอนโดเทล พัทยา
2900,village,แกรนด์ บางกอก บูเลอวาร์ด รัชดา-รามอินทรา
2901,village,แกรนด์ บางกอกบูเลอวาร์ด พระราม 9 - ศรีนครินทร์
2902,village,แกรนด์ มณีรินทร์
2903,village,แกรนด์คาแนล ประชาชื่น
2904,village,แกรนด์มณีรินทร์ ศรีราชา
2905,village,แกรนดิโอ ลาดพร้าว - เกษตรนวมินทร์
2906,village,แฟคตอรี่แลนด์ 2
2907,village,แฟมิลี่ซิตี้โฮม 2
2908,village,แลนด์แอนด์เฮ้าส์ พาร์ค
2909,village,แลนด์แอนด์เฮ้าส์ พาร์ค (โคราช)
2910,village,แฮปปี้แลนด์ แกรนด์วิลล์
2911,village,โกเด้น นีโอ อ่อนนุช-พัฒนาการ
2912,village,โกล เด้น ทาวน์ 2 อ่อนนุช-พัฒนาการ
2913,village,โกลเด้น เฮอริเทจ เฟส 2
2914,village,โกลเด้น ทาวน์ เฉลิมพระเกียรติ-สวนหลวง
2915,village,โกลเด้น ทาวน์ เฉลิมพระเกียรติฯ-สวนหลวง
2916,village,โกลเด้น ทาวน์ เพชรเกษม
2917,village,โกลเด้น ทาวน์ รามอินทรา คู้บอน
2918,village,โกลเด้น ทาวน์ ศรีนครินทร์-สุขุมวิท
2919,village,โกลเด้น ทาวน์ สาทร
2920,village,โกลเด้น ทาวน์ อ่อนนุช-พัฒนาการ
2921,village,โกลเด้น นีโอ บางนา-กิ่งแก้ว
2922,village,โกลเด้นทาวน์ 2 อ่อนนุช - ลาดกระบัง
2923,village,โกลเด้นทาวน์ รัตนาธิเบศร์- สถานีรถไฟฟ้าไทรม้า
2924,village,โกลเด้นนครา
2925,village,โนเบิล จีโอ พระราม 5
2926,village,โนเบิล จีโอ วัชรพล
2927,village,โนโววิลล์ ลำลูกกา คลอง 2
2928,village,โบเลโร่ วิลล่า
2929,village,โอเรียลเท็ล บีช รีสอร์ท
2930,village,โฮมเพลส เดอะพาร์ค วงแหวน - พระราม 9
2931,village,โฮมเพลส รังสิต
2932,village,โฮมเพลส รัตนาธิเบศร์
2933,village,โฮมเพลสรัตนาธิเบศร์
2934,village,ไทม์โฮม
2935,village,ไทม์โฮม (สวนหลวง-อ่อนนุช)
2936,village,ไทม์โฮม(สวนหลวง-อ่อนนุช)
2937,village,ไทยสมบูรณ์ 3
2938,village,ไพรเวท เนอวานา เรสซิเดนซ์
2939,village,ไพรเวท รามอินทรา
2940,village,ไพร์มเพลส เดอะ กรีนเนอรี่ บางใหญ่
2941,village,ไพร์มเพลส เดอะกรีนเนอรี่ บางใหญ่
2942,village,ไรมอนพาร์ค
2943,village,ไลโอ วงแหวน-รามอินทรา
2944,village,ไลฟ์ บางกอก บูเลอวาร์ด ราชพฤกษ์-จรัญสนิทวงศ์
2945,village,ไอลีฟ ทาวน์ 1 พระราม 2 กม.14
2946,village,ไอลีฟ พาร์ค 1 พระราม 2 กม.14
2947,village,กรีนวิลล์
2948,village,กรูฟวิลล์ ลำลูกกา คลอง 4
2949,village,กฤษดา ลากูน
2950,village,กฤษดานคร 19
2951,village,กลอรี่ เฮ้าส์ 94/2
2952,village,กัสโต้ เทพารักษ์
2953,village,กัสโต้ ท่าน้ำนนท์
2954,village,กัสโต้ พหลโยธิน- รามอินทรา
2955,village,กัสโต้ พหลโยธิน-รามอินทรา
2956,village,กัสโต้ พหลโยธิน-สายไหม
2957,village,กัสโต้ ราชพฤกษ์-พระราม 5
2958,village,กัสโต้ รามคำแหง
2959,village,กัสโต้ วงแหวน-พระราม 5
2960,village,กัสโต้ สาทร - ตากสิน
2961,village,กัสโต้ สาทร-ตากสิน
2962,village,กัสโต้เทพารักษ์
2963,village,กาญจน์กนก วิลล์ 5
2964,village,กานดา ริมคลอง 2
2965,village,กิตตินคร การ์เด้นวิลล์
2966,village,คฤหาสน์ทายาท
2967,village,คาซ่า Legend เกษตร-นวมินทร์
2968,village,คาซ่า วิลล์ บางนา-สุวรรณภูมิ
2969,village,คาซ่าแกรนด์ สุขาภิบาล 5
2970,village,คาซ่าซิตี้ เอกมัย- รามอินทรา นวลจันทร์ 2
2971,village,คาซ่าซิตี้ เอกมัย-รามอินทรา นวลจันทร์ 2
2972,village,คาซ่าซิตี้ วัชรพล-เพิ่มสิน
2973,village,คาซ่าวิลล์ บางนา-เทพารักษ์
2974,village,คาซ่าวิลล์ ราชพฤกษ์-รัตนาธิเบศร์ 2
2975,village,คาซ่าวิลล์ รามอินทรา-วงแหวน
2976,village,คาซ่าวิลล์ วัชรพล
2977,village,คาซ่าวิลล์ สุขาภิบาล 5
2978,village,คุณาลัย พรีม
2979,village,ฉัตรหลวง โครงการ 11
2980,village,ชนันธร กรีนวิลล์
2981,village,ชมรม เพื่อนบ้านชิชา
2982,village,ชมรมเพื่อน บ้านชิชา
2983,village,ชมรมเพื่อนบ้านชิชา
2984,village,ชลลดา บางบัวทอง
2985,village,ชวนชื่น การ์เด้นวิลล์
2986,village,ชวนชื่น ปาร์ค
2987,village,ชวนชื่น รีเจ้นท์
2988,village,ชวนชื่น วัชรพล
2989,village,ชวนชื่นการ์เด้นวิลล์
2990,village,ชวนชื่นพาร์ควิลล์
2991,village,ชัยพฤกษ์ (แจ้งวัฒนะ-ราชพฤกษ์
2992,village,ชัยพฤกษ์ (แจ้งวัฒนะ-ราชพฤกษ์)
2993,village,ชัยพฤกษ์ 1 สุวินทวงศ์
2994,village,ชัยพฤกษ์ 2 สุวินทวงศ์
2995,village,ชัยพฤกษ์ เทพารักษ์
2996,village,ชัยพฤกษ์ เพชรเกษม 81
2997,village,ชัยพฤกษ์ ติวานนท์
2998,village,ชัยพฤกษ์ ติวานนท์ - วงแหวน
2999,village,ชัยพฤกษ์ ทวีวัฒนา
3000,village,ชัยพฤกษ์ บางใหญ่ 2
3001,village,ชัยพฤกษ์ บางใหญ่ 3
3002,village,ชัยพฤกษ์ บางใหญ่ 4
3003,village,ชัยพฤกษ์ บางบัวทอง
3004,village,ชัยพฤกษ์ ปิ่นเกล้า-สาทร
3005,village,ชัยพฤกษ์ รังสิต - คลอง 4
3006,village,ชัยพฤกษ์ รัตนาธิเบศร์ - วงแหวน
3007,village,ชัยพฤกษ์ วงแหวนรัตนาธิเบศร์
3008,village,ชัยพฤกษ์ วัชรพล
3009,village,ชัยพฤกษ์และบุศรินทร์ รังสิต คลอง 2
3010,village,ชัยพฤกษ์บางใหญ่ 1
3011,village,ชัยพฤกษ์บางใหญ่ 2
3012,village,ซิกเนเจอร์ เพชรเกษม 69
3013,village,ซิกเนเจอร์ รามอินทรา
3014,village,ซิตี้เซนส์ เพชรเกษม 69
3015,village,ซิตี้เซนส์ สรงประภา
3016,village,ซิลค์ โรด เพลส
3017,village,ซีเค วิลล์ 2
3018,village,ซื่อตรง โคซี่ รังสิต คลอง 6 เฟส 2
3019,village,ซื่อตรงโคซี่ รังสิต คลอง 6 เฟส 1
3020,village,ดิ เอ๊กคลูซีฟ สาทร-กัลปพฤกษ์
3021,village,ดิ เอ็กซ์คลูซีฟ สาทร-กัลปพฤกษ์
3022,village,ดิ เอ็นเทอร์
3023,village,ดิ เอ็นเทอร์ คลิก
3024,village,ดิ เออบาน่า 2
3025,village,ดิเอ็กซ์คลูซีฟ พัฒนาการ เอกมัย ทองหล่อ
3026,village,ดิเอ็กซ์คลูซีฟ สวนหลวง ร.9
3027,village,ดิเอ็กซ์คลูซีฟทาวน์โฮม สวนหลวง ร.9
3028,village,ดิเออบาน่า 1
3029,village,ดิเออบาน่า1
3030,village,ตรีพฤกษ์ นครปฐม
3031,village,ทรัพย์ทวีโฮมแฟคตอรี่
3032,village,ทรัพย์ทวีประเสริฐ
3033,village,ทวีมิตร
3034,village,ทาวน์ อเวนิว พระราม 9
3035,village,ทาวน์ อเวนิวฟอร์เต้ พระราม 2
3036,village,ทาวน์พลัส
3037,village,ทาวน์พลัส (เพชรเกษม-บางแค)
3038,village,ทาวน์พลัส (ลาดพร้าว 101)
3039,village,ทาวน์พลัส เทพารักษ์
3040,village,ทาวน์พลัส พระรามเก้า
3041,village,ทาวน์พลัสเอ็กซ์ ประชาชื่น
3042,village,ทิพธนา เพชรเกษม 53
3043,village,ทิพย์พิมาน บ้านริมน้ำ
3044,village,ทิพย์พิมานการ์เด้น
3045,village,ทู แกรนด์ โมนาโค บางนา - วงแหวน
3046,village,ทู แกรนด์ โมนาโค บางนา-วงแหวน
3047,village,ธนะธำรง วิลเลจ
3048,village,ธัญญาภิรมย์ คลอง 5
3049,village,ธาดา ทาวน์ เคิร์ฟ
3050,village,ธาดา พาร์ค 2
3051,village,ธาดาพาร์ค 2
3052,village,ธารารมณ์ รามคำแหง 150
3053,village,ธารารมณ์ รามคำแหง 150 (สำนักงานใหญ่)
3054,village,ธารารมณ์ หัวหมาก
3055,village,นนท์ณิชา-พระนั่งเกล้า
3056,village,นนทรี ฟลอร่า
3057,village,นนทรี รีเจ้นท์
3058,village,นันทนาการ์เด้น
3059,village,นันทวัน รามคำแหง
3060,village,นันทวัน ศรีนครินทร์
3061,village,นันทวัน-ประชาชื่น
3062,village,นันทวันรามอินทรา
3063,village,นาราโฮม
3064,village,นาราสิริ พระราม 2
3065,village,นิติบุคคลอาคารชุดหมู่บ้านจัดสรรบุศรินทร์ (วงแหวน-รัตนาธิเบศร์)
3066,village,นิรันดร์ เดอะ คอนเนค 3
3067,village,นิรันดร์ วิลล์ ศรีนครินทร์
3068,village,นิรันดร์วิลล์ 8
3069,village,บริษัท เพื่อการจัดการของหมู่บ้าน จัดสรรโนเบิลจีโอวัชรพล จำกัด
3070,village,บริษัท เพื่อการจัดการของหมู่บ้านจัดสรร โนเบิลจีโอวัชรพล จำกัด
3071,village,บริษัท เพื่อการจัดการของหมู่บ้านจัดสรรโนเบิลจีโอ วัชรพล จำกัด
3072,village,บลูลากูน
3073,village,บางกอก บูเลอวาร์ด รามอินทรา
3074,village,บางกอกบูเลอวาร์ด ราชพฤกษ์-พระราม 5
3075,village,บางกอกบูเลอวาร์ด รามอินทรา
3076,village,บางกอกบูลเลอวาร์ด รามอินทรา
3077,village,บ้านเอกเขนก
3078,village,บ้านแมกไม้ (รามอินทรา)
3079,village,บ้านแสนรัก ปากช่อง - เขาใหญ่
3080,village,บ้านใหม่ พระราม 2 (2)
3081,village,บ้านใหม่ พระราม 9 ศรีนครินทร์
3082,village,บ้านใหม่พระราม 2 (2)
3083,village,บ้านไม้อิงธาร
3084,village,บ้านกรองทอง กรุงเทพกรีฑา
3085,village,บ้านกฤษณา พระราม 5- กาญจนาภิเษก
3086,village,บ้านกลางเมือง เดอะปารีส
3087,village,บ้านกลางเมือง เดอะปารีส พระรามเก้า-รามคำแหง
3088,village,บ้านกลางเมือง เอสเซ็นส์ พระราม 9 - ลาดพร้าว
3089,village,บ้านกลางเมือง เอสเซ้นส์ สาทร-ตากสิน 2
3090,village,บ้านกลางเมือง เอสเซ็นส์ อ่อนนุช-วงแหวน
3091,village,บ้านกลางเมือง เออบาเนี่ยน พระราม9-ลาดพร้าว
3092,village,บ้านกลางเมือง สุขุมวิท 77
3093,village,บ้านกลางเมืองบริติชทาวน์ ศรีนครินทร์
3094,village,บ้านกลางเมืองสุขุมวิท 77
3095,village,บ้านกลางกรุง สาทร - นราธิวาส
3096,village,บ้านปิ่นเกล้า เฟส 1
3097,village,บ้านพนาลี 18
3098,village,บ้านพนาลี 37 ( พฤกษา 74/3 )
3099,village,บ้านพนาลี 37 (พฤกษา 74/3)
3100,village,บ้านพนาลี 51 เทพารักษ์-เมืองใหม่
3101,village,บ้านพรไพลิน สุขุมวิท 101/1
3102,village,บ้านพฤกษา 77/1
3103,village,บ้านพฤกษา วิลล์ 41
3104,village,บ้านพฤกษาทาวน์ (PKT๐๘)
3105,village,บ้านพฤกษาทาวน์ พีเคที 002
3106,village,บ้านพฤกษาวิลล์ 41
3107,village,บ้านพฤกษาวิลล์ 50/1
3108,village,บ้านพิศาลเทียนทะเล 20 โครงการ 1
3109,village,บ้านพุทธชาด 10
3110,village,บ้านพุทธชาด 18 (พฤกษา 84/2)
3111,village,บ้านฟ้า กรีน พาร์ค รอยัล ธนบุรีรมย์
3112,village,บ้านฟ้ากรีนพาร์ค รังสิต เฟส 2
3113,village,บ้านฟ้าปิยรมย์ เทอร์เร่
3114,village,บ้านฟ้าปิยรมย์ เลค แอนด์ พาร์ค
3115,village,บ้านฟ้าปิยรมย์ พรีเมียร์ พาร์ค
3116,village,บ้านฟ้ารังสิต
3117,village,บ้านฟ้าลากูน
3118,village,บ้านภัททาวิลเลจ
3119,village,บ้านภัทรา รามคำแหง 76
3120,village,บ้านภัทรา ลำลูกกา
3121,village,บ้านภัทรา อ่อนนุช - วงแหวน
3122,village,บ้านภัสสร 4
3123,village,บ้านภัสสร พัฒนาการ 2 (PS61)
3124,village,บ้านภาณุ 1
3125,village,บ้านภาณุ 2
3126,village,บ้านรัช ธานี 10
3127,village,บ้านรัชธานี 10
3128,village,บ้านราชพฤกษ์ รามอินทรา - หทัยราฎร์
3129,village,บ้านลภาวัน ดีน่า
3130,village,บ้านลาดพร้าว 1
3131,village,บ้านวนิศา
3132,village,บ้านวรารักษ์
3133,village,บ้านวรารักษ์ รังสิต คลอง 3
3134,village,บ้านศุภวรรณ
3135,village,บ้านสถาพร รังสิต คลอง 3
3136,village,บ้านสถาพร รังสิต คลอง 3 ปทุมธานี
3137,village,บ้านสระสวน
3138,village,บ้านสวนจันท์
3139,village,บ้านสวนจินดารมย์ 3
3140,village,บ้านสวนซื่อตรง ลาดพร้าว 71
3141,village,บ้านสวนริมคลอง บางมด
3142,village,บ้านสวนริมคลองบางมด
3143,village,บ้านสหภาพ 6
3144,village,บ้านสินทรัพย์นคร
3145,village,บ้านสินธร รังสิต
3146,village,บ้านอิสสระ พระราม 9
3147,village,บาหลี บีช
3148,village,บาหลี บีช BN1
3149,village,บี สแควร์ พระราม 9 - เหม่งจ๋าย
3150,village,บุราสิริ ราชพฤกษ์ - เเจ้งวัฒนะ
3151,village,บุศรินทร์ ปิ่นเกล้า
3152,village,บุศรินทร์-เทพารักษ์
3153,village,บุศรินทร์รังสิต 1
3154,village,ประภัสสรวิลล์
3155,village,ปรัชญา บิซโฮม อ่อนนุช-สุวรรณภูมิ
3156,village,ปริญญดา ไลท์ พระราม 5
3157,village,ปริญลักษณ์ ไลท์ พระราม 5
3158,village,ปริญลักษณ์ ไลท์- วงแหวน สาทร
3159,village,ปริญลักษณ์ ไล้ท์ วงแหวน สาทร
3160,village,ปริญลักษณ์ ไลท์-วงแหวน สาทร
3161,village,ปริญลักษณ์ นวมินทร์
3162,village,ปรีชา ราม 2 ราษฎร์พัฒนา
3163,village,ปรีชา สุวินทวงศ์
3164,village,ปัญฐิญา แพรกษา
3165,village,ปาริชาต - ปิ่นเกล้า
3166,village,ปาริชาต 345
3167,village,ปาริชาต สุวินทวงศ์
3168,village,ปิ่นเกล้า เฟส 1
3169,village,ปิยวรารมย์ รังสิต คลองสี่
3170,village,ปิยวรารมย์รังสิต คลองสี่
3171,village,พนาลี 16
3172,village,พนาลี 27
3173,village,พนาลี 33
3174,village,พนาสนธิ์ การ์เด้นโฮม 8
3175,village,พนาสนธิ์วิลล่า-เทพารักษ์
3176,village,พนาสนธฺ์การ์เด้นโฮม 8
3177,village,พร้อมพัฒน์ ไพร์ม
3178,village,พร้อมพัฒน์ไพร์ม
3179,village,พฤกษ์พิมาน การ์เด้น
3180,village,พฤกษ์ภิรมย์ บางขุนเทียน
3181,village,พฤกษ์ลดา 2 (ท่าข้าม-พระราม 2 )
3182,village,พฤกษ์ลดา 2 (ท่าข้าม-พระราม 2)
3183,village,พฤกษ์ลดา บางนา
3184,village,พฤกษ์ลดา รังสิต คลอง 4
3185,village,พฤกษ์ลดา วงแหวน - รัตนาธิเบศร์
3186,village,พฤกษ์ลดาปิ่นเกล้า สาย 5
3187,village,พฤกษา 11
3188,village,พฤกษา 12
3189,village,พฤกษา 12/1
3190,village,พฤกษา 13
3191,village,พฤกษา 15
3192,village,พฤกษา 40
3193,village,พฤกษา 45
3194,village,พฤกษา 77/1
3195,village,พฤกษา บี
3196,village,พฤกษา วิลเลจ 27
3197,village,พฤกษา วิลเลจ 34
3198,village,พฤกษา วิลเลจ 5
3199,village,พฤกษา วิลล์ 28
3200,village,พฤกษา วิลล์ 42
3201,village,พฤกษา วิลล์ 53/2
3202,village,พฤกษาทาวน์ 81
3203,village,พฤกษาทาวน์พรีเว่ อ่อนนุช 66 - ศรีนครินท
3204,village,พฤกษาทาวน์พรีเว่ อ่อนนุช 66 - ศรีนครินทร์
3205,village,พฤกษาทาวน์พรีเว่อ่อนนุช 66 - ศรีนครินทร์
3206,village,พฤกษาพรรณแกรนด์ ลำพยา 2
3207,village,พฤกษาวิลเลจ 2
3208,village,พฤกษาวิลเลจ 27
3209,village,พฤกษาวิลเลจ 5
3210,village,พฤกษาวิลล์ 10
3211,village,พฤกษาวิลล์ 16/2
3212,village,พฤกษาวิลล์ 2 ดอนเมือง
3213,village,พฤกษาวิลล์ 28
3214,village,พฤกษาวิลล์ 32
3215,village,พฤกษาวิลล์ 42
3216,village,พฤกษาวิลล์ 53/2
3217,village,พฤกษาวิลล์ 6
3218,village,พฤกษาวิลล์ 62/2
3219,village,พลีโน่ วงแหวน-รามอินทรา
3220,village,พัชรเพลส
3221,village,พาทิโอ แจ้งวัฒนะ
3222,village,พาทิโอ พัฒนากา
3223,village,พาทิโอ พัฒนาการ
3224,village,พาร์คเวย์ ชาเล่ต์ โครงการ 2
3225,village,ภัคภิรมย์ พูลวิลล่า ซัมเมอร์
3226,village,ภัทร โมทาวน์
3227,village,ภัทรโมทาวน์
3228,village,ภัสสร 1
3229,village,ภัสสร ๑๓
3230,village,ภัสสร 25 บางนา
3231,village,ภัสสร 28 กิ่งแก้ว-หนามแดง
3232,village,ภัสสร 3
3233,village,ภัสสร 4
3234,village,ภัสสร เพรสทีจ อ่อนนุช
3235,village,ภิรมย์วิลล์ พระราม 2 - เทียนทะเล 20
3236,village,ภูเก็ตวิลล่า 5
3237,village,มณีรินทร์
3238,village,มณีรินทร์ เลค แอนด์ ลากูน
3239,village,มณีรินทร์ เลค แอนด์ ลากูน (รังสิต)
3240,village,มณีรินทร์ พาร์ค รังสิต (50 ไร่)
3241,village,มณีรินทร์ พาร์ค รัตนาธิเบศร์
3242,village,มณีรินทร์ รัตนาธิเบศร์
3243,village,มนสิกา
3244,village,มหาชัยเมืองทอง
3245,village,มัณฑนา - ปิ่นเกล้า พระราม 5
3246,village,มัณฑนา - อ่อนนุช วงแหวน
3247,village,มัณฑนา แจ้งวัฒนะ ราชพฤกษ์
3248,village,มัณฑนา และบุศรินทร์ ธนบุรีรมย์
3249,village,มัณฑนา บางใหญ่
3250,village,มัณฑนา รังสิต คลอง 2
3251,village,มัณฑนา ราชพฤกษ์
3252,village,ร่มรื่นกรีนพาร์ค (ซอยคุณพระ)
3253,village,ร้อยพฤกษา
3254,village,รัชธานี 10
3255,village,ราชธานี คลองหลวง
3256,village,รุ่งอรุณเพลส
3257,village,ลดาวัลย์ ปิ่นเกล้า-เพชรเกษม
3258,village,ลดาวัลย์-ศรีนครินทร์
3259,village,ลลิล กรีนวิลล์ พระราม 9-อ่อนนุช-สุวรรณภูมิ
3260,village,ลัดดารมย์ ปิ่นเกล้า
3261,village,ลัดดารมย์ รัตนาธิเบศร์
3262,village,ลัดดารมย์ ราชพฤกษ์ รัตนาธิเบศร์
3263,village,ลัดดารมย์ ราชพฤกษ์-รัตนาธิเบศร์
3264,village,ลัดดารมย์ วัชรพล เฟส 2
3265,village,ลัดดารมย์ วัชรพล เฟส 3
3266,village,ลัดดารมย์ อีลีแกนท์ ราชพฤกษ์ พระราม 5-2
3267,village,ลัดดารมย์ อีลีแกนท์ ราชพฤกษ์-พระราม 5-2
3268,village,ลันตา รีสอร์ท ไลฟ์
3269,village,ลัลลี่วิลล์ ธนบุรีรมย์
3270,village,ลัลลี่วิลล์ ศรีนครินทร์
3271,village,ลาวัลเล่ หัวหิน
3272,village,วรารมย์ เพชรเกษม 81 เฟส
3273,village,วรารมย์ เพชรเกษม 81 เฟส 2
3274,village,วรารมย์ แก้วนวรัฐ
3275,village,วรารมย์ ประชาอุทิศ ธนบุรี
3276,village,วรารมย์ พรีเมี่ยม วัชรพล-จตุโชติ
3277,village,วรารมย์ พหลโยธิน สายไหม
3278,village,วินด์มิลล์
3279,village,วินนิ่ง เรสซิเด้นท์ (สาทร-กัลปพฤกษ์)
3280,village,วินนิ่งเรสซิเด้นท์ (สาทร-กัลปพฤกษ์)
3281,village,วินสัน
3282,village,วิลล่า โนวา วัชรพล - สายไหม
3283,village,วิลล่า โนวา วัชรพล-สายไหม
3284,village,วิลลาจจิโอ พระราม 2
3285,village,วิลลาจจีโอ บางนา -เทพารักษ์
3286,village,วิสทาวน์ ปลวกแดง - แม่น้ำคู้
3287,village,วีวิลเลจ เฟส 2
3288,village,ศรีราชา เลคไซด์
3289,village,ศศิธร
3290,village,ศิวาลัยวิลเลจ 4
3291,village,ศุภาลัย การ์เด้นวิลล์ วงแหวนปิ่นเกล้า - พระราม 5
3292,village,ศุภาลัย พรีโม่ บางแสน
3293,village,ศุภาลัย พาร์ควิลล์ พระราม 2-ท่าข้าม
3294,village,ศุภาลัย พาร์ควิลล์ ร่มเกล้า-สุวรรณภูมิ
3295,village,ศุภาลัย มณฑลา ปิ่นเกล้า-พุทธมณฑล สาย 1
3296,village,ศุภาลัย มณฑลาปิ่นเกล้า- พุทธมณฑล สาย 1
3297,village,ศุภาลัย มณฑลาปิ่นเกล้า-พุทธมณฑล สาย 1
3298,village,ศุภาลัย วิลล์ กิ่งแก้ว-ศรีนครินทร์
3299,village,ศุภาลัย วิลล์ ราชพฤกษ์ - เพชรเกษม 48
3300,village,ศุภาลัย วิลล์ วงแหวน - รัตนาธิเบศร์
3301,village,ศุภาลัย สุวรรณภูมิ
3302,village,ศุภาลัย ออร์คิด ปาร์ค 3
3303,village,ศุภาลัยบุรี - รังสิต
3304,village,ศุภาลัยมณฑลาปิ่นเกล้า พุทธมณฑล สาย 1
3305,village,ศุภาลัยวิลล์ พระราม 2
3306,village,ศุภาลัยวิลล์ วงแหวน - รัตนาธิเบศร์
3307,village,สมฤทัยวิลเลจ
3308,village,สมาคมชาวหมู่บ้าน เศรษฐสิริ - รามอินทรา
3309,village,สยาม ไอยรา รีสอร์ต
3310,village,สราญสิริ ราชพฤกษ์ - แจ้งวัฒนะ
3311,village,สาริน ซิตี้
3312,village,สาริน ซิตี้ (เฉลียงจันทร์)
3313,village,สาริน ซิตี้ (เมฆา)
3314,village,สาริน อเวนิว
3315,village,สารินซิตี้ (คินตา พาวิลเลี่ยน)
3316,village,สารินซิตี้ -โครงการสายลม
3317,village,สำเพ็ง 2 เฟส 1
3318,village,สำเพ็ง 2 เฟส 2
3319,village,สำนักงาน สามมุขธานี
3320,village,สินทรัพย์ นครการ์เด้น
3321,village,สินทรัพย์นครการ์เด้น
3322,village,สิมิลัน รีฟ
3323,village,สีวลี เชิงดอย
3324,village,สีวลี ปิ่นเกล้า-สาทร
3325,village,สีวลี รังสิต 1
3326,village,สีวลีเชิงดอย
3327,village,สุริยาเพอร์เฟค
3328,village,หมู่บ้านเสริฐศิริ
3329,village,หมู่บ้านการ์เด้นโฮม
3330,village,หมู่บ้านขวัญเวียง 1
3331,village,หมู่บ้านจัดสรร รสา แม็กวิลล์
3332,village,หมู่บ้านจัดสรรบ้านฟ้าปิยรมย์ เทอร์เร่
3333,village,หมู่บ้านชมฟ้าและวรางกูล คลอง 2
3334,village,หมู่บ้านดิโอเรียนตัลเฮ้าส์
3335,village,หมู่บ้านท้อปแลนด์รัษฏา
3336,village,หมู่บ้านปรีชา ราม 1 ถนนราษฎร์พัฒนา
3337,village,หมู่บ้านพนาสนธิ์ การ์เด้นโฮม 3
3338,village,หมู่บ้านศิขริน
3339,village,หมู่บ้านศีขริน
3340,village,หมู่บ้านอินดี้ 2 ศรีนครินทร์
3341,village,อนันดา บีช ไลฟ์
3342,village,อนันดา สปอร์ตไลฟ์
3343,village,อนันดาสปอร์ตไลฟ์
3344,village,อนาวิลล์
3345,village,อัญดา
3346,village,อารีน่าพาร์ค
3347,village,อารียา เมทโทร เกษตร
3348,village,อารียา โคโม่ บางนา-วงแหวนฯ
3349,village,อารียา ทูบี
3350,village,อินดี้ ประชาอุทิศ 90 (2)
3351,village,อินนิชิโอ พระราม ๒
3352,village,อินนิซิโอ ปิ่นเกล้า ศาลายา
3353,village,อิมเมจ เพลส พุทธมณฑล สาย 4
3354,village,ฮาบิเทีย เกาะแก้ว
3355,village,ฮาบิเทีย บางใหญ่
3356,village,ฮาบิทาวน์ วัชรพล
3357,village,ฮาบีเทีย วัชรพล
3358,village,ชลลดา วงแหวน รัตนาธิเบศร์
3359,village,ชลลดา วงแหวนรัตนาธิเบศร์
3360,village,ลัดดารมย์ Elegance วงแหวน - สาทร
