status_id,status
1,( MA หมด 05/2565 )
2,( MA01/2565)
3,( MA09/2564)
4,( MAหมด 07/2563)
5,( ส่งใบเสนอราคาไปแล้วแต่ยังไม่ตอบกลับ หมด MA06/2550)verandahresidence62@gmail.com
6,(** ไม่ต่อ MA** หมด 12/2562)
7,(** ไม่ต่อ MA** หมด MA12/2562)
8,(***ไม่ต่อMA ส่งใบเสนอราคาไปแล้วไม่มีการตอบกลับ หมด 07/2558***)
9,(***ไม่ต่อMA ส่งใบเสนอราคาไปแล้วไม่มีการตอบกลับ หมด MA 10/2556***)
10,(***ไม่ต่อMA ส่งใบเสนอราคาไปแล้วไม่มีการตอบกลับ หมด MA01/2562***)
11,(***ไม่ต่อMA ส่งใบเสนอราคาไปแล้วไม่มีการตอบกลับ หมด MA04/2562***)>>
12,(**ไม่ต่อ MA ส่งใบเสนอราคาไปแล้วไม่มีการตอบกลับ หมด 11/2559**)
13,(**ไม่ต่อ MA ส่งใบเสนอราคาไปแล้วยังไม่มีการตอบกลับหมด 06/2559**)
14,(**ไม่ต่อ MA ส่งใบเสนอราคาไปแล้วยังไม่มีการตอบกลับหมด 08/2555**)
15,(**ไม่ต่อ MA หมด ส่งใบเสนอราคาไปแล้ว แต่ยังไม่ตอบกลับ หมด MA06/2560**)
16,(**ไม่ต่อ MA หมด ส่งใบเสนอราคาไปแล้ว แต่ยังไม่ตอบกลับ หมด MA12/2562**)
17,(**ไม่ต่อMA ส่งใบเสนอราคาไปแล้วไม่มีการตอบกลับ หมด MA04/2562**)
18,(**ส่งใบเสนอราคาไปแล้วไม่มีการตอบกลับ >>>หมด MA03/2557**)
19,(**ส่งใบเสนอราคาไปแล้วไม่มีการตอบกลับ หมด MA03/2557**)
20,(*ไม่ต่อMA ส่งใบเสนอราคาไปแล้ว ไม่มีการตอบกลับ หมด MA04/2562**)
21,(*ไม่ต่อMA**)
22,(21 กรกฎาคม 2566)
23,(Cemco ไม่ต่อMA หมด 08/2560)
24,(Cemco ไม่ต่อMA หมด 10/2559)
25,(Cemco ไม่ต่อMA หมด 11/2556)
26,(Cemco** ไม่ต่อ MA หมด 10/2559**)
27,(CQ )
28,(CQ)
29,(GL)
30,(LICENCE 01/2566)
31,(LICENCE 02/2566)
32,(LICENCE 03/2566)
33,(LICENCE 04/2566)
34,(LICENCE 05/2565)
35,(LICENCE 05/2566)
36,(LICENCE 06/2566)
37,(LICENCE 07/2565)
38,(LICENCE 07/2566)
39,(LICENCE 08/2565)
40,(LICENCE 08/2566)
41,(LICENCE 09/2565)
42,(LICENCE 1 M.)
43,(LICENCE 1.M.)
44,(LICENCE 10/2565)
45,(LICENCE 11/2565)
46,(LICENCE 12/2565)
47,(LICENCE 1M.)
48,(LICENCE M1.)
49,(LICENCE01/2564)
50,(LICENCE01/2565)
51,(LICENCE01/2566)
52,(LICENCE02/2564)
53,(LICENCE02/2565)
54,(LICENCE02/2566)
55,(LICENCE03/2564)
56,(LICENCE04/2564)
57,(LICENCE05/2563)
58,(LICENCE05/2566)
59,(LICENCE09/2564)
60,(LICENCE10/2564)
61,(LICENCE11/2564)
62,(LICENCE11/2566)
63,(LICENCE12/2564)
64,(MA **PMC*** ไม่ต่อ MA หมด 01/2559)
65,(MA **PMC*** ไม่ต่อ MA หมด 01/2559)240697
66,(MA 01/2566)
67,(MA 02/2566)
68,(MA 03/2566)
69,(MA 04/2566)
70,(MA 05/2566)
71,(MA 06/2566)
72,(MA 07/2566)
73,(MA 08/2565)
74,(MA 08/2566)
75,(MA 09/2565)
76,(MA 09/2566)
77,(MA 09/2566) (TF 09/2565)
78,(MA 10/2565)
79,(MA 10/2566)
80,(MA 11/2565)
81,(MA 11/2566)
82,(MA 12/2565)
83,(MA 12/2565) (TF 09/2564)
84,(MA PMC ไม่ต่อ MA หมด 01/2559)
85,(MA PMC ไม่ต่อ MA หมด 10/2559)
86,(MA หมด 02/2557)
87,(MA หมด 06/2564)
88,(MA หมด 08/2563)
89,(MA หมด 11/2563)NEW11/2562
90,(MA01/2564)
91,(MA01/2565)
92,(MA01/2566)
93,(MA02/2564)
94,(MA02/2565)
95,(MA03/2564)
96,(MA03/2565)
97,(MA03/2566)
98,(MA04/2564)
99,(MA04/2565)
100,(MA05/2564)
101,(MA05/2565)
102,(MA06/2564
103,(MA06/2564)
104,(MA06/2564)1 2 (MA01/2565)3 4 5
105,(MA07/2564)
106,(MA07/2566)
107,(MA08/2564)
108,(MA08/2566)
109,(MA09/2564)
110,(MA09/2565)
111,(MA09/2566)
112,(MA10/2564)
113,(MA10/2565)
114,(MA10/2566)
115,(MA11/2563)
116,(MA11/2564)
117,(MA11/2565)
118,(MA11/2566)
119,(MA12/2564)
120,(MA12/2565)
121,(MA12/2565) (TF09/2564)
122,(NEW - ติดตั้งวันที่ 5/5/64)(จะโอนภายในวันที่ 18/5/64)
123,(NEW )
124,(NEW 01/2565)
125,(NEW 02/2564)
126,(NEW 02/2565)
127,(NEW 03/2564)
128,(NEW 03/2565)
129,(NEW 04/2565)
130,(NEW 05/2565)
131,(NEW 06/2565)
132,(NEW 07/2565)
133,(NEW 08/2565)
134,(NEW 09/2564)
135,(NEW 09/2565)
136,(NEW 10/2564)
137,(NEW 11/2564)
138,(NEW 12/2564)
139,(NEW)
140,(NEW)(โอนจ่ายภายในวันที่ 25/7/64)
141,(NEW)(จะโอนภายในวันที่ 31/5/64)
142,(NEW)(ลูกค้าใหม่)
143,(NEW01/2564)
144,(NEW01/2565)
145,(NEW02/2564)
146,(NEW03/2563)MA หมด(03/2564)
147,(NEW03/2564)
148,(NEW04/2563)
149,(NEW06/2563)
150,(NEW06/2565)
151,(NEW07/2563)
152,(NEW09/2563)
153,(NEW10/2563)
154,(NEW11/2563)
155,(NEW12/2564)
156,(NEW8/2564)
157,(TF 02/2564)
158,(TF 08/2565) (LICENCE 05/2566)
159,(TF02/2564)
160,(TF03/2563) ( Mage ไม่ต่อMA หมด **ส่งใบเสนอราคาไปแล้วไม่มีการตอบกลับ หมด 06/2560)**
161,(TF06/2563) (Cemco ไม่ต่อMA หมด **ส่งใบเสนอราคาไปแล้วไม่มีการตอบกลับ หมด 11/2556)***
162,(WT)
163,(WT-PRO)
164,(เช่าติดตั้งสิทธิ์ถึงวันที่ 30/5/64)
165,(เช่าถึง07/2564 )
166,(เช่าถึง09/2564)
167,(แจ้งหนี้ไปแล้ววันที่14/12/2563)รอชำระเงินLICENCE01/2564
168,(โอนเงินมาแล้ว)MA01/2565
169,"(โอนสิทธิ์ 7/10/2563) TF08/2564 "
170,(ไม่คิดค่า MA)
171,(ไม่ต่อ MA ***ส่งใบเสนอราคาไปแล้ว แต่ยังไม่ตอบกลับ หมด MA04/2564***)
172,(ไม่ต่อ MA **ส่งใบเสนอราคาไปแล้ว แต่ยังไม่ตอบกลับ หมด 12/2556**)
173,(ไม่ต่อ MA **ส่งใบเสนอราคาไปแล้วไม่มีการตอบกลับ หมด 11/2555**)
174,(ไม่ต่อ MA **ส่งใบเสนอราคาไปแล้วไม่มีการตอบกลับ หมด 11/2555**)(แก้ปัญหาให้ลุกค้าได้เลย เพราะลูกค้ากำลังทำเรื่องจ่าย MA)
175,(ไม่ต่อ MA **ส่งใบเสนอราคาไปแล้วไม่มีการตอบกลับ หมด 11/2555**)>>
176,(ไม่ต่อ MA **ส่งใบเสนอราคาไปแล้วไม่มีการตอบกลับ หมด MA04/2564**)
177,(ไม่ต่อ MA ไซท์นี้)
178,(ไม่ต่อ MA ส่งใบเสนอราคาไปแล้ว ไม่มีการตอบกลับ หมด 01/2565)
179,(ไม่ต่อ MA ส่งใบเสนอราคาไปแล้วไม่มีการตอบกลับ หมด MA05/2561)
180,(ไม่ต่อ MA ส่งใบเสนอราคาไปแล้วไม่มีการตอบกลับ หมด MA06/2554)
181,(ไม่ต่อ MA ส่งใบเสนอราคาไปแล้วไม่มีการตอบกลับ หมด MA06/2560)
182,(ไม่ต่อ MA หมด 01/2557)
183,(ไม่ต่อ MA หมด 01/2558)
184,(ไม่ต่อ MA หมด 01/2560)
185,(ไม่ต่อ MA หมด 01/2563)
186,(ไม่ต่อ MA หมด 02/2560)
187,(ไม่ต่อ MA หมด 03/2557)
188,(ไม่ต่อ MA หมด 04/2550)
189,(ไม่ต่อ MA หมด 07/2559 )
190,(ไม่ต่อ MA หมด 09/2550)
191,(ไม่ต่อ MA หมด 09/2563)
192,(ไม่ต่อ MA หมด 11/2554)
193,(ไม่ต่อ MA หมด 11/2558 ไซท์นี้)
194,(ไม่ต่อ MA หมด MA02/2563)
195,(ไม่ต่อ MA หมด MA03/2563)
196,(ไม่ต่อ MA หมด MA04/2561)
197,(ไม่ต่อ MA หมด MA05/2556)
198,(ไม่ต่อ MA หมด MA11/2554)
199,(ไม่ต่อ MA หมด MA11/2559)
200,(ไม่ต่อ MA หมด ส่งใบเสนอราคาไปแล้ว ไม่มีการตอบกลับ หมดMA03/2557)
201,(ไม่ต่อ MA หมด ส่งใบเสนอราคาไปแล้วไม่มีการตอบกลับ หมด 02/2555)
202,(ไม่ต่อ MA หมด ส่งใบเสนอราคาไปแล้วไม่มีการตอบกลับ หมด MA09/2560)
203,(ไม่ต่อ MA หมด** ส่งใบเสนอราคาไปแล้วไม่มีการตอบกลับ หมด MA09/2560**)
204,(ไม่ต่อ MA หมด01/2563)
205,(ไม่ต่อ MA หมด04/2556)
206,(ไม่ต่อ MA หมด10/2559 )
207,(ไม่ต่อ MA)
208,(ไม่ต่อ MA** ส่งใบเสนอราคาไปแล้ว แต่ยังไม่ตอบกลับ หมด 07/2559**)
209,(ไม่ต่อ MA** ส่งใบเสนอราคาไปแล้วไม่มีการตอบกลับ หมด MA04/2562**)
210,(ไม่ต่อ MA** ส่งใบเสนอราคาไปแล้วยังไม่มีการตอบกลับ หมด 03/2559**)
211,(ไม่ต่อ MA** หมด 12/2562)
212,(ไม่ต่อ MA***ส่งใบเสนอราคาไปแล้ว แต่ยังไม่ตอบกลับ หมด 08/2564***)
213,(ไม่ต่อ MA***ส่งใบเสนอราคาไปแล้วไม่มีการตอบกลับ หมด MA 08/2563**)
214,(ไม่ต่อ MA***ส่งใบเสนอราคาไปแล้วไม่มีการตอบกลับ หมด07/2564***)
215,(ไม่ต่อ MA**ส่งใบเสนอราคาไปแล้วไม่มีการตอบกลับ หมด MA 06/2558**)
216,(ไม่ต่อ MA**ส่งใบเสนอราคาไปแล้วไม่มีการตอบกลับ หมด MA05/2564**)
217,(ไม่ต่อ MA**ส่งใบเสนอราคาไปแล้วไม่มีการตอบกลับ หมด MA12/2553**)
218,(ไม่ต่อ MA**ส่งใบเสนอราคาไปแล้วไม่มีการตอบกลับ หมด07/2564**)
219,(ไม่ต่อ)(ส่งใบเสนอราคาไปแล้ว แต่ยังไม่ตอบกลับ หมด 07/2559)
220,(ไม่ต่อMA ***ส่งใบเสนอราคาไปแล้วไม่มีการตอบกลับ หมด 03/2564***)
221,(ไม่ต่อMA **ส่งใบเสนอราคาไปแล้วไม่มีการตอบกลับ หมด MA12/2562**)
222,(ไม่ต่อMA รอส่งใบเสนอราคา)
223,(ไม่ต่อMA หมด 06/2561)
224,(ไม่ต่อMA หมด 09/2563)
225,(ไม่ต่อMA หมด ส่งใบเสนอราคาไปแล้วไม่มีการตอบกลับ หมด MA12/2555)
226,(ไม่ต่อMA)
227,(ไม่ต่อMA** ส่งใบเสนอราคาไปแล้ว แต่ยังไม่ตอบกลับ หมด 04/2564**)
228,(ไม่ต่อMA** ส่งใบเสนอราคาไปแล้ว แต่ยังไม่ตอบกลับ หมด 10/2554**)
229,(ไม่ต่อMA** ส่งใบเสนอราคาไปแล้วไม่มีการตอบกลับ หมด 02/2561**)
230,(ไม่ต่อMA** ส่งใบเสนอราคาไปแล้วไม่มีการตอบกลับ หมด 12/2561**)
231,(ไม่ต่อMA** ส่งใบเสนอราคาไปแล้วไม่มีการตอบกลับ หมด MA04/2562**)
232,(ไม่ต่อMA** ส่งใบเสนอราคาไปแล้วไม่มีการตอบกลับ หมด MA08/2564**)
233,(ไม่ต่อMA** ส่งใบเสนอราคาไปแล้วไม่มีการตอบกลับ หมด MA12/2562**)
234,(ไม่ต่อMAหมด ส่งใบเสนอราคาไปแล้วไม่มีการตอบกลับ MAหมด 08/2563
235,(ไม่ต่อMAหมด02/2565)
236,(ไม่ต่อMAหมด06/2557) ส่งใบเสนอราคาไปแล้ว แต่ยังไม่ตอบกลับ หมด 11/2558
237,(ไม่ต่อหมด MA09/2557)
238,(นิติซื้อ )ไม่ต่อ MA หมด 10/2556
239,(นิติซื้อ ***ไม่ต่อ MA ส่งใบเสนอราคาไปแล้วไม่มีการตอบกลับ หมด MA10/2556)
240,(นิติซื้อ ***ไม่ต่อ MA ส่งใบเสนอราคาไปแล้วไม่มีการตอบกลับ หมด MA10/2556)***
241,(นิติซื้อ ไม่ต่อ MA ส่งใบเสนอราคาไปแล้วไม่มีการตอบกลับ หมด MA10/2556)
242,(ยังไม่ได้จ่ายเงิน แจ้งหนี้แล้ววันที่ 21/12/2564)
243,(ยังไม่จ่าย)LICENCE06/2564
244,(ยังไม่จ่ายเงิน-เช่าหมด)LICENCE12/2563
245,(ยังไม่ชำระเงิน)(LICENCE01/2563)
246,(ยังไม่ชำระเงิน)LICENCE10/2563
247,(ยังไม่ต่อ MA ** ส่งใบเสนอราคาไปแล้ว ไม่มีการตอบกลับ หมดMA03/2557**)
248,(ยังไม่ต่อ MA ***ส่งใบเสนอราคาไปแล้ว แต่ยังไม่ตอบกลับ หมด 01/2563)
249,(ยังไม่ต่อ MA ***ส่งใบเสนอราคาไปแล้วไม่มีการตอบกลับ หมด MA08/2562***)
250,(ยังไม่ต่อ MA ***ส่งใบเสนอราคาไปแล้วยังไม่มีการตอบกลับ หมด09/2558***)
251,(ยังไม่ต่อ MA **ส่งใบเสนอราคาไปแล้ว แต่ยังไม่ตอบกลับ หมด 01/2557**)
252,(ยังไม่ต่อ MA **ส่งใบเสนอราคาไปแล้วไม่มีการตอบกลับ หมด06/2561**)
253,(ยังไม่ต่อ MA ส่งใบเสนอไปแล้วไม่มีการตอบกลับหมด 04/2563)
254,(ยังไม่ต่อ MA ส่งใบเสนอราคาไปแล้ว แต่ยังไม่ตอบกลับ หมด 02/2557)
255,(ยังไม่ต่อ MA ส่งใบเสนอราคาไปแล้ว แต่ยังไม่ตอบกลับ หมด 12/2560)
256,(ยังไม่ต่อ MA ส่งใบเสนอราคาไปแล้ว แต่ยังไม่ตอบกลับ หมด MA03/2564)
257,(ยังไม่ต่อ MA ส่งใบเสนอราคาไปแล้วไม่มีการตอบกลับ หมด MA01/2562)
258,(ยังไม่ต่อ MA ส่งใบเสนอราคาไปแล้วไม่มีการตอบกลับ หมด MA09/2561)
259,(ยังไม่ต่อ MA ส่งใบเสนอราคาไปแล้วไม่มีการตอบกลับ หมด04/2561
260,(ยังไม่ต่อ MA หมด 06/2561)
261,(ยังไม่ต่อ MA หมด ส่งใบเสนอราคาไปแล้วไม่มีการตอบกลับ หมด MA07/2560)
262,(ยังไม่ต่อ MA**ส่งใบเสนอราคาไปแล้วไม่มีการตอบกลับ หมด MA 08/2564**)
263,(ยังไม่มีใบเสนอราคา MA)
264,(ยืนยันไม่ต่อ MA)
265,(ยืนยันไม่ต่อ MA) ส่งใบเสนอราคาไปแล้วไม่มีการตอบกลับ หมด01/2561
266,(ยืนยันไม่ต่อ MA)>>((ส่งใบเสนอราคาไปแล้ว แต่ยังไม่ตอบกลับ หมด 01/2561)
267,(ยูนิตี้ กรุ๊ป(Unity)(MA12/2564)
268,(ลูกค้าแจ้งไม่ต่อ MA หมด MA12/2556)
269,(ลูกค้าโทรแจ้งจะโอนค่าเช่าให้พรุ่งนี้)LICENCE06/2564
270,(ลูกค้าโอนเงินมาแล้ว)MA01/2565
271,(ลูกค้าใหม่ ยังไม่ได้ลงโปรแกรม )
272,(ลูกค้าใหม่ ยังไม่ลงโปรแกรม)
273,(ลูกค้านัดชำระเงินวันพุ้งนี้ วันที่21/4/2564)(LICENCE03/2564)
274,(ลูกค้านัดรับเช็คแล้ว)
275,(ลูกค้าฝากเช็คให้แล้ว)MA12/2564
276,(ส่งใบเสนอราคาไปแล้ว แต่ยังไม่ตอบกลับ MAหมด 05/2560)
277,(ส่งใบเสนอราคาไปแล้ว แต่ยังไม่ตอบกลับ MAหมด 06/2556)
278,(ส่งใบเสนอราคาไปแล้ว แต่ยังไม่ตอบกลับ MAหมด 08/2560)
279,(ส่งใบเสนอราคาไปแล้ว แต่ยังไม่ตอบกลับ MAหมด 11/2560)
280,(ส่งใบเสนอราคาไปแล้ว แต่ยังไม่ตอบกลับ MAหมด 11/2561)
281,(ส่งใบเสนอราคาไปแล้ว แต่ยังไม่ตอบกลับ หมด 01/2558)
282,(ส่งใบเสนอราคาไปแล้ว แต่ยังไม่ตอบกลับ หมด 01/2558)>>
283,(ส่งใบเสนอราคาไปแล้ว แต่ยังไม่ตอบกลับ หมด 01/2559 )
284,(ส่งใบเสนอราคาไปแล้ว แต่ยังไม่ตอบกลับ หมด 01/2561)
285,(ส่งใบเสนอราคาไปแล้ว แต่ยังไม่ตอบกลับ หมด 02/2561)
286,(ส่งใบเสนอราคาไปแล้ว แต่ยังไม่ตอบกลับ หมด 02/2565)
287,(ส่งใบเสนอราคาไปแล้ว แต่ยังไม่ตอบกลับ หมด 03/2561)
288,(ส่งใบเสนอราคาไปแล้ว แต่ยังไม่ตอบกลับ หมด 03/2562)
289,(ส่งใบเสนอราคาไปแล้ว แต่ยังไม่ตอบกลับ หมด 03/2565)
290,(ส่งใบเสนอราคาไปแล้ว แต่ยังไม่ตอบกลับ หมด 04/2555)
291,(ส่งใบเสนอราคาไปแล้ว แต่ยังไม่ตอบกลับ หมด 04/2558)
292,(ส่งใบเสนอราคาไปแล้ว แต่ยังไม่ตอบกลับ หมด 04/2560)
293,(ส่งใบเสนอราคาไปแล้ว แต่ยังไม่ตอบกลับ หมด 04/2561)
294,(ส่งใบเสนอราคาไปแล้ว แต่ยังไม่ตอบกลับ หมด 05/2559)>>
295,(ส่งใบเสนอราคาไปแล้ว แต่ยังไม่ตอบกลับ หมด 05/2560)
296,(ส่งใบเสนอราคาไปแล้ว แต่ยังไม่ตอบกลับ หมด 05/2561)
297,(ส่งใบเสนอราคาไปแล้ว แต่ยังไม่ตอบกลับ หมด 05/2562) bks.niti@gmai.com
298,(ส่งใบเสนอราคาไปแล้ว แต่ยังไม่ตอบกลับ หมด 05/2564(NEW06/2563)
299,(ส่งใบเสนอราคาไปแล้ว แต่ยังไม่ตอบกลับ หมด 06/2564)
300,(ส่งใบเสนอราคาไปแล้ว แต่ยังไม่ตอบกลับ หมด 07/2557)
301,(ส่งใบเสนอราคาไปแล้ว แต่ยังไม่ตอบกลับ หมด 07/2558)
302,(ส่งใบเสนอราคาไปแล้ว แต่ยังไม่ตอบกลับ หมด 07/2561)
303,(ส่งใบเสนอราคาไปแล้ว แต่ยังไม่ตอบกลับ หมด 07/2563)
304,(ส่งใบเสนอราคาไปแล้ว แต่ยังไม่ตอบกลับ หมด 08/2558)
305,(ส่งใบเสนอราคาไปแล้ว แต่ยังไม่ตอบกลับ หมด 08/2559)
306,(ส่งใบเสนอราคาไปแล้ว แต่ยังไม่ตอบกลับ หมด 08/2562)
307,(ส่งใบเสนอราคาไปแล้ว แต่ยังไม่ตอบกลับ หมด 09/2553)
308,(ส่งใบเสนอราคาไปแล้ว แต่ยังไม่ตอบกลับ หมด 09/2557)
309,(ส่งใบเสนอราคาไปแล้ว แต่ยังไม่ตอบกลับ หมด 09/2557)>>
310,(ส่งใบเสนอราคาไปแล้ว แต่ยังไม่ตอบกลับ หมด 09/2562 )
311,(ส่งใบเสนอราคาไปแล้ว แต่ยังไม่ตอบกลับ หมด 09/2562)
312,(ส่งใบเสนอราคาไปแล้ว แต่ยังไม่ตอบกลับ หมด 09/2562)Kusuma_kse@hotmail.com
313,(ส่งใบเสนอราคาไปแล้ว แต่ยังไม่ตอบกลับ หมด 09/2564 )
314,(ส่งใบเสนอราคาไปแล้ว แต่ยังไม่ตอบกลับ หมด 09/2564)
315,(ส่งใบเสนอราคาไปแล้ว แต่ยังไม่ตอบกลับ หมด 10/2558)
316,(ส่งใบเสนอราคาไปแล้ว แต่ยังไม่ตอบกลับ หมด 10/2559 )
317,(ส่งใบเสนอราคาไปแล้ว แต่ยังไม่ตอบกลับ หมด 10/2561)
318,(ส่งใบเสนอราคาไปแล้ว แต่ยังไม่ตอบกลับ หมด 11/2562)
319,(ส่งใบเสนอราคาไปแล้ว แต่ยังไม่ตอบกลับ หมด 12/2554)
320,(ส่งใบเสนอราคาไปแล้ว แต่ยังไม่ตอบกลับ หมด 12/2561)
321,(ส่งใบเสนอราคาไปแล้ว แต่ยังไม่ตอบกลับ หมด 12/2562)>>
322,(ส่งใบเสนอราคาไปแล้ว แต่ยังไม่ตอบกลับ หมด MA01/2560)
323,(ส่งใบเสนอราคาไปแล้ว แต่ยังไม่ตอบกลับ หมด MA01/2563)
324,(ส่งใบเสนอราคาไปแล้ว แต่ยังไม่ตอบกลับ หมด MA02/2558)
325,(ส่งใบเสนอราคาไปแล้ว แต่ยังไม่ตอบกลับ หมด MA02/2564)
326,(ส่งใบเสนอราคาไปแล้ว แต่ยังไม่ตอบกลับ หมด MA03/2556)
327,(ส่งใบเสนอราคาไปแล้ว แต่ยังไม่ตอบกลับ หมด MA04/2563)
328,(ส่งใบเสนอราคาไปแล้ว แต่ยังไม่ตอบกลับ หมด MA09/2563)
329,(ส่งใบเสนอราคาไปแล้ว แต่ยังไม่ตอบกลับ หมด MA10/2559)
330,(ส่งใบเสนอราคาไปแล้ว แต่ยังไม่ตอบกลับ หมด MA11/2561)
331,(ส่งใบเสนอราคาไปแล้ว แต่ยังไม่ตอบกลับ หมด MA12/2561)
332,(ส่งใบเสนอราคาไปแล้ว แต่ยังไม่ตอบกลับ หมด09/2562)
333,(ส่งใบเสนอราคาไปแล้ว แต่ยังไม่ตอบกลับ หมดMA02/2565)
334,(ส่งใบเสนอราคาไปแล้ว แต่ยังไม่ตอบกลับหมด 01/2564)
335,(ส่งใบเสนอราคาไปแล้ว แต่ยังไม่ตอบกลับหมด 01/2565)
336,(ส่งใบเสนอราคาไปแล้ว แต่ยังไม่ตอบกลับหมด 06/2565)
337,(ส่งใบเสนอราคาไปแล้ว แต่ยังไม่ตอบกลับหมด 09/2560)
338,(ส่งใบเสนอราคาไปแล้ว แต่ยังไม่ตอบกลับหมด 09/2560)>>
339,(ส่งใบเสนอราคาไปแล้ว แต่ยังไม่ตอบกลับหมด 10/2564)
340,(ส่งใบเสนอราคาไปแล้ว แต่ยังไม่ตอบกลับหมด 12/2564 )
341,(ส่งใบเสนอราคาไปแล้ว ไม่มีการตอบกลับ หมด 01/2558)
342,(ส่งใบเสนอราคาไปแล้ว ไม่มีการตอบกลับ หมด 01/2562)
343,(ส่งใบเสนอราคาไปแล้ว ไม่มีการตอบกลับ หมด 01/2564)
344,(ส่งใบเสนอราคาไปแล้ว ไม่มีการตอบกลับ หมด 01/2565)
345,(ส่งใบเสนอราคาไปแล้ว ไม่มีการตอบกลับ หมด 02/2559)
346,(ส่งใบเสนอราคาไปแล้ว ไม่มีการตอบกลับ หมด 02/2560)
347,(ส่งใบเสนอราคาไปแล้ว ไม่มีการตอบกลับ หมด 02/2561)
348,(ส่งใบเสนอราคาไปแล้ว ไม่มีการตอบกลับ หมด 02/2562)
349,(ส่งใบเสนอราคาไปแล้ว ไม่มีการตอบกลับ หมด 02/2563)
350,(ส่งใบเสนอราคาไปแล้ว ไม่มีการตอบกลับ หมด 02/2564)
351,(ส่งใบเสนอราคาไปแล้ว ไม่มีการตอบกลับ หมด 02/2565)
352,(ส่งใบเสนอราคาไปแล้ว ไม่มีการตอบกลับ หมด 03/2557)
353,(ส่งใบเสนอราคาไปแล้ว ไม่มีการตอบกลับ หมด 03/2562)
354,(ส่งใบเสนอราคาไปแล้ว ไม่มีการตอบกลับ หมด 03/2563)
355,(ส่งใบเสนอราคาไปแล้ว ไม่มีการตอบกลับ หมด 03/2565 )
356,(ส่งใบเสนอราคาไปแล้ว ไม่มีการตอบกลับ หมด 03/2565)
357,(ส่งใบเสนอราคาไปแล้ว ไม่มีการตอบกลับ หมด 03/2565)(ลูกค้านัดรับเช็ค MA แล้ว)
358,(ส่งใบเสนอราคาไปแล้ว ไม่มีการตอบกลับ หมด 04/2562 )
359,(ส่งใบเสนอราคาไปแล้ว ไม่มีการตอบกลับ หมด 04/2562)
360,(ส่งใบเสนอราคาไปแล้ว ไม่มีการตอบกลับ หมด 04/2565)
361,(ส่งใบเสนอราคาไปแล้ว ไม่มีการตอบกลับ หมด 05/2557)
362,(ส่งใบเสนอราคาไปแล้ว ไม่มีการตอบกลับ หมด 05/2561)
363,(ส่งใบเสนอราคาไปแล้ว ไม่มีการตอบกลับ หมด 05/2564)
364,(ส่งใบเสนอราคาไปแล้ว ไม่มีการตอบกลับ หมด 05/2565)
365,(ส่งใบเสนอราคาไปแล้ว ไม่มีการตอบกลับ หมด 06/2558)
366,(ส่งใบเสนอราคาไปแล้ว ไม่มีการตอบกลับ หมด 06/2561)
367,(ส่งใบเสนอราคาไปแล้ว ไม่มีการตอบกลับ หมด 06/2563)
368,(ส่งใบเสนอราคาไปแล้ว ไม่มีการตอบกลับ หมด 06/2565)
369,(ส่งใบเสนอราคาไปแล้ว ไม่มีการตอบกลับ หมด 07/2559 )
370,(ส่งใบเสนอราคาไปแล้ว ไม่มีการตอบกลับ หมด 07/2559)
371,(ส่งใบเสนอราคาไปแล้ว ไม่มีการตอบกลับ หมด 07/2561)
372,(ส่งใบเสนอราคาไปแล้ว ไม่มีการตอบกลับ หมด 07/2563)
373,(ส่งใบเสนอราคาไปแล้ว ไม่มีการตอบกลับ หมด 07/2564)
374,(ส่งใบเสนอราคาไปแล้ว ไม่มีการตอบกลับ หมด 07/2565)
375,(ส่งใบเสนอราคาไปแล้ว ไม่มีการตอบกลับ หมด 08/2562)
376,(ส่งใบเสนอราคาไปแล้ว ไม่มีการตอบกลับ หมด 08/2563)
377,(ส่งใบเสนอราคาไปแล้ว ไม่มีการตอบกลับ หมด 08/2564)
378,(ส่งใบเสนอราคาไปแล้ว ไม่มีการตอบกลับ หมด 09/2558)
379,(ส่งใบเสนอราคาไปแล้ว ไม่มีการตอบกลับ หมด 09/2560)
380,(ส่งใบเสนอราคาไปแล้ว ไม่มีการตอบกลับ หมด 09/2563)
381,(ส่งใบเสนอราคาไปแล้ว ไม่มีการตอบกลับ หมด 09/2564)
382,(ส่งใบเสนอราคาไปแล้ว ไม่มีการตอบกลับ หมด 10/2561)
383,(ส่งใบเสนอราคาไปแล้ว ไม่มีการตอบกลับ หมด 10/2562)
384,(ส่งใบเสนอราคาไปแล้ว ไม่มีการตอบกลับ หมด 10/2563)
385,(ส่งใบเสนอราคาไปแล้ว ไม่มีการตอบกลับ หมด 10/2564)
386,(ส่งใบเสนอราคาไปแล้ว ไม่มีการตอบกลับ หมด 11/2561)
387,(ส่งใบเสนอราคาไปแล้ว ไม่มีการตอบกลับ หมด 11/2562)
388,(ส่งใบเสนอราคาไปแล้ว ไม่มีการตอบกลับ หมด 11/2564)
389,(ส่งใบเสนอราคาไปแล้ว ไม่มีการตอบกลับ หมด 12/2557)
390,(ส่งใบเสนอราคาไปแล้ว ไม่มีการตอบกลับ หมด 12/2561)
391,(ส่งใบเสนอราคาไปแล้ว ไม่มีการตอบกลับ หมด 12/2563)
392,(ส่งใบเสนอราคาไปแล้ว ไม่มีการตอบกลับ หมด 12/2564)
393,(ส่งใบเสนอราคาไปแล้ว ไม่มีการตอบกลับ หมด MA 10/2564)
394,(ส่งใบเสนอราคาไปแล้ว ไม่มีการตอบกลับ หมด MA 10/2564)>>
395,(ส่งใบเสนอราคาไปแล้ว ไม่มีการตอบกลับ หมด MA01/2558 )
396,(ส่งใบเสนอราคาไปแล้ว ไม่มีการตอบกลับ หมด MA03/2564)
397,(ส่งใบเสนอราคาไปแล้ว ไม่มีการตอบกลับ หมด MA05/2557)
398,(ส่งใบเสนอราคาไปแล้ว ไม่มีการตอบกลับ หมด MA05/2558)
399,(ส่งใบเสนอราคาไปแล้ว ไม่มีการตอบกลับ หมด MA08/2558 )
400,(ส่งใบเสนอราคาไปแล้ว ไม่มีการตอบกลับ หมด MA08/2565)
401,(ส่งใบเสนอราคาไปแล้ว ไม่มีการตอบกลับ หมด MA11/2560)
402,(ส่งใบเสนอราคาไปแล้ว ไม่มีการตอบกลับ หมด MA11/2564)
403,(ส่งใบเสนอราคาไปแล้ว ไม่มีการตอบกลับ หมด01/2565)
404,(ส่งใบเสนอราคาไปแล้ว ไม่มีการตอบกลับ หมด01/2565)>>
405,(ส่งใบเสนอราคาไปแล้ว ไม่มีการตอบกลับ หมด02/2561)
406,(ส่งใบเสนอราคาไปแล้ว ไม่มีการตอบกลับ หมด02/2564)
407,(ส่งใบเสนอราคาไปแล้ว ไม่มีการตอบกลับ หมด02/2565)
408,(ส่งใบเสนอราคาไปแล้ว ไม่มีการตอบกลับ หมด02/2565)>>
409,(ส่งใบเสนอราคาไปแล้ว ไม่มีการตอบกลับ หมด03/2565)
410,(ส่งใบเสนอราคาไปแล้ว ไม่มีการตอบกลับ หมด08/2564)
411,(ส่งใบเสนอราคาไปแล้ว ไมมีการตอบกลับ หมด09/2562)
412,(ส่งใบเสนอราคาไปแล้ว ไม่มีการตอบกลับ หมด09/2564)
413,(ส่งใบเสนอราคาไปแล้ว ไม่มีการตอบกลับ หมด10/2558)
414,(ส่งใบเสนอราคาไปแล้ว ไม่มีการตอบกลับ หมด10/2564)
415,(ส่งใบเสนอราคาไปแล้ว ไม่มีการตอบกลับ หมด11/2558)
416,(ส่งใบเสนอราคาไปแล้ว ไม่มีการตอบกลับ หมด11/2564)
417,(ส่งใบเสนอราคาไปแล้ว ไม่มีการตอบกลับ หมด12/2562)
418,(ส่งใบเสนอราคาไปแล้ว ไม่มีการตอบกลับ หมดMA 03/2560)
419,(ส่งใบเสนอราคาไปแล้ว ไม่มีการตอบกลับ หมดMA 04/2561)
420,(ส่งใบเสนอราคาไปแล้ว ไม่มีการตอบกลับ หมดMA 06/2552)
421,(ส่งใบเสนอราคาไปแล้ว ไม่มีการตอบกลับ หมดMA 07/2557)
422,(ส่งใบเสนอราคาไปแล้ว ไม่มีการตอบกลับ หมดMA 07/2562)
423,(ส่งใบเสนอราคาไปแล้ว ไม่มีการตอบกลับ หมดMA 08/2562)
424,(ส่งใบเสนอราคาไปแล้ว ไม่มีการตอบกลับ หมดMA 09/2564 )
425,(ส่งใบเสนอราคาไปแล้ว ไม่มีการตอบกลับ หมดMA 10/2561)
426,(ส่งใบเสนอราคาไปแล้ว ไม่มีการตอบกลับ หมดMA 10/2564)
427,(ส่งใบเสนอราคาไปแล้ว ไม่มีการตอบกลับ หมดMA 12/2557)
428,(ส่งใบเสนอราคาไปแล้ว ไม่มีการตอบกลับ หมดMA01/2562 )
429,(ส่งใบเสนอราคาไปแล้ว ไม่มีการตอบกลับ หมดMA03/2565)
430,(ส่งใบเสนอราคาไปแล้ว ไม่มีการตอบกลับ หมดMA04/2565)
431,(ส่งใบเสนอราคาไปแล้ว ไม่มีการตอบกลับ หมดMA05/2565)>>
432,(ส่งใบเสนอราคาไปแล้ว ไม่มีการตอบกลับ หมดMA07/2558 )
433,(ส่งใบเสนอราคาไปแล้ว ไม่มีการตอบกลับ หมดMA08/2563)
434,(ส่งใบเสนอราคาไปแล้ว ไม่มีการตอบกลับ หมดMA08/2564)
435,(ส่งใบเสนอราคาไปแล้ว ไม่มีการตอบกลับ หมดMA08/2564)>>
436,(ส่งใบเสนอราคาไปแล้ว ไม่มีการตอบกลับ หมดMA08/2565)
437,(ส่งใบเสนอราคาไปแล้ว ไม่มีการตอบกลับ หมดMA09/2564 )
438,(ส่งใบเสนอราคาไปแล้ว ไม่มีการตอบกลับ หมดMA09/2564)
439,(ส่งใบเสนอราคาไปแล้ว ไม่มีการตอบกลับ หมดMA11/2559)
440,(ส่งใบเสนอราคาไปแล้ว ไม่มีการตอบกลับ หมดMA12/2562 )
441,(ส่งใบเสนอราคาไปแล้ว ไม่มีการตอบกลับหมด MA12/2561
442,(ส่งใบเสนอราคาไปแล้ว ไม่มีการตอบกลับหมด02/2564)
443,(ส่งใบเสนอราคาไปแล้ว ไม่มีการตอบกลับหมด12/2563)
444,(ส่งใบเสนอราคาไปแล้ว ยังไม่ตอบกลับหมด(12/2563)
445,(ส่งใบเสนอราคาไปแล้วแต่ยังไม่ตอบกลับหมด 06/2563)
446,(ส่งใบเสนอราคาไปแล้วแต่ยังไม่ตอบกลับหมด04/2561)
447,(ส่งใบเสนอราคาไปแล้วไม่มีการตอบกลับ 12/2558)
448,(ส่งใบเสนอราคาไปแล้วไม่มีการตอบกลับ MAหมด 08/2562)
449,(ส่งใบเสนอราคาไปแล้วไม่มีการตอบกลับ MAหมด 09/2564)
450,(ส่งใบเสนอราคาไปแล้วไม่มีการตอบกลับ MAหมด 12/2562)
451,(ส่งใบเสนอราคาไปแล้วไม่มีการตอบกลับ MAหมด 12/2562)>>
452,(ส่งใบเสนอราคาไปแล้วไม่มีการตอบกลับ MAหมด 12/2564)
453,(ส่งใบเสนอราคาไปแล้วไม่มีการตอบกลับ หมด 01/2562)
454,(ส่งใบเสนอราคาไปแล้วไม่มีการตอบกลับ หมด 03/2555)
455,(ส่งใบเสนอราคาไปแล้วไม่มีการตอบกลับ หมด 03/2557)
456,(ส่งใบเสนอราคาไปแล้วไม่มีการตอบกลับ หมด 03/2559)
457,(ส่งใบเสนอราคาไปแล้วไม่มีการตอบกลับ หมด 03/2563)
458,(ส่งใบเสนอราคาไปแล้วไม่มีการตอบกลับ หมด 04/2563)
459,(ส่งใบเสนอราคาไปแล้วไม่มีการตอบกลับ หมด 05/2559)
460,(ส่งใบเสนอราคาไปแล้วไม่มีการตอบกลับ หมด 05/2563 )Email// ttlp15.jp@gmail.com
461,(ส่งใบเสนอราคาไปแล้วไม่มีการตอบกลับ หมด 05/2563)
462,(ส่งใบเสนอราคาไปแล้วไม่มีการตอบกลับ หมด 06/2561)
463,(ส่งใบเสนอราคาไปแล้วไม่มีการตอบกลับ หมด 06/2563)
464,(ส่งใบเสนอราคาไปแล้วไม่มีการตอบกลับ หมด 06/2564)
465,(ส่งใบเสนอราคาไปแล้วไม่มีการตอบกลับ หมด 07/2558)
466,(ส่งใบเสนอราคาไปแล้วไม่มีการตอบกลับ หมด 07/2562)
467,(ส่งใบเสนอราคาไปแล้วไม่มีการตอบกลับ หมด 07/2563 )
468,(ส่งใบเสนอราคาไปแล้วไม่มีการตอบกลับ หมด 07/2563)
469,(ส่งใบเสนอราคาไปแล้วไม่มีการตอบกลับ หมด 08/2562)
470,(ส่งใบเสนอราคาไปแล้วไม่มีการตอบกลับ หมด 09/2564)
471,(ส่งใบเสนอราคาไปแล้วไม่มีการตอบกลับ หมด 10/2559)
472,(ส่งใบเสนอราคาไปแล้วไม่มีการตอบกลับ หมด 10/2563)
473,(ส่งใบเสนอราคาไปแล้วไม่มีการตอบกลับ หมด 10/2564)
474,(ส่งใบเสนอราคาไปแล้วไม่มีการตอบกลับ หมด 11/2563 )
475,(ส่งใบเสนอราคาไปแล้วไม่มีการตอบกลับ หมด 11/2563)
476,(ส่งใบเสนอราคาไปแล้วไม่มีการตอบกลับ หมด 12/2557)
477,(ส่งใบเสนอราคาไปแล้วไม่มีการตอบกลับ หมด 12/2558)
478,(ส่งใบเสนอราคาไปแล้วไม่มีการตอบกลับ หมด 12/2563)
479,(ส่งใบเสนอราคาไปแล้วไม่มีการตอบกลับ หมด MA 01/2565)
480,(ส่งใบเสนอราคาไปแล้วไม่มีการตอบกลับ หมด MA 02/2565)
481,(ส่งใบเสนอราคาไปแล้วไม่มีการตอบกลับ หมด MA 03/2565)
482,(ส่งใบเสนอราคาไปแล้วไม่มีการตอบกลับ หมด MA 04/2562)
483,(ส่งใบเสนอราคาไปแล้วไม่มีการตอบกลับ หมด MA 04/2565)
484,(ส่งใบเสนอราคาไปแล้วไม่มีการตอบกลับ หมด MA 05/2562 )
485,(ส่งใบเสนอราคาไปแล้วไม่มีการตอบกลับ หมด MA 05/2563)
486,(ส่งใบเสนอราคาไปแล้วไม่มีการตอบกลับ หมด MA 05/2565)
487,(ส่งใบเสนอราคาไปแล้วไม่มีการตอบกลับ หมด MA 06/2565)
488,(ส่งใบเสนอราคาไปแล้วไม่มีการตอบกลับ หมด MA 07/2563)
489,(ส่งใบเสนอราคาไปแล้วไม่มีการตอบกลับ หมด MA 07/2565)
490,(ส่งใบเสนอราคาไปแล้วไม่มีการตอบกลับ หมด MA 08/2563)
491,(ส่งใบเสนอราคาไปแล้วไม่มีการตอบกลับ หมด MA 09/2553 )
492,(ส่งใบเสนอราคาไปแล้วไม่มีการตอบกลับ หมด MA 12/2561)
493,(ส่งใบเสนอราคาไปแล้วไม่มีการตอบกลับ หมด MA02/2560)
494,(ส่งใบเสนอราคาไปแล้วไม่มีการตอบกลับ หมด MA02/2562)
495,(ส่งใบเสนอราคาไปแล้วไม่มีการตอบกลับ หมด MA02/2563)
496,(ส่งใบเสนอราคาไปแล้วไม่มีการตอบกลับ หมด MA02/2564)>>
497,(ส่งใบเสนอราคาไปแล้วไม่มีการตอบกลับ หมด MA03/2550)
498,(ส่งใบเสนอราคาไปแล้วไม่มีการตอบกลับ หมด MA03/2558)
499,(ส่งใบเสนอราคาไปแล้วไม่มีการตอบกลับ หมด MA03/2561)
500,(ส่งใบเสนอราคาไปแล้วไม่มีการตอบกลับ หมด MA03/2564)
501,(ส่งใบเสนอราคาไปแล้วไม่มีการตอบกลับ หมด MA04/2562)
502,(ส่งใบเสนอราคาไปแล้วไม่มีการตอบกลับ หมด MA05/2564)
503,(ส่งใบเสนอราคาไปแล้วไม่มีการตอบกลับ หมด MA06/2559)
504,(ส่งใบเสนอราคาไปแล้วไม่มีการตอบกลับ หมด MA06/2562)
505,(ส่งใบเสนอราคาไปแล้วไม่มีการตอบกลับ หมด MA06/2563)
506,(ส่งใบเสนอราคาไปแล้วไม่มีการตอบกลับ หมด MA06/2564)
507,(ส่งใบเสนอราคาไปแล้วไม่มีการตอบกลับ หมด MA07/2559)
508,(ส่งใบเสนอราคาไปแล้วไม่มีการตอบกลับ หมด MA07/2562)
509,(ส่งใบเสนอราคาไปแล้วไม่มีการตอบกลับ หมด MA07/2562)>>
510,(ส่งใบเสนอราคาไปแล้วไม่มีการตอบกลับ หมด MA07/2563)
511,(ส่งใบเสนอราคาไปแล้วไม่มีการตอบกลับ หมด MA08/2563)
512,(ส่งใบเสนอราคาไปแล้วไม่มีการตอบกลับ หมด MA08/2564)
513,(ส่งใบเสนอราคาไปแล้วไม่มีการตอบกลับ หมด MA09/2553)
514,(ส่งใบเสนอราคาไปแล้วไม่มีการตอบกลับ หมด MA09/2562)
515,(ส่งใบเสนอราคาไปแล้วไม่มีการตอบกลับ หมด MA09/2562) (ลูกค้านัดรับเช็กแล้ว)
516,(ส่งใบเสนอราคาไปแล้วไม่มีการตอบกลับ หมด MA09/2564)
517,(ส่งใบเสนอราคาไปแล้วไม่มีการตอบกลับ หมด MA10/2561)
518,(ส่งใบเสนอราคาไปแล้วไม่มีการตอบกลับ หมด MA10/2564)
519,(ส่งใบเสนอราคาไปแล้วไม่มีการตอบกลับ หมด MA10/2564)>>
520,(ส่งใบเสนอราคาไปแล้วไม่มีการตอบกลับ หมด MA11/2564)
521,(ส่งใบเสนอราคาไปแล้วไม่มีการตอบกลับ หมด MA12/2563)
522,(ส่งใบเสนอราคาไปแล้วไม่มีการตอบกลับ หมด MA12/2564)
523,(ส่งใบเสนอราคาไปแล้วไม่มีการตอบกลับ หมด01/2561)
524,(ส่งใบเสนอราคาไปแล้วไม่มีการตอบกลับ หมด01/2564)
525,(ส่งใบเสนอราคาไปแล้วไม่มีการตอบกลับ หมด01/2564)(MA01/2564)
526,(ส่งใบเสนอราคาไปแล้วไม่มีการตอบกลับ หมด01/2564)NEW01/2563
527,(ส่งใบเสนอราคาไปแล้วไม่มีการตอบกลับ หมด01/2565)
528,(ส่งใบเสนอราคาไปแล้วไม่มีการตอบกลับ หมด02/2564)
529,(ส่งใบเสนอราคาไปแล้วไม่มีการตอบกลับ หมด03/2558)
530,(ส่งใบเสนอราคาไปแล้วไม่มีการตอบกลับ หมด03/2563)
531,(ส่งใบเสนอราคาไปแล้วไม่มีการตอบกลับ หมด03/2564)MA03/2564
532,(ส่งใบเสนอราคาไปแล้วไม่มีการตอบกลับ หมด04/2562)
533,(ส่งใบเสนอราคาไปแล้วไม่มีการตอบกลับ หมด04/2563)
534,(ส่งใบเสนอราคาไปแล้วไม่มีการตอบกลับ หมด04/2564)
535,(ส่งใบเสนอราคาไปแล้วไม่มีการตอบกลับ หมด05/2558)
536,(ส่งใบเสนอราคาไปแล้วไม่มีการตอบกลับ หมด05/2559)
537,(ส่งใบเสนอราคาไปแล้วไม่มีการตอบกลับ หมด05/2562)
538,(ส่งใบเสนอราคาไปแล้วไม่มีการตอบกลับ หมด05/2563)
539,(ส่งใบเสนอราคาไปแล้วไม่มีการตอบกลับ หมด06/2559)
540,(ส่งใบเสนอราคาไปแล้วไม่มีการตอบกลับ หมด08/2560) Email // habitown.cemco@gmail.com
541,(ส่งใบเสนอราคาไปแล้วไม่มีการตอบกลับ หมด08/2563)
542,(ส่งใบเสนอราคาไปแล้วไม่มีการตอบกลับ หมด10/2562)
543,(ส่งใบเสนอราคาไปแล้วไม่มีการตอบกลับ หมด10/2564)
544,(ส่งใบเสนอราคาไปแล้วไม่มีการตอบกลับ หมด11/2564)
545,(ส่งใบเสนอราคาไปแล้วไม่มีการตอบกลับ หมด12/2562)
546,(ส่งใบเสนอราคาไปแล้วไม่มีการตอบกลับ หมด12/2564)
547,(ส่งใบเสนอราคาไปแล้วไม่มีการตอบกลับ หมดMA04/2563 )
548,(ส่งใบเสนอราคาไปแล้วไม่มีการตอบกลับ หมดMA12/2562)
549,(ส่งใบเสนอราคาไปแล้วไม่มีการตอบกลับ หมดMA12/2563
550,(ส่งใบเสนอราคาไปแล้วไม่มีการตอบกลับหมด MA10/2564)
551,(ส่งใบเสนอราคาไปแล้วไม่มีการตอบกลับหมด MA11/2563 )
552,(ส่งใบเสนอราคาไปแล้วไม่มีการตอบกลับหมด11/2563
553,(ส่งใบเสนอราคาไปแล้วไม่มีการตอบกลับหมดMA12/2563 )
554,(ส่งใบเสนอราคาไปแล้วยังไม่ตอบกลับ หมด12/2563)
555,(ส่งใบเสนอราคาไปแล้วยังไม่มีการตอบกลับ หมด 03/2564)MA03/2564
556,(ส่งใบเสนอราคาไปแล้วยังไม่มีการตอบกลับ หมด03/2561)
557,(ส่งใบเสนอราคาไปแล้วยังไม่มีการตอบกลับ หมด04/2563 )
558,(ส่งใบเสนอราคาไปแล้วยังไม่มีการตอบกลับ หมด06/2563)
559,(ส่งใบเสนอราคาไปแล้วยังไม่มีการตอบกลับ หมด07/2560)
560,(ส่งใบเสนอราคาไปแล้วยังไม่มีการตอบกลับ หมด08/2560
561,(ส่งใบเสนอราคาไปแล้วยังไม่มีการตอบกลับ หมด08/2560)
562,(ส่งใบเสนอราคาไปแล้วยังไม่มีการตอบกลับ หมด11/2562)
563,(ส่งใบเสนอราคาไปแล้วยังไม่มีการตอบกลับ หมด11/2562)>>
564,(ส่งใบเสนอราคาไปแล้วยังไม่มีการตอบกลับ หมด12/2563)
565,(ส่งใบเสนอราคาไปแล้วยังไม่มีการตอบกลับ หมดMA03/2564)
566,(ส่งใบเสนอราคาไปแล้วยังไม่มีการตอบกลับหมด 01/2565)
567,(ส่งใบเสนอราคาไปแล้วยังไม่มีการตอบกลับหมด 09/2564)
568,(ส่งใบเสนอราคาไปแล้วยังไม่มีการตอบกลับหมด01/2560)
569,(ส่งใบเสนอราคาไปแล้วยังไม่มีการตอบกลับหมด04/2561)
570,(ส่งใบเสนอราคาไปแล้วยังไม่มีการตอบกลับหมด11/2564)
571,(ส่งใบเสนอราคาไปแล้วยังไม่มีการตอบกลับหมด12/2564)
572,"(ส่งใบเสนอราคาไปแล้วยังไม่มีการตอบกลับหมด12/2564) "
573,(ส่งใบเสนอราคาไปแล้วยังไม่มีการตอบกลับหมด12/2564) <>
574,(ส่งใบเสนอราคาไปแล้วยังไม่มีการตอบกลับหมด12/2564)>>
575,(ส่งใบเสนอราคาไปแล้วยังไม่มีการตอบกลับหมดMA04/2565)
576,(ส่งใบเสนอราคาไปแล้วยังไม่มีการตอบกลับหมดMA11/2563)
577,(ส่งใบเสรอราคาไปแล้วไม่มีการตอบกลับ หมด11/2562)
578,(ส่งใบแจ้งหนี้ MA แล้ว)
579,(หมด MA12/2564)
580,)>>ส่งใบเสนอราคาไปแล้ว ไม่มีการตอบกลับหมด02/2564
581,***<<(ไม่ต่อ MA หมด 05/2568 (NEW 05/2567)>>***
582,***ไม่ต่อ MA****ส่งใบเสนอราคาไปแล้ว แต่ยังไม่ตอบกลับ หมด 05/2555
583,***ไม่ต่อ MA***ส่งใบเสนอราคาไปแล้วไม่มีการตอบกลับ หมด MA08/2563***
584,***ไม่ต่อ MA***ส่งใบเสนอราคาไปแล้วไม่มีการตอบกลับ หมด07/2564
585,***ไม่ต่อMA ส่งใบเสนอราคาไปแล้วไม่มีการตอบกลับ หมด MA04/2562***
586,***ไม่ต่อMA ส่งใบเสนอราคาไปแล้วไม่มีการตอบกลับ หมด MA05/2557***
587,***ไม่ต่อMA ส่งใบเสนอราคาไปแล้วไม่มีการตอบกลับ หมด MA07/2558***
588,***ยังไม่ต่อ MA หมด ส่งใบเสนอราคาไปแล้วไม่มีการตอบกลับ หมด MA07/2560***
589,***ส่งใบเสนอราคาไปแล้วยังไม่มีการตอบกลับ หมด06/2564***
590,**ไม่ต่อ MA ส่งใบเสนอราคาไปแล้วไม่มีการตอบกลับ หมด 11/2559**
591,**ไม่ต่อ MA หมด ส่งใบเสนอราคาไปแล้ว แต่ยังไม่ตอบกลับ หมด MA12/2562**
592,**ไม่ต่อMA**
593,**ส่งใบเสนอราคาไปแล้วไม่มีการตอบกลับ >>>หมด MA03/2557**
594,*ไม่ต่อMA ส่งใบเสนอราคาไปแล้วไม่มีการตอบกลับ หมด MA04/2562
595,`<<(LICENCE 01/2568)>>`
596,<(MA 06/2569)>>
597,<(ไม่ต่อ MA ***หมด ส่งใบเสนอราคาไปแล้วไม่มีการตอบกลับ หมด01/2564)>>
598,<(ไม่ต่อ MA หมด 09/2555)>
599,<(ส่งใบเสนอราคาไปแล้ว ไม่มีการตอบกลับ หมด 03/2568)>><<(NEW 04/2567)>>
600,<(ส่งใบเสนอราคาไปแล้ว ไม่มีการตอบกลับ หมด 06/2568)>><<(NEW 06/2567)>>
601,<(ส่งใบเสนอราคาไปแล้ว ไม่มีการตอบกลับ หมด 11/2565)>
602,<< (GL)>>
603,<< MA หมด <<(MA 11/2566)>> (TF 11/2565)>>
604,<<( MA หมด 01/2559)>><<(TF 01/2558)>>
605,<<( MA หมด 06/2565)>>
606,<<( MA หมด 11/2559)>>
607,<<( MA12/2566)>>
608,<<( TF )<<(LICENCE 05/2568)>>
609,<<( TF )<<(LICENCE 05/2568)>>***รอลูกค้าชำระเงินก่อน***
610,<<( TF )<<(LICENCE 05/2569)>>***รอออกใบเสร็จ***
611,<<( TF 02/2568)>>
612,<<( TF 12/2567)>>
613,<<( ไม่ต่อ MA***ส่งใบเสนอราคาไปแล้ว แต่ยังไม่ตอบกลับ หมด 08/2564**)>>
614,<<( ส่งใบเสนอราคาไปแล้ว แต่ยังไม่ตอบกลับ หมด MA 12/2557 )>>
615,<<( ส่งใบเสนอราคาไปแล้ว แต่ยังไม่ตอบกลับ หมด MA12/2557 )>>
616,<<( หมด MA07/2565)>>
617,<<( หมดMA 07/2565)<<(NEW 07/2564)>>
618,<<((ไม่ต่อMA)ส่งใบเสนอราคาไปแล้ว ไม่มีการตอบกลับ หมด 07/2559)>>
619,<<(** MA หมด 06/2565**)>>
620,<<(** ไม่ต่อ MA** หมด 12/2562)>>
621,<<(***ไม่ต่อMA ส่งใบเสนอราคาไปแล้วไม่มีการตอบกลับ หมด 07/2558***)>>
622,<<(***ไม่ต่อMA ส่งใบเสนอราคาไปแล้วไม่มีการตอบกลับ หมด MA 10/2556***)>>
623,<<(**ไม่ต่อ MA ส่งใบเสนอราคาไปแล้ว ไม่มีการตอบกลับ หมด 09/2558**)>>
624,<<(**ไม่ต่อ MA ส่งใบเสนอราคาไปแล้วไม่มีการตอบกลับ หมด 02/2560**)>>
625,<<(**ไม่ต่อ MA ส่งใบเสนอราคาไปแล้วไม่มีการตอบกลับ หมด 05/2562**)>>
626,<<(**ไม่ต่อ MA ส่งใบเสนอราคาไปแล้วไม่มีการตอบกลับ หมด 11/2559**)>>
627,<<(**ไม่ต่อ MA ส่งใบเสนอราคาไปแล้วไม่มีการตอบกลับ หมด MA01/2562**)>>
628,<<(**ไม่ต่อ MA ส่งใบเสนอราคาไปแล้วยังไม่มีการตอบกลับหมด 06/2559**)>>
629,<<(**ไม่ต่อ MA ส่งใบเสนอราคาไปแล้วยังไม่มีการตอบกลับหมด 06/2559**)>><<(NEW 01/2560)>>
630,<<(**ไม่ต่อ MA ส่งใบเสนอราคาไปแล้วยังไม่มีการตอบกลับหมด 08/2555**)>>
631,<<(**ไม่ต่อ MA หมด 06/2565**)>>
632,<<(**ไม่ต่อ MA หมด ส่งใบเสนอราคาไปแล้ว แต่ยังไม่ตอบกลับ หมด MA06/2560**)>>
633,<<(**ไม่ต่อ MA หมด ส่งใบเสนอราคาไปแล้ว แต่ยังไม่ตอบกลับ หมด MA12/2562**)>>
634,<<(**ไม่ต่อ MA**ส่งใบเสนอราคาไปแล้ว แต่ยังไม่ตอบกลับ หมด 05/2555**)>>
635,<<(**ไม่ต่อMA ส่งใบเสนอราคาไปแล้วไม่มีการตอบกลับ หมด 07/2558**)>>
636,<<(**ไม่ต่อMA ส่งใบเสนอราคาไปแล้วไม่มีการตอบกลับ หมด MA 10/2556**)>>
637,<<(**ไม่ต่อMA ส่งใบเสนอราคาไปแล้วไม่มีการตอบกลับ หมด MA01/2562**)>>
638,<<(**ไม่ต่อMA ส่งใบเสนอราคาไปแล้วไม่มีการตอบกลับ หมด MA04/2562**)>>
639,<<(**ยังไม่ต่อ MA ส่งใบเสนอราคาไปแล้วไม่มีการตอบกลับ หมด MA07/2560**)>>
640,<<(**ยังไม่ต่อ MA หมด ส่งใบเสนอราคาไปแล้วไม่มีการตอบกลับ หมด MA07/2560**)>>
641,<<(**ส่งใบเสนอราคาไปแล้วไม่มีการตอบกลับ >>>หมด MA03/2557**)>>
642,<<(**ส่งใบเสนอราคาไปแล้วไม่มีการตอบกลับ >>หมด MA03/2557**)>>
643,<<(**ส่งใบเสนอราคาไปแล้วไม่มีการตอบกลับ หมด 03/2557**)>>
644,<<(**ส่งใบเสนอราคาไปแล้วไม่มีการตอบกลับ หมด MA03/2557**)>>
645,<<(*ไม่ต่อ MA หมด ส่งใบเสนอราคาไปแล้ว แต่ยังไม่ตอบกลับ หมด MA12/2562**)>>
646,<<(*ไม่ต่อ MA**ส่งใบเสนอราคาไปแล้ว แต่ยังไม่ตอบกลับ หมด 05/2555**)>>
647,<<(*ไม่ต่อMA ส่งใบเสนอราคาไปแล้ว ไม่มีการตอบกลับ หมด MA04/2562**)>>
648,<<(*ไม่ต่อMA หมด <<(MA 01/2567)>><<(NEW 01/2566)>>**)>>
649,<<(*ไม่ต่อMA**)>>
650,<<(*ไม่ต่อMAส่งใบเสนอราคาไปแล้วไม่มีการตอบกลับ หมด 01/2552**)>>
651,<<(*ไม่ต่อMAส่งใบเสนอราคาไปแล้วไม่มีการตอบกลับ หมด 07/2562**)>>
652,<<(Cemco ไม่ต่อMA หมด 08/2560)>>
653,<<(Cemco ไม่ต่อMA หมด 10/2559)>>
654,<<(CQ )>>
655,<<(CQ)>>
656,<<(CQ+WT)>>
657,<<(GL)>>
658,<<(LICENCE 01/2566) (TF 01/2566)>>
659,<<(LICENCE 01/2566) (TF 01/2566)>>(ลูกค้านัดชำระไม่เกินวันที่ 25/2/2566 นี้ค่ะ)>>
660,<<(LICENCE 01/2566) <<(TF 01/2566)>>>>
661,<<(LICENCE 01/2566)>>
662,<<(LICENCE 01/2566)>>(ทำการชำระได้ในวันที่ 5 มี.ค. 2566)>>
663,<<(LICENCE 01/2566)>>(ลูกค้าจะโอนให้ภายในวันที่ 10/3/66 ให้ติดตั้งสิทธิ์ให้ก่อนได้เลยคะ)>>
664,<<(LICENCE 01/2566)>>(ลูกค้านัดรับเช็ค) วันที่ 14/2/2566)>>
665,<<(LICENCE 01/25667)>>
666,<<(LICENCE 01/25667>>
667,<<(LICENCE 01/2567)>>
668,<<(LICENCE 01/2567)>> ส่งคิวและเปิดระบบให้ลูกค้าใช้ก่อน ติดตั้งสิทธิ์ให้ใช้ได้ 5 วัน ก่อน ***ลูกค้าแจ้งว่าจะโอนเงินให้พรุ่งนี้
669,<<(LICENCE 01/2567)>>(TF07/2566)>>
670,<<(LICENCE 01/2567>>
671,<<(LICENCE 01/2568)>>
672,<<(LICENCE 01/2569)>>
673,<<(LICENCE 01/2570)>>
674,<<(LICENCE 02/2565)>>
675,<<(LICENCE 02/2566)>>
676,<<(LICENCE 02/2567)>>
677,<<(LICENCE 02/2568)>>
678,<<(LICENCE 02/2569)>>
679,<<(LICENCE 02/2570)>>
680,<<(LICENCE 03/2566)>>
681,<<(LICENCE 03/2566)>>(ลูกค้าแจ้งว่าจะได้เช็ควันที่ 20)
682,<<(LICENCE 03/2566)>>ลูกค้าแจ้งว่าจะให้ไปรับเช็คหลังสงกรานต์>>
683,<<(LICENCE 03/2567)>>
684,<<(LICENCE 03/2567)>>***(ส่งคิวได้เลยนะคะ ลูกค้ากำลังทำเช็คให้ค่ะ)>>
685,<<(LICENCE 03/2568)>>
686,<<(LICENCE 03/2568)>>***(ส่งคิวได้เลยนะคะ ลูกค้ากำลังทำเช็คให้ค่ะ)>>
687,<<(LICENCE 03/2569)>>
688,<<(LICENCE 03/2570)>>
689,<<(LICENCE 04/2566)>>
690,<<(LICENCE 04/2567)>>
691,<<(LICENCE 04/2567)>>ส่งคิวได้เลยค่ะ เดือนเมษาจ่ายแล้ว เดือนนี้ลูกค้าจะจ่ายประมาณจะสิ้นเดือน>>
692,<<(LICENCE 04/2568)>>
693,<<(LICENCE 04/2569)>>
694,<<(LICENCE 04/2570)>>
695,<<(LICENCE 05/2566)>>
696,<<(LICENCE 05/2566)>>(TF05/2566)>>
697,<<(LICENCE 05/2567)>>
698,<<(LICENCE 05/2568)>>
699,<<(LICENCE 05/2568)>>รอชำระเงิน>>
700,<<(LICENCE 05/2569)>>
701,<<(LICENCE 05/2569>>
702,<<(LICENCE 05/2570)>>
703,<<(LICENCE 06/2565)>> (วันที่ 28/10/65 จะฝากเช็คค่าเช่าให้ค่ะ)
704,<<(LICENCE 06/2565)>> (วันที่ 28/10/65 จะฝากเช็คค่าเช่าให้ค่ะ)>>
705,<<(LICENCE 06/2566)>>
706,<<(LICENCE 06/2566)>>(จะโอนให้เงินให้ภายในวันที่ 15/7/66)>>
707,<<(LICENCE 06/2566)>><<(LICENCE 09/2566)>><<(LICENCE 10/2566)>>
708,<<(LICENCE 06/2567)>>
709,<<(LICENCE 06/2568)>>
710,<<(LICENCE 06/2569)>>
711,<<(LICENCE 07/2566)>>
712,<<(LICENCE 07/2567)>>
713,<<(LICENCE 07/2568)>>
714,<<(LICENCE 07/2568)>>ลูกค้าจะฝากเช็คค่าเช่าให้ วันที่ 30/7/67)
715,<<(LICENCE 07/2569)>>
716,<<(LICENCE 07/2570)>>
717,<<(LICENCE 08/2566)>>
718,<<(LICENCE 08/2567)>>
719,<<(LICENCE 08/2567)>><<(TF 08/2567)>>
720,<<(LICENCE 08/2568)>>
721,<<(LICENCE 08/2569)>>
722,<<(LICENCE 09/2565)>>
723,<<(LICENCE 09/2565)>> รอรับเช็ค
724,<<(LICENCE 09/2566)>>
725,<<(LICENCE 09/2566)>>(ส่งคิวได้เลยคะ /เขาจะทำเช็คให้วันที่ 30/11/66 คะ)>>
726,<<(LICENCE 09/2567)>>
727,<<(LICENCE 09/2568)>>
728,<<(LICENCE 09/2569)>>
729,<<(LICENCE 1 M.)>>
730,<<(LICENCE 1 M.)>> (วางบิล และชำระเพิ่มค่าเช่ารายเดือน) ***รอออกใบเสร็จ***
731,<<(LICENCE 10/2565)>>
732,<<(LICENCE 10/2566)>>
733,<<(LICENCE 10/2566)>> ***(ส่งคิวได้เลย ลูกค้าจะทำเช็คจ่ายให้ภายในสิ้นเดือนนี้)>>
734,<<(LICENCE 10/2567)>>
735,<<(LICENCE 10/2568)>>
736,<<(LICENCE 10/2569)>>
737,<<(LICENCE 11/2565) (ลูกค้าแจ้งมาแล้ว จะโอนให้ภายใน 25/1/66 ให้ติดตั้งสิทธิ์ถึงวันนี้)>>
738,<<(LICENCE 11/2565)>>
739,<<(LICENCE 11/2566)>>
740,<<(LICENCE 11/2567)>>
741,<<(LICENCE 11/2568)>>
742,<<(LICENCE 11/2569)>>
743,<<(LICENCE 11/2569)>>(TF)>>
744,<<(LICENCE 12/2565)>>
745,<<(LICENCE 12/2566)>>
746,<<(LICENCE 12/2567)>>
747,<<(LICENCE 12/2568)>>
748,<<(LICENCE 12/2569)>>
749,<<(LICENCE 1M. )>>
750,<<(LICENCE 1M.)>>
751,<<(LICENCE 25D.)>>
752,<<(LICENCE M1.)>>
753,<<(LICENCE)>>
754,<<(LICENCE)>>(รับเช็คค่าเช่าพรุ่งนี้ ยอด 16 432 บาท)>>
755,<<(LICENCE0 1/2567)>>
756,<<(LICENCE01/2566)>>
757,<<(LICENCE02/2566)>>
758,<<(LICENCE03/2566)>>
759,<<(LICENCE04/2566)>>
760,<<(LICENCE04/2567)>>
761,<<(LICENCE05/2566)>>
762,<<(LICENCE05/2567)>>
763,<<(LICENCE08/2566)>>
764,<<(LICENCE08/2567)>>
765,<<(LICENCE09/2565)>>
766,<<(LICENCE09/2566)>>
767,<<(LICENCE10/2565)>>
768,<<(LICENCE10/2565)>>(แจ้งหนี้แล้ว)
769,<<(LICENCE10/2566)>>
770,<<(LICENCE10/2568)>>
771,<<(LICENCE11/2565)>>
772,<<(LICENCE11/2565)>>(ลูกค้านัดชำระไม่เกินวันที่ 25/2/2566 นี้ค่ะ)>>
773,<<(LICENCE11/2566)>>
774,<<(LICENCE12/2565)(ลูกค้าแจ้งรับเช็คแล้วคะ)>>
775,<<(LICENCE12/2565)>>
776,<<(MA **PMC*** ไม่ต่อ MA หมด 01/2559) (TF03/2564)>>
777,<<(MA **PMC*** ไม่ต่อ MA หมด 01/2559)>>
778,<<(MA 01/2566)>>
779,<<(MA 01/2567)>>
780,<<(MA 01/2568)>>
781,<<(MA 01/2568>>
782,<<(MA 01/2569)>>
783,<<(MA 01/2569>>
784,<<(MA 01/2570)>>
785,<<(MA 02/2566)>>
786,<<(MA 02/2567)>>
787,<<(MA 02/2568)>>
788,<<(MA 02/2569)>>
789,<<(MA 02/2570)>>
790,<<(MA 03/2566)>>
791,<<(MA 03/2567)>>
792,<<(MA 03/2567)>>(TF) (ลูกค้าใช้สิทธิ์โอนสิทธิ์ จะนำเช็คฝากให้ภายในวันที่ 16/8/66)>>
793,<<(MA 03/2567)>>(TF)>>
794,<<(MA 03/2567)>>(TF08/2566)>>
795,<<(MA 03/2568)>>
796,<<(MA 03/2569)>>
797,<<(MA 03/2570)>>
798,<<(MA 04/2566)>>
799,<<(MA 04/2567)>>
800,<<(MA 04/2568)>>
801,<<(MA 04/2569)>>
802,<<(MA 04/2570)>>
803,<<(MA 05/2566)>>
804,<<(MA 05/2567)>>
805,<<(MA 05/2568)>>
806,<<(MA 05/2569)>>
807,<<(MA 05/2570)>>
808,<<(MA 06/2566)>>
809,<<(MA 06/2567)>>
810,<<(MA 06/2568)>>
811,<<(MA 06/2569)>>
812,<<(MA 06/2570)>>
813,<<(MA 07/2566)>>
814,<<(MA 07/2566)>><<(MA 08/2566)>>
815,<<(MA 07/2566)>><<(TF 02/2566)>>
816,<<(MA 07/2567)>>
817,<<(MA 07/2567>>
818,<<(MA 07/2568)>>
819,<<(MA 07/25689>>
820,<<(MA 07/2569)>>
821,<<(MA 07/2569>>
822,<<(MA 07/2570)>>
823,<<(MA 08/2566)>>
824,<<(MA 08/2566)>><<(MA 10/2566)>>
825,<<(MA 08/2567)>>
826,<<(MA 08/2568)>>
827,<<(MA 08/2568>>
828,<<(MA 08/2569)>>
829,<<(MA 08/2569>>
830,<<(MA 08/2570)>>
831,<<(MA 09/2566) (TF07/2566)>>
832,<<(MA 09/2566) (TF09/2565)>>
833,<<(MA 09/2566)>>
834,<<(MA 09/2567) (TF07/2566)>>
835,<<(MA 09/2567) (TF09/2565)>>
836,<<(MA 09/2567)>>
837,<<(MA 09/2568)>>
838,<<(MA 09/2568>>
839,<<(MA 09/2569)>>
840,<<(MA 09/2569>>
841,<<(MA 09/2570)>>
842,<<(MA 10/2565)>>
843,<<(MA 10/2566)>>
844,<<(MA 10/2567)>>
845,<<(MA 10/2568)>>
846,<<(MA 10/2568>>
847,<<(MA 10/2569)>>
848,<<(MA 10/2569)>><<(ส่งใบเสนอราคาไปแล้ว แต่ยังไม่ตอบกลับ หมด 02/2561)>>
849,<<(MA 10/2571)>>
850,<<(MA 11/2565)>>
851,<<(MA 11/2566)>>
852,<<(MA 11/2567)>>
853,<<(MA 11/2568)>>
854,<<(MA 11/2569)>>
855,<<(MA 12/2565)>>
856,<<(MA 12/2566) >>
857,<<(MA 12/2566) (TF 09/2566)>>
858,<<(MA 12/2566)>>
859,<<(MA 12/2566)>><<(TF 03/2566)>>
860,<<(MA 12/25667)>>
861,<<(MA 12/2567)>>
862,<<(MA 12/2567)>><<(TF 01/2566)>>
863,<<(MA 12/2567)>><<(TF 09/2566)>>
864,<<(MA 12/2568)>>
865,<<(MA 12/2568)>>***ยังไม่มีใบแจ้งหนี้ MA***
866,<<(MA 12/2569)>>
867,<<(MA PMC ไม่ต่อ MA หมด 01/2559)>>
868,<<(MA PMC ไม่ต่อ MA หมด 10/2559)>>(TF03/2564)>>
869,<<(MA PMC ไม่ต่อ MA หมด 10/2559)>>(TF07/2564)>>
870,<<(MA หมด ( TF08/2564)>>
871,<<(MA หมด 03/2566)>>
872,<<(MA หมด 04/2562)>>
873,<<(MA หมด 05/2568)>><<(NEW 05/2567)>>
874,<<(MA หมด 06/2567)>><<(NEW 06/2566)>>
875,<<(MA หมด 07/2566)>>
876,<<(MA หมด 08/2565)>>
877,<<(MA หมด 08/2566)>>
878,<<(MA หมด 09/2564)>>
879,<<(MA หมด 09/2566)>><<(NEW 09/2565)>>
880,<<(MA หมด 11/2567)>>
881,<<(MA หมด 12/2566)>>
882,<<(MA หมด<<(MA 12/2567)>>
883,<<(MA หมด<<(MA 12/2567)>><<(TF 01/2566)>>
884,<<(MA หมด<<(MA 12/2567)>><<(TF 09/2566)>>
885,<<(MA01/2566)>>
886,<<(MA01/2567)>>
887,<<(MA01/2568)>>
888,<<(MA02/2566)>>
889,<<(MA02/2567)>>
890,<<(MA02/2568)>>
891,<<(MA03/2566)>>
892,<<(MA03/2567)>>
893,<<(MA03/2568)>>
894,<<(MA04/2566)>>
895,<<(MA04/2567)>>
896,<<(MA04/2568)>>
897,<<(MA05/2566)>>
898,<<(MA06/2566)>>
899,<<(MA07/2566)>>
900,<<(MA08/2566)>>
901,<<(MA08/2567)>>
902,<<(MA08/2568)>>
903,<<(MA08/2569)>>
904,<<(MA09/2566)>>
905,<<(MA10/2565)>>
906,<<(MA10/2566)>>
907,<<(MA10/2567)>>
908,<<(MA10/2568)>>
909,<<(MA10/2569)>>
910,<<(MA11/2565)>>
911,<<(MA11/2566)>>
912,<<(MA11/2567)>>
913,<<(MA11/2568)>>
914,<<(MA11/2569)>>
915,<<(MA12/2565)>>
916,<<(MA12/2566)>>
917,<<(MA12/2567)>>
918,<<(MA12/2568)>>
919,<<(NEW )>>
920,<<(NEW )>> ( ลูกค้าจะโอนเงินภายในวันที่ 31/10/2565)>>
921,<<(NEW )>>(นำฝากธนาคารพรุ่งนี้)
922,<<(NEW )>>(ลูกค้าจะฝากเช็คค่าโปรแกรมให้ภายในวันที่ 31/1/67)>>
923,<<(NEW )>>(วางบิลแล้ว)
924,<<(NEW 01//2568)>>
925,<<(NEW 01/2565)>>
926,<<(NEW 01/2566)>>
927,<<(NEW 01/2567)>>
928,<<(NEW 01/2568)>>
929,<<(NEW 01/2569)>>
930,<<(NEW 02/2566)>>
931,<<(NEW 02/2567)>>
932,<<(NEW 02/2568)>>
933,<<(NEW 02/2569)>>
934,<<(NEW 03/2565)>>
935,<<(NEW 03/2566)>>
936,<<(NEW 03/2567 )>>
937,<<(NEW 03/2567)>>
938,<<(NEW 03/2567)>>(ขอจ่ายเงิน วันที่ 1/4/67)>>
939,<<(NEW 03/2568 )>>
940,<<(NEW 03/2568)>>
941,<<(NEW 03/2569)>>
942,<<(NEW 03/2569)>>(วางบิลแล้ว ลูกค้าจะโอนชำระให้ค่ะ)
943,<<(NEW 04//2566)>>
944,<<(NEW 04/2565)>>
945,<<(NEW 04/2566)>>
946,<<(NEW 04/2567 )>>
947,<<(NEW 04/2567)>>
948,<<(NEW 04/2568 )>>
949,<<(NEW 04/2568)>>
950,<<(NEW 04/2569)>>
951,<<(NEW 05/2558)>> <<(MA หมด 05/2559)>>
952,<<(NEW 05/2565)>>
953,<<(NEW 05/2566)>>
954,<<(NEW 05/2566)>><<(MA 05/2568)>>
955,<<(NEW 05/2567)>>
956,<<(NEW 05/2568 )>>
957,<<(NEW 05/2568)>>
958,<<(NEW 05/2569)>>
959,<<(NEW 06/2565)>>
960,<<(NEW 06/2566)>>
961,<<(NEW 06/2566)>> ยังไม่ต้องส่งคิวนะคะ เพราะลูกค้านัดโอนเงินค่าโปรแกรม แต่ยังไม่โอนคะ
962,<<(NEW 06/2567 )>>
963,<<(NEW 06/2567 )>> (ลูกค้าจะโอนเงินให้วันจันทร์)>>
964,<<(NEW 06/2567)>>
965,<<(NEW 06/2568)>>
966,<<(NEW 06/2568)>>รออกใบเสร็จ
967,<<(NEW 06/2568)>>รอออกใบเสร็จ***รอลูกค้าชำระเงินก่อนนะคะ***
968,<<(NEW 06/2569)>>
969,<<(NEW 07/2564)>>
970,<<(NEW 07/2565)>>
971,<<(NEW 07/2566)>>
972,<<(NEW 07/2567)>>
973,<<(NEW 07/2568)
974,<<(NEW 07/2568)>>
975,<<(NEW 07/2568)>>(ลูกค้าจะโอนค่าโปรแกรมให้ วันที่ 31/7/2568 )
976,<<(NEW 08/2565)>>
977,<<(NEW 08/2566)>>
978,<<(NEW 08/2567)>>
979,<<(NEW 08/2568)>>
980,<<(NEW 09/2560)>><<(MA หมด 09/2561)>>
981,<<(NEW 09/2565)>>
982,<<(NEW 09/2566 )>>
983,<<(NEW 09/2566)>>
984,<<(NEW 09/2567 )>>
985,<<(NEW 09/2567)>>
986,<<(NEW 09/2568)>>
987,<<(NEW 10/2564)>>
988,<<(NEW 10/2565 )>>
989,<<(NEW 10/2565)>>
990,<<(NEW 10/2565)>>แจ้งหนี้แล้ว รอชำระเงิน
991,<<(NEW 10/2566)>>
992,<<(NEW 10/2567)>>
993,<<(NEW 10/2568 )>>
994,<<(NEW 10/2568)>>
995,<<(NEW 10/2568)>>รอชำระเงิน
996,<<(NEW 11/2564)>>
997,<<(NEW 11/2565)>>
998,<<(NEW 11/2566 )>>
999,<<(NEW 11/2566)>>
1000,<<(NEW 11/2566)>>(ลูกค้าจะฝากเช็คให้ภายในวันจันทร์ วันที่ 13/11/2566)>>
1001,<<(NEW 11/2566)>>)>>
1002,<<(NEW 11/2567 )>>
1003,<<(NEW 11/2567)>>
1004,<<(NEW 11/2568 )>>
1005,<<(NEW 11/2568)>>
1006,<<(NEW 12/2564)>>
1007,<<(NEW 12/2565)>>
1008,<<(NEW 12/2566 )>>
1009,<<(NEW 12/2566)>>
1010,<<(NEW 12/2566)>><<( TF 07/2567)>>
1011,<<(NEW 12/2567)>>
1012,<<(NEW 12/2568)>>
1013,<<(NEW)>>
1014,<<(NEW01/2565)>>
1015,<<(NEW07/2564)>>
1016,<<(NEW10/2565)>>
1017,<<(NEW11/2564)>>
1018,<<(NEW12/2564)>>
1019,<<(TF 01/2566)>>
1020,<<(TF 01/2567 )>>
1021,<<(TF 01/2569)>>
1022,<<(TF 02/2566)>>
1023,<<(TF 02/2568 )>>
1024,<<(TF 02/2568)>>
1025,<<(TF 03/2567)>>
1026,<<(TF 03/2567)>><<(MA หมด 03/2568>>
1027,<<(TF 03/2567)>>หมด <<(MA 03/2568)>>
1028,<<(TF 03/2569)>>
1029,<<(TF 04/2567)>>
1030,<<(TF 04/2569)>>
1031,<<(TF 05/2566)>>
1032,<<(TF 05/2567)>>
1033,<<(TF 05/2568)>>
1034,<<(TF 06/2568)>>
1035,<<(TF 07/2567)>><<(MA 02/2568)>>
1036,<<(TF 07/2568 )>>
1037,<<(TF 08/2565) (LICENCE 05/2566)>>
1038,<<(TF 08/2568)>>
1039,<<(TF 09/2567)>>
1040,<<(TF 09/2567)>><<(MA 12/2568)>>
1041,<<(TF 10/2565)>>
1042,<<(TF 10/2566)>>
1043,<<(TF 10/2567)>>
1044,<<(TF 10/2568)>>
1045,<<(TF 11/2565)>>
1046,<<(TF 11/2565)>>(ลูกค้าใช้สิทธิ์โอนสิทธิ์ จะฝากเช็คให้ วันที่ 30/11/2565) >>
1047,<<(TF 11/2565)>>(ลูกค้าใช้สิทธิ์โอนสิทธิ์ จะฝากเช็คให้ วันที่ 30/11/2565) >>**ส่วคิวให้วันนี้นะคะ ลูกค้าจะเดินการเรื่อง MA ให้คะ**วันที่ 8/11/2566***
1048,<<(TF 11/2566 )>>
1049,<<(TF 11/2567)>>
1050,<<(TF 12/2567)>>
1051,<<(TF 12/2568)>>
1052,<<(TF/03/2567)>>
1053,<<(TF03/2563) ( Mage ไม่ต่อMA หมด **ส่งใบเสนอราคาไปแล้วไม่มีการตอบกลับ หมด 06/2560)>>
1054,<<(TF08/2565) (LICENCE 05/2566)>>
1055,<<(TF08/2565) (LICENCE05/2566)>>
1056,<<(TF08/2566)>>
1057,<<(TF10/2566)>>
1058,<<(TF12/2564) (MA03/2566)>>
1059,<<(WT) >>
1060,<<(WT)>>
1061,<<(WT-PRO)>>
1062,<<(ใบแจ้งหนี้ไปแล้ว ไม่มีการตอบกลับหมด 05/2568)>>
1063,<<(ใบแจ้งหนี้ไปแล้ว ไม่มีการตอบกลับหมด 06/2568)>>
1064,<<(ใบแจ้งหนี้ไปแล้ว ไม่มีการตอบกลับหมด 07/2568)>>
1065,<<(ใบแจ้งหนี้ไปแล้ว ไม่มีการตอบกลับหมด 08/2568)>>
1066,<<(ไม่เจอข้อมูลว่าเป็นลูกค้า)>>
1067,<<(ไม่ต่อ MA ** หมด MA02/2560**)>>
1068,<<(ไม่ต่อ MA ***ส่งใบเสนอราคาไปแล้ว แต่ยังไม่ตอบกลับ หมด 05/2557***)>>
1069,<<(ไม่ต่อ MA ***ส่งใบเสนอราคาไปแล้ว แต่ยังไม่ตอบกลับ หมด MA04/2564***)>>
1070,<<(ไม่ต่อ MA ***ส่งใบเสนอราคาไปแล้ว ไม่มีการตอบกลับ หมด 08/2554)>>
1071,<<(ไม่ต่อ MA ***ส่งใบเสนอราคาไปแล้วไม่มีการตอบกลับ หมด 02/2555)***)>>
1072,<<(ไม่ต่อ MA ***ส่งใบเสนอราคาไปแล้วไม่มีการตอบกลับ หมด09/2557***)>>
1073,<<(ไม่ต่อ MA ***หมด ส่งใบเสนอราคาไปแล้วไม่มีการตอบกลับ หมด01/2564)>>
1074,<<(ไม่ต่อ MA **ส่งใบเสนอราคาไปแล้ว แต่ยังไม่ตอบกลับ หมด 12/2556**)>>
1075,<<(ไม่ต่อ MA **ส่งใบเสนอราคาไปแล้ว ไม่มีการตอบกลับ หมด 01/2558**)>>
1076,<<(ไม่ต่อ MA **ส่งใบเสนอราคาไปแล้วไม่มีการตอบกลับ หมด 04/2556**)>>
1077,<<(ไม่ต่อ MA **ส่งใบเสนอราคาไปแล้วไม่มีการตอบกลับ หมด MA04/2562**)>>
1078,<<(ไม่ต่อ MA **ส่งใบเสนอราคาไปแล้วไม่มีการตอบกลับ หมด MA04/2564**)>>
1079,<<(ไม่ต่อ MA **ส่งใบเสนอราคาไปแล้วไม่มีการตอบกลับ หมด09/2556**)>>
1080,<<(ไม่ต่อ MA **หมด MA02/2560**)>>
1081,<<(ไม่ต่อ MA *ส่งใบเสนอราคาไปแล้ว แต่ยังไม่ตอบกลับ หมด 08/2563*)>><<(TF 01/2566)>>
1082,<<(ไม่ต่อ MA ส่งใบเสนอราคาไปแล้ว ไม่มีการตอบกลับ หมด 01/2565)>>
1083,<<(ไม่ต่อ MA ส่งใบเสนอราคาไปแล้ว ไม่มีการตอบกลับ หมด 09/2560)>>
1084,<<(ไม่ต่อ MA ส่งใบเสนอราคาไปแล้วแต่ยังไม่ตอบกลับ หมด 11/2556)>>
1085,<<(ไม่ต่อ MA ส่งใบเสนอราคาไปแล้วแต่ยังไม่ตอบกลับ หมด MA11/2556 )>>
1086,<<(ไม่ต่อ MA ส่งใบเสนอราคาไปแล้วไม่มีการตอบกลับ หมด 01/2556 )>>
1087,<<(ไม่ต่อ MA ส่งใบเสนอราคาไปแล้วไม่มีการตอบกลับ หมด 01/2557)>>
1088,<<(ไม่ต่อ MA ส่งใบเสนอราคาไปแล้วไม่มีการตอบกลับ หมด 11/2555)>>
1089,<<(ไม่ต่อ MA ส่งใบเสนอราคาไปแล้วไม่มีการตอบกลับ หมด MA05/2561)>>
1090,<<(ไม่ต่อ MA ส่งใบเสนอราคาไปแล้วไม่มีการตอบกลับ หมด MA05/2563)>>
1091,<<(ไม่ต่อ MA ส่งใบเสนอราคาไปแล้วไม่มีการตอบกลับ หมด MA06/2554)>>
1092,<<(ไม่ต่อ MA ส่งใบเสนอราคาไปแล้วไม่มีการตอบกลับ หมด MA06/2560)>>
1093,<<(ไม่ต่อ MA ส่งใบเสนอราคาไปแล้วไม่มีการตอบกลับ หมด MA06/2560)>><<(NEW 06/2559)>>
1094,<<(ไม่ต่อ MA ส่งใบเสนอราคาไปแล้วไม่มีการตอบกลับ หมด MA12/2558)>>
1095,<<(ไม่ต่อ MA หมด 01/2560)>>
1096,<<(ไม่ต่อ MA หมด 01/2563)>>
1097,<<(ไม่ต่อ MA หมด 07/2559)>>
1098,<<(ไม่ต่อ MA หมด 09/2550))>>
1099,<<(ไม่ต่อ MA หมด 09/2550)>>
1100,<<(ไม่ต่อ MA หมด 09/2555)>>
1101,<<(ไม่ต่อ MA หมด 11/2558 ไซท์นี้)>>
1102,<<(ไม่ต่อ MA หมด MA 06/2559)>><<(NEW 06/2558)>>
1103,<<(ไม่ต่อ MA หมด MA06/2559)>>
1104,<<(ไม่ต่อ MA หมด** ส่งใบเสนอราคาไปแล้ว แต่ยังไม่ตอบกลับ หมด 12/2561**)>>
1105,<<(ไม่ต่อ MA หมด** ส่งใบเสนอราคาไปแล้วไม่มีการตอบกลับ หมด MA09/2560**)>>
1106,<<(ไม่ต่อ MA หมด** ส่งใบเสนอราคาไปแล้วไม่มีการตอบกลับ หมด MA09/2560**)>><<(NEW 09/2559)>>
1107,<<(ไม่ต่อ MA หมด10/2559 )>>
1108,<<(ไม่ต่อ MA** ส่งใบเสนอราคาไปแล้ว แต่ยังไม่ตอบกลับ หมด 01/2561**)>>
1109,<<(ไม่ต่อ MA** ส่งใบเสนอราคาไปแล้ว แต่ยังไม่ตอบกลับ หมด 07/2559**)>>
1110,<<(ไม่ต่อ MA** ส่งใบเสนอราคาไปแล้ว แต่ยังไม่ตอบกลับ หมด 07/2559**)>><<(NEW 07/2558)>>
1111,<<(ไม่ต่อ MA** ส่งใบเสนอราคาไปแล้วไม่มีการตอบกลับ หมด MA08/2554**)>>
1112,<<(ไม่ต่อ MA** ส่งใบเสนอราคาไปแล้วยังไม่มีการตอบกลับ หมด 03/2559**)>>
1113,<<(ไม่ต่อ MA** ส่งใบเสนอราคาไปแล้วยังไม่มีการตอบกลับ หมด 04/2548**)>>
1114,<<(ไม่ต่อ MA** หมด 12/2562)>>
1115,<<(ไม่ต่อ MA** หมด MA11/2565)>>
1116,<<(ไม่ต่อ MA***ส่งใบเสนอราคาไปแล้ว แต่ยังไม่ตอบกลับ หมด 08/2564)>><<(NEW 08/2563)>>
1117,<<(ไม่ต่อ MA***ส่งใบเสนอราคาไปแล้ว แต่ยังไม่ตอบกลับ หมด 08/2564**)>>
1118,<<(ไม่ต่อ MA***ส่งใบเสนอราคาไปแล้ว แต่ยังไม่ตอบกลับ หมด 08/2564***)>>
1119,<<(ไม่ต่อ MA***ส่งใบเสนอราคาไปแล้วไม่มีการตอบกลับ หมด 01/2558 **)>>
1120,<<(ไม่ต่อ MA***ส่งใบเสนอราคาไปแล้วไม่มีการตอบกลับ หมด MA 08/2563**)>>
1121,<<(ไม่ต่อ MA**ส่งใบเสนอราคาไปแล้ว ไม่มีการตอบกลับ หมด 12/2562)>>
1122,<<(ไม่ต่อ MA**ส่งใบเสนอราคาไปแล้วไม่มีการตอบกลับ หมด MA 06/2558**)>>
1123,<<(ไม่ต่อ MA**ส่งใบเสนอราคาไปแล้วไม่มีการตอบกลับ หมด MA12/2553**)>>
1124,<<(ไม่ต่อ MA**ส่งใบเสนอราคาไปแล้วไม่มีการตอบกลับ หมด MA12/2553**)>>>
1125,<<(ไม่ต่อ MA**ส่งใบเสนอราคาไปแล้วไม่มีการตอบกลับ หมด07/2564**)>>
1126,<<(ไม่ต่อ MA**ส่งใบเสนอราคาไปแล้วไม่มีการตอบกลับ หมด10/2564**)>>
1127,<<(ไม่ต่อ MA**ส่งใบเสนอราคาไปแล้วยังไม่มีการตอบกลับหมด MA 02/2563**)>>
1128,<<(ไม่ต่อ**ส่งใบเสนอราคาไปแล้วยังไม่มีการตอบกลับ หมด 09/2557**)>>
1129,<<(ไม่ต่อ**ส่งใบเสนอราคาไปแล้วยังไม่มีการตอบกลับ หมด 09/2557**)>><<(NEW 09/2556)>>
1130,<<(ไม่ต่อMA ** ส่งใบเสนอราคาไปแล้วไม่มีการตอบกลับ หมด MA01/2561**)>>
1131,<<(ไม่ต่อMA ** หมด 05/2568)>><<(TF 05/2567)>>
1132,<<(ไม่ต่อMA ** หมด 12/2568)>><<(TF 12/2567)>>
1133,<<(ไม่ต่อMA ***ส่งใบเสนอราคาไปแล้วไม่มีการตอบกลับ หมด 03/2564***)>>
1134,<<(ไม่ต่อMA ***ส่งใบเสนอราคาไปแล้วไม่มีการตอบกลับ หมด MA11/2564***)>>
1135,<<(ไม่ต่อMA ***ส่งใบเสนอราคาไปแล้วไม่มีการตอบกลับ หมด03/2564***)>>
1136,<<(ไม่ต่อMA **ส่งใบเสนอราคาไปแล้ว ไม่มีการตอบกลับ หมด 03/2558)>>
1137,<<(ไม่ต่อMA **ส่งใบเสนอราคาไปแล้วไม่มีการตอบกลับ หมด 01/2563)>>
1138,<<(ไม่ต่อMA **ส่งใบเสนอราคาไปแล้วไม่มีการตอบกลับ หมด 12/2557**)>>
1139,<<(ไม่ต่อMA **ส่งใบเสนอราคาไปแล้วไม่มีการตอบกลับ หมด 12/2557**)>><<(NEW 12/2556 )>>
1140,<<(ไม่ต่อMA **ส่งใบเสนอราคาไปแล้วไม่มีการตอบกลับ หมด MA 04/2562**)>>
1141,<<(ไม่ต่อMA **ส่งใบเสนอราคาไปแล้วไม่มีการตอบกลับ หมด MA 06/2565**)>>
1142,<<(ไม่ต่อMA **ส่งใบเสนอราคาไปแล้วไม่มีการตอบกลับ หมด MA04/2562**)>>
1143,<<(ไม่ต่อMA **ส่งใบเสนอราคาไปแล้วไม่มีการตอบกลับ หมด MA12/2562**)>>
1144,<<(ไม่ต่อMA **หมด MA04/2550**)>>
1145,<<(ไม่ต่อMA **หมดMA 07/2565)<<(NEW 07/2564)>>
1146,<<(ไม่ต่อMA ส่งใบเสนอราคาไปแล้วไม่มีการตอบกลับ หมด MA02/2560)>>
1147,<<(ไม่ต่อMA หมด 06/2561)>>
1148,<<(ไม่ต่อMA หมด 07/2561)>>
1149,<<(ไม่ต่อMA หมด 11/2564 )>><<(TF 11/2563)>>
1150,<<(ไม่ต่อMA หมด ส่งใบเสนอราคาไปแล้วไม่มีการตอบกลับ หมด MA12/2555)>>
1151,<<(ไม่ต่อMA หมด05/2562 )>>
1152,<<(ไม่ต่อMA หมด05/2562)>>
1153,<<(ไม่ต่อMA หมด07/2561)>>
1154,<<(ไม่ต่อMA หมดTF11/25663)>>
1155,<<(ไม่ต่อMA** ส่งใบเสนอราคาไปแล้ว แต่ยังไม่ตอบกลับ หมด 04/2564**)>>
1156,<<(ไม่ต่อMA** ส่งใบเสนอราคาไปแล้ว แต่ยังไม่ตอบกลับ หมด 10/2554**)>>
1157,<<(ไม่ต่อMA** ส่งใบเสนอราคาไปแล้วไม่มีการตอบกลับ หมด 02/2561**)>>
1158,<<(ไม่ต่อMA** ส่งใบเสนอราคาไปแล้วไม่มีการตอบกลับ หมด 06/2561**)>>
1159,<<(ไม่ต่อMA** ส่งใบเสนอราคาไปแล้วไม่มีการตอบกลับ หมด 12/2561**)>>
1160,<<(ไม่ต่อMA** ส่งใบเสนอราคาไปแล้วไม่มีการตอบกลับ หมด MA 04/2562***)>>
1161,<<(ไม่ต่อMA** ส่งใบเสนอราคาไปแล้วไม่มีการตอบกลับ หมด MA04/2562***)>>
1162,<<(ไม่ต่อMA** ส่งใบเสนอราคาไปแล้วไม่มีการตอบกลับ หมด MA12/2562**)>>
1163,<<(ไม่ต่อMA** ส่งใบเสนอราคาไปแล้วไม่มีการตอบกลับ หมด08/2556**)>>
1164,<<(ไม่ต่อMA**ส่งใบเสนอราคาไปแล้ว ไม่มีการตอบกลับ หมด07/2559**)>>
1165,<<(ไม่ต่อMAหมด02/2565)>>
1166,<<(ไม่ต่อMAหมด06/2557) ส่งใบเสนอราคาไปแล้ว แต่ยังไม่ตอบกลับ หมด 11/2558)>>
1167,<<(นิติซื้อ ***ไม่ต่อ MA ส่งใบเสนอราคาไปแล้วไม่มีการตอบกลับ หมด MA10/2556)>>
1168,<<(ยังไม่ได้ส่งใบเสนอราคา MA หมด 01/2567)>>
1169,<<(ยังไม่ได้ส่งใบเสนอราคา MA หมด 01/2567)>><<(TF 01/2566)>>
1170,<<(ยังไม่ได้ส่งใบเสนอราคา MA หมด 11/2566)>><<(TF 11/2565)>> (ลูกค้าใช้สิทธิ์โอนสิทธิ์ จะฝากเช็คให้ วันที่ 30/11/2565) >>**ส่วคิวให้วันนี้นะคะ ลูกค้าจะเดินการเรื่อง MA ให้คะ**วันที่ 8/11/2566***
1171,<<(ยังไม่ได้ส่งใบเสนอราคา หมด 12/2565)>>
1172,<<(ยังไม่ได้ส่งใบเสนอราคา หมด 12/2565)>><<((TF05/2565))>>
1173,<<(ยังไม่ได้ส่งใบเสนอราคา หมด 12/2565)>><<(MA12/2565)>>
1174,<<(ยังไม่ได้ส่งใบเสนอราคา หมด 12/2565)>><<(TF 01/2566)>>
1175,<<(ยังไม่ได้ส่งใบเสนอราคาไป หมด MA 06/2564)>>
1176,<<(ยังไม่ได้ส่งใบแจ้งหนี้ไป หมด MA 07/2565)(บริษัทยังไม่ตันสินใจต่อ)>>
1177,<<(ยังไม่ได้ส่งใบแจ้งหนี้ไป หมด MA 09/2565)(บริษัทยังไม่ตัดสินใจต่อ)>>
1178,<<(ยังไม่ได้ส่งใบแจ้งหนี้ไป หมด MA 09/2565)(บริษัทยังไม่ตันสินใจต่อ)>>
1179,<<(ยังไม่ต่อ MA ** ส่งใบเสนอราคาไปแล้ว ไม่มีการตอบกลับ หมดMA03/2557**)>>
1180,<<(ยังไม่ต่อ MA ****ส่งใบเสนอราคาไปแล้วไม่มีการตอบกลับ หมด 10/2561**)>>
1181,<<(ยังไม่ต่อ MA ***ส่งใบเสนอราคาไปแล้ว แต่ยังไม่ตอบกลับ หมด 01/2563)>>
1182,<<(ยังไม่ต่อ MA ***ส่งใบเสนอราคาไปแล้ว แต่ยังไม่ตอบกลับ หมด 09/2553***)>>
1183,<<(ยังไม่ต่อ MA ***ส่งใบเสนอราคาไปแล้วไม่มีการตอบกลับ หมด 05/2555**)>>
1184,<<(ยังไม่ต่อ MA ***ส่งใบเสนอราคาไปแล้วไม่มีการตอบกลับ หมด MA08/2562***)>>
1185,<<(ยังไม่ต่อ MA ***ส่งใบเสนอราคาไปแล้วยังไม่มีการตอบกลับ หมด09/2558***)>>
1186,<<(ยังไม่ต่อ MA **ส่งใบเสนอราคาไปแล้ว แต่ยังไม่ตอบกลับ หมด 01/2557**)>>
1187,<<(ยังไม่ต่อ MA **ส่งใบเสนอราคาไปแล้ว แต่ยังไม่ตอบกลับ หมด 03/2564**)>>
1188,<<(ยังไม่ต่อ MA **ส่งใบเสนอราคาไปแล้ว แต่ยังไม่ตอบกลับ หมด 10/2561**)>>
1189,<<(ยังไม่ต่อ MA **ส่งใบเสนอราคาไปแล้วไม่มีการตอบกลับ หมด06/2561**)>>
1190,<<(ยังไม่ต่อ MA **ส่งใบเสนอราคาไปแล้วไม่มีการตอบกลับ หมด06/2561**)>><<(NEW 06/2560)>>
1191,<<(ยังไม่ต่อ MA ส่งใบเสนอไปแล้วไม่มีการตอบกลับหมด 04/2563)>>
1192,<<(ยังไม่ต่อ MA ส่งใบเสนอไปแล้วไม่มีการตอบกลับหมด 04/2563)>>(TF 04/2562)>>
1193,<<(ยังไม่ต่อ MA ส่งใบเสนอไปแล้วไม่มีการตอบกลับหมด 04/2563)>><<(TF 04/2562)>>
1194,<<(ยังไม่ต่อ MA ส่งใบเสนอราคาไปแล้ว แต่ยังไม่ตอบกลับ หมด 02/2557)>>
1195,<<(ยังไม่ต่อ MA ส่งใบเสนอราคาไปแล้ว แต่ยังไม่ตอบกลับ หมด MA 03/2564 )>>
1196,<<(ยังไม่ต่อ MA ส่งใบเสนอราคาไปแล้ว แต่ยังไม่ตอบกลับ หมด MA01/2562)>>
1197,<<(ยังไม่ต่อ MA ส่งใบเสนอราคาไปแล้ว แต่ยังไม่ตอบกลับ หมด MA09/2561)>>
1198,<<(ยังไม่ต่อ MA ส่งใบเสนอราคาไปแล้วไม่มีการตอบกลับ หมด 05/2555)>>
1199,<<(ยังไม่ต่อ MA ส่งใบเสนอราคาไปแล้วไม่มีการตอบกลับ หมด MA01/2562)>>
1200,<<(ยังไม่ต่อ MA ส่งใบเสนอราคาไปแล้วไม่มีการตอบกลับ หมด MA03/2556)>>
1201,<<(ยังไม่ต่อ MA ส่งใบเสนอราคาไปแล้วไม่มีการตอบกลับ หมด MA09/2561)>>
1202,<<(ยังไม่ต่อ MA ส่งใบเสนอราคาไปแล้วไม่มีการตอบกลับ หมด04/2561)>>
1203,<<(ยังไม่ต่อ MA**ส่งใบเสนอราคาไปแล้วไม่มีการตอบกลับ หมด MA 08/2564**)>>
1204,<<(ยังไม่มีใบเสนอราคา MA หมด 10/2566)<<(NEW 10/2565 )>>
1205,<<(ยังไม่มีใบเสนอราคา MA หมด 11/2567)>><<(TF 11/2566 )>>
1206,<<(ยังไม่มีใบเสนอราคา หมด 03/2566)>>
1207,<<(ยังไม่มีใบเสนอราคา หมด MA 06/2568)>>
1208,<<(ยังไม่มีใบเสนอราคา หมด MA 09/2566)>>
1209,<<(ยังไม่มีใบเสนอราคา หมด MA 09/2566)>><<(NEW 09/2565)>>
1210,<<(ยังไม่มีใบเสนอราคา)>>
1211,<<(ยังไม่มีใบเสนอฯ MA 08/2565)>>
1212,<<(ยืนยันไม่ต่อ MA)>>((ส่งใบเสนอราคาไปแล้ว แต่ยังไม่ตอบกลับ หมด 01/2561)>>
1213,<<(ลูกค้าแจ้งไม่ต่อ **MA หมด MA12/2556**)>>
1214,<<(ส่งใบเสนอราคาไปแล้ว แต่ไม่มีการตอบกลับ หมด 05/2564)>>
1215,<<(ส่งใบเสนอราคาไปแล้ว แต่ไม่มีการตอบกลับ หมด 07/2556)>>
1216,<<(ส่งใบเสนอราคาไปแล้ว แต่ยังไม่ตอบกลับ MAหมด 05/2560)>>>
1217,<<(ส่งใบเสนอราคาไปแล้ว แต่ยังไม่ตอบกลับ MAหมด 08/2560)>>
1218,<<(ส่งใบเสนอราคาไปแล้ว แต่ยังไม่ตอบกลับ MAหมด 11/2561)>>
1219,<<(ส่งใบเสนอราคาไปแล้ว แต่ยังไม่ตอบกลับ MAหมด 11/2561)>>>
1220,<<(ส่งใบเสนอราคาไปแล้ว แต่ยังไม่ตอบกลับ หมด 01/2558)>>
1221,<<(ส่งใบเสนอราคาไปแล้ว แต่ยังไม่ตอบกลับ หมด 01/2559 )>>
1222,<<(ส่งใบเสนอราคาไปแล้ว แต่ยังไม่ตอบกลับ หมด 01/2561)>>
1223,<<(ส่งใบเสนอราคาไปแล้ว แต่ยังไม่ตอบกลับ หมด 01/2563)>>
1224,<<(ส่งใบเสนอราคาไปแล้ว แต่ยังไม่ตอบกลับ หมด 01/2569)>>
1225,<<(ส่งใบเสนอราคาไปแล้ว แต่ยังไม่ตอบกลับ หมด 02/2561)>>
1226,<<(ส่งใบเสนอราคาไปแล้ว แต่ยังไม่ตอบกลับ หมด 02/2563)>>
1227,<<(ส่งใบเสนอราคาไปแล้ว แต่ยังไม่ตอบกลับ หมด 02/2569)>>
1228,<<(ส่งใบเสนอราคาไปแล้ว แต่ยังไม่ตอบกลับ หมด 03/2555)>>
1229,<<(ส่งใบเสนอราคาไปแล้ว แต่ยังไม่ตอบกลับ หมด 03/2561)>>
1230,<<(ส่งใบเสนอราคาไปแล้ว แต่ยังไม่ตอบกลับ หมด 03/2562)>>
1231,<<(ส่งใบเสนอราคาไปแล้ว แต่ยังไม่ตอบกลับ หมด 03/2565)>>
1232,<<(ส่งใบเสนอราคาไปแล้ว แต่ยังไม่ตอบกลับ หมด 03/2566)>>
1233,<<(ส่งใบเสนอราคาไปแล้ว แต่ยังไม่ตอบกลับ หมด 03/2568)>>
1234,<<(ส่งใบเสนอราคาไปแล้ว แต่ยังไม่ตอบกลับ หมด 04/2555 )>>
1235,<<(ส่งใบเสนอราคาไปแล้ว แต่ยังไม่ตอบกลับ หมด 04/2558)>>
1236,<<(ส่งใบเสนอราคาไปแล้ว แต่ยังไม่ตอบกลับ หมด 04/2561)>>
1237,<<(ส่งใบเสนอราคาไปแล้ว แต่ยังไม่ตอบกลับ หมด 04/2561)>><<(NEW 04/2560)>>
1238,<<(ส่งใบเสนอราคาไปแล้ว แต่ยังไม่ตอบกลับ หมด 04/2566)>>
1239,<<(ส่งใบเสนอราคาไปแล้ว แต่ยังไม่ตอบกลับ หมด 05/2559)>>
1240,<<(ส่งใบเสนอราคาไปแล้ว แต่ยังไม่ตอบกลับ หมด 05/2559)>><<(NEW 05/2558)>>
1241,<<(ส่งใบเสนอราคาไปแล้ว แต่ยังไม่ตอบกลับ หมด 05/2560)>>
1242,<<(ส่งใบเสนอราคาไปแล้ว แต่ยังไม่ตอบกลับ หมด 05/2560)>><<(NEW 05/2559)>>
1243,<<(ส่งใบเสนอราคาไปแล้ว แต่ยังไม่ตอบกลับ หมด 05/2561 )>>
1244,<<(ส่งใบเสนอราคาไปแล้ว แต่ยังไม่ตอบกลับ หมด 05/2561)>>
1245,<<(ส่งใบเสนอราคาไปแล้ว แต่ยังไม่ตอบกลับ หมด 05/2562)>>
1246,<<(ส่งใบเสนอราคาไปแล้ว แต่ยังไม่ตอบกลับ หมด 06/2558)>>
1247,<<(ส่งใบเสนอราคาไปแล้ว แต่ยังไม่ตอบกลับ หมด 06/2558)>><<(NEW 06/2557 )>>
1248,<<(ส่งใบเสนอราคาไปแล้ว แต่ยังไม่ตอบกลับ หมด 06/2562)>>
1249,<<(ส่งใบเสนอราคาไปแล้ว แต่ยังไม่ตอบกลับ หมด 06/2564)>>
1250,<<(ส่งใบเสนอราคาไปแล้ว แต่ยังไม่ตอบกลับ หมด 07/2557)>>
1251,<<(ส่งใบเสนอราคาไปแล้ว แต่ยังไม่ตอบกลับ หมด 07/2558)>>
1252,<<(ส่งใบเสนอราคาไปแล้ว แต่ยังไม่ตอบกลับ หมด 07/2560)>>
1253,<<(ส่งใบเสนอราคาไปแล้ว แต่ยังไม่ตอบกลับ หมด 07/2561)>>
1254,<<(ส่งใบเสนอราคาไปแล้ว แต่ยังไม่ตอบกลับ หมด 07/2563)>>
1255,<<(ส่งใบเสนอราคาไปแล้ว แต่ยังไม่ตอบกลับ หมด 08/2558)>>
1256,<<(ส่งใบเสนอราคาไปแล้ว แต่ยังไม่ตอบกลับ หมด 08/2559)>>
1257,<<(ส่งใบเสนอราคาไปแล้ว แต่ยังไม่ตอบกลับ หมด 08/2561)>>
1258,<<(ส่งใบเสนอราคาไปแล้ว แต่ยังไม่ตอบกลับ หมด 08/2563 )>>
1259,<<(ส่งใบเสนอราคาไปแล้ว แต่ยังไม่ตอบกลับ หมด 08/2563)>>
1260,<<(ส่งใบเสนอราคาไปแล้ว แต่ยังไม่ตอบกลับ หมด 08/2565)>>
1261,<<(ส่งใบเสนอราคาไปแล้ว แต่ยังไม่ตอบกลับ หมด 09/2557)>>
1262,<<(ส่งใบเสนอราคาไปแล้ว แต่ยังไม่ตอบกลับ หมด 09/2562)>>
1263,<<(ส่งใบเสนอราคาไปแล้ว แต่ยังไม่ตอบกลับ หมด 09/2564 )>>
1264,<<(ส่งใบเสนอราคาไปแล้ว แต่ยังไม่ตอบกลับ หมด 09/2564)>>
1265,<<(ส่งใบเสนอราคาไปแล้ว แต่ยังไม่ตอบกลับ หมด 09/2567 )>><<(NEW 09/2566)>>
1266,<<(ส่งใบเสนอราคาไปแล้ว แต่ยังไม่ตอบกลับ หมด 10/2559 )>>
1267,<<(ส่งใบเสนอราคาไปแล้ว แต่ยังไม่ตอบกลับ หมด 10/2559)>>
1268,<<(ส่งใบเสนอราคาไปแล้ว แต่ยังไม่ตอบกลับ หมด 10/2565)>>
1269,<<(ส่งใบเสนอราคาไปแล้ว แต่ยังไม่ตอบกลับ หมด 11/2558)>>
1270,<<(ส่งใบเสนอราคาไปแล้ว แต่ยังไม่ตอบกลับ หมด 11/2562 )>>
1271,<<(ส่งใบเสนอราคาไปแล้ว แต่ยังไม่ตอบกลับ หมด 11/2562)>>
1272,<<(ส่งใบเสนอราคาไปแล้ว แต่ยังไม่ตอบกลับ หมด 11/2565)>>
1273,<<(ส่งใบเสนอราคาไปแล้ว แต่ยังไม่ตอบกลับ หมด 11/2567)>><<(NEW 11/2566)>>
1274,<<(ส่งใบเสนอราคาไปแล้ว แต่ยังไม่ตอบกลับ หมด 12/2554)>>
1275,<<(ส่งใบเสนอราคาไปแล้ว แต่ยังไม่ตอบกลับ หมด 12/2560)>>
1276,<<(ส่งใบเสนอราคาไปแล้ว แต่ยังไม่ตอบกลับ หมด 12/2560)>><<(NEW 12/2559 )>>
1277,<<(ส่งใบเสนอราคาไปแล้ว แต่ยังไม่ตอบกลับ หมด 12/2561)>>
1278,<<(ส่งใบเสนอราคาไปแล้ว แต่ยังไม่ตอบกลับ หมด 12/2561)>><<(TF 12/2560)>>
1279,<<(ส่งใบเสนอราคาไปแล้ว แต่ยังไม่ตอบกลับ หมด 12/2564)NEW12/2563))>>
1280,<<(ส่งใบเสนอราคาไปแล้ว แต่ยังไม่ตอบกลับ หมด MA 04/2563 )>>
1281,<<(ส่งใบเสนอราคาไปแล้ว แต่ยังไม่ตอบกลับ หมด MA 05/2559)>>
1282,<<(ส่งใบเสนอราคาไปแล้ว แต่ยังไม่ตอบกลับ หมด MA 05/2559)>><<(NEW 05/2558)>>
1283,<<(ส่งใบเสนอราคาไปแล้ว แต่ยังไม่ตอบกลับ หมด MA 09/2563)>>
1284,<<(ส่งใบเสนอราคาไปแล้ว แต่ยังไม่ตอบกลับ หมด MA 09/2567)>><<(NEW 09/2566)>>
1285,<<(ส่งใบเสนอราคาไปแล้ว แต่ยังไม่ตอบกลับ หมด MA 12/2557 )>>
1286,<<(ส่งใบเสนอราคาไปแล้ว แต่ยังไม่ตอบกลับ หมด MA01/2560)>>
1287,<<(ส่งใบเสนอราคาไปแล้ว แต่ยังไม่ตอบกลับ หมด MA01/2563)>>
1288,<<(ส่งใบเสนอราคาไปแล้ว แต่ยังไม่ตอบกลับ หมด MA02/2558 )>>
1289,<<(ส่งใบเสนอราคาไปแล้ว แต่ยังไม่ตอบกลับ หมด MA02/2558)>>
1290,<<(ส่งใบเสนอราคาไปแล้ว แต่ยังไม่ตอบกลับ หมด MA04/2563)>>
1291,<<(ส่งใบเสนอราคาไปแล้ว แต่ยังไม่ตอบกลับ หมด MA05/2559)>>
1292,<<(ส่งใบเสนอราคาไปแล้ว แต่ยังไม่ตอบกลับ หมด MA06/2558)>>
1293,<<(ส่งใบเสนอราคาไปแล้ว แต่ยังไม่ตอบกลับ หมด MA06/2562)>>
1294,<<(ส่งใบเสนอราคาไปแล้ว แต่ยังไม่ตอบกลับ หมด MA07/2562)>>
1295,<<(ส่งใบเสนอราคาไปแล้ว แต่ยังไม่ตอบกลับ หมด MA09/2563)>>
1296,<<(ส่งใบเสนอราคาไปแล้ว แต่ยังไม่ตอบกลับ หมด MA09/2564)>>
1297,<<(ส่งใบเสนอราคาไปแล้ว แต่ยังไม่ตอบกลับ หมด MA11/2554)>><<(NEW 11//2553)>>
1298,<<(ส่งใบเสนอราคาไปแล้ว แต่ยังไม่ตอบกลับ หมด MA11/2564)>>
1299,<<(ส่งใบเสนอราคาไปแล้ว แต่ยังไม่ตอบกลับ หมด MA12/2557 )>>
1300,<<(ส่งใบเสนอราคาไปแล้ว แต่ยังไม่ตอบกลับ หมด MA12/2557)>>
1301,<<(ส่งใบเสนอราคาไปแล้ว แต่ยังไม่ตอบกลับ หมด MA12/2561)>>
1302,<<(ส่งใบเสนอราคาไปแล้ว แต่ยังไม่ตอบกลับ หมด MA12/2562)>>
1303,<<(ส่งใบเสนอราคาไปแล้ว แต่ยังไม่ตอบกลับ หมดMA02/2565)>>
1304,<<(ส่งใบเสนอราคาไปแล้ว แต่ยังไม่ตอบกลับหมด 01/2564)>>
1305,<<(ส่งใบเสนอราคาไปแล้ว แต่ยังไม่ตอบกลับหมด 01/2565)>>
1306,<<(ส่งใบเสนอราคาไปแล้ว แต่ยังไม่ตอบกลับหมด 07/2567)>>
1307,<<(ส่งใบเสนอราคาไปแล้ว แต่ยังไม่ตอบกลับหมด 08/2552)>>
1308,<<(ส่งใบเสนอราคาไปแล้ว แต่ยังไม่ตอบกลับหมด 09/2560)>>
1309,<<(ส่งใบเสนอราคาไปแล้ว แต่ยังไม่ตอบกลับหมด 10/2564)>>
1310,<<(ส่งใบเสนอราคาไปแล้ว แต่ยังไม่ตอบกลับหมด MA12/2564)>>
1311,<<(ส่งใบเสนอราคาไปแล้ว แต่ยังไม่ตอบกลับหมด08/2552)>>
1312,<<(ส่งใบเสนอราคาไปแล้ว ไม่มีการตอบกลับ 07/2568)>>
1313,<<(ส่งใบเสนอราคาไปแล้ว ไม่มีการตอบกลับ หมด 01/2557)>>
1314,<<(ส่งใบเสนอราคาไปแล้ว ไม่มีการตอบกลับ หมด 01/2558)>>
1315,<<(ส่งใบเสนอราคาไปแล้ว ไม่มีการตอบกลับ หมด 01/2559)>>
1316,<<(ส่งใบเสนอราคาไปแล้ว ไม่มีการตอบกลับ หมด 01/2559)>><<(NEW 01/2558)>>
1317,<<(ส่งใบเสนอราคาไปแล้ว ไม่มีการตอบกลับ หมด 01/2560)>>
1318,<<(ส่งใบเสนอราคาไปแล้ว ไม่มีการตอบกลับ หมด 01/2561)>>
1319,<<(ส่งใบเสนอราคาไปแล้ว ไม่มีการตอบกลับ หมด 01/2562)>>
1320,<<(ส่งใบเสนอราคาไปแล้ว ไม่มีการตอบกลับ หมด 01/2562)>><<(NEW 01/2561)>>
1321,<<(ส่งใบเสนอราคาไปแล้ว ไม่มีการตอบกลับ หมด 01/2563)>>
1322,<<(ส่งใบเสนอราคาไปแล้ว ไม่มีการตอบกลับ หมด 01/2564)>>
1323,<<(ส่งใบเสนอราคาไปแล้ว ไม่มีการตอบกลับ หมด 01/2564)>><<(NEW 01/2563)>>
1324,<<(ส่งใบเสนอราคาไปแล้ว ไม่มีการตอบกลับ หมด 01/2565)>>
1325,<<(ส่งใบเสนอราคาไปแล้ว ไม่มีการตอบกลับ หมด 01/2566)>>
1326,<<(ส่งใบเสนอราคาไปแล้ว ไม่มีการตอบกลับ หมด 01/2567)>>
1327,<<(ส่งใบเสนอราคาไปแล้ว ไม่มีการตอบกลับ หมด 01/2567)>><<(NEW 01/2566)>>
1328,<<(ส่งใบเสนอราคาไปแล้ว ไม่มีการตอบกลับ หมด 01/2567)>><<(TF 01/2566)>>
1329,<<(ส่งใบเสนอราคาไปแล้ว ไม่มีการตอบกลับ หมด 01/2568)>>
1330,<<(ส่งใบเสนอราคาไปแล้ว ไม่มีการตอบกลับ หมด 01/2568)>> <<(NEW 01/2567)>>
1331,<<(ส่งใบเสนอราคาไปแล้ว ไม่มีการตอบกลับ หมด 01/2568)>><<(NEW 01/2567)>>
1332,<<(ส่งใบเสนอราคาไปแล้ว ไม่มีการตอบกลับ หมด 01/2569)>>
1333,<<(ส่งใบเสนอราคาไปแล้ว ไม่มีการตอบกลับ หมด 01/2569)>><<(NEW 01/2568)>>
1334,<<(ส่งใบเสนอราคาไปแล้ว ไม่มีการตอบกลับ หมด 02/2555)>>
1335,<<(ส่งใบเสนอราคาไปแล้ว ไม่มีการตอบกลับ หมด 02/2557)>>
1336,<<(ส่งใบเสนอราคาไปแล้ว ไม่มีการตอบกลับ หมด 02/2559)>>
1337,<<(ส่งใบเสนอราคาไปแล้ว ไม่มีการตอบกลับ หมด 02/2560)>>
1338,<<(ส่งใบเสนอราคาไปแล้ว ไม่มีการตอบกลับ หมด 02/2561)>>
1339,<<(ส่งใบเสนอราคาไปแล้ว ไม่มีการตอบกลับ หมด 02/2562)>>
1340,<<(ส่งใบเสนอราคาไปแล้ว ไม่มีการตอบกลับ หมด 02/2563)>>
1341,<<(ส่งใบเสนอราคาไปแล้ว ไม่มีการตอบกลับ หมด 02/2564)>>
1342,<<(ส่งใบเสนอราคาไปแล้ว ไม่มีการตอบกลับ หมด 02/2565 )>>
1343,<<(ส่งใบเสนอราคาไปแล้ว ไม่มีการตอบกลับ หมด 02/2565)>>
1344,<<(ส่งใบเสนอราคาไปแล้ว ไม่มีการตอบกลับ หมด 02/2566)>>
1345,<<(ส่งใบเสนอราคาไปแล้ว ไม่มีการตอบกลับ หมด 02/2567)>>
1346,<<(ส่งใบเสนอราคาไปแล้ว ไม่มีการตอบกลับ หมด 02/2567)>><<(NEW 02/2566)>>
1347,<<(ส่งใบเสนอราคาไปแล้ว ไม่มีการตอบกลับ หมด 02/2567)>><<(TF 02/2566)>>
1348,<<(ส่งใบเสนอราคาไปแล้ว ไม่มีการตอบกลับ หมด 02/2568)>>
1349,<<(ส่งใบเสนอราคาไปแล้ว ไม่มีการตอบกลับ หมด 02/2568)>><<(NEW 02/2567)>>
1350,<<(ส่งใบเสนอราคาไปแล้ว ไม่มีการตอบกลับ หมด 02/2568)>><<(NEW 03/2567)>>
1351,<<(ส่งใบเสนอราคาไปแล้ว ไม่มีการตอบกลับ หมด 02/2569)>>
1352,<<(ส่งใบเสนอราคาไปแล้ว ไม่มีการตอบกลับ หมด 02/2569)>><<(NEW 02/2568)>>
1353,<<(ส่งใบเสนอราคาไปแล้ว ไม่มีการตอบกลับ หมด 03/2557)>>
1354,<<(ส่งใบเสนอราคาไปแล้ว ไม่มีการตอบกลับ หมด 03/2558)>>
1355,<<(ส่งใบเสนอราคาไปแล้ว ไม่มีการตอบกลับ หมด 03/2559)>>
1356,<<(ส่งใบเสนอราคาไปแล้ว ไม่มีการตอบกลับ หมด 03/2561)>>
1357,<<(ส่งใบเสนอราคาไปแล้ว ไม่มีการตอบกลับ หมด 03/2562)>>
1358,<<(ส่งใบเสนอราคาไปแล้ว ไม่มีการตอบกลับ หมด 03/2563)>>
1359,<<(ส่งใบเสนอราคาไปแล้ว ไม่มีการตอบกลับ หมด 03/2564)>>
1360,<<(ส่งใบเสนอราคาไปแล้ว ไม่มีการตอบกลับ หมด 03/2564)>><<(NEW 03/2563 )>>
1361,<<(ส่งใบเสนอราคาไปแล้ว ไม่มีการตอบกลับ หมด 03/2565)>>
1362,<<(ส่งใบเสนอราคาไปแล้ว ไม่มีการตอบกลับ หมด 03/2565)>><<(NEW 03/2564)>>
1363,<<(ส่งใบเสนอราคาไปแล้ว ไม่มีการตอบกลับ หมด 03/2566)>>
1364,<<(ส่งใบเสนอราคาไปแล้ว ไม่มีการตอบกลับ หมด 03/2566)>><<(NEW 03/2565)>>
1365,<<(ส่งใบเสนอราคาไปแล้ว ไม่มีการตอบกลับ หมด 03/2567)>>
1366,<<(ส่งใบเสนอราคาไปแล้ว ไม่มีการตอบกลับ หมด 03/2567)>> <<(NEW 03/2566)>>
1367,<<(ส่งใบเสนอราคาไปแล้ว ไม่มีการตอบกลับ หมด 03/2567)>><<(NEW 04/2566)>>
1368,<<(ส่งใบเสนอราคาไปแล้ว ไม่มีการตอบกลับ หมด 03/2568)>>
1369,<<(ส่งใบเสนอราคาไปแล้ว ไม่มีการตอบกลับ หมด 03/2568)>><<(NEW 03/2567)>>
1370,<<(ส่งใบเสนอราคาไปแล้ว ไม่มีการตอบกลับ หมด 03/2569)>>
1371,<<(ส่งใบเสนอราคาไปแล้ว ไม่มีการตอบกลับ หมด 03/2569)>><<(NEW 03/2568)>>
1372,<<(ส่งใบเสนอราคาไปแล้ว ไม่มีการตอบกลับ หมด 04/2559)>>
1373,<<(ส่งใบเสนอราคาไปแล้ว ไม่มีการตอบกลับ หมด 04/2560)>>
1374,<<(ส่งใบเสนอราคาไปแล้ว ไม่มีการตอบกลับ หมด 04/2560)>><<(NEW 04/2559)>>
1375,<<(ส่งใบเสนอราคาไปแล้ว ไม่มีการตอบกลับ หมด 04/2561)>>
1376,<<(ส่งใบเสนอราคาไปแล้ว ไม่มีการตอบกลับ หมด 04/2562)>>
1377,<<(ส่งใบเสนอราคาไปแล้ว ไม่มีการตอบกลับ หมด 04/2563)>>
1378,<<(ส่งใบเสนอราคาไปแล้ว ไม่มีการตอบกลับ หมด 04/2564)>>
1379,<<(ส่งใบเสนอราคาไปแล้ว ไม่มีการตอบกลับ หมด 04/2565)>>
1380,<<(ส่งใบเสนอราคาไปแล้ว ไม่มีการตอบกลับ หมด 04/2566)>>
1381,<<(ส่งใบเสนอราคาไปแล้ว ไม่มีการตอบกลับ หมด 04/2566)>>(ลูกค้านัดรับเช็คแล้ว)>>
1382,<<(ส่งใบเสนอราคาไปแล้ว ไม่มีการตอบกลับ หมด 04/2566)>><<(NEW 04/2565)>>
1383,<<(ส่งใบเสนอราคาไปแล้ว ไม่มีการตอบกลับ หมด 04/2567)>>
1384,<<(ส่งใบเสนอราคาไปแล้ว ไม่มีการตอบกลับ หมด 04/2567)>><<(NEW 04/2566)>>
1385,<<(ส่งใบเสนอราคาไปแล้ว ไม่มีการตอบกลับ หมด 04/2568)>>
1386,<<(ส่งใบเสนอราคาไปแล้ว ไม่มีการตอบกลับ หมด 04/2568)>><<(NEW 03/2567 )>>
1387,<<(ส่งใบเสนอราคาไปแล้ว ไม่มีการตอบกลับ หมด 04/2568)>><<(NEW 04/2567)>>
1388,<<(ส่งใบเสนอราคาไปแล้ว ไม่มีการตอบกลับ หมด 04/2568)>><<(TF 04/2567)>>
1389,<<(ส่งใบเสนอราคาไปแล้ว ไม่มีการตอบกลับ หมด 04/2569)>>
1390,<<(ส่งใบเสนอราคาไปแล้ว ไม่มีการตอบกลับ หมด 04/2569)>><<(NEW 04/2568 )>>
1391,<<(ส่งใบเสนอราคาไปแล้ว ไม่มีการตอบกลับ หมด 05/2556)>>
1392,<<(ส่งใบเสนอราคาไปแล้ว ไม่มีการตอบกลับ หมด 05/2558)>>
1393,<<(ส่งใบเสนอราคาไปแล้ว ไม่มีการตอบกลับ หมด 05/2558)>><<(NEW 05/2557)>>
1394,<<(ส่งใบเสนอราคาไปแล้ว ไม่มีการตอบกลับ หมด 05/2559)>>
1395,<<(ส่งใบเสนอราคาไปแล้ว ไม่มีการตอบกลับ หมด 05/2559)>>(TF05/2562)>>
1396,<<(ส่งใบเสนอราคาไปแล้ว ไม่มีการตอบกลับ หมด 05/2559)>><<(NEW 05/2558)>>
1397,<<(ส่งใบเสนอราคาไปแล้ว ไม่มีการตอบกลับ หมด 05/2560 )>>
1398,<<(ส่งใบเสนอราคาไปแล้ว ไม่มีการตอบกลับ หมด 05/2560)>>
1399,<<(ส่งใบเสนอราคาไปแล้ว ไม่มีการตอบกลับ หมด 05/2560)>><<(NEW 05/25659)>>
1400,<<(ส่งใบเสนอราคาไปแล้ว ไม่มีการตอบกลับ หมด 05/2561)>>
1401,<<(ส่งใบเสนอราคาไปแล้ว ไม่มีการตอบกลับ หมด 05/2561)>> <<(NEW 05/2560)>>
1402,<<(ส่งใบเสนอราคาไปแล้ว ไม่มีการตอบกลับ หมด 05/2561)>><<(NEW 05/2560)>>
1403,<<(ส่งใบเสนอราคาไปแล้ว ไม่มีการตอบกลับ หมด 05/2562 )>>
1404,<<(ส่งใบเสนอราคาไปแล้ว ไม่มีการตอบกลับ หมด 05/2562)>>
1405,<<(ส่งใบเสนอราคาไปแล้ว ไม่มีการตอบกลับ หมด 05/2563)>>
1406,<<(ส่งใบเสนอราคาไปแล้ว ไม่มีการตอบกลับ หมด 05/2564)>>
1407,<<(ส่งใบเสนอราคาไปแล้ว ไม่มีการตอบกลับ หมด 05/2565)(NEW 05/2564)>>
1408,<<(ส่งใบเสนอราคาไปแล้ว ไม่มีการตอบกลับ หมด 05/2565)>>
1409,<<(ส่งใบเสนอราคาไปแล้ว ไม่มีการตอบกลับ หมด 05/2565)>>(NEW04/2564)
1410,<<(ส่งใบเสนอราคาไปแล้ว ไม่มีการตอบกลับ หมด 05/2565)NEW 05/2564>>
1411,<<(ส่งใบเสนอราคาไปแล้ว ไม่มีการตอบกลับ หมด 05/2566)>>
1412,<<(ส่งใบเสนอราคาไปแล้ว ไม่มีการตอบกลับ หมด 05/2566)>>(แจ้งจะจ่ายเช็ค MA และขอส่วนลด 10% ภายในวันที่ 15/6/66 3 755.70 บาท)>>
1413,<<(ส่งใบเสนอราคาไปแล้ว ไม่มีการตอบกลับ หมด 05/2566)>>(ลูกค้านัดรับเช็ค MA แล้ว)
1414,<<(ส่งใบเสนอราคาไปแล้ว ไม่มีการตอบกลับ หมด 05/2566)>><<(NEW 05/2565)>>
1415,<<(ส่งใบเสนอราคาไปแล้ว ไม่มีการตอบกลับ หมด 05/2566)>><<(NEW 06/2565)>>
1416,<<(ส่งใบเสนอราคาไปแล้ว ไม่มีการตอบกลับ หมด 05/2566)>><<(TF 05/2565)>>
1417,<<(ส่งใบเสนอราคาไปแล้ว ไม่มีการตอบกลับ หมด 05/2566)>>จะสิ้นสุดระยะเวลาในวันที่ 31 พฤษภาคม 2566<<(NEW 06/2565)>>
1418,<<(ส่งใบเสนอราคาไปแล้ว ไม่มีการตอบกลับ หมด 05/2567)>>
1419,<<(ส่งใบเสนอราคาไปแล้ว ไม่มีการตอบกลับ หมด 05/2567)>><<(NEW 05/2566)>>
1420,<<(ส่งใบเสนอราคาไปแล้ว ไม่มีการตอบกลับ หมด 05/2568)>>
1421,<<(ส่งใบเสนอราคาไปแล้ว ไม่มีการตอบกลับ หมด 05/2568)>> <<(NEW 05/2567)>>
1422,<<(ส่งใบเสนอราคาไปแล้ว ไม่มีการตอบกลับ หมด 05/2568)>><<(NEW 05/2567)>>
1423,<<(ส่งใบเสนอราคาไปแล้ว ไม่มีการตอบกลับ หมด 05/2568)>><<(NEW 06/2567)>>
1424,<<(ส่งใบเสนอราคาไปแล้ว ไม่มีการตอบกลับ หมด 05/2569)>>
1425,<<(ส่งใบเสนอราคาไปแล้ว ไม่มีการตอบกลับ หมด 06/2555)>>
1426,<<(ส่งใบเสนอราคาไปแล้ว ไม่มีการตอบกลับ หมด 06/2555)>>(ลูกค้ากำลังทำเช็ค MA ให้คะ)
1427,<<(ส่งใบเสนอราคาไปแล้ว ไม่มีการตอบกลับ หมด 06/2558)>>
1428,<<(ส่งใบเสนอราคาไปแล้ว ไม่มีการตอบกลับ หมด 06/2559)>>
1429,<<(ส่งใบเสนอราคาไปแล้ว ไม่มีการตอบกลับ หมด 06/2561)>>
1430,<<(ส่งใบเสนอราคาไปแล้ว ไม่มีการตอบกลับ หมด 06/2561)>><<(NEW 06/2560)>>
1431,<<(ส่งใบเสนอราคาไปแล้ว ไม่มีการตอบกลับ หมด 06/2563)>>
1432,<<(ส่งใบเสนอราคาไปแล้ว ไม่มีการตอบกลับ หมด 06/2564)>>
1433,<<(ส่งใบเสนอราคาไปแล้ว ไม่มีการตอบกลับ หมด 06/2565)>>
1434,<<(ส่งใบเสนอราคาไปแล้ว ไม่มีการตอบกลับ หมด 06/2565)>> > > >
1435,<<(ส่งใบเสนอราคาไปแล้ว ไม่มีการตอบกลับ หมด 06/2565)>>( ลูกค้าแจ้งว่าจะเร่งทำเช็ค MA ให้คะ))>>
1436,<<(ส่งใบเสนอราคาไปแล้ว ไม่มีการตอบกลับ หมด 06/2565)>><<(NEW 06/2564)>>
1437,<<(ส่งใบเสนอราคาไปแล้ว ไม่มีการตอบกลับ หมด 06/2566)>>
1438,<<(ส่งใบเสนอราคาไปแล้ว ไม่มีการตอบกลับ หมด 06/2566)>><<(NEW 06/2565)>>
1439,<<(ส่งใบเสนอราคาไปแล้ว ไม่มีการตอบกลับ หมด 06/2567)>
1440,<<(ส่งใบเสนอราคาไปแล้ว ไม่มีการตอบกลับ หมด 06/2567)><<(NEW 06/2566)>>
1441,<<(ส่งใบเสนอราคาไปแล้ว ไม่มีการตอบกลับ หมด 06/2567)>>
1442,<<(ส่งใบเสนอราคาไปแล้ว ไม่มีการตอบกลับ หมด 06/2567)>> <<(NEW 06/2566)>>
1443,<<(ส่งใบเสนอราคาไปแล้ว ไม่มีการตอบกลับ หมด 06/2567)>><<(NEW 06/2566)>>
1444,<<(ส่งใบเสนอราคาไปแล้ว ไม่มีการตอบกลับ หมด 06/2568)>>
1445,<<(ส่งใบเสนอราคาไปแล้ว ไม่มีการตอบกลับ หมด 06/2568)>><<(NEW 06/2567)>>
1446,<<(ส่งใบเสนอราคาไปแล้ว ไม่มีการตอบกลับ หมด 06/2569)>>
1447,<<(ส่งใบเสนอราคาไปแล้ว ไม่มีการตอบกลับ หมด 06/2569)>><<(NEW 06/2568)>>
1448,<<(ส่งใบเสนอราคาไปแล้ว ไม่มีการตอบกลับ หมด 07/2556)>>
1449,<<(ส่งใบเสนอราคาไปแล้ว ไม่มีการตอบกลับ หมด 07/2558)>>
1450,<<(ส่งใบเสนอราคาไปแล้ว ไม่มีการตอบกลับ หมด 07/2559 )>>
1451,<<(ส่งใบเสนอราคาไปแล้ว ไม่มีการตอบกลับ หมด 07/2559)>>
1452,<<(ส่งใบเสนอราคาไปแล้ว ไม่มีการตอบกลับ หมด 07/2559)>><<(NEW 07/2558)>>
1453,<<(ส่งใบเสนอราคาไปแล้ว ไม่มีการตอบกลับ หมด 07/2560)>>
1454,<<(ส่งใบเสนอราคาไปแล้ว ไม่มีการตอบกลับ หมด 07/2560)>><<(NEW 07/2559)>>
1455,<<(ส่งใบเสนอราคาไปแล้ว ไม่มีการตอบกลับ หมด 07/2561)>>
1456,<<(ส่งใบเสนอราคาไปแล้ว ไม่มีการตอบกลับ หมด 07/2562)>>
1457,<<(ส่งใบเสนอราคาไปแล้ว ไม่มีการตอบกลับ หมด 07/2563)>>
1458,<<(ส่งใบเสนอราคาไปแล้ว ไม่มีการตอบกลับ หมด 07/2563)>><<(NEW 07/2562)>>
1459,<<(ส่งใบเสนอราคาไปแล้ว ไม่มีการตอบกลับ หมด 07/2564)>>
1460,<<(ส่งใบเสนอราคาไปแล้ว ไม่มีการตอบกลับ หมด 07/2565)(NEW07/2564)>>
1461,<<(ส่งใบเสนอราคาไปแล้ว ไม่มีการตอบกลับ หมด 07/2565)<<(NEW07/2564)>>
1462,<<(ส่งใบเสนอราคาไปแล้ว ไม่มีการตอบกลับ หมด 07/2565)>>
1463,<<(ส่งใบเสนอราคาไปแล้ว ไม่มีการตอบกลับ หมด 07/2565)>>(ลูกค้านัดรับเช็ดแล้ววันที่ 6/8/2565)
1464,<<(ส่งใบเสนอราคาไปแล้ว ไม่มีการตอบกลับ หมด 07/2566)>>
1465,<<(ส่งใบเสนอราคาไปแล้ว ไม่มีการตอบกลับ หมด 07/2566)>><<(NEW 07/2565)>>
1466,<<(ส่งใบเสนอราคาไปแล้ว ไม่มีการตอบกลับ หมด 07/2567)>>
1467,<<(ส่งใบเสนอราคาไปแล้ว ไม่มีการตอบกลับ หมด 07/2567)>><<(NEW 07/2566)>>
1468,<<(ส่งใบเสนอราคาไปแล้ว ไม่มีการตอบกลับ หมด 07/2568)>>
1469,<<(ส่งใบเสนอราคาไปแล้ว ไม่มีการตอบกลับ หมด 07/2568)>><<(NEW 07/2567)>>
1470,<<(ส่งใบเสนอราคาไปแล้ว ไม่มีการตอบกลับ หมด 08/2556)>>
1471,<<(ส่งใบเสนอราคาไปแล้ว ไม่มีการตอบกลับ หมด 08/2556)>><<(NEW 08/2555 )>>
1472,<<(ส่งใบเสนอราคาไปแล้ว ไม่มีการตอบกลับ หมด 08/2556)>><<(NEW 08/2555)>>
1473,<<(ส่งใบเสนอราคาไปแล้ว ไม่มีการตอบกลับ หมด 08/2560)>>
1474,<<(ส่งใบเสนอราคาไปแล้ว ไม่มีการตอบกลับ หมด 08/2562)>>
1475,<<(ส่งใบเสนอราคาไปแล้ว ไม่มีการตอบกลับ หมด 08/2562)>><<(NEW 08/2561)>>
1476,<<(ส่งใบเสนอราคาไปแล้ว ไม่มีการตอบกลับ หมด 08/2563 )>>
1477,<<(ส่งใบเสนอราคาไปแล้ว ไม่มีการตอบกลับ หมด 08/2563)>>
1478,<<(ส่งใบเสนอราคาไปแล้ว ไม่มีการตอบกลับ หมด 08/2564 )>>
1479,<<(ส่งใบเสนอราคาไปแล้ว ไม่มีการตอบกลับ หมด 08/2564)>>
1480,<<(ส่งใบเสนอราคาไปแล้ว ไม่มีการตอบกลับ หมด 08/2565)>>
1481,<<(ส่งใบเสนอราคาไปแล้ว ไม่มีการตอบกลับ หมด 08/2566)>>
1482,<<(ส่งใบเสนอราคาไปแล้ว ไม่มีการตอบกลับ หมด 08/2566)>><<(NEW 08/2565)>>
1483,<<(ส่งใบเสนอราคาไปแล้ว ไม่มีการตอบกลับ หมด 08/2567)>>
1484,<<(ส่งใบเสนอราคาไปแล้ว ไม่มีการตอบกลับ หมด 08/2567)>><<(NEW 08/2566)>>
1485,<<(ส่งใบเสนอราคาไปแล้ว ไม่มีการตอบกลับ หมด 08/2568)>>
1486,<<(ส่งใบเสนอราคาไปแล้ว ไม่มีการตอบกลับ หมด 08/2568)>> <<(NEW 08/2567)>>
1487,<<(ส่งใบเสนอราคาไปแล้ว ไม่มีการตอบกลับ หมด 08/2568)>><<(NEW 08/2567)>>
1488,<<(ส่งใบเสนอราคาไปแล้ว ไม่มีการตอบกลับ หมด 09/2552)>>
1489,<<(ส่งใบเสนอราคาไปแล้ว ไม่มีการตอบกลับ หมด 09/2552)>><<(NEW 09/2551)>>
1490,<<(ส่งใบเสนอราคาไปแล้ว ไม่มีการตอบกลับ หมด 09/2555)>>
1491,<<(ส่งใบเสนอราคาไปแล้ว ไม่มีการตอบกลับ หมด 09/2556)>>
1492,<<(ส่งใบเสนอราคาไปแล้ว ไม่มีการตอบกลับ หมด 09/2558)>><<(NEW 09/2557)>>
1493,<<(ส่งใบเสนอราคาไปแล้ว ไม่มีการตอบกลับ หมด 09/2559)>><<(NEW 09/2558)>>
1494,<<(ส่งใบเสนอราคาไปแล้ว ไม่มีการตอบกลับ หมด 09/2561)>>
1495,<<(ส่งใบเสนอราคาไปแล้ว ไม่มีการตอบกลับ หมด 09/2562)>>
1496,<<(ส่งใบเสนอราคาไปแล้ว ไม่มีการตอบกลับ หมด 09/2563)>>
1497,<<(ส่งใบเสนอราคาไปแล้ว ไม่มีการตอบกลับ หมด 09/2564)>>
1498,<<(ส่งใบเสนอราคาไปแล้ว ไม่มีการตอบกลับ หมด 09/2564)>><<(NEW 09/2563)>>
1499,<<(ส่งใบเสนอราคาไปแล้ว ไม่มีการตอบกลับ หมด 09/2564)>>ส่งคิวได้เลยค่ะ ลูกค้าจะนำเช็ค MA ฝากให้ช่วงบ่าย>>
1500,<<(ส่งใบเสนอราคาไปแล้ว ไม่มีการตอบกลับ หมด 09/2565)>>
1501,<<(ส่งใบเสนอราคาไปแล้ว ไม่มีการตอบกลับ หมด 09/2566(TF09/2565)>>
1502,<<(ส่งใบเสนอราคาไปแล้ว ไม่มีการตอบกลับ หมด 09/2566)>>
1503,<<(ส่งใบเสนอราคาไปแล้ว ไม่มีการตอบกลับ หมด 09/2566)>> <<(NEW 09/2565)>>
1504,<<(ส่งใบเสนอราคาไปแล้ว ไม่มีการตอบกลับ หมด 09/2566)>> (TF09/2565)>>
1505,<<(ส่งใบเสนอราคาไปแล้ว ไม่มีการตอบกลับ หมด 09/2566)>><<(NEW 09/2565)>>
1506,<<(ส่งใบเสนอราคาไปแล้ว ไม่มีการตอบกลับ หมด 09/2566)>><<(NEW 10/2565 )>>
1507,<<(ส่งใบเสนอราคาไปแล้ว ไม่มีการตอบกลับ หมด 09/2566 (TF09/2565)>>
1508,<<(ส่งใบเสนอราคาไปแล้ว ไม่มีการตอบกลับ หมด 09/2567)>
1509,<<(ส่งใบเสนอราคาไปแล้ว ไม่มีการตอบกลับ หมด 09/2567)>>
1510,<<(ส่งใบเสนอราคาไปแล้ว ไม่มีการตอบกลับ หมด 09/2567)>> <<(NEW 09/2566)>>
1511,<<(ส่งใบเสนอราคาไปแล้ว ไม่มีการตอบกลับ หมด 09/2567)>><<(NEW 09/2566)>>
1512,<<(ส่งใบเสนอราคาไปแล้ว ไม่มีการตอบกลับ หมด 09/2568)>>
1513,<<(ส่งใบเสนอราคาไปแล้ว ไม่มีการตอบกลับ หมด 09/2568)>><<(MA 09/2568)>>
1514,<<(ส่งใบเสนอราคาไปแล้ว ไม่มีการตอบกลับ หมด 09/2568)>><<(NEW 09/2567)>>
1515,<<(ส่งใบเสนอราคาไปแล้ว ไม่มีการตอบกลับ หมด 10/2553)>>
1516,<<(ส่งใบเสนอราคาไปแล้ว ไม่มีการตอบกลับ หมด 10/2554)>>
1517,<<(ส่งใบเสนอราคาไปแล้ว ไม่มีการตอบกลับ หมด 10/2559)>>
1518,<<(ส่งใบเสนอราคาไปแล้ว ไม่มีการตอบกลับ หมด 10/2561)>
1519,<<(ส่งใบเสนอราคาไปแล้ว ไม่มีการตอบกลับ หมด 10/2561)>>
1520,<<(ส่งใบเสนอราคาไปแล้ว ไม่มีการตอบกลับ หมด 10/2562)>>
1521,<<(ส่งใบเสนอราคาไปแล้ว ไม่มีการตอบกลับ หมด 10/2563)>>
1522,<<(ส่งใบเสนอราคาไปแล้ว ไม่มีการตอบกลับ หมด 10/2564)>>
1523,<<(ส่งใบเสนอราคาไปแล้ว ไม่มีการตอบกลับ หมด 10/2564)>><<(NEW 10/2563)>>
1524,<<(ส่งใบเสนอราคาไปแล้ว ไม่มีการตอบกลับ หมด 10/2565)>>
1525,<<(ส่งใบเสนอราคาไปแล้ว ไม่มีการตอบกลับ หมด 10/2565)>> <<(NEW11/2564)>>
1526,<<(ส่งใบเสนอราคาไปแล้ว ไม่มีการตอบกลับ หมด 10/2565)>><<(NEW 10/2564)>>
1527,<<(ส่งใบเสนอราคาไปแล้ว ไม่มีการตอบกลับ หมด 10/2565)>><<(NEW10/2564)>>
1528,<<(ส่งใบเสนอราคาไปแล้ว ไม่มีการตอบกลับ หมด 10/2566)>>
1529,<<(ส่งใบเสนอราคาไปแล้ว ไม่มีการตอบกลับ หมด 10/2566)>><<(NEW 10/2565)>>
1530,<<(ส่งใบเสนอราคาไปแล้ว ไม่มีการตอบกลับ หมด 10/2567)>>
1531,<<(ส่งใบเสนอราคาไปแล้ว ไม่มีการตอบกลับ หมด 10/2567)>> <<(MA 10/2567)>>
1532,<<(ส่งใบเสนอราคาไปแล้ว ไม่มีการตอบกลับ หมด 10/2567)>> <<(NEW 10/2566)>>
1533,<<(ส่งใบเสนอราคาไปแล้ว ไม่มีการตอบกลับ หมด 10/2567)>><<(NEW 10/2566)>>
1534,<<(ส่งใบเสนอราคาไปแล้ว ไม่มีการตอบกลับ หมด 10/2567)>><<(NEW 11/2566)>>
1535,<<(ส่งใบเสนอราคาไปแล้ว ไม่มีการตอบกลับ หมด 10/2568)>>
1536,<<(ส่งใบเสนอราคาไปแล้ว ไม่มีการตอบกลับ หมด 10/2568)>> <<(NEW 10/2567)>>
1537,<<(ส่งใบเสนอราคาไปแล้ว ไม่มีการตอบกลับ หมด 11/2556)>>
1538,<<(ส่งใบเสนอราคาไปแล้ว ไม่มีการตอบกลับ หมด 11/2558)>>
1539,<<(ส่งใบเสนอราคาไปแล้ว ไม่มีการตอบกลับ หมด 11/2561)>>
1540,<<(ส่งใบเสนอราคาไปแล้ว ไม่มีการตอบกลับ หมด 11/2561)>><<(NEW 11/2560 )>>
1541,<<(ส่งใบเสนอราคาไปแล้ว ไม่มีการตอบกลับ หมด 11/2562)>>
1542,<<(ส่งใบเสนอราคาไปแล้ว ไม่มีการตอบกลับ หมด 11/2563)>>
1543,<<(ส่งใบเสนอราคาไปแล้ว ไม่มีการตอบกลับ หมด 11/2564 )>>
1544,<<(ส่งใบเสนอราคาไปแล้ว ไม่มีการตอบกลับ หมด 11/2564)>>
1545,<<(ส่งใบเสนอราคาไปแล้ว ไม่มีการตอบกลับ หมด 11/2565)>
1546,<<(ส่งใบเสนอราคาไปแล้ว ไม่มีการตอบกลับ หมด 11/2565)>>
1547,<<(ส่งใบเสนอราคาไปแล้ว ไม่มีการตอบกลับ หมด 11/2565)>><<(NEW 11/2564)>>
1548,<<(ส่งใบเสนอราคาไปแล้ว ไม่มีการตอบกลับ หมด 11/2565)>><<(NEW11/2564)>>
1549,<<(ส่งใบเสนอราคาไปแล้ว ไม่มีการตอบกลับ หมด 11/2566)>>
1550,<<(ส่งใบเสนอราคาไปแล้ว ไม่มีการตอบกลับ หมด 11/2566)>> (ลูกค้านัดรับเช็คแล้ว)>>
1551,<<(ส่งใบเสนอราคาไปแล้ว ไม่มีการตอบกลับ หมด 11/2566)>><<(NEW 10/2565)>>
1552,<<(ส่งใบเสนอราคาไปแล้ว ไม่มีการตอบกลับ หมด 11/2567)>>
1553,<<(ส่งใบเสนอราคาไปแล้ว ไม่มีการตอบกลับ หมด 11/2567)>><<(NEW 11/2566)>>
1554,<<(ส่งใบเสนอราคาไปแล้ว ไม่มีการตอบกลับ หมด 11/2568)>>
1555,<<(ส่งใบเสนอราคาไปแล้ว ไม่มีการตอบกลับ หมด 11/2568)>><<(NEW 11/2567)>>
1556,<<(ส่งใบเสนอราคาไปแล้ว ไม่มีการตอบกลับ หมด 11/2569)>>
1557,<<(ส่งใบเสนอราคาไปแล้ว ไม่มีการตอบกลับ หมด 12/2556)>>
1558,<<(ส่งใบเสนอราคาไปแล้ว ไม่มีการตอบกลับ หมด 12/2557)>>
1559,<<(ส่งใบเสนอราคาไปแล้ว ไม่มีการตอบกลับ หมด 12/2561)>>
1560,<<(ส่งใบเสนอราคาไปแล้ว ไม่มีการตอบกลับ หมด 12/2562)>>
1561,<<(ส่งใบเสนอราคาไปแล้ว ไม่มีการตอบกลับ หมด 12/2563)>>
1562,<<(ส่งใบเสนอราคาไปแล้ว ไม่มีการตอบกลับ หมด 12/2563)>><<(NEW 12/2562)>>
1563,<<(ส่งใบเสนอราคาไปแล้ว ไม่มีการตอบกลับ หมด 12/2564)>>
1564,<<(ส่งใบเสนอราคาไปแล้ว ไม่มีการตอบกลับ หมด 12/2565)>>
1565,<<(ส่งใบเสนอราคาไปแล้ว ไม่มีการตอบกลับ หมด 12/2565)>>(ลูกค้านัดรับเช็คแล้ว)>>
1566,<<(ส่งใบเสนอราคาไปแล้ว ไม่มีการตอบกลับ หมด 12/2565)>><<(NEW12/2564)>>
1567,<<(ส่งใบเสนอราคาไปแล้ว ไม่มีการตอบกลับ หมด 12/2566)>>
1568,<<(ส่งใบเสนอราคาไปแล้ว ไม่มีการตอบกลับ หมด 12/2566)>><<(NEW 12/2565)>>
1569,<<(ส่งใบเสนอราคาไปแล้ว ไม่มีการตอบกลับ หมด 12/2567)>>
1570,<<(ส่งใบเสนอราคาไปแล้ว ไม่มีการตอบกลับ หมด 12/2567)>><<(NEW 12/2566 )>>
1571,<<(ส่งใบเสนอราคาไปแล้ว ไม่มีการตอบกลับ หมด 12/2567)>><<(NEW 12/2566)>>
1572,<<(ส่งใบเสนอราคาไปแล้ว ไม่มีการตอบกลับ หมด 12/2568)>>
1573,<<(ส่งใบเสนอราคาไปแล้ว ไม่มีการตอบกลับ หมด MA 03/2563)>>
1574,<<(ส่งใบเสนอราคาไปแล้ว ไม่มีการตอบกลับ หมด MA 03/2565)>>
1575,<<(ส่งใบเสนอราคาไปแล้ว ไม่มีการตอบกลับ หมด MA 04/2565)>>
1576,<<(ส่งใบเสนอราคาไปแล้ว ไม่มีการตอบกลับ หมด MA 05/2558)>>
1577,<<(ส่งใบเสนอราคาไปแล้ว ไม่มีการตอบกลับ หมด MA 06/2565)>>
1578,<<(ส่งใบเสนอราคาไปแล้ว ไม่มีการตอบกลับ หมด MA 09/2567)>>
1579,<<(ส่งใบเสนอราคาไปแล้ว ไม่มีการตอบกลับ หมด MA 10/2564)>>
1580,<<(ส่งใบเสนอราคาไปแล้ว ไม่มีการตอบกลับ หมด MA 11/2564 )>>
1581,<<(ส่งใบเสนอราคาไปแล้ว ไม่มีการตอบกลับ หมด MA 12/2561)>>
1582,<<(ส่งใบเสนอราคาไปแล้ว ไม่มีการตอบกลับ หมด MA03/2563)>>
1583,<<(ส่งใบเสนอราคาไปแล้ว ไม่มีการตอบกลับ หมด MA05/2558)>>
1584,<<(ส่งใบเสนอราคาไปแล้ว ไม่มีการตอบกลับ หมด MA08/2558 )>>
1585,<<(ส่งใบเสนอราคาไปแล้ว ไม่มีการตอบกลับ หมด MA08/2558)>>
1586,<<(ส่งใบเสนอราคาไปแล้ว ไม่มีการตอบกลับ หมด MA08/2565)>>
1587,<<(ส่งใบเสนอราคาไปแล้ว ไม่มีการตอบกลับ หมด MA09/2565)>>
1588,<<(ส่งใบเสนอราคาไปแล้ว ไม่มีการตอบกลับ หมด MA11/2560)>>
1589,<<(ส่งใบเสนอราคาไปแล้ว ไม่มีการตอบกลับ หมด MA11/2564)>>
1590,<<(ส่งใบเสนอราคาไปแล้ว ไม่มีการตอบกลับ หมด MA12/2562 )>><<(TF 12/2561)>>
1591,<<(ส่งใบเสนอราคาไปแล้ว ไม่มีการตอบกลับ หมด MA12/2565)>>
1592,<<(ส่งใบเสนอราคาไปแล้ว ไม่มีการตอบกลับ หมด(MA 03/2565)>>
1593,<<(ส่งใบเสนอราคาไปแล้ว ไม่มีการตอบกลับ หมด(MA 12/2565)>>
1594,<<(ส่งใบเสนอราคาไปแล้ว ไม่มีการตอบกลับ หมด(MA03/2565)>>
1595,<<(ส่งใบเสนอราคาไปแล้ว ไม่มีการตอบกลับ หมด01/2562)>>
1596,<<(ส่งใบเสนอราคาไปแล้ว ไม่มีการตอบกลับ หมด01/2565)>>
1597,<<(ส่งใบเสนอราคาไปแล้ว ไม่มีการตอบกลับ หมด01/2565)>>***ส่งคิวได้เลย ลูกค้านัดรับเช็คแล้วคะ
1598,<<(ส่งใบเสนอราคาไปแล้ว ไม่มีการตอบกลับ หมด02/2561)>>
1599,<<(ส่งใบเสนอราคาไปแล้ว ไม่มีการตอบกลับ หมด02/2562)>>
1600,<<(ส่งใบเสนอราคาไปแล้ว ไม่มีการตอบกลับ หมด02/2564)>>
1601,<<(ส่งใบเสนอราคาไปแล้ว ไม่มีการตอบกลับ หมด02/2565)>>
1602,<<(ส่งใบเสนอราคาไปแล้ว ไม่มีการตอบกลับ หมด03/2564>>
1603,<<(ส่งใบเสนอราคาไปแล้ว ไม่มีการตอบกลับ หมด03/2565)>>
1604,<<(ส่งใบเสนอราคาไปแล้ว ไม่มีการตอบกลับ หมด03/2565)>><<(NEW03/2564)>>
1605,<<(ส่งใบเสนอราคาไปแล้ว ไม่มีการตอบกลับ หมด04/2565)>>
1606,<<(ส่งใบเสนอราคาไปแล้ว ไม่มีการตอบกลับ หมด05/2565)>>
1607,<<(ส่งใบเสนอราคาไปแล้ว ไม่มีการตอบกลับ หมด06/2558)>>
1608,<<(ส่งใบเสนอราคาไปแล้ว ไม่มีการตอบกลับ หมด08/2560)(ไม่ต่อ MA หมด 21/8/60)>>
1609,<<(ส่งใบเสนอราคาไปแล้ว ไม่มีการตอบกลับ หมด08/2560>>
1610,<<(ส่งใบเสนอราคาไปแล้ว ไม่มีการตอบกลับ หมด08/2564)>>
1611,<<(ส่งใบเสนอราคาไปแล้ว ไม่มีการตอบกลับ หมด08/2565)>>
1612,<<(ส่งใบเสนอราคาไปแล้ว ไม่มีการตอบกลับ หมด09/2559)>>
1613,<<(ส่งใบเสนอราคาไปแล้ว ไม่มีการตอบกลับ หมด09/2564)>>
1614,<<(ส่งใบเสนอราคาไปแล้ว ไม่มีการตอบกลับ หมด09/2565)>>
1615,<<(ส่งใบเสนอราคาไปแล้ว ไม่มีการตอบกลับ หมด10/2558)>>
1616,<<(ส่งใบเสนอราคาไปแล้ว ไม่มีการตอบกลับ หมด10/2563)>>
1617,<<(ส่งใบเสนอราคาไปแล้ว ไม่มีการตอบกลับ หมด10/2564)>>
1618,<<(ส่งใบเสนอราคาไปแล้ว ไม่มีการตอบกลับ หมด10/2565)>>
1619,<<(ส่งใบเสนอราคาไปแล้ว ไม่มีการตอบกลับ หมด11/2558)>>
1620,<<(ส่งใบเสนอราคาไปแล้ว ไม่มีการตอบกลับ หมด11/2564)>>
1621,<<(ส่งใบเสนอราคาไปแล้ว ไม่มีการตอบกลับ หมด11/2565)>>
1622,<<(ส่งใบเสนอราคาไปแล้ว ไม่มีการตอบกลับ หมด11/2567)>>
1623,<<(ส่งใบเสนอราคาไปแล้ว ไม่มีการตอบกลับ หมด12/2555)>>
1624,<<(ส่งใบเสนอราคาไปแล้ว ไม่มีการตอบกลับ หมด12/2562)>>
1625,<<(ส่งใบเสนอราคาไปแล้ว ไม่มีการตอบกลับ หมด12/2565)>>
1626,<<(ส่งใบเสนอราคาไปแล้ว ไม่มีการตอบกลับ หมดMA 01/2565)>>
1627,<<(ส่งใบเสนอราคาไปแล้ว ไม่มีการตอบกลับ หมดMA 03/2560)>>
1628,<<(ส่งใบเสนอราคาไปแล้ว ไม่มีการตอบกลับ หมดMA 03/2565)>>
1629,<<(ส่งใบเสนอราคาไปแล้ว ไม่มีการตอบกลับ หมดMA 04/2561)>>
1630,<<(ส่งใบเสนอราคาไปแล้ว ไม่มีการตอบกลับ หมดMA 04/2561)>><<(NEW 04/2560 )>>
1631,<<(ส่งใบเสนอราคาไปแล้ว ไม่มีการตอบกลับ หมดMA 05/2565)>>
1632,<<(ส่งใบเสนอราคาไปแล้ว ไม่มีการตอบกลับ หมดMA 06/2552)>>
1633,<<(ส่งใบเสนอราคาไปแล้ว ไม่มีการตอบกลับ หมดMA 06/2563)>>
1634,<<(ส่งใบเสนอราคาไปแล้ว ไม่มีการตอบกลับ หมดMA 07/2557)>>
1635,<<(ส่งใบเสนอราคาไปแล้ว ไม่มีการตอบกลับ หมดMA 07/2562)>>
1636,<<(ส่งใบเสนอราคาไปแล้ว ไม่มีการตอบกลับ หมดMA 08/2562)>>
1637,<<(ส่งใบเสนอราคาไปแล้ว ไม่มีการตอบกลับ หมดMA 09/2564 )>>
1638,<<(ส่งใบเสนอราคาไปแล้ว ไม่มีการตอบกลับ หมดMA 10/2561)>>
1639,<<(ส่งใบเสนอราคาไปแล้ว ไม่มีการตอบกลับ หมดMA 10/2564)>>
1640,<<(ส่งใบเสนอราคาไปแล้ว ไม่มีการตอบกลับ หมดMA 11/2559)>>
1641,<<(ส่งใบเสนอราคาไปแล้ว ไม่มีการตอบกลับ หมดMA 12/2557)>>
1642,<<(ส่งใบเสนอราคาไปแล้ว ไม่มีการตอบกลับ หมดMA01/2562 )>>
1643,<<(ส่งใบเสนอราคาไปแล้ว ไม่มีการตอบกลับ หมดMA03/2565)>>
1644,<<(ส่งใบเสนอราคาไปแล้ว ไม่มีการตอบกลับ หมดMA06/2552)>>
1645,<<(ส่งใบเสนอราคาไปแล้ว ไม่มีการตอบกลับ หมดMA06/2565)
1646,<<(ส่งใบเสนอราคาไปแล้ว ไม่มีการตอบกลับ หมดMA08/2564)>>
1647,<<(ส่งใบเสนอราคาไปแล้ว ไม่มีการตอบกลับ หมดMA09/2564)>>
1648,<<(ส่งใบเสนอราคาไปแล้ว ไม่มีการตอบกลับ หมดMA11/2559)>>
1649,<<(ส่งใบเสนอราคาไปแล้ว ไม่มีการตอบกลับ หมดMA11/2563)>>
1650,<<(ส่งใบเสนอราคาไปแล้ว ไม่มีการตอบกลับ หมดMA12/2562 )>>
1651,<<(ส่งใบเสนอราคาไปแล้ว ไม่มีการตอบกลับหมด 02/2565 )>>
1652,<<(ส่งใบเสนอราคาไปแล้ว ไม่มีการตอบกลับหมด 05/2564)>>
1653,<<(ส่งใบเสนอราคาไปแล้ว ไม่มีการตอบกลับหมด 12/2563)>>
1654,<<(ส่งใบเสนอราคาไปแล้ว ไม่มีการตอบกลับหมด 12/2565)>>
1655,<<(ส่งใบเสนอราคาไปแล้ว ไม่มีการตอบกลับหมด05/2564)>>
1656,<<(ส่งใบเสนอราคาไปแล้ว ไม่มีการตอบกลับหมด11/2564)>>
1657,<<(ส่งใบเสนอราคาไปแล้ว ไม่มีการตอบกลับหมด12/2554)>>
1658,<<(ส่งใบเสนอราคาไปแล้ว ไมีการตอบกลับ หมด 01/2566)>>
1659,<<(ส่งใบเสนอราคาไปแล้ว ไมีการตอบกลับ หมด 02/2566)>>
1660,<<(ส่งใบเสนอราคาไปแล้ว หมด MA11/2564)>>
1661,<<(ส่งใบเสนอราคาไปแล้วแต่ยังไม่ตอบกลับ หมด MA 03/2559 )>>
1662,<<(ส่งใบเสนอราคาไปแล้วแต่ยังไม่ตอบกลับ หมด MA 06/2550)>>
1663,<<(ส่งใบเสนอราคาไปแล้วแต่ยังไม่ตอบกลับ หมด MA06/2550)>>
1664,<<(ส่งใบเสนอราคาไปแล้วแต่ยังไม่ตอบกลับหมด06/2563)>>
1665,<<(ส่งใบเสนอราคาไปแล้วไม่มีการตอบกลับ MAหมด 08/2562)>>
1666,<<(ส่งใบเสนอราคาไปแล้วไม่มีการตอบกลับ MAหมด 09/2564)>>
1667,<<(ส่งใบเสนอราคาไปแล้วไม่มีการตอบกลับ MAหมด 10/2563)>>
1668,<<(ส่งใบเสนอราคาไปแล้วไม่มีการตอบกลับ MAหมด 12/2562)>>
1669,<<(ส่งใบเสนอราคาไปแล้วไม่มีการตอบกลับ หมด 01/2552)>>
1670,<<(ส่งใบเสนอราคาไปแล้วไม่มีการตอบกลับ หมด 01/2561)>>
1671,<<(ส่งใบเสนอราคาไปแล้วไม่มีการตอบกลับ หมด 01/2562)>>
1672,<<(ส่งใบเสนอราคาไปแล้วไม่มีการตอบกลับ หมด 01/2563)>>
1673,<<(ส่งใบเสนอราคาไปแล้วไม่มีการตอบกลับ หมด 01/2563)>>(ส่งคิวให้ได้เลยคะ MA ลูกค้ากำลังทำเช็คให้คะ)>>
1674,<<(ส่งใบเสนอราคาไปแล้วไม่มีการตอบกลับ หมด 01/2564)>>
1675,<<(ส่งใบเสนอราคาไปแล้วไม่มีการตอบกลับ หมด 01/2569)>>
1676,<<(ส่งใบเสนอราคาไปแล้วไม่มีการตอบกลับ หมด 02/2564)>>
1677,<<(ส่งใบเสนอราคาไปแล้วไม่มีการตอบกลับ หมด 02/2565)>>
1678,<<(ส่งใบเสนอราคาไปแล้วไม่มีการตอบกลับ หมด 02/2568)>>
1679,<<(ส่งใบเสนอราคาไปแล้วไม่มีการตอบกลับ หมด 02/2569)>>
1680,<<(ส่งใบเสนอราคาไปแล้วไม่มีการตอบกลับ หมด 03/2555)>>
1681,<<(ส่งใบเสนอราคาไปแล้วไม่มีการตอบกลับ หมด 03/2557)( หมด06/2558)>>>>
1682,<<(ส่งใบเสนอราคาไปแล้วไม่มีการตอบกลับ หมด 03/2557)>>
1683,<<(ส่งใบเสนอราคาไปแล้วไม่มีการตอบกลับ หมด 03/2562 )>>
1684,<<(ส่งใบเสนอราคาไปแล้วไม่มีการตอบกลับ หมด 03/2563 )>>
1685,<<(ส่งใบเสนอราคาไปแล้วไม่มีการตอบกลับ หมด 03/2566)>>
1686,<<(ส่งใบเสนอราคาไปแล้วไม่มีการตอบกลับ หมด 03/2569)>>
1687,<<(ส่งใบเสนอราคาไปแล้วไม่มีการตอบกลับ หมด 04/2559)>>
1688,<<(ส่งใบเสนอราคาไปแล้วไม่มีการตอบกลับ หมด 04/2560)>>
1689,<<(ส่งใบเสนอราคาไปแล้วไม่มีการตอบกลับ หมด 04/2560)>><<(NEW 04/2559)>>
1690,<<(ส่งใบเสนอราคาไปแล้วไม่มีการตอบกลับ หมด 04/2563)>>
1691,<<(ส่งใบเสนอราคาไปแล้วไม่มีการตอบกลับ หมด 04/2564)>>
1692,<<(ส่งใบเสนอราคาไปแล้วไม่มีการตอบกลับ หมด 04/2565 )>>
1693,<<(ส่งใบเสนอราคาไปแล้วไม่มีการตอบกลับ หมด 04/2566)>><<(NEW 04/2565)>>
1694,<<(ส่งใบเสนอราคาไปแล้วไม่มีการตอบกลับ หมด 04/2568)>>
1695,<<(ส่งใบเสนอราคาไปแล้วไม่มีการตอบกลับ หมด 05/2557)>>
1696,<<(ส่งใบเสนอราคาไปแล้วไม่มีการตอบกลับ หมด 05/2562)>>
1697,<<(ส่งใบเสนอราคาไปแล้วไม่มีการตอบกลับ หมด 05/2563)>>
1698,<<(ส่งใบเสนอราคาไปแล้วไม่มีการตอบกลับ หมด 05/2566)>>
1699,<<(ส่งใบเสนอราคาไปแล้วไม่มีการตอบกลับ หมด 06/2559)>>
1700,<<(ส่งใบเสนอราคาไปแล้วไม่มีการตอบกลับ หมด 06/2562)>>
1701,<<(ส่งใบเสนอราคาไปแล้วไม่มีการตอบกลับ หมด 06/2563)>>
1702,<<(ส่งใบเสนอราคาไปแล้วไม่มีการตอบกลับ หมด 06/2566)>>
1703,<<(ส่งใบเสนอราคาไปแล้วไม่มีการตอบกลับ หมด 07/2561)>>
1704,<<(ส่งใบเสนอราคาไปแล้วไม่มีการตอบกลับ หมด 07/2562)>>
1705,<<(ส่งใบเสนอราคาไปแล้วไม่มีการตอบกลับ หมด 07/2562)>><<(NEW 07/2561)>>
1706,<<(ส่งใบเสนอราคาไปแล้วไม่มีการตอบกลับ หมด 07/2563 )>>
1707,<<(ส่งใบเสนอราคาไปแล้วไม่มีการตอบกลับ หมด 07/2563)>>
1708,<<(ส่งใบเสนอราคาไปแล้วไม่มีการตอบกลับ หมด 07/2567)>>
1709,<<(ส่งใบเสนอราคาไปแล้วไม่มีการตอบกลับ หมด 08/2559)>>
1710,<<(ส่งใบเสนอราคาไปแล้วไม่มีการตอบกลับ หมด 08/2561)>>
1711,<<(ส่งใบเสนอราคาไปแล้วไม่มีการตอบกลับ หมด 08/2561)>><<(NEW 08/2560)>>
1712,<<(ส่งใบเสนอราคาไปแล้วไม่มีการตอบกลับ หมด 08/2562)>>
1713,<<(ส่งใบเสนอราคาไปแล้วไม่มีการตอบกลับ หมด 09/2562)>>
1714,<<(ส่งใบเสนอราคาไปแล้วไม่มีการตอบกลับ หมด 09/2563)>>
1715,<<(ส่งใบเสนอราคาไปแล้วไม่มีการตอบกลับ หมด 09/2564)>>
1716,<<(ส่งใบเสนอราคาไปแล้วไม่มีการตอบกลับ หมด 09/2567)>>
1717,<<(ส่งใบเสนอราคาไปแล้วไม่มีการตอบกลับ หมด 10/2561)>>
1718,<<(ส่งใบเสนอราคาไปแล้วไม่มีการตอบกลับ หมด 10/2562)>>
1719,<<(ส่งใบเสนอราคาไปแล้วไม่มีการตอบกลับ หมด 10/2563)(NEW11/2562)>>
1720,<<(ส่งใบเสนอราคาไปแล้วไม่มีการตอบกลับ หมด 10/2564)>>
1721,<<(ส่งใบเสนอราคาไปแล้วไม่มีการตอบกลับ หมด 11/2557)>>
1722,<<(ส่งใบเสนอราคาไปแล้วไม่มีการตอบกลับ หมด 11/2563)>>
1723,<<(ส่งใบเสนอราคาไปแล้วไม่มีการตอบกลับ หมด 11/2564)>>
1724,<<(ส่งใบเสนอราคาไปแล้วไม่มีการตอบกลับ หมด 11/2565)>>
1725,<<(ส่งใบเสนอราคาไปแล้วไม่มีการตอบกลับ หมด 11/2568)>>
1726,<<(ส่งใบเสนอราคาไปแล้วไม่มีการตอบกลับ หมด 12/2562)>>
1727,<<(ส่งใบเสนอราคาไปแล้วไม่มีการตอบกลับ หมด 12/2562)>><<(NEW 12/2561)>>
1728,<<(ส่งใบเสนอราคาไปแล้วไม่มีการตอบกลับ หมด 12/2565 )>>
1729,<<(ส่งใบเสนอราคาไปแล้วไม่มีการตอบกลับ หมด MA 01/2557 )>><<(NEW 1/2556)>>
1730,<<(ส่งใบเสนอราคาไปแล้วไม่มีการตอบกลับ หมด MA 01/2560)>>
1731,<<(ส่งใบเสนอราคาไปแล้วไม่มีการตอบกลับ หมด MA 01/2561)>>
1732,<<(ส่งใบเสนอราคาไปแล้วไม่มีการตอบกลับ หมด MA 01/2565)>>
1733,<<(ส่งใบเสนอราคาไปแล้วไม่มีการตอบกลับ หมด MA 02/2560)>><<(NEW 02/2559)>>
1734,<<(ส่งใบเสนอราคาไปแล้วไม่มีการตอบกลับ หมด MA 02/2565 )>>
1735,<<(ส่งใบเสนอราคาไปแล้วไม่มีการตอบกลับ หมด MA 02/2565)>>
1736,<<(ส่งใบเสนอราคาไปแล้วไม่มีการตอบกลับ หมด MA 03/2550)>>
1737,<<(ส่งใบเสนอราคาไปแล้วไม่มีการตอบกลับ หมด MA 03/2564)>>
1738,<<(ส่งใบเสนอราคาไปแล้วไม่มีการตอบกลับ หมด MA 03/2565)>>
1739,<<(ส่งใบเสนอราคาไปแล้วไม่มีการตอบกลับ หมด MA 03/2565)>><<(NEW 03/2564)>>
1740,<<(ส่งใบเสนอราคาไปแล้วไม่มีการตอบกลับ หมด MA 04/2562)>>
1741,<<(ส่งใบเสนอราคาไปแล้วไม่มีการตอบกลับ หมด MA 04/2565)>>
1742,<<(ส่งใบเสนอราคาไปแล้วไม่มีการตอบกลับ หมด MA 04/2565)>><<(NEW 04/2564 )>>
1743,<<(ส่งใบเสนอราคาไปแล้วไม่มีการตอบกลับ หมด MA 05/2553)>>
1744,<<(ส่งใบเสนอราคาไปแล้วไม่มีการตอบกลับ หมด MA 05/2560)>>
1745,<<(ส่งใบเสนอราคาไปแล้วไม่มีการตอบกลับ หมด MA 05/2562 )>>
1746,<<(ส่งใบเสนอราคาไปแล้วไม่มีการตอบกลับ หมด MA 05/2562)>>
1747,<<(ส่งใบเสนอราคาไปแล้วไม่มีการตอบกลับ หมด MA 05/2563)>>
1748,<<(ส่งใบเสนอราคาไปแล้วไม่มีการตอบกลับ หมด MA 05/2565)>>
1749,<<(ส่งใบเสนอราคาไปแล้วไม่มีการตอบกลับ หมด MA 06/2557)>>
1750,<<(ส่งใบเสนอราคาไปแล้วไม่มีการตอบกลับ หมด MA 06/2559 )>>
1751,<<(ส่งใบเสนอราคาไปแล้วไม่มีการตอบกลับ หมด MA 06/2562)>>
1752,<<(ส่งใบเสนอราคาไปแล้วไม่มีการตอบกลับ หมด MA 06/2563 )>>
1753,<<(ส่งใบเสนอราคาไปแล้วไม่มีการตอบกลับ หมด MA 06/2565)>>
1754,<<(ส่งใบเสนอราคาไปแล้วไม่มีการตอบกลับ หมด MA 07/2563)>>
1755,<<(ส่งใบเสนอราคาไปแล้วไม่มีการตอบกลับ หมด MA 07/2565)>>
1756,<<(ส่งใบเสนอราคาไปแล้วไม่มีการตอบกลับ หมด MA 08/2561)>>
1757,<<(ส่งใบเสนอราคาไปแล้วไม่มีการตอบกลับ หมด MA 08/2563)>>
1758,<<(ส่งใบเสนอราคาไปแล้วไม่มีการตอบกลับ หมด MA 08/2565)>>
1759,<<(ส่งใบเสนอราคาไปแล้วไม่มีการตอบกลับ หมด MA 09/2553 )>>
1760,<<(ส่งใบเสนอราคาไปแล้วไม่มีการตอบกลับ หมด MA 09/2554 )>>
1761,<<(ส่งใบเสนอราคาไปแล้วไม่มีการตอบกลับ หมด MA 09/2555)>><<(NEW 09/2564)>>
1762,<<(ส่งใบเสนอราคาไปแล้วไม่มีการตอบกลับ หมด MA 09/2556)>>
1763,<<(ส่งใบเสนอราคาไปแล้วไม่มีการตอบกลับ หมด MA 09/2562)>>
1764,<<(ส่งใบเสนอราคาไปแล้วไม่มีการตอบกลับ หมด MA 09/2565)>>
1765,<<(ส่งใบเสนอราคาไปแล้วไม่มีการตอบกลับ หมด MA 10/2559)>>
1766,<<(ส่งใบเสนอราคาไปแล้วไม่มีการตอบกลับ หมด MA 10/2560 )>>
1767,<<(ส่งใบเสนอราคาไปแล้วไม่มีการตอบกลับ หมด MA 10/2560 )>><<(NEW 10/2559)>>
1768,<<(ส่งใบเสนอราคาไปแล้วไม่มีการตอบกลับ หมด MA 10/2564 )>>
1769,<<(ส่งใบเสนอราคาไปแล้วไม่มีการตอบกลับ หมด MA 10/2564)>>
1770,<<(ส่งใบเสนอราคาไปแล้วไม่มีการตอบกลับ หมด MA 10/2565)>>
1771,<<(ส่งใบเสนอราคาไปแล้วไม่มีการตอบกลับ หมด MA 10/2567 )>>
1772,<<(ส่งใบเสนอราคาไปแล้วไม่มีการตอบกลับ หมด MA 11/2562)>>
1773,<<(ส่งใบเสนอราคาไปแล้วไม่มีการตอบกลับ หมด MA 11/2568)>>
1774,<<(ส่งใบเสนอราคาไปแล้วไม่มีการตอบกลับ หมด MA 12/2557)>>
1775,<<(ส่งใบเสนอราคาไปแล้วไม่มีการตอบกลับ หมด MA 12/2563)>>
1776,<<(ส่งใบเสนอราคาไปแล้วไม่มีการตอบกลับ หมด MA 12/2563)>> (ลูกค้าจะทำเช็คจ่ายให้วันที่ 10 ธันวาคม 2566 )>>
1777,<<(ส่งใบเสนอราคาไปแล้วไม่มีการตอบกลับ หมด MA 12/2565)>>
1778,<<(ส่งใบเสนอราคาไปแล้วไม่มีการตอบกลับ หมด MA 12/2567 )>><<(NEW 12/2566)>>
1779,<<(ส่งใบเสนอราคาไปแล้วไม่มีการตอบกลับ หมด MA02/2559)>>
1780,<<(ส่งใบเสนอราคาไปแล้วไม่มีการตอบกลับ หมด MA02/2560)>>
1781,<<(ส่งใบเสนอราคาไปแล้วไม่มีการตอบกลับ หมด MA02/2562)>>
1782,<<(ส่งใบเสนอราคาไปแล้วไม่มีการตอบกลับ หมด MA03/2550)>>
1783,<<(ส่งใบเสนอราคาไปแล้วไม่มีการตอบกลับ หมด MA03/2560)>>
1784,<<(ส่งใบเสนอราคาไปแล้วไม่มีการตอบกลับ หมด MA03/2561)>>
1785,<<(ส่งใบเสนอราคาไปแล้วไม่มีการตอบกลับ หมด MA03/2563)>>
1786,<<(ส่งใบเสนอราคาไปแล้วไม่มีการตอบกลับ หมด MA03/2564)>>
1787,<<(ส่งใบเสนอราคาไปแล้วไม่มีการตอบกลับ หมด MA04/2562)>>
1788,<<(ส่งใบเสนอราคาไปแล้วไม่มีการตอบกลับ หมด MA04/2566)>><<(NEW 04/2565)>>
1789,<<(ส่งใบเสนอราคาไปแล้วไม่มีการตอบกลับ หมด MA05/2553)>>
1790,<<(ส่งใบเสนอราคาไปแล้วไม่มีการตอบกลับ หมด MA05/2559)>>
1791,<<(ส่งใบเสนอราคาไปแล้วไม่มีการตอบกลับ หมด MA05/2562)>>
1792,<<(ส่งใบเสนอราคาไปแล้วไม่มีการตอบกลับ หมด MA05/2564)>>
1793,<<(ส่งใบเสนอราคาไปแล้วไม่มีการตอบกลับ หมด MA05/2564)>><<(NEW 05/2563 )>>
1794,<<(ส่งใบเสนอราคาไปแล้วไม่มีการตอบกลับ หมด MA06/2562)>>
1795,<<(ส่งใบเสนอราคาไปแล้วไม่มีการตอบกลับ หมด MA06/2562)>>(ลูกค้าแจ้งจะโอนเงิน MA ให้พรุ่งนี้ คะ)>>
1796,<<(ส่งใบเสนอราคาไปแล้วไม่มีการตอบกลับ หมด MA06/2563)>>
1797,<<(ส่งใบเสนอราคาไปแล้วไม่มีการตอบกลับ หมด MA06/2564)>>
1798,<<(ส่งใบเสนอราคาไปแล้วไม่มีการตอบกลับ หมด MA07/2559)>>
1799,<<(ส่งใบเสนอราคาไปแล้วไม่มีการตอบกลับ หมด MA07/2562)>>
1800,<<(ส่งใบเสนอราคาไปแล้วไม่มีการตอบกลับ หมด MA07/2565)>>
1801,<<(ส่งใบเสนอราคาไปแล้วไม่มีการตอบกลับ หมด MA08/2561)>>
1802,<<(ส่งใบเสนอราคาไปแล้วไม่มีการตอบกลับ หมด MA08/2563)>>
1803,<<(ส่งใบเสนอราคาไปแล้วไม่มีการตอบกลับ หมด MA08/2564)>>
1804,<<(ส่งใบเสนอราคาไปแล้วไม่มีการตอบกลับ หมด MA08/2565)>>
1805,<<(ส่งใบเสนอราคาไปแล้วไม่มีการตอบกลับ หมด MA09/2555)>>
1806,<<(ส่งใบเสนอราคาไปแล้วไม่มีการตอบกลับ หมด MA09/2562)>>
1807,<<(ส่งใบเสนอราคาไปแล้วไม่มีการตอบกลับ หมด MA09/2564)>>
1808,<<(ส่งใบเสนอราคาไปแล้วไม่มีการตอบกลับ หมด MA10/2564)>>
1809,<<(ส่งใบเสนอราคาไปแล้วไม่มีการตอบกลับ หมด MA10/2565)>>
1810,<<(ส่งใบเสนอราคาไปแล้วไม่มีการตอบกลับ หมด MA11/2560)>>
1811,<<(ส่งใบเสนอราคาไปแล้วไม่มีการตอบกลับ หมด MA11/2562)>>
1812,<<(ส่งใบเสนอราคาไปแล้วไม่มีการตอบกลับ หมด MA12/2557)>>
1813,<<(ส่งใบเสนอราคาไปแล้วไม่มีการตอบกลับ หมด MA12/2564)>>
1814,<<(ส่งใบเสนอราคาไปแล้วไม่มีการตอบกลับ หมด MA12/2565)>>
1815,<<(ส่งใบเสนอราคาไปแล้วไม่มีการตอบกลับ หมด01/2552)>>
1816,<<(ส่งใบเสนอราคาไปแล้วไม่มีการตอบกลับ หมด01/2561)>>
1817,<<(ส่งใบเสนอราคาไปแล้วไม่มีการตอบกลับ หมด01/2563)>>
1818,<<(ส่งใบเสนอราคาไปแล้วไม่มีการตอบกลับ หมด03/2563)>>
1819,<<(ส่งใบเสนอราคาไปแล้วไม่มีการตอบกลับ หมด04/2564)>>
1820,<<(ส่งใบเสนอราคาไปแล้วไม่มีการตอบกลับ หมด05/2557)>>
1821,<<(ส่งใบเสนอราคาไปแล้วไม่มีการตอบกลับ หมด05/2558)>>
1822,<<(ส่งใบเสนอราคาไปแล้วไม่มีการตอบกลับ หมด05/2563)>>
1823,<<(ส่งใบเสนอราคาไปแล้วไม่มีการตอบกลับ หมด07/2562)>>
1824,<<(ส่งใบเสนอราคาไปแล้วไม่มีการตอบกลับ หมด07/2564)>>
1825,<<(ส่งใบเสนอราคาไปแล้วไม่มีการตอบกลับ หมด08/2561)>>
1826,<<(ส่งใบเสนอราคาไปแล้วไม่มีการตอบกลับ หมด08/2563)>>
1827,<<(ส่งใบเสนอราคาไปแล้วไม่มีการตอบกลับ หมด08/2565)>>
1828,<<(ส่งใบเสนอราคาไปแล้วไม่มีการตอบกลับ หมด09/2563)>>
1829,<<(ส่งใบเสนอราคาไปแล้วไม่มีการตอบกลับ หมด10/2562)>>
1830,<<(ส่งใบเสนอราคาไปแล้วไม่มีการตอบกลับ หมด10/2564)>>
1831,<<(ส่งใบเสนอราคาไปแล้วไม่มีการตอบกลับ หมด11/2564)>>
1832,<<(ส่งใบเสนอราคาไปแล้วไม่มีการตอบกลับ หมด11/2565)>>
1833,<<(ส่งใบเสนอราคาไปแล้วไม่มีการตอบกลับ หมด12/2562)>>
1834,<<(ส่งใบเสนอราคาไปแล้วไม่มีการตอบกลับหมด 02/2569)>><<(NEW02/2568)>>
1835,<<(ส่งใบเสนอราคาไปแล้วไม่มีการตอบกลับหมด MA08/2563)>>
1836,<<(ส่งใบเสนอราคาไปแล้วไม่มีการตอบกลับหมด MA09/2564)>>
1837,<<(ส่งใบเสนอราคาไปแล้วไม่มีการตอบกลับหมด MA10/2564)>>
1838,<<(ส่งใบเสนอราคาไปแล้วยังไม่มีการตอบกลับ หมด 03/2565 )>>
1839,<<(ส่งใบเสนอราคาไปแล้วยังไม่มีการตอบกลับ หมด 03/2566)>>
1840,<<(ส่งใบเสนอราคาไปแล้วยังไม่มีการตอบกลับ หมด 05/2560)>>
1841,<<(ส่งใบเสนอราคาไปแล้วยังไม่มีการตอบกลับ หมด 06/2560 )>>
1842,<<(ส่งใบเสนอราคาไปแล้วยังไม่มีการตอบกลับ หมด 08/2560)>>
1843,<<(ส่งใบเสนอราคาไปแล้วยังไม่มีการตอบกลับ หมด 08/2561)>>
1844,<<(ส่งใบเสนอราคาไปแล้วยังไม่มีการตอบกลับ หมด 08/2565)<<(TF08/2564)>>
1845,<<(ส่งใบเสนอราคาไปแล้วยังไม่มีการตอบกลับ หมด 08/2565)<<(TF08/2564)>>>>
1846,<<(ส่งใบเสนอราคาไปแล้วยังไม่มีการตอบกลับ หมด 09/2562)>>
1847,<<(ส่งใบเสนอราคาไปแล้วยังไม่มีการตอบกลับ หมด 09/2565)>>
1848,<<(ส่งใบเสนอราคาไปแล้วยังไม่มีการตอบกลับ หมด MA07/2565)>>
1849,<<(ส่งใบเสนอราคาไปแล้วยังไม่มีการตอบกลับ หมด03/2561)>>
1850,<<(ส่งใบเสนอราคาไปแล้วยังไม่มีการตอบกลับ หมด05/2564)>>
1851,<<(ส่งใบเสนอราคาไปแล้วยังไม่มีการตอบกลับ หมด07/2560)>>
1852,<<(ส่งใบเสนอราคาไปแล้วยังไม่มีการตอบกลับ หมด07/2560)>><<(NEW 07/2559 )>>
1853,<<(ส่งใบเสนอราคาไปแล้วยังไม่มีการตอบกลับ หมด08/2560)>>
1854,<<(ส่งใบเสนอราคาไปแล้วยังไม่มีการตอบกลับ หมด09/2562)>>
1855,<<(ส่งใบเสนอราคาไปแล้วยังไม่มีการตอบกลับ หมด11/2562)>>
1856,<<(ส่งใบเสนอราคาไปแล้วยังไม่มีการตอบกลับหมด 01/2565)>>
1857,<<(ส่งใบเสนอราคาไปแล้วยังไม่มีการตอบกลับหมด 04/2561)>><<(NEW 04/2560)>>
1858,<<(ส่งใบเสนอราคาไปแล้วยังไม่มีการตอบกลับหมด 05/2563)>>
1859,<<(ส่งใบเสนอราคาไปแล้วยังไม่มีการตอบกลับหมด 09/2561)>>
1860,<<(ส่งใบเสนอราคาไปแล้วยังไม่มีการตอบกลับหมด 09/2564)>>
1861,<<(ส่งใบเสนอราคาไปแล้วยังไม่มีการตอบกลับหมด 11/2563 )>>
1862,<<(ส่งใบเสนอราคาไปแล้วยังไม่มีการตอบกลับหมด 11/2563)>>
1863,<<(ส่งใบเสนอราคาไปแล้วยังไม่มีการตอบกลับหมด 11/2563)>><<(NEW 11/2562)>>
1864,<<(ส่งใบเสนอราคาไปแล้วยังไม่มีการตอบกลับหมด 11/2564)>>
1865,<<(ส่งใบเสนอราคาไปแล้วยังไม่มีการตอบกลับหมด 11/2566)>>
1866,<<(ส่งใบเสนอราคาไปแล้วยังไม่มีการตอบกลับหมด 12/2560)>>
1867,<<(ส่งใบเสนอราคาไปแล้วยังไม่มีการตอบกลับหมด01/2560)>>
1868,<<(ส่งใบเสนอราคาไปแล้วยังไม่มีการตอบกลับหมด04/2561)>>
1869,<<(ส่งใบเสนอราคาไปแล้วยังไม่มีการตอบกลับหมด10/2558)>>
1870,<<(ส่งใบเสนอราคาไปแล้วยังไม่มีการตอบกลับหมด11/2564)>>
1871,<<(ส่งใบเสนอราคาไปแล้วยังไม่มีการตอบกลับหมด12/2564)>>
1872,<<(ส่งใบแจ้งหนี้ไปแล้ว ไม่มีการตอบกลับ MA หมด 01/2569)>>
1873,<<(ส่งใบแจ้งหนี้ไปแล้ว ไม่มีการตอบกลับ MA หมด 02/2569)>>
1874,<<(ส่งใบแจ้งหนี้ไปแล้ว ไม่มีการตอบกลับ MA หมด 03/2569)>>
1875,<<(ส่งใบแจ้งหนี้ไปแล้ว ไม่มีการตอบกลับ MA หมด 04/2569)>>
1876,<<(ส่งใบแจ้งหนี้ไปแล้ว ไม่มีการตอบกลับ MA หมด 05/2569)>>
1877,<<(ส่งใบแจ้งหนี้ไปแล้ว ไม่มีการตอบกลับ MA หมด 07/2568)>>
1878,<<(ส่งใบแจ้งหนี้ไปแล้ว ไม่มีการตอบกลับ MA หมด 08/2568)>>
1879,<<(ส่งใบแจ้งหนี้ไปแล้ว ไม่มีการตอบกลับ MA หมด 09/2568)>>
1880,<<(ส่งใบแจ้งหนี้ไปแล้ว ไม่มีการตอบกลับ MA หมด 10/2568)>>
1881,<<(ส่งใบแจ้งหนี้ไปแล้ว ไม่มีการตอบกลับ MA หมด 11/2568)>>
1882,<<(ส่งใบแจ้งหนี้ไปแล้ว ไม่มีการตอบกลับ MA หมด 12/2568)>>
1883,<<(ส่งใบแจ้งหนี้ไปแล้ว ไม่มีการตอบกลับ หมด 07/2565)>>
1884,<<(ส่งใบแจ้งหนี้ไปแล้ว ไม่มีการตอบกลับ หมด 10/2566)>>
1885,<<(ส่งใบแจ้งหนี้ไปแล้ว)>><<(LICENCE 11/2568)>>
1886,<<(ส่งใบวางบิล MA ไปแล้ว แจ้งชำระภายในวันที่ 31/3/2566 )>>
1887,<<(ส่งใบวางบิลไปแล้ว MA หมด12/2565)>>
1888,<<(ส่งใบวางบิลไปแล้ว MA หมด12/2565)>>(บัญชีโทรมาแจ้งว่าเช็ค MA ภายในสิ้นเดือนนี้) <<(TF 03/2566)>> (ใช้สิทธิ์โอนสิทธิ์ จะส่ง Pay-In ให้ภายในพรุ่งนี้)>>
1889,<<(ส่งใบวางบิลไปแล้ว MA หมด12/2565)>> <<(TF 01/2566)>>
1890,<<(ส่งใบวางบิลไปแล้ว MA หมด12/2565)>> <<(TF 01/2566)>>บัญชีโทรมาแจ้งว่าเช็ค MA ภายในสิ้นเดือนนี้>>
1891,<<(ส่งใบวางบิลไปแล้ว MA หมด12/2565)>> <<(TF05/2564 )>>
1892,<<(ส่งใบวางบิลไปแล้ว MA หมด12/2565)>> <<(TF05/2564 )>> บัญชีโทรมาแจ้งว่าเช็ค MA ภายในสิ้นเดือนนี้>>
1893,<<(หมด (MA 09/2568)>>
1894,<<(หมด MA (NEW 07/2558)>>
1895,<<(หมด MA 02/2569 )>><<(TF 02/2568 )>>
1896,<<(หมด MA 07/2567)>><<(TF07/2566)>>
1897,<<(หมด MA 09/2568)>><<(NEW 09/2567)>>
1898,<<(หมด MA 10/2566)>>
1899,<<(หมด MA 11/2568)>><<(NEW 11/2567)>>
1900,<<(หมด MA 12/2561)>>
1901,<<(หมดMA08/2559)  (MA 07/2567)>>
1902,<<MA 02/2566)>>
1903,<<MA 02/2567)>>
1904,<<MA 02/2568)>>
1905,<<MA 06/2567)>>
1906,<<ไม่ได้ซื้อโปรแกรมกับ Softbiz แต่ดึงโปรแกรมจาก PLM มาใช้>>
1907,<<ส่งใบเสนอราคาไปแล้ว ไม่มีการตอบกลับ หมด(MA 03/2565)>>
1908,<<ส่งใบเสนอราคาไปแล้ว ไม่มีการตอบกลับ หมด(MA 12/2565)>>
1909,<<ส่งใบเสนอราคาไปแล้วไม่มีการตอบกลับ หมด 11/2561>>
1910,14/9/2023
1911,15/11/2022
1912,16/10/2565
1913,17/6/2023
1914,18/10/2565
1915,18/7/2566
1916,18/9/2022
1917,19 กุมพาพันธ์ 2566
1918,19/6/2023
1919,19/8/2022
1920,20/3/2023
1921,20/9/2022
1922,238881
1923,239240
1924,239608
1925,239609
1926,24/11/2565
1927,24/8/2565
1928,240338
1929,240339
1930,240697
1931,240699
1932,240703
1933,241062
1934,241063
1935,241067
1936,241439
1937,241797
1938,241800
1939,242166
1940,242530
1941,242890
1942,242891
1943,242893
1944,242895
1945,242979
1946,243070
1947,243078
1948,243345
1949,25/8/2565
1950,29/6/2566
1951,30/3/2023
1952,44688
1953,44721
1954,44814
1955,44905
1956,44988
1957,45018
1958,45023
1959,45079
1960,45172
1961,45205
1962,LICENCE 05/2564
1963,LICENCE 1 M.
1964,LICENCE 1.M
1965,LICENCE 11/2564
1966,LICENCE 1M.
1967,LICENCE M1.
1968,LICENCE01/2564
1969,LICENCE01/2565
1970,LICENCE02/2564
1971,LICENCE02/2565
1972,LICENCE03/2564
1973,LICENCE03/2565
1974,LICENCE04/2564
1975,LICENCE04/2565
1976,LICENCE05/2564
1977,LICENCE05/2565
1978,LICENCE06/2564
1979,LICENCE06/2565
1980,LICENCE07/2564
1981,LICENCE07/2565
1982,LICENCE08/2564
1983,LICENCE08/2565
1984,LICENCE09/2564
1985,LICENCE09/2564(แจ้งหนี้แล้ว แต่ยังไม่จ่าย)
1986,LICENCE09/2564(ยังไม่จ่าย)
1987,LICENCE09/2565
1988,LICENCE10/2564
1989,LICENCE10/2565
1990,LICENCE11/2564
1991,LICENCE11/2565
1992,LICENCE12/2564
1993,LICENCE12/2565
1994,MA **PMC*** ไม่ต่อ MA หมด 01/2559)
1995,MA 01/2564
1996,MA 01/2565
1997,MA 03/2564
1998,MA 03/2565
1999,MA 09/2565
2000,MA หมด 01/2564 (nitatun141239@gmail.com)
2001,MA/12/2564
2002,MA/5/2565
2003,MA/6/2565
2004,MA/7/2565
2005,MA006/2565
2006,MA008/2564
2007,MA01/2564
2008,MA01/2565
2009,MA01/2566
2010,MA02/2564
2011,MA02/2565
2012,MA03/2564
2013,MA03/2565
2014,MA03/2565 (SMC)
2015,MA03/2565 TF10/2563
2016,MA04/2564
2017,MA04/2565
2018,MA05/2564
2019,MA05/2565
2020,MA06/2564
2021,MA06/2564 MA01/2565
2022,MA06/2565
2023,MA06/2566
2024,MA07/2564
2025,MA07/2565
2026,MA08/2563
2027,MA08/2564
2028,MA08/2565
2029,MA08/2566
2030,MA08/2566 (ส่งใบเสนอราคาแล้วเลขที่ QA6608-004)
2031,MA08/2567
2032,MA08/2568
2033,MA09/2564
2034,MA09/2565
2035,MA10/2564
2036,MA10/2565
2037,MA11/2563
2038,MA11/2564
2039,MA11/2565
2040,MA12/2564
2041,MA12/2565
2042,MA7/2564
2043,NEW
2044,NEW (ลูกค้าใหม่)(ลูกค้าฝากเช็คให้แล้ว)
2045,NEW 04/2564
2046,NEW 11/2564
2047,NEW 12/2564
2048,NEW(ลูกค้าจะฝากเช็คให้วันศุกร์ที่6/8/2564)
2049,NEW01/2563
2050,NEW01/2564
2051,NEW02/2563
2052,NEW02/2564
2053,NEW03/2563
2054,NEW03/2564
2055,NEW04/2563
2056,NEW04/2564
2057,NEW05/2563
2058,NEW05/2564
2059,NEW06/2563
2060,NEW06/2564
2061,NEW07/2563
2062,NEW07/2564
2063,NEW08/2563
2064,NEW08/2564
2065,NEW09/2563
2066,NEW09/2564
2067,NEW1/2564
2068,NEW10/2563
2069,NEW10/2564
2070,NEW10/2564(ลูกค้าแจ้งโอนเงินให้ไม่เกิน)วันที่5/11/2564
2071,NEW11/2563
2072,NEW11/2564
2073,NEW11/2564(ยังไม่ชำระเงิน)
2074,NEW11/2564(ลูกค้าจะจ่ายเช็คภายใน วันที่ 30/11/64)
2075,NEW12/2563
2076,NEW12/2564
2077,NEW9/2563
2078,TF01/2564
2079,TF02/2564
2080,TF02/2564  (MA12/2564)
2081,TF03/2564 MA12/2564
2082,TF04/2563
2083,TF04/2563 MA12/2564
2084,TF05/2564
2085,TF05/2564   MA12/2564
2086,TF05/2564 MA12/2564
2087,TF06/2564
2088,TF07/2563
2089,TF07/2564
2090,TF07/2564 MA12/2564
2091,TF07/2565
2092,TF08/2563
2093,TF08/2564
2094,TF09/2564 MA12/2564
2095,TF09/2565 MA12/2564
2096,TF10/2563
2097,TF11/2563
2098,TF12/2563
2099,TF12/2564(ลูกค้าโอนเงินมาแล้ว (โอนสิทธิ์))
2100,TF12/2565
2101,เสนอราคาแล้วเลขที่ QA6808-029 หมด MA08/2568
2102,โปรแกรมพิมพ์หนังสือรับรองภาษีเงินได้หัก ณ ที่จ่าย(WT)
2103,โอนสิทธ์01/2564)
2104,โอนสิทธ์08/2563
2105,ใบแจ้งหนี้เลขที่ A68/0156 หมด MA08/2568
2106,ไม่คิด MA
2107,ไม่ต่อ MA
2108,ไม่ต่อ MA ***ส่งใบเสนอราคาไปแล้ว แต่ยังไม่ตอบกลับ หมด 04/2548***
2109,ไม่ต่อ MA ***ส่งใบเสนอราคาไปแล้ว แต่ยังไม่ตอบกลับ หมด 05/2557***
2110,ไม่ต่อ MA ***ส่งใบเสนอราคาไปแล้ว แต่ยังไม่ตอบกลับ หมด 08/2563***
2111,ไม่ต่อ MA ***ส่งใบเสนอราคาไปแล้ว แต่ยังไม่ตอบกลับ หมด MA04/2564***
2112,ไม่ต่อ MA ***ส่งใบเสนอราคาไปแล้ว ไม่มีการตอบกลับหมด02/2564***
2113,ไม่ต่อ MA ***ส่งใบเสนอราคาไปแล้วไม่มีการตอบกลับ หมด 02/2555)***
2114,ไม่ต่อ MA ***ส่งใบเสนอราคาไปแล้วไม่มีการตอบกลับ หมด 11/2555***
2115,ไม่ต่อ MA ***ส่งใบเสนอราคาไปแล้วไม่มีการตอบกลับ หมด MA11/2563
2116,ไม่ต่อ MA ***ส่งใบเสนอราคาไปแล้วไม่มีการตอบกลับ หมด09/2557***
2117,ไม่ต่อ MA ***หมด ส่งใบเสนอราคาไปแล้วไม่มีการตอบกลับ หมด01/2564***
2118,ไม่ต่อ MA **ส่งใบเสนอราคาไปแล้ว แต่ยังไม่ตอบกลับ หมด 12/2556**
2119,ไม่ต่อ MA **ส่งใบเสนอราคาไปแล้ว แต่ยังไม่ตอบกลับ หมดMA6/2559
2120,ไม่ต่อ MA **ส่งใบเสนอราคาไปแล้วไม่มีการตอบกลับ หมด 04/2556**
2121,ไม่ต่อ MA **ส่งใบเสนอราคาไปแล้วไม่มีการตอบกลับ หมด 11/2555**
2122,ไม่ต่อ MA **ส่งใบเสนอราคาไปแล้วไม่มีการตอบกลับ หมด MA04/2564
2123,ไม่ต่อ MA **ส่งใบเสนอราคาไปแล้วไม่มีการตอบกลับ หมด MA04/2564**
2124,ไม่ต่อ MA **ส่งใบเสนอราคาไปแล้วไม่มีการตอบกลับ หมด MA11/2561**
2125,ไม่ต่อ MA ส่งใบเสนอราคาไปแล้ว แต่ยังไม่ตอบกลับ หมด 04/2548
2126,ไม่ต่อ MA ส่งใบเสนอราคาไปแล้ว แต่ยังไม่ตอบกลับ หมด 05/2557
2127,ไม่ต่อ MA ส่งใบเสนอราคาไปแล้ว แต่ยังไม่ตอบกลับ หมด 07/2559
2128,ไม่ต่อ MA ส่งใบเสนอราคาไปแล้ว แต่ยังไม่ตอบกลับ หมด MA04/2564
2129,ไม่ต่อ MA ส่งใบเสนอราคาไปแล้ว แต่ยังไม่ตอบกลับ หมด MA11/2563
2130,ไม่ต่อ MA ส่งใบเสนอราคาไปแล้ว ไม่มีการตอบกลับ หมด09/2560
2131,ไม่ต่อ MA ส่งใบเสนอราคาไปแล้ว ไม่มีการตอบกลับหมด02/2564
2132,ไม่ต่อ MA ส่งใบเสนอราคาไปแล้วแต่ยังไม่ตอบกลับ หมด MA11/2556
2133,ไม่ต่อ MA ส่งใบเสนอราคาไปแล้วไม่มีการตอบกลับ หมด 01/2556
2134,ไม่ต่อ MA ส่งใบเสนอราคาไปแล้วไม่มีการตอบกลับ หมด 04/2556
2135,ไม่ต่อ MA ส่งใบเสนอราคาไปแล้วไม่มีการตอบกลับ หมด 11/2555
2136,ไม่ต่อ MA ส่งใบเสนอราคาไปแล้วไม่มีการตอบกลับ หมด 12/2556
2137,ไม่ต่อ MA ส่งใบเสนอราคาไปแล้วไม่มีการตอบกลับ หมด MA04/2562
2138,ไม่ต่อ MA ส่งใบเสนอราคาไปแล้วไม่มีการตอบกลับ หมด MA04/2564
2139,ไม่ต่อ MA ส่งใบเสนอราคาไปแล้วไม่มีการตอบกลับ หมด MA05/2561
2140,ไม่ต่อ MA ส่งใบเสนอราคาไปแล้วไม่มีการตอบกลับ หมด MA05/2563
2141,ไม่ต่อ MA ส่งใบเสนอราคาไปแล้วไม่มีการตอบกลับ หมด MA06/2554
2142,ไม่ต่อ MA ส่งใบเสนอราคาไปแล้วไม่มีการตอบกลับ หมด MA06/2560
2143,ไม่ต่อ MA ส่งใบเสนอราคาไปแล้วไม่มีการตอบกลับ หมด MA10/2558
2144,ไม่ต่อ MA ส่งใบเสนอราคาไปแล้วไม่มีการตอบกลับ หมด MA11/2561
2145,ไม่ต่อ MA ส่งใบเสนอราคาไปแล้วไม่มีการตอบกลับ หมด MA12/2558
2146,ไม่ต่อ MA ส่งใบเสนอราคาไปแล้วไม่มีการตอบกลับ หมด06/2562
2147,ไม่ต่อ MA ส่งใบเสนอราคาไปแล้วยังไม่มีการตอบกลับ หมด MA09/2558
2148,ไม่ต่อ MA ส่งใบเสนอราคาไปแล้วยังไม่มีการตอบกลับ หมด12/2563
2149,ไม่ต่อ MA หมด ***ส่งใบเสนอราคาไปแล้ว แต่ยังไม่ตอบกลับ หมด MA04/2558***
2150,ไม่ต่อ MA หมด 02/2557
2151,ไม่ต่อ MA หมด 03/2559
2152,ไม่ต่อ MA หมด 05/2555
2153,ไม่ต่อ MA หมด 09/2555
2154,ไม่ต่อ MA หมด 11/2554
2155,ไม่ต่อ MA หมด 11/2555
2156,ไม่ต่อ MA หมด 12/2556
2157,ไม่ต่อ MA หมด MA06/2559
2158,ไม่ต่อ MA หมด ส่งใบเสนอราคาไปแล้ว แต่ยังไม่ตอบกลับ หมด 12/2561
2159,ไม่ต่อ MA หมด ส่งใบเสนอราคาไปแล้ว แต่ยังไม่ตอบกลับ หมด MA04/2558
2160,ไม่ต่อ MA หมด ส่งใบเสนอราคาไปแล้วไม่มีการตอบกลับ หมด MA05/2553
2161,ไม่ต่อ MA หมด** ส่งใบเสนอราคาไปแล้ว แต่ยังไม่ตอบกลับ หมด 12/2561**
2162,ไม่ต่อ MA หมด10/2559
2163,ไม่ต่อ MA หมด12/2560
2164,ไม่ต่อ MA หมดวันที่ 03/11/2020
2165,ไม่ต่อ MA หมดส่งใบเสนอราคาไปแล้วไม่มีการตอบกลับ หมด01/2564
2166,ไม่ต่อ MA** ส่งใบเสนอราคาไปแล้วไม่มีการตอบกลับ หมด MA08/2554**
2167,ไม่ต่อ MA** ส่งใบเสนอราคาไปแล้วยังไม่มีการตอบกลับ หมด 03/2559**
2168,ไม่ต่อ MA*** หมด ส่งใบเสนอราคาไปแล้ว ไม่มีการตอบกลับ หมดMA03/2557***
2169,ไม่ต่อ MA***ส่งใบเสนอราคาไปแล้ว แต่ยังไม่ตอบกลับ หมด 08/2564***
2170,ไม่ต่อ MA***ส่งใบเสนอราคาไปแล้ว แต่ยังไม่ตอบกลับ หมด 11/2563***
2171,ไม่ต่อ MA***ส่งใบเสนอราคาไปแล้วไม่มีการตอบกลับ หมด 01/2556 **
2172,ไม่ต่อ MA***ส่งใบเสนอราคาไปแล้วไม่มีการตอบกลับ หมด 01/2558 **
2173,ไม่ต่อ MA***ส่งใบเสนอราคาไปแล้วไม่มีการตอบกลับ หมด MA12/2553***
2174,ไม่ต่อ MA**ส่งใบเสนอราคาไปแล้วไม่มีการตอบกลับ หมด04/2563**
2175,ไม่ต่อ MA**ส่งใบเสนอราคาไปแล้วไม่มีการตอบกลับ หมด07/2562**
2176,ไม่ต่อ MA**ส่งใบเสนอราคาไปแล้วไม่มีการตอบกลับ หมด10/2564**
2177,ไม่ต่อ MATF03/2564
2178,ไม่ต่อ MATF11/2563
2179,ไม่ต่อ MAส่งใบเสนอราคาไปแล้วไม่มีการตอบกลับ หมด MA06/2560
2180,ไม่ต่อ**ส่งใบเสนอราคาไปแล้วยังไม่มีการตอบกลับ หมด 09/2557**
2181,ไม่ต่อMA
2182,ไม่ต่อMA ** ส่งใบเสนอราคาไปแล้วไม่มีการตอบกลับ หมด MA01/2561**
2183,ไม่ต่อMA ***ส่งใบเสนอราคาไปแล้วไม่มีการตอบกลับ หมด MA12/2562***
2184,ไม่ต่อMA ***ส่งใบเสนอราคาไปแล้วไม่มีการตอบกลับ หมด03/2564***
2185,ไม่ต่อMA **ส่งใบเสนอราคาไปแล้ว ไมมีการตอบกลับ หมด01/2562**
2186,ไม่ต่อMA **ส่งใบเสนอราคาไปแล้วไม่มีการตอบกลับ หมด 12/2557**
2187,ไม่ต่อMA **ส่งใบเสนอราคาไปแล้วไม่มีการตอบกลับ หมด MA01/2561**
2188,ไม่ต่อMA **ส่งใบเสนอราคาไปแล้วไม่มีการตอบกลับ หมด MA12/2562**
2189,ไม่ต่อMA ส่งใบเสนอราคาไปแล้ว ไมมีการตอบกลับ หมด01/2562
2190,ไม่ต่อMA ส่งใบเสนอราคาไปแล้วไม่มีการตอบกลับ หมด 12/2557
2191,ไม่ต่อMA ส่งใบเสนอราคาไปแล้วไม่มีการตอบกลับ หมด MA01/2561
2192,ไม่ต่อMA ส่งใบเสนอราคาไปแล้วไม่มีการตอบกลับ หมด MA02/2560
2193,ไม่ต่อMA ส่งใบเสนอราคาไปแล้วไม่มีการตอบกลับ หมด MA04/2562
2194,ไม่ต่อMA ส่งใบเสนอราคาไปแล้วไม่มีการตอบกลับ หมด MA12/2562
2195,ไม่ต่อMA ส่งใบเสนอราคาไปแล้วไม่มีการตอบกลับ หมด03/2564
2196,ไม่ต่อMA ส่งใบเสนอราคาไปแล้วไม่มีการตอบกลับ หมดMA04/2562
2197,ไม่ต่อMA หมด MA12/2555
2198,ไม่ต่อMA หมด ส่งใบเสนอราคาไปแล้วไม่มีการตอบกลับ หมด MA12/2555
2199,ไม่ต่อMA หมด02/2560
2200,ไม่ต่อMA หมด05/2562
2201,ไม่ต่อMA หมด07/2561
2202,ไม่ต่อMA** ส่งใบเสนอราคาไปแล้ว แต่ยังไม่ตอบกลับ หมด 04/2564**
2203,ไม่ต่อMA** ส่งใบเสนอราคาไปแล้ว ไม่มีการตอบกลับหมด02/2564
2204,ไม่ต่อMA** ส่งใบเสนอราคาไปแล้วไม่มีการตอบกลับ MAหมด 08/2562**
2205,ไม่ต่อMA** ส่งใบเสนอราคาไปแล้วไม่มีการตอบกลับ หมด 02/2561**
2206,ไม่ต่อMA** ส่งใบเสนอราคาไปแล้วไม่มีการตอบกลับ หมด 12/2561**
2207,ไม่ต่อMA** ส่งใบเสนอราคาไปแล้วไม่มีการตอบกลับ หมด MA04/2562
2208,ไม่ต่อMA** ส่งใบเสนอราคาไปแล้วไม่มีการตอบกลับ หมด MA04/2562**
2209,ไม่ต่อMA** ส่งใบเสนอราคาไปแล้วไม่มีการตอบกลับ หมด MA04/2562**(TF10/2563)
2210,ไม่ต่อMA** ส่งใบเสนอราคาไปแล้วไม่มีการตอบกลับ หมด MA11/2556**
2211,ไม่ต่อMA** ส่งใบเสนอราคาไปแล้วไม่มีการตอบกลับ หมด MA12/2562**
2212,ไม่ต่อMA** ส่งใบเสนอราคาไปแล้วไม่มีการตอบกลับ หมด04/2564**
2213,ไม่ต่อMA** ส่งใบเสนอราคาไปแล้วไม่มีการตอบกลับ หมด08/2556**
2214,ไม่ต่อMA** ส่งใบเสนอราคาไปแล้วยังไม่มีการตอบกลับ หมด08/2564
2215,ไม่ต่อMA11/2561
2216,ไม่ต่อMAส่งใบเสนอราคาไปแล้วไม่มีการตอบกลับ หมด 12/2557
2217,ไม่ต่อMAหมด 12/2561
2218,ไม่ต่อMAหมด03/2557
2219,นัดรับ CQ แล้ววันที่ 23/3/2566 <<(ส่งใบเสนอราคาไปแล้ว ไม่มีการตอบกลับ หมด 02/2566)>>
2220,นิติซื้อ ไม่ต่อ MA หมด 10/2556
2221,ยังไม่ต่อ MA (ส่งใบเสนอราคาไปแล้วไม่มีการตอบกลับ หมด MA08/2563)
2222,ยังไม่ต่อ MA (ส่งใบเสนอราคาไปแล้วไม่มีการตอบกลับ หมดMA09/2561)
2223,ยังไม่ต่อ MA ** ส่งใบเสนอราคาไปแล้ว ไม่มีการตอบกลับ หมดMA03/2557**
2224,ยังไม่ต่อ MA ****ส่งใบเสนอราคาไปแล้วไม่มีการตอบกลับ หมด 10/2561****
2225,ยังไม่ต่อ MA ***ส่งใบเสนอราคาไปแล้ว แต่ยังไม่ตอบกลับ หมด 01/2563***
2226,ยังไม่ต่อ MA ***ส่งใบเสนอราคาไปแล้ว แต่ยังไม่ตอบกลับ หมด 03/2564***
2227,ยังไม่ต่อ MA ***ส่งใบเสนอราคาไปแล้ว แต่ยังไม่ตอบกลับ หมด 04/2548***
2228,ยังไม่ต่อ MA ***ส่งใบเสนอราคาไปแล้ว แต่ยังไม่ตอบกลับ หมด 09/2553***
2229,ยังไม่ต่อ MA ***ส่งใบเสนอราคาไปแล้วไม่มีการตอบกลับ หมด 05/2555***
2230,ยังไม่ต่อ MA ***ส่งใบเสนอราคาไปแล้วไม่มีการตอบกลับ หมด MA01/2562***
2231,ยังไม่ต่อ MA ***ส่งใบเสนอราคาไปแล้วไม่มีการตอบกลับ หมด MA08/2562***
2232,ยังไม่ต่อ MA ***ส่งใบเสนอราคาไปแล้วไม่มีการตอบกลับ หมด06/2561***
2233,ยังไม่ต่อ MA ***ส่งใบเสนอราคาไปแล้วยังไม่มีการตอบกลับ หมด09/2558***
2234,ยังไม่ต่อ MA ***ส่งใบเสนอราคาไปแล้วยังไม่มีการตอบกลับ หมด09/2558***240575
2235,ยังไม่ต่อ MA **ส่งใบเสนอราคาไปแล้ว แต่ยังไม่ตอบกลับ หมด 10/2561**
2236,ยังไม่ต่อ MA ส่งใบเสนอไปแล้วไม่มีการตอบกลับหมด 04/2563
2237,ยังไม่ต่อ MA ส่งใบเสนอไปแล้วไม่มีการตอบกลับหมด 07/2562
2238,ยังไม่ต่อ MA ส่งใบเสนอราคาไปแล้ว แต่ยังไม่ตอบกลับ หมด 01/2563
2239,ยังไม่ต่อ MA ส่งใบเสนอราคาไปแล้ว แต่ยังไม่ตอบกลับ หมด 02/2557
2240,ยังไม่ต่อ MA ส่งใบเสนอราคาไปแล้ว แต่ยังไม่ตอบกลับ หมด MA01/2562
2241,ยังไม่ต่อ MA ส่งใบเสนอราคาไปแล้ว แต่ยังไม่ตอบกลับ หมด MA09/2561
2242,ยังไม่ต่อ MA ส่งใบเสนอราคาไปแล้วไม่มีการตอบกลับ หมด 05/2555
2243,ยังไม่ต่อ MA ส่งใบเสนอราคาไปแล้วไม่มีการตอบกลับ หมด 10/2561
2244,ยังไม่ต่อ MA ส่งใบเสนอราคาไปแล้วไม่มีการตอบกลับ หมด MA01/2562
2245,ยังไม่ต่อ MA ส่งใบเสนอราคาไปแล้วไม่มีการตอบกลับ หมด MA08/2562
2246,ยังไม่ต่อ MA ส่งใบเสนอราคาไปแล้วไม่มีการตอบกลับ หมด MA10/2560
2247,ยังไม่ต่อ MA ส่งใบเสนอราคาไปแล้วยังไม่มีการตอบกลับ หมด03/2562
2248,ยังไม่ต่อ MA ส่งใบเสนอราคาไปแล้วยังไม่มีการตอบกลับ หมด05/2562
2249,ยังไม่ต่อ MA ส่งใบเสนอราคาไปแล้วยังไม่มีการตอบกลับ หมด09/2558
2250,ยังไม่ต่อ MA ส่งใบเสนอราคาไปแล้วยังไม่มีการตอบกลับ หมด12/2562
2251,ยังไม่ต่อ MA หมด 05/2555
2252,ยังไม่ต่อ MA หมด MA04/61MA04/2561
2253,ยังไม่มีใบเสนอราคา หมด MA02/2565
2254,ยังไม่มีใบเสนอฯ หมดMA11/2564 || Email ส่ง QA : MA greatatlantiscondo@gmail.com (ส่ง QA : MA 03/01/2565)
2255,ลูกค้าใหม่ ยังไม่ได้ลงโปรแกรม
2256,วางบิลแล้วเลขที่ A66/0175 หมด MA08/2566
2257,วางบิลแล้วเลขที่ A67/0153 หมด MA08/2567
2258,ศุภาลัย คาซาริวา
2259,ส่งใบเสนอราคาแล้วไม่มีการตอบกลับ หมด02/2564
2260,ส่งใบเสนอราคาไปแล้ว แต่ยังไม่ตอบกลับ MA หมด 11/2557
2261,ส่งใบเสนอราคาไปแล้ว แต่ยังไม่ตอบกลับ MAหมด 05/2562
2262,ส่งใบเสนอราคาไปแล้ว แต่ยังไม่ตอบกลับ MAหมด 07/2562
2263,ส่งใบเสนอราคาไปแล้ว แต่ยังไม่ตอบกลับ MAหมด 08/2560
2264,ส่งใบเสนอราคาไปแล้ว แต่ยังไม่ตอบกลับ MAหมด 08/2563
2265,ส่งใบเสนอราคาไปแล้ว แต่ยังไม่ตอบกลับ MAหมด 10/2562
2266,ส่งใบเสนอราคาไปแล้ว แต่ยังไม่ตอบกลับ MAหมด 11/2560
2267,ส่งใบเสนอราคาไปแล้ว แต่ยังไม่ตอบกลับ หมด 01/2558
2268,ส่งใบเสนอราคาไปแล้ว แต่ยังไม่ตอบกลับ หมด 01/2559
2269,ส่งใบเสนอราคาไปแล้ว แต่ยังไม่ตอบกลับ หมด 01/2562
2270,ส่งใบเสนอราคาไปแล้ว แต่ยังไม่ตอบกลับ หมด 01/2563
2271,ส่งใบเสนอราคาไปแล้ว แต่ยังไม่ตอบกลับ หมด 01/2564
2272,ส่งใบเสนอราคาไปแล้ว แต่ยังไม่ตอบกลับ หมด 01/2564(MA01/2564)
2273,ส่งใบเสนอราคาไปแล้ว แต่ยังไม่ตอบกลับ หมด 01/2564MA01/2564
2274,ส่งใบเสนอราคาไปแล้ว แต่ยังไม่ตอบกลับ หมด 02/2559
2275,ส่งใบเสนอราคาไปแล้ว แต่ยังไม่ตอบกลับ หมด 02/2561
2276,ส่งใบเสนอราคาไปแล้ว แต่ยังไม่ตอบกลับ หมด 02/2562
2277,ส่งใบเสนอราคาไปแล้ว แต่ยังไม่ตอบกลับ หมด 02/2563
2278,ส่งใบเสนอราคาไปแล้ว แต่ยังไม่ตอบกลับ หมด 02/2564
2279,ส่งใบเสนอราคาไปแล้ว แต่ยังไม่ตอบกลับ หมด 02/2564(MA02/2564)
2280,ส่งใบเสนอราคาไปแล้ว แต่ยังไม่ตอบกลับ หมด 02/2564MA02/2564
2281,ส่งใบเสนอราคาไปแล้ว แต่ยังไม่ตอบกลับ หมด 02/2564NEW02/2563
2282,ส่งใบเสนอราคาไปแล้ว แต่ยังไม่ตอบกลับ หมด 03/2555
2283,ส่งใบเสนอราคาไปแล้ว แต่ยังไม่ตอบกลับ หมด 03/2562
2284,ส่งใบเสนอราคาไปแล้ว แต่ยังไม่ตอบกลับ หมด 04/2555
2285,ส่งใบเสนอราคาไปแล้ว แต่ยังไม่ตอบกลับ หมด 04/2558
2286,ส่งใบเสนอราคาไปแล้ว แต่ยังไม่ตอบกลับ หมด 04/2559
2287,ส่งใบเสนอราคาไปแล้ว แต่ยังไม่ตอบกลับ หมด 04/2560
2288,ส่งใบเสนอราคาไปแล้ว แต่ยังไม่ตอบกลับ หมด 04/2561
2289,ส่งใบเสนอราคาไปแล้ว แต่ยังไม่ตอบกลับ หมด 04/2563
2290,ส่งใบเสนอราคาไปแล้ว แต่ยังไม่ตอบกลับ หมด 04/2564
2291,ส่งใบเสนอราคาไปแล้ว แต่ยังไม่ตอบกลับ หมด 04/2564MA04/2564
2292,ส่งใบเสนอราคาไปแล้ว แต่ยังไม่ตอบกลับ หมด 05/2559
2293,ส่งใบเสนอราคาไปแล้ว แต่ยังไม่ตอบกลับ หมด 05/2560
2294,ส่งใบเสนอราคาไปแล้ว แต่ยังไม่ตอบกลับ หมด 05/2561
2295,ส่งใบเสนอราคาไปแล้ว แต่ยังไม่ตอบกลับ หมด 05/2562
2296,ส่งใบเสนอราคาไปแล้ว แต่ยังไม่ตอบกลับ หมด 05/2564(NEW06/2563)
2297,ส่งใบเสนอราคาไปแล้ว แต่ยังไม่ตอบกลับ หมด 06/2552
2298,ส่งใบเสนอราคาไปแล้ว แต่ยังไม่ตอบกลับ หมด 06/2555
2299,ส่งใบเสนอราคาไปแล้ว แต่ยังไม่ตอบกลับ หมด 06/2557
2300,ส่งใบเสนอราคาไปแล้ว แต่ยังไม่ตอบกลับ หมด 06/2558
2301,ส่งใบเสนอราคาไปแล้ว แต่ยังไม่ตอบกลับ หมด 06/2562
2302,ส่งใบเสนอราคาไปแล้ว แต่ยังไม่ตอบกลับ หมด 07/2556
2303,ส่งใบเสนอราคาไปแล้ว แต่ยังไม่ตอบกลับ หมด 07/2557
2304,ส่งใบเสนอราคาไปแล้ว แต่ยังไม่ตอบกลับ หมด 07/2558
2305,ส่งใบเสนอราคาไปแล้ว แต่ยังไม่ตอบกลับ หมด 07/2560
2306,ส่งใบเสนอราคาไปแล้ว แต่ยังไม่ตอบกลับ หมด 07/2561
2307,ส่งใบเสนอราคาไปแล้ว แต่ยังไม่ตอบกลับ หมด 07/2563
2308,ส่งใบเสนอราคาไปแล้ว แต่ยังไม่ตอบกลับ หมด 07/2564
2309,ส่งใบเสนอราคาไปแล้ว แต่ยังไม่ตอบกลับ หมด 07/2564MA07/2564
2310,ส่งใบเสนอราคาไปแล้ว แต่ยังไม่ตอบกลับ หมด 08/2558
2311,ส่งใบเสนอราคาไปแล้ว แต่ยังไม่ตอบกลับ หมด 08/2559
2312,ส่งใบเสนอราคาไปแล้ว แต่ยังไม่ตอบกลับ หมด 08/2562
2313,ส่งใบเสนอราคาไปแล้ว แต่ยังไม่ตอบกลับ หมด 08/2563
2314,ส่งใบเสนอราคาไปแล้ว แต่ยังไม่ตอบกลับ หมด 09/2555
2315,ส่งใบเสนอราคาไปแล้ว แต่ยังไม่ตอบกลับ หมด 09/2556
2316,ส่งใบเสนอราคาไปแล้ว แต่ยังไม่ตอบกลับ หมด 09/2557
2317,ส่งใบเสนอราคาไปแล้ว แต่ยังไม่ตอบกลับ หมด 09/2560
2318,ส่งใบเสนอราคาไปแล้ว แต่ยังไม่ตอบกลับ หมด 09/2561
2319,ส่งใบเสนอราคาไปแล้ว แต่ยังไม่ตอบกลับ หมด 09/2562
2320,ส่งใบเสนอราคาไปแล้ว แต่ยังไม่ตอบกลับ หมด 09/2563
2321,ส่งใบเสนอราคาไปแล้ว แต่ยังไม่ตอบกลับ หมด 10/2558
2322,ส่งใบเสนอราคาไปแล้ว แต่ยังไม่ตอบกลับ หมด 10/2561
2323,ส่งใบเสนอราคาไปแล้ว แต่ยังไม่ตอบกลับ หมด 10/2562
2324,ส่งใบเสนอราคาไปแล้ว แต่ยังไม่ตอบกลับ หมด 10/2563
2325,ส่งใบเสนอราคาไปแล้ว แต่ยังไม่ตอบกลับ หมด 10/2563NEW10/2562
2326,ส่งใบเสนอราคาไปแล้ว แต่ยังไม่ตอบกลับ หมด 10/2564
2327,ส่งใบเสนอราคาไปแล้ว แต่ยังไม่ตอบกลับ หมด 11/2558
2328,ส่งใบเสนอราคาไปแล้ว แต่ยังไม่ตอบกลับ หมด 11/2561
2329,ส่งใบเสนอราคาไปแล้ว แต่ยังไม่ตอบกลับ หมด 11/2562
2330,ส่งใบเสนอราคาไปแล้ว แต่ยังไม่ตอบกลับ หมด 11/2563
2331,ส่งใบเสนอราคาไปแล้ว แต่ยังไม่ตอบกลับ หมด 11/2564
2332,ส่งใบเสนอราคาไปแล้ว แต่ยังไม่ตอบกลับ หมด 12/2554
2333,ส่งใบเสนอราคาไปแล้ว แต่ยังไม่ตอบกลับ หมด 12/2555
2334,ส่งใบเสนอราคาไปแล้ว แต่ยังไม่ตอบกลับ หมด 12/2556
2335,ส่งใบเสนอราคาไปแล้ว แต่ยังไม่ตอบกลับ หมด 12/2562
2336,ส่งใบเสนอราคาไปแล้ว แต่ยังไม่ตอบกลับ หมด 12/2563
2337,ส่งใบเสนอราคาไปแล้ว แต่ยังไม่ตอบกลับ หมด MA01/2560
2338,ส่งใบเสนอราคาไปแล้ว แต่ยังไม่ตอบกลับ หมด MA01/2561
2339,ส่งใบเสนอราคาไปแล้ว แต่ยังไม่ตอบกลับ หมด MA01/2562
2340,ส่งใบเสนอราคาไปแล้ว แต่ยังไม่ตอบกลับ หมด MA01/2563
2341,ส่งใบเสนอราคาไปแล้ว แต่ยังไม่ตอบกลับ หมด MA01/2564
2342,ส่งใบเสนอราคาไปแล้ว แต่ยังไม่ตอบกลับ หมด MA02/2555
2343,ส่งใบเสนอราคาไปแล้ว แต่ยังไม่ตอบกลับ หมด MA02/2563
2344,ส่งใบเสนอราคาไปแล้ว แต่ยังไม่ตอบกลับ หมด MA03/2555
2345,ส่งใบเสนอราคาไปแล้ว แต่ยังไม่ตอบกลับ หมด MA03/2556
2346,ส่งใบเสนอราคาไปแล้ว แต่ยังไม่ตอบกลับ หมด MA03/2563
2347,ส่งใบเสนอราคาไปแล้ว แต่ยังไม่ตอบกลับ หมด MA04/2562
2348,ส่งใบเสนอราคาไปแล้ว แต่ยังไม่ตอบกลับ หมด MA04/2563
2349,ส่งใบเสนอราคาไปแล้ว แต่ยังไม่ตอบกลับ หมด MA05/2557
2350,ส่งใบเสนอราคาไปแล้ว แต่ยังไม่ตอบกลับ หมด MA05/2559
2351,ส่งใบเสนอราคาไปแล้ว แต่ยังไม่ตอบกลับ หมด MA05/2559>
2352,ส่งใบเสนอราคาไปแล้ว แต่ยังไม่ตอบกลับ หมด MA06/2558
2353,ส่งใบเสนอราคาไปแล้ว แต่ยังไม่ตอบกลับ หมด MA06/2559
2354,ส่งใบเสนอราคาไปแล้ว แต่ยังไม่ตอบกลับ หมด MA06/2562
2355,ส่งใบเสนอราคาไปแล้ว แต่ยังไม่ตอบกลับ หมด MA07/2563
2356,ส่งใบเสนอราคาไปแล้ว แต่ยังไม่ตอบกลับ หมด MA08/2563
2357,ส่งใบเสนอราคาไปแล้ว แต่ยังไม่ตอบกลับ หมด MA08/2564
2358,ส่งใบเสนอราคาไปแล้ว แต่ยังไม่ตอบกลับ หมด MA09/2563
2359,ส่งใบเสนอราคาไปแล้ว แต่ยังไม่ตอบกลับ หมด MA10/2559
2360,ส่งใบเสนอราคาไปแล้ว แต่ยังไม่ตอบกลับ หมด MA11/2554
2361,ส่งใบเสนอราคาไปแล้ว แต่ยังไม่ตอบกลับ หมด MA11/2561
2362,ส่งใบเสนอราคาไปแล้ว แต่ยังไม่ตอบกลับ หมด MA11/2563
2363,ส่งใบเสนอราคาไปแล้ว แต่ยังไม่ตอบกลับ หมด MA11/2563242462
2364,ส่งใบเสนอราคาไปแล้ว แต่ยังไม่ตอบกลับ หมด MA11/2563MA11/2563
2365,ส่งใบเสนอราคาไปแล้ว แต่ยังไม่ตอบกลับ หมด MA11/2564
2366,ส่งใบเสนอราคาไปแล้ว แต่ยังไม่ตอบกลับ หมด MA12/2558
2367,ส่งใบเสนอราคาไปแล้ว แต่ยังไม่ตอบกลับ หมด MA12/2561
2368,ส่งใบเสนอราคาไปแล้ว แต่ยังไม่ตอบกลับ หมด MA12/2562
2369,ส่งใบเสนอราคาไปแล้ว แต่ยังไม่ตอบกลับ หมด MA12/2563
2370,ส่งใบเสนอราคาไปแล้ว แต่ยังไม่ตอบกลับ หมด01/2563
2371,ส่งใบเสนอราคาไปแล้ว แต่ยังไม่ตอบกลับ หมด09/2562
2372,ส่งใบเสนอราคาไปแล้ว แต่ยังไม่ตอบกลับ หมดMA02/2563
2373,ส่งใบเสนอราคาไปแล้ว แต่ยังไม่ตอบกลับMA08/2563
2374,ส่งใบเสนอราคาไปแล้ว แต่ยังไม่ตอบกลับMA12/2562
2375,ส่งใบเสนอราคาไปแล้ว แต่ยังไม่ตอบกลับหมด 01/2565
2376,ส่งใบเสนอราคาไปแล้ว แต่ยังไม่ตอบกลับหมด 07/2560
2377,ส่งใบเสนอราคาไปแล้ว แต่ยังไม่ตอบกลับหมด 07/2564
2378,ส่งใบเสนอราคาไปแล้ว แต่ยังไม่ตอบกลับหมด 08/2563
2379,ส่งใบเสนอราคาไปแล้ว แต่ยังไม่ตอบกลับหมด 08/2564
2380,ส่งใบเสนอราคาไปแล้ว แต่ยังไม่ตอบกลับหมด 09/2560
2381,ส่งใบเสนอราคาไปแล้ว แต่ยังไม่ตอบกลับหมด 12/2564
2382,ส่งใบเสนอราคาไปแล้ว ไม่มีการตอบกลับ หมด 01/2565
2383,ส่งใบเสนอราคาไปแล้ว ไม่มีการตอบกลับ หมด 02/2561
2384,ส่งใบเสนอราคาไปแล้ว ไม่มีการตอบกลับ หมด 06/2564
2385,ส่งใบเสนอราคาไปแล้ว ไม่มีการตอบกลับ หมด MA 08/2564
2386,ส่งใบเสนอราคาไปแล้ว ไม่มีการตอบกลับ หมด MA 10/2564
2387,ส่งใบเสนอราคาไปแล้ว ไม่มีการตอบกลับ หมด01/2560
2388,ส่งใบเสนอราคาไปแล้ว ไม่มีการตอบกลับ หมด01/2562
2389,ส่งใบเสนอราคาไปแล้ว ไม่มีการตอบกลับ หมด01/2565
2390,ส่งใบเสนอราคาไปแล้ว ไม่มีการตอบกลับ หมด02/2565
2391,ส่งใบเสนอราคาไปแล้ว ไม่มีการตอบกลับ หมด03/2564
2392,ส่งใบเสนอราคาไปแล้ว ไม่มีการตอบกลับ หมด06/2564
2393,ส่งใบเสนอราคาไปแล้ว ไม่มีการตอบกลับ หมด08/2560
2394,ส่งใบเสนอราคาไปแล้ว ไมมีการตอบกลับ หมด09/2562
2395,ส่งใบเสนอราคาไปแล้ว ไม่มีการตอบกลับ หมด09/2564
2396,ส่งใบเสนอราคาไปแล้ว ไม่มีการตอบกลับ หมด11/2563
2397,ส่งใบเสนอราคาไปแล้ว ไม่มีการตอบกลับ หมด12/2561
2398,ส่งใบเสนอราคาไปแล้ว ไม่มีการตอบกลับ หมด12/2564
2399,ส่งใบเสนอราคาไปแล้ว ไม่มีการตอบกลับ หมดMA04/2564
2400,ส่งใบเสนอราคาไปแล้ว ไม่มีการตอบกลับ หมดMA05/2564
2401,ส่งใบเสนอราคาไปแล้ว ไม่มีการตอบกลับ หมดMA05/2564(NEW06/2563)
2402,ส่งใบเสนอราคาไปแล้ว ไม่มีการตอบกลับ หมดMA05/2564MA05/2564
2403,ส่งใบเสนอราคาไปแล้ว ไม่มีการตอบกลับ หมดMA06/2563
2404,ส่งใบเสนอราคาไปแล้ว ไม่มีการตอบกลับ หมดMA07/2564
2405,ส่งใบเสนอราคาไปแล้ว ไม่มีการตอบกลับ หมดMA08/2564
2406,ส่งใบเสนอราคาไปแล้ว ไม่มีการตอบกลับ หมดMA08/2564MA08/2564
2407,ส่งใบเสนอราคาไปแล้ว ไม่มีการตอบกลับ หมดMA08/2564NEW08/2563
2408,ส่งใบเสนอราคาไปแล้ว ไม่มีการตอบกลับ หมดMA09/2564
2409,ส่งใบเสนอราคาไปแล้ว ไม่มีการตอบกลับ หมดMA09/2564MA09/2564
2410,ส่งใบเสนอราคาไปแล้ว ไม่มีการตอบกลับ หมดMA09/2564NEW09/2563
2411,ส่งใบเสนอราคาไปแล้ว ไม่มีการตอบกลับ หมดMA10/2564
2412,ส่งใบเสนอราคาไปแล้ว ไม่มีการตอบกลับ หมดMA10/2564MA10/2564
2413,ส่งใบเสนอราคาไปแล้ว ไม่มีการตอบกลับ หมดMA10/2564NEW10/2563
2414,ส่งใบเสนอราคาไปแล้ว ไม่มีการตอบกลับ หมดMA11/2559
2415,ส่งใบเสนอราคาไปแล้ว ไม่มีการตอบกลับ หมดMA11/2563
2416,ส่งใบเสนอราคาไปแล้ว ไม่มีการตอบกลับ หมดMA12/2564
2417,ส่งใบเสนอราคาไปแล้ว ไม่มีการตอบกลับ หมดMA241001
2418,ส่งใบเสนอราคาไปแล้ว ไม่มีการตอบกลับหมด01/2559
2419,ส่งใบเสนอราคาไปแล้ว ไม่มีการตอบกลับหมด01/2563
2420,ส่งใบเสนอราคาไปแล้ว ไม่มีการตอบกลับหมด02/2556
2421,ส่งใบเสนอราคาไปแล้ว ไม่มีการตอบกลับหมด02/2564
2422,ส่งใบเสนอราคาไปแล้ว ไม่มีการตอบกลับหมด03/2564
2423,ส่งใบเสนอราคาไปแล้ว ไม่มีการตอบกลับหมด04/2564
2424,ส่งใบเสนอราคาไปแล้ว ไม่มีการตอบกลับหมด05/2564
2425,ส่งใบเสนอราคาไปแล้ว ไม่มีการตอบกลับหมด06/2561
2426,ส่งใบเสนอราคาไปแล้ว ไม่มีการตอบกลับหมด07/2557
2427,ส่งใบเสนอราคาไปแล้ว ไม่มีการตอบกลับหมด07/2563
2428,ส่งใบเสนอราคาไปแล้ว ไม่มีการตอบกลับหมด07/2564
2429,ส่งใบเสนอราคาไปแล้ว ไม่มีการตอบกลับหมด08/2564
2430,ส่งใบเสนอราคาไปแล้ว ไม่มีการตอบกลับหมด09/2556
2431,ส่งใบเสนอราคาไปแล้ว ไม่มีการตอบกลับหมด09/2562
2432,ส่งใบเสนอราคาไปแล้ว ไม่มีการตอบกลับหมด10/2564
2433,ส่งใบเสนอราคาไปแล้ว ไม่มีการตอบกลับหมด11/2564
2434,ส่งใบเสนอราคาไปแล้ว ไม่มีการตอบกลับหมด12/2554
2435,ส่งใบเสนอราคาไปแล้ว ไม่มีการตอบกลับหมด12/2563
2436,ส่งใบเสนอราคาไปแล้ว ไม่มีการตอบกลับหมด12/2564
2437,ส่งใบเสนอราคาไปแล้ว ยังไม่มีการตอบกลับ หมดMA11/2564
2438,ส่งใบเสนอราคาไปแล้ว ยังไม่มีการตอบกลับหมดMA09/2564
2439,ส่งใบเสนอราคาไปแล้วแต่ยังไม่ตอบกลับ หมด MA03/2559
2440,ส่งใบเสนอราคาไปแล้วแต่ยังไม่ตอบกลับ หมด MA06/2550
2441,ส่งใบเสนอราคาไปแล้วแต่ยังไม่ตอบกลับ หมด MA08/2562
2442,ส่งใบเสนอราคาไปแล้วแต่ยังไม่ตอบกลับหมด06/2563
2443,ส่งใบเสนอราคาไปแล้วไม่มีการตอบกลับ MAหมด 01/2564MA 01/2564
2444,ส่งใบเสนอราคาไปแล้วไม่มีการตอบกลับ MAหมด 01/2564MA01/2564
2445,ส่งใบเสนอราคาไปแล้วไม่มีการตอบกลับ MAหมด 08/2562
2446,ส่งใบเสนอราคาไปแล้วไม่มีการตอบกลับ MAหมด 12/2562
2447,ส่งใบเสนอราคาไปแล้วไม่มีการตอบกลับ หมด 01/2559
2448,ส่งใบเสนอราคาไปแล้วไม่มีการตอบกลับ หมด 01/2563
2449,ส่งใบเสนอราคาไปแล้วไม่มีการตอบกลับ หมด 01/2564
2450,ส่งใบเสนอราคาไปแล้วไม่มีการตอบกลับ หมด 01/2564MA01/2564
2451,ส่งใบเสนอราคาไปแล้วไม่มีการตอบกลับ หมด 01/2564NEW01/2563
2452,ส่งใบเสนอราคาไปแล้วไม่มีการตอบกลับ หมด 03/2561
2453,ส่งใบเสนอราคาไปแล้วไม่มีการตอบกลับ หมด 03/2564
2454,ส่งใบเสนอราคาไปแล้วไม่มีการตอบกลับ หมด 04/2560
2455,ส่งใบเสนอราคาไปแล้วไม่มีการตอบกลับ หมด 05/2561
2456,ส่งใบเสนอราคาไปแล้วไม่มีการตอบกลับ หมด 06/2562
2457,ส่งใบเสนอราคาไปแล้วไม่มีการตอบกลับ หมด 07/2557
2458,ส่งใบเสนอราคาไปแล้วไม่มีการตอบกลับ หมด 07/2562
2459,ส่งใบเสนอราคาไปแล้วไม่มีการตอบกลับ หมด 08/2561
2460,ส่งใบเสนอราคาไปแล้วไม่มีการตอบกลับ หมด 08/2563
2461,ส่งใบเสนอราคาไปแล้วไม่มีการตอบกลับ หมด 08/2563 )
2462,ส่งใบเสนอราคาไปแล้วไม่มีการตอบกลับ หมด 09/2552
2463,ส่งใบเสนอราคาไปแล้วไม่มีการตอบกลับ หมด 09/2558
2464,ส่งใบเสนอราคาไปแล้วไม่มีการตอบกลับ หมด 09/2562
2465,ส่งใบเสนอราคาไปแล้วไม่มีการตอบกลับ หมด 09/2564
2466,ส่งใบเสนอราคาไปแล้วไม่มีการตอบกลับ หมด 10/2563
2467,ส่งใบเสนอราคาไปแล้วไม่มีการตอบกลับ หมด 10/2564
2468,ส่งใบเสนอราคาไปแล้วไม่มีการตอบกลับ หมด 11/2560
2469,ส่งใบเสนอราคาไปแล้วไม่มีการตอบกลับ หมด 11/2561
2470,ส่งใบเสนอราคาไปแล้วไม่มีการตอบกลับ หมด 11/2562
2471,ส่งใบเสนอราคาไปแล้วไม่มีการตอบกลับ หมด 11/2563
2472,ส่งใบเสนอราคาไปแล้วไม่มีการตอบกลับ หมด 11/2563 )
2473,ส่งใบเสนอราคาไปแล้วไม่มีการตอบกลับ หมด 11/2563(NEW11/2562)
2474,ส่งใบเสนอราคาไปแล้วไม่มีการตอบกลับ หมด 11/2563**goldentown.02@gmail.com**
2475,ส่งใบเสนอราคาไปแล้วไม่มีการตอบกลับ หมด 11/2563NEW11/2562
2476,ส่งใบเสนอราคาไปแล้วไม่มีการตอบกลับ หมด 12/2554
2477,ส่งใบเสนอราคาไปแล้วไม่มีการตอบกลับ หมด 12/2557
2478,ส่งใบเสนอราคาไปแล้วไม่มีการตอบกลับ หมด 12/2558
2479,ส่งใบเสนอราคาไปแล้วไม่มีการตอบกลับ หมด 12/2561
2480,ส่งใบเสนอราคาไปแล้วไม่มีการตอบกลับ หมด 12/2562
2481,ส่งใบเสนอราคาไปแล้วไม่มีการตอบกลับ หมด 12/2563 )
2482,ส่งใบเสนอราคาไปแล้วไม่มีการตอบกลับ หมด MA01/2556
2483,ส่งใบเสนอราคาไปแล้วไม่มีการตอบกลับ หมด MA01/2558
2484,ส่งใบเสนอราคาไปแล้วไม่มีการตอบกลับ หมด MA01/2561
2485,ส่งใบเสนอราคาไปแล้วไม่มีการตอบกลับ หมด MA01/2563
2486,ส่งใบเสนอราคาไปแล้วไม่มีการตอบกลับ หมด MA01/2564
2487,ส่งใบเสนอราคาไปแล้วไม่มีการตอบกลับ หมด MA01/2564NEW01/2563
2488,ส่งใบเสนอราคาไปแล้วไม่มีการตอบกลับ หมด MA02/2560
2489,ส่งใบเสนอราคาไปแล้วไม่มีการตอบกลับ หมด MA02/2561
2490,ส่งใบเสนอราคาไปแล้วไม่มีการตอบกลับ หมด MA02/2562
2491,ส่งใบเสนอราคาไปแล้วไม่มีการตอบกลับ หมด MA02/2563
2492,ส่งใบเสนอราคาไปแล้วไม่มีการตอบกลับ หมด MA02/2564
2493,ส่งใบเสนอราคาไปแล้วไม่มีการตอบกลับ หมด MA02/2564MA02/2564
2494,ส่งใบเสนอราคาไปแล้วไม่มีการตอบกลับ หมด MA03/2550
2495,ส่งใบเสนอราคาไปแล้วไม่มีการตอบกลับ หมด MA03/2558
2496,ส่งใบเสนอราคาไปแล้วไม่มีการตอบกลับ หมด MA03/2560
2497,ส่งใบเสนอราคาไปแล้วไม่มีการตอบกลับ หมด MA03/2561
2498,ส่งใบเสนอราคาไปแล้วไม่มีการตอบกลับ หมด MA03/2562
2499,ส่งใบเสนอราคาไปแล้วไม่มีการตอบกลับ หมด MA03/2563
2500,ส่งใบเสนอราคาไปแล้วไม่มีการตอบกลับ หมด MA03/2564
2501,ส่งใบเสนอราคาไปแล้วไม่มีการตอบกลับ หมด MA04/2559
2502,ส่งใบเสนอราคาไปแล้วไม่มีการตอบกลับ หมด MA04/2561
2503,ส่งใบเสนอราคาไปแล้วไม่มีการตอบกลับ หมด MA04/2562
2504,ส่งใบเสนอราคาไปแล้วไม่มีการตอบกลับ หมด MA04/2564
2505,ส่งใบเสนอราคาไปแล้วไม่มีการตอบกลับ หมด MA04/2564MA04/2564
2506,ส่งใบเสนอราคาไปแล้วไม่มีการตอบกลับ หมด MA05/2553
2507,ส่งใบเสนอราคาไปแล้วไม่มีการตอบกลับ หมด MA05/2559
2508,ส่งใบเสนอราคาไปแล้วไม่มีการตอบกลับ หมด MA05/2562
2509,ส่งใบเสนอราคาไปแล้วไม่มีการตอบกลับ หมด MA05/2563
2510,ส่งใบเสนอราคาไปแล้วไม่มีการตอบกลับ หมด MA05/2564
2511,ส่งใบเสนอราคาไปแล้วไม่มีการตอบกลับ หมด MA05/2564MA05/2564
2512,ส่งใบเสนอราคาไปแล้วไม่มีการตอบกลับ หมด MA06/2556
2513,ส่งใบเสนอราคาไปแล้วไม่มีการตอบกลับ หมด MA06/2558
2514,ส่งใบเสนอราคาไปแล้วไม่มีการตอบกลับ หมด MA06/2559
2515,ส่งใบเสนอราคาไปแล้วไม่มีการตอบกลับ หมด MA06/2562
2516,ส่งใบเสนอราคาไปแล้วไม่มีการตอบกลับ หมด MA06/2563
2517,ส่งใบเสนอราคาไปแล้วไม่มีการตอบกลับ หมด MA06/2564
2518,ส่งใบเสนอราคาไปแล้วไม่มีการตอบกลับ หมด MA06/2564MA06/2564
2519,ส่งใบเสนอราคาไปแล้วไม่มีการตอบกลับ หมด MA07/2559
2520,ส่งใบเสนอราคาไปแล้วไม่มีการตอบกลับ หมด MA07/2561
2521,ส่งใบเสนอราคาไปแล้วไม่มีการตอบกลับ หมด MA07/2562
2522,ส่งใบเสนอราคาไปแล้วไม่มีการตอบกลับ หมด MA07/2563
2523,ส่งใบเสนอราคาไปแล้วไม่มีการตอบกลับ หมด MA08/2552
2524,ส่งใบเสนอราคาไปแล้วไม่มีการตอบกลับ หมด MA08/2558
2525,ส่งใบเสนอราคาไปแล้วไม่มีการตอบกลับ หมด MA08/2562
2526,ส่งใบเสนอราคาไปแล้วไม่มีการตอบกลับ หมด MA08/2563
2527,ส่งใบเสนอราคาไปแล้วไม่มีการตอบกลับ หมด MA08/2564
2528,ส่งใบเสนอราคาไปแล้วไม่มีการตอบกลับ หมด MA09/2553
2529,ส่งใบเสนอราคาไปแล้วไม่มีการตอบกลับ หมด MA09/2559
2530,ส่งใบเสนอราคาไปแล้วไม่มีการตอบกลับ หมด MA09/2560
2531,ส่งใบเสนอราคาไปแล้วไม่มีการตอบกลับ หมด MA09/2562
2532,ส่งใบเสนอราคาไปแล้วไม่มีการตอบกลับ หมด MA09/2563
2533,ส่งใบเสนอราคาไปแล้วไม่มีการตอบกลับ หมด MA09/2564
2534,ส่งใบเสนอราคาไปแล้วไม่มีการตอบกลับ หมด MA10/2560
2535,ส่งใบเสนอราคาไปแล้วไม่มีการตอบกลับ หมด MA10/2561
2536,ส่งใบเสนอราคาไปแล้วไม่มีการตอบกลับ หมด MA10/2562
2537,ส่งใบเสนอราคาไปแล้วไม่มีการตอบกลับ หมด MA10/2563
2538,ส่งใบเสนอราคาไปแล้วไม่มีการตอบกลับ หมด MA10/2564
2539,ส่งใบเสนอราคาไปแล้วไม่มีการตอบกลับ หมด MA10/2564MA10/2564
2540,ส่งใบเสนอราคาไปแล้วไม่มีการตอบกลับ หมด MA10/2564NEW10/2563
2541,ส่งใบเสนอราคาไปแล้วไม่มีการตอบกลับ หมด MA11/2556
2542,ส่งใบเสนอราคาไปแล้วไม่มีการตอบกลับ หมด MA11/2562
2543,ส่งใบเสนอราคาไปแล้วไม่มีการตอบกลับ หมด MA11/2563
2544,ส่งใบเสนอราคาไปแล้วไม่มีการตอบกลับ หมด MA11/2564
2545,ส่งใบเสนอราคาไปแล้วไม่มีการตอบกลับ หมด MA11/2564MA11/2564
2546,ส่งใบเสนอราคาไปแล้วไม่มีการตอบกลับ หมด MA12/2557
2547,ส่งใบเสนอราคาไปแล้วไม่มีการตอบกลับ หมด MA12/2562
2548,ส่งใบเสนอราคาไปแล้วไม่มีการตอบกลับ หมด MA12/2563
2549,ส่งใบเสนอราคาไปแล้วไม่มีการตอบกลับ หมด MA12/2564
2550,ส่งใบเสนอราคาไปแล้วไม่มีการตอบกลับ หมด MA12/2564MA12/2564
2551,ส่งใบเสนอราคาไปแล้วไม่มีการตอบกลับ หมด MA12/2564NEW12/2563
2552,ส่งใบเสนอราคาไปแล้วไม่มีการตอบกลับ หมด01/2561
2553,ส่งใบเสนอราคาไปแล้วไม่มีการตอบกลับ หมด01/2562
2554,ส่งใบเสนอราคาไปแล้วไม่มีการตอบกลับ หมด01/2563
2555,ส่งใบเสนอราคาไปแล้วไม่มีการตอบกลับ หมด01/2564
2556,ส่งใบเสนอราคาไปแล้วไม่มีการตอบกลับ หมด01/2564MA01/2564
2557,ส่งใบเสนอราคาไปแล้วไม่มีการตอบกลับ หมด01/2564NEW01/2563
2558,ส่งใบเสนอราคาไปแล้วไม่มีการตอบกลับ หมด02/2555
2559,ส่งใบเสนอราคาไปแล้วไม่มีการตอบกลับ หมด02/2557
2560,ส่งใบเสนอราคาไปแล้วไม่มีการตอบกลับ หมด02/2558
2561,ส่งใบเสนอราคาไปแล้วไม่มีการตอบกลับ หมด02/2563
2562,ส่งใบเสนอราคาไปแล้วไม่มีการตอบกลับ หมด02/2564
2563,ส่งใบเสนอราคาไปแล้วไม่มีการตอบกลับ หมด02/2564MA02/2564
2564,ส่งใบเสนอราคาไปแล้วไม่มีการตอบกลับ หมด02/2564NEW02/2563
2565,ส่งใบเสนอราคาไปแล้วไม่มีการตอบกลับ หมด03/2556
2566,ส่งใบเสนอราคาไปแล้วไม่มีการตอบกลับ หมด03/2557
2567,ส่งใบเสนอราคาไปแล้วไม่มีการตอบกลับ หมด03/2558
2568,ส่งใบเสนอราคาไปแล้วไม่มีการตอบกลับ หมด03/2559
2569,ส่งใบเสนอราคาไปแล้วไม่มีการตอบกลับ หมด03/2560
2570,ส่งใบเสนอราคาไปแล้วไม่มีการตอบกลับ หมด03/2562
2571,ส่งใบเสนอราคาไปแล้วไม่มีการตอบกลับ หมด03/2563
2572,ส่งใบเสนอราคาไปแล้วไม่มีการตอบกลับ หมด03/2564
2573,ส่งใบเสนอราคาไปแล้วไม่มีการตอบกลับ หมด03/2564MA03/2564
2574,ส่งใบเสนอราคาไปแล้วไม่มีการตอบกลับ หมด03/2564NEW03/2563
2575,ส่งใบเสนอราคาไปแล้วไม่มีการตอบกลับ หมด04/2558
2576,ส่งใบเสนอราคาไปแล้วไม่มีการตอบกลับ หมด04/2562
2577,ส่งใบเสนอราคาไปแล้วไม่มีการตอบกลับ หมด04/2563
2578,ส่งใบเสนอราคาไปแล้วไม่มีการตอบกลับ หมด04/2564
2579,ส่งใบเสนอราคาไปแล้วไม่มีการตอบกลับ หมด04/2564MA04/2564
2580,ส่งใบเสนอราคาไปแล้วไม่มีการตอบกลับ หมด05/2556
2581,ส่งใบเสนอราคาไปแล้วไม่มีการตอบกลับ หมด05/2557
2582,ส่งใบเสนอราคาไปแล้วไม่มีการตอบกลับ หมด05/2558
2583,ส่งใบเสนอราคาไปแล้วไม่มีการตอบกลับ หมด05/2559
2584,ส่งใบเสนอราคาไปแล้วไม่มีการตอบกลับ หมด05/2560
2585,ส่งใบเสนอราคาไปแล้วไม่มีการตอบกลับ หมด05/2561
2586,ส่งใบเสนอราคาไปแล้วไม่มีการตอบกลับ หมด05/2562
2587,ส่งใบเสนอราคาไปแล้วไม่มีการตอบกลับ หมด05/2563
2588,ส่งใบเสนอราคาไปแล้วไม่มีการตอบกลับ หมด05/2564
2589,ส่งใบเสนอราคาไปแล้วไม่มีการตอบกลับ หมด05/2564MA05/2564
2590,ส่งใบเสนอราคาไปแล้วไม่มีการตอบกลับ หมด06/2560
2591,ส่งใบเสนอราคาไปแล้วไม่มีการตอบกลับ หมด06/2562
2592,ส่งใบเสนอราคาไปแล้วไม่มีการตอบกลับ หมด06/2563
2593,ส่งใบเสนอราคาไปแล้วไม่มีการตอบกลับ หมด06/2564
2594,ส่งใบเสนอราคาไปแล้วไม่มีการตอบกลับ หมด06/2564(NEW06/2563)
2595,ส่งใบเสนอราคาไปแล้วไม่มีการตอบกลับ หมด06/2564MA06/2564
2596,ส่งใบเสนอราคาไปแล้วไม่มีการตอบกลับ หมด07/2556
2597,ส่งใบเสนอราคาไปแล้วไม่มีการตอบกลับ หมด07/2557
2598,ส่งใบเสนอราคาไปแล้วไม่มีการตอบกลับ หมด07/2560
2599,ส่งใบเสนอราคาไปแล้วไม่มีการตอบกลับ หมด07/2561
2600,ส่งใบเสนอราคาไปแล้วไม่มีการตอบกลับ หมด07/2562
2601,ส่งใบเสนอราคาไปแล้วไม่มีการตอบกลับ หมด07/2563
2602,ส่งใบเสนอราคาไปแล้วไม่มีการตอบกลับ หมด07/2564
2603,ส่งใบเสนอราคาไปแล้วไม่มีการตอบกลับ หมด07/2564MA07/2564
2604,ส่งใบเสนอราคาไปแล้วไม่มีการตอบกลับ หมด07/2564NEW07/2563
2605,ส่งใบเสนอราคาไปแล้วไม่มีการตอบกลับ หมด08/2556
2606,ส่งใบเสนอราคาไปแล้วไม่มีการตอบกลับ หมด08/2558
2607,ส่งใบเสนอราคาไปแล้วไม่มีการตอบกลับ หมด08/2560
2608,ส่งใบเสนอราคาไปแล้วไม่มีการตอบกลับ หมด08/2561
2609,ส่งใบเสนอราคาไปแล้วไม่มีการตอบกลับ หมด08/2562
2610,ส่งใบเสนอราคาไปแล้วไม่มีการตอบกลับ หมด08/2563
2611,ส่งใบเสนอราคาไปแล้วไม่มีการตอบกลับ หมด08/2564
2612,ส่งใบเสนอราคาไปแล้วไม่มีการตอบกลับ หมด08/2564(MA08/2564)
2613,ส่งใบเสนอราคาไปแล้วไม่มีการตอบกลับ หมด08/2564MA08/2564
2614,ส่งใบเสนอราคาไปแล้วไม่มีการตอบกลับ หมด08/2564NEW08/2563
2615,ส่งใบเสนอราคาไปแล้วไม่มีการตอบกลับ หมด09/2560
2616,ส่งใบเสนอราคาไปแล้วไม่มีการตอบกลับ หมด09/2561
2617,ส่งใบเสนอราคาไปแล้วไม่มีการตอบกลับ หมด09/2562
2618,ส่งใบเสนอราคาไปแล้วไม่มีการตอบกลับ หมด09/2563
2619,ส่งใบเสนอราคาไปแล้วไม่มีการตอบกลับ หมด09/2563**Email : century-1@hotmail.com**
2620,ส่งใบเสนอราคาไปแล้วไม่มีการตอบกลับ หมด09/2564
2621,ส่งใบเสนอราคาไปแล้วไม่มีการตอบกลับ หมด10/2561
2622,ส่งใบเสนอราคาไปแล้วไม่มีการตอบกลับ หมด10/2562
2623,ส่งใบเสนอราคาไปแล้วไม่มีการตอบกลับ หมด10/2563
2624,ส่งใบเสนอราคาไปแล้วไม่มีการตอบกลับ หมด10/2564
2625,ส่งใบเสนอราคาไปแล้วไม่มีการตอบกลับ หมด10/2564MA10/2564
2626,ส่งใบเสนอราคาไปแล้วไม่มีการตอบกลับ หมด10/2564NEW10/2563
2627,ส่งใบเสนอราคาไปแล้วไม่มีการตอบกลับ หมด11/2557
2628,ส่งใบเสนอราคาไปแล้วไม่มีการตอบกลับ หมด11/2559
2629,ส่งใบเสนอราคาไปแล้วไม่มีการตอบกลับ หมด11/2561
2630,ส่งใบเสนอราคาไปแล้วไม่มีการตอบกลับ หมด11/2564
2631,ส่งใบเสนอราคาไปแล้วไม่มีการตอบกลับ หมด11/2564MA11/2564
2632,ส่งใบเสนอราคาไปแล้วไม่มีการตอบกลับ หมด11/2564NEW11/2563
2633,ส่งใบเสนอราคาไปแล้วไม่มีการตอบกลับ หมด12/2561
2634,ส่งใบเสนอราคาไปแล้วไม่มีการตอบกลับ หมด12/2562
2635,ส่งใบเสนอราคาไปแล้วไม่มีการตอบกลับ หมด12/2563
2636,ส่งใบเสนอราคาไปแล้วไม่มีการตอบกลับ หมด12/2563MA12/2563
2637,ส่งใบเสนอราคาไปแล้วไม่มีการตอบกลับ หมด12/2564MA12/2564
2638,ส่งใบเสนอราคาไปแล้วไม่มีการตอบกลับ หมด7/2563
2639,ส่งใบเสนอราคาไปแล้วไม่มีการตอบกลับ หมดMA06/2564
2640,ส่งใบเสนอราคาไปแล้วไม่มีการตอบกลับ หมดMA10/2564
2641,ส่งใบเสนอราคาไปแล้วไม่มีการตอบกลับ หมดMA12/2562
2642,ส่งใบเสนอราคาไปแล้วไม่มีการตอบกลับ03/2564
2643,ส่งใบเสนอราคาไปแล้วไม่มีการตอบกลับหมด <<(MA03/2565)>>
2644,ส่งใบเสนอราคาไปแล้วไม่มีการตอบกลับหมด MA03/2564
2645,ส่งใบเสนอราคาไปแล้วไม่มีการตอบกลับหมด MA10/2564
2646,ส่งใบเสนอราคาไปแล้วไม่มีการตอบกลับหมด01/2564
2647,ส่งใบเสนอราคาไปแล้วไม่มีการตอบกลับหมด01/2564(NEW01/2563)
2648,ส่งใบเสนอราคาไปแล้วไม่มีการตอบกลับหมด06/2562
2649,ส่งใบเสนอราคาไปแล้วไม่มีการตอบกลับหมด07/2563
2650,ส่งใบเสนอราคาไปแล้วยังไม่ตอบกลับ หมด12/2563
2651,ส่งใบเสนอราคาไปแล้วยังไม่มีการตอบกลับ หมด 03/2564
2652,ส่งใบเสนอราคาไปแล้วยังไม่มีการตอบกลับ หมด 03/2564MA03/2564
2653,ส่งใบเสนอราคาไปแล้วยังไม่มีการตอบกลับ หมด 07/2562
2654,ส่งใบเสนอราคาไปแล้วยังไม่มีการตอบกลับ หมด 08/2561
2655,ส่งใบเสนอราคาไปแล้วยังไม่มีการตอบกลับ หมด 09/2564
2656,ส่งใบเสนอราคาไปแล้วยังไม่มีการตอบกลับ หมด 10/2564
2657,ส่งใบเสนอราคาไปแล้วยังไม่มีการตอบกลับ หมด 12/2564
2658,ส่งใบเสนอราคาไปแล้วยังไม่มีการตอบกลับ หมด MA02/2562
2659,ส่งใบเสนอราคาไปแล้วยังไม่มีการตอบกลับ หมด MA07/2562
2660,ส่งใบเสนอราคาไปแล้วยังไม่มีการตอบกลับ หมด01/2562
2661,ส่งใบเสนอราคาไปแล้วยังไม่มีการตอบกลับ หมด01/2563
2662,ส่งใบเสนอราคาไปแล้วยังไม่มีการตอบกลับ หมด01/2564
2663,ส่งใบเสนอราคาไปแล้วยังไม่มีการตอบกลับ หมด01/2564MA01/2564
2664,ส่งใบเสนอราคาไปแล้วยังไม่มีการตอบกลับ หมด02/2559
2665,ส่งใบเสนอราคาไปแล้วยังไม่มีการตอบกลับ หมด02/2564MA02/2564
2666,ส่งใบเสนอราคาไปแล้วยังไม่มีการตอบกลับ หมด03/2561
2667,ส่งใบเสนอราคาไปแล้วยังไม่มีการตอบกลับ หมด04/2562
2668,ส่งใบเสนอราคาไปแล้วยังไม่มีการตอบกลับ หมด04/2563
2669,ส่งใบเสนอราคาไปแล้วยังไม่มีการตอบกลับ หมด05/2559
2670,ส่งใบเสนอราคาไปแล้วยังไม่มีการตอบกลับ หมด05/2564
2671,ส่งใบเสนอราคาไปแล้วยังไม่มีการตอบกลับ หมด05/2564MA05/2564
2672,ส่งใบเสนอราคาไปแล้วยังไม่มีการตอบกลับ หมด06/256
2673,ส่งใบเสนอราคาไปแล้วยังไม่มีการตอบกลับ หมด06/2560
2674,ส่งใบเสนอราคาไปแล้วยังไม่มีการตอบกลับ หมด06/2561
2675,ส่งใบเสนอราคาไปแล้วยังไม่มีการตอบกลับ หมด06/2563
2676,ส่งใบเสนอราคาไปแล้วยังไม่มีการตอบกลับ หมด06/2564
2677,ส่งใบเสนอราคาไปแล้วยังไม่มีการตอบกลับ หมด06/2564MA06/2564
2678,ส่งใบเสนอราคาไปแล้วยังไม่มีการตอบกลับ หมด07/2560
2679,ส่งใบเสนอราคาไปแล้วยังไม่มีการตอบกลับ หมด07/2562
2680,ส่งใบเสนอราคาไปแล้วยังไม่มีการตอบกลับ หมด07/2564MA07/2564
2681,ส่งใบเสนอราคาไปแล้วยังไม่มีการตอบกลับ หมด08/2560
2682,ส่งใบเสนอราคาไปแล้วยังไม่มีการตอบกลับ หมด08/2563
2683,ส่งใบเสนอราคาไปแล้วยังไม่มีการตอบกลับ หมด08/2564MA08/2564
2684,ส่งใบเสนอราคาไปแล้วยังไม่มีการตอบกลับ หมด09/2562
2685,ส่งใบเสนอราคาไปแล้วยังไม่มีการตอบกลับ หมด09/2563
2686,ส่งใบเสนอราคาไปแล้วยังไม่มีการตอบกลับ หมด10/2554
2687,ส่งใบเสนอราคาไปแล้วยังไม่มีการตอบกลับ หมด10/2558
2688,ส่งใบเสนอราคาไปแล้วยังไม่มีการตอบกลับ หมด11/2558
2689,ส่งใบเสนอราคาไปแล้วยังไม่มีการตอบกลับ หมด11/2560
2690,ส่งใบเสนอราคาไปแล้วยังไม่มีการตอบกลับ หมด11/2562
2691,ส่งใบเสนอราคาไปแล้วยังไม่มีการตอบกลับ หมด11/2563
2692,ส่งใบเสนอราคาไปแล้วยังไม่มีการตอบกลับ หมด12/2563
2693,ส่งใบเสนอราคาไปแล้วยังไมมีการตอบกลับ หมดMA02/2564(MA02/2564)
2694,ส่งใบเสนอราคาไปแล้วยังไมมีการตอบกลับ หมดMA02/2564MA02/2564
2695,ส่งใบเสนอราคาไปแล้วยังไมมีการตอบกลับ หมดMA12/2556
2696,ส่งใบเสนอราคาไปแล้วยังไม่มีการตอบกลับหมด 01/2565
2697,ส่งใบเสนอราคาไปแล้วยังไม่มีการตอบกลับหมด 03/2565
2698,ส่งใบเสนอราคาไปแล้วยังไม่มีการตอบกลับหมด 09/2561
2699,ส่งใบเสนอราคาไปแล้วยังไม่มีการตอบกลับหมด 09/2564
2700,ส่งใบเสนอราคาไปแล้วยังไม่มีการตอบกลับหมด09/2564
2701,ส่งใบเสนอราคาไปแล้วยังไม่มีการตอบกลับหมด11/2557
2702,ส่งใบเสนอราคาไปแล้วยังไม่มีการตอบกลับหมด11/2564
2703,ส่งใบเสนอราคาไปแล้วยังไม่มีการตอบกลับหมด12/2564
2704,ส่งใบเสนอราคาไปแล้วยังไม่มีการตอบหฝกลับ หมด 03/2564
2705,ส่งใบเสนอราคาไปไม่มีการตอบกลับ หมด 10/2559
2706,ส่งใบเสรอราคาไปแล้วไม่มีการตอบกลับ08/2562
2707,ส่งใบเสรอราคาไปแล้วไม่มีการตอบกลับหมด02/2561
2708,ส่งใบเสรอราคาไปแล้วไม่มีการตอบกลับหมด07/2564
2709,ส่งใบเสรอราคาไปแล้วไม่มีการตอบกลับหมด07/2564MA07/2564
2710,ส่งใบเสรอราคาไปแล้วไม่มีการตอบกลับหมด07/2564NEW07/2563
2711,หมด MA (NEW01/2563)
2712,หมด MA02/2564
