phone2_id,phone2
1,(097-228-0146(นิติฯ)
2,081-191-2064
3,086-887-6901
4,094-541-5914 // คุณวิลาวรรณ(รักษาการ ผจก) 082-151-2291
5,02-002-9266(บริษัท)
6,02-005-8956
7,02-023-2312 คุณโอ๋
8,02-050-5199(นิติฯ)
9,02-064-0184
10,02-102-3688
11,02-115-8215
12,02-183-6104(นิติ)
13,02-185-3671-6#8002
14,02-203-0677(นิติ)
15,02-207-3742
16,02-216-1605-6
17,02-259-3300
18,02-259-9941#3
19,02-399-2532
20,02-512-5110
21,02-559-3308
22,02-614-3074
23,02-617-0700(นิติฯ)
24,02-619-8595(นิติฯ)
25,02-653-3490
26,02-656-9481(นิติฯ)
27,02-662-6710
28,02-671-3892-6#112
29,02-671-5927
30,02-685-0500 กด 0
31,02-711-0339 (คุณแตน)
32,02-886-0153(นิติฯ)
33,02-888-5356(นิติฯ)
34,02-977-0721
35,02-984-1282
36,032-516-572-5 (เบอร์นิติฯ ตามหัวหนังสือที่ส่งมา)
37,038-182-492(นิติฯ)
38,038-197-603
39,038-238-001
40,038-238-268
41,061-009-5767(นิติฯ)
42,061-020-2391(นิติฯ)
43,061-020-8421(นิติฯ)
44,061-024-4462
45,061-024-4462(นิติฯ)
46,061-024-4462(นิติฯ)
47,061-040-4506
48,061-040-4506(นิติฯ)
49,061-040-4506(นิติฯ)
50,061-047-8633(นิติ)
51,061-058-9494
52,"061-071-5709(นิติฯ) "
53,061-072-0586
54,061-072-0586(นิติฯ)
55,061-079-3417(นิติฯ)
56,061-081-2399
57,061-081-2399(นิติ)
58,061-081-2399(นิติ)
59,061-081-2399
60,061-086-5171 (หน้างาน)
61,061-086-5171(ฝ่ายบัญชี)
62,061-086-5171(หน้างาน )
63,061-086-5171(หน้างาน)
64,061-097-4999
65,061-097-4999(นิติฯ)
66,061-104-4565(นิติฯ)
67,061-106-7458(นิติฯ)
68,061-120-1909(นิติ)
69,061-120-1909(นิติฯ)
70,061-121-9448(นิติฯ)
71,"061-174-1971(นิติฯ) "
72,061-174-1971(นิติฯ)
73,061-178-7111(นิติฯ)
74,061-180-8899(นิติฯ)
75,061-191-8000(บริษัท)
76,061-191-8000(บริษัท)
77,061-217-8989
78,061-217-8989(เบอร์ส่วนตัว)
79,061-234-3964
80,061-234-3964(คุณเมย์)(สะดวกให้ติดต่อกลับเบอร์นี้)
81,061-234-3964(นิติฯ)
82,061-234-3964(นิติฯ)
83,061-238-4912
84,061-238-4912(นิติ)
85,061-238-5354(นิติฯ)
86,061-239-2539(นิติฯ)
87,061-239-2539(นิติฯ)
88,061-242-2134(นิติฯ)
89,061-252-2424(นิติ)
90,061-252-2424(นิติฯ)
91,061-254-3363(นิติฯ)
92,061-254-3363(นิติฯ)
93,061-268-0211
94,061-268-9989(นิติฯ)
95,061-280-0224
96,"061-293-8390(นิติฯ) "
97,061-293-8390(นิติฯ)
98,061-294-6161
99,061-296-6232(นิติฯ)
100,061-314-0662(นิติฯ)
101,061-319-9482(นิติฯ)
102,061-341-7322
103,061-357-2116(นิติฯ)
104,061-362-0385(นิติฯ)
105,061-387-0260(นิติฯ)
106,061-387-0388(นิติฯ)
107,061-394-9055
108,061-394-9055(นิติฯ)
109,061-398-1555(บริษัท)
110,061-401-6011
111,061-401-6011(นิติฯ)
112,061-401-6011(นิติฯ)
113,061-404-3722(WAM Office)
114,061-408-1212
115,061-412-4792
116,061-412-4792(นิติฯ)
117,061-412-4792(นิติฯ)
118,061-418-9157(นิติฯ)
119,061-420-0152
120,061-420-0152(นิติฯ)
121,061-424-6462
122,061-436-5500(นิติฯ)
123,061-438-0359
124,061-438-0359(นิติฯ)
125,061-438-0359(นิติฯ)
126,061-440-6097(นิติฯ)
127,061-473-8599
128,061-473-8599(นิติฯ)
129,061-503-9987
130,061-503-9987(นิติฯ)
131,061-507-3633
132,061-507-3633(นิติฯ)
133,061-507-3633(นิติฯ)
134,061-523-2442
135,061-523-2442(นิติฯ)
136,"061-523-2442(นิติฯ) (The Book) "
137,061-523-2442(นิติฯ)
138,061-536-8234
139,061-536-8234(นิติฯ)
140,061-536-8234(นิติฯ)
141,061-541-8771
142,061-541-8771(นิติฯ)
143,061-541-8771(นิติฯ)
144,061-545-1990
145,061-545-1990(นิติฯ)
146,061-545-2687(นิติฯ)
147,061-546-5124
148,061-561-3157
149,061-561-3157(นิติฯ)
150,"061-561-3157(นิติฯ) "
151,061-561-3157(นิติฯ)
152,061-562-9246(คุณโอ๋นิติ)
153,061-565-9949
154,061-582-2446
155,061-584-2014
156,061-596-9889(บริษัท))
157,061-612-1595
158,061-612-1595(นิติฯ)
159,061-612-1595(นิติฯ)
160,061-616-4414
161,061-619-5059(นิติฯ)
162,061-624-6353
163,061-624-6353(บริษัท)
164,061-625-5373
165,061-627-3677
166,061-630-1888
167,061-636-9290(นิติฯ)
168,061-638-1863
169,061-638-1863(นิติฯ)
170,061-638-1863(นิติฯ)
171,061-640-3554(นิติฯ)
172,061-640-4207(ส่วนกลางนิติฯ)
173,061-648-7264(นิติฯ)
174,061-649-8868(นิติ)
175,061-649-8868(นิติ)
176,061-649-8868(นิติฯ)
177,061-653-4485
178,061-653-4485(นิติ)
179,061-653-4485(นิติฯ)
180,061-653-4485(นิติฯ)
181,061-662-4228(นิติ)
182,061-662-4228(นิติฯ)
183,061-690-3407(นิติฯ)
184,061-692-4669(หน้างาน)
185,061-697-6222
186,061-707-9777(นิติฯ)
187,061-719-0880
188,061-719-9430(นิติฯ)
189,061-727-1313
190,061-727-1313(นิติฯ)
191,061-746-9266
192,061-746-9266(นิติฯ)
193,061-746-9266(นิติฯ)
194,061-746-9266(สะดวกเบอร์นี้)
195,061-748-3616
196,061-748-3616(นิติฯ)
197,061-748-3616(นิติฯ)
198,061-750-2199(นิติฯ)
199,061-760-4646(นิติฯ)
200,061-768-9259
201,061-770-9339
202,061-773-7526
203,061-773-7526 คุณตอง
204,061-773-7526(นิติฯ)
205,"061-773-7526(นิติฯ) "
206,"061-773-7526(นิติฯ) "
207,061-773-7526(นิติฯ)
208,061-774-4300(นิติฯ)
209,061-774-4300 061-774-4311(นิติฯ)
210,061-774-4300 061-774-4311(นิติฯ)
211,061-774-4311
212,061-774-4311(นิติฯ)
213,061-775-1456
214,061-775-1456(นิติ)
215,061-786-0084
216,061-7957447
217,061-795-7447
218,061-795-7447(นิติ)
219,061-795-7447(นิติ)
220,061-795-7447(นิติฯ)
221,061-803-5011(นิติฯ)
222,061-819-9950
223,061-819-9950(นิติฯ)
224,061-821-5500(นิติ)
225,061-823-8562(นิติฯ)
226,061-824-4667(นิติฯ)
227,061-826-6903
228,061-826-6903(นิติฯ)
229,061-837-1837
230,061-837-1837 (เบอร์นิติ)
231,061-837-1837(นิติ)
232,061-837-1837(นิติฯ)
233,061-837-1837(นิติฯ)
234,061-838-5333
235,061-838-5333(นิติ)
236,061-838-5333(นิติ)
237,061-838-5333(นิติฯ)
238,061-842-2888(นิติฯ)
239,061-842-8290(นิติฯ)
240,061-854-1125(นิติฯ)
241,061-865-8899(นิติฯ)
242,061-865-8899(นิติฯ)
243,061-865-8899(นิติฯ)086-393-6152(ส่วนกลางฝ่ายบัญชี))
244,061-868-0055
245,061-868-0055 (นิติฯ)
246,061-868-0055(นิติฯ)
247,061-879-7439(นิติ)
248,061-880-1222(นิติฯ)
249,061-881-4417
250,061-881-4417(นิติฯ)
251,061-892-8242(นิติฯ)
252,061-921-9555
253,061-921-9555(นิติฯ)
254,061-931-8932(นิติฯ)
255,061-931-8932(นิติฯ)
256,061-932-5365 คุณชัชชัย(IT)
257,061-934-4044(นิติฯ)
258,061-936-8962(นิติฯ)
259,061-948-8129(นิติฯ)
260,061-949-5591
261,061-958-2892
262,061-958-2892(นิติฯ)
263,061-958-2892(นิติฯ)
264,061-959-3222
265,061-959-3222(นิติฯ)
266,061-959-3222(นิติฯ)
267,061-968-3452(นิติฯ)
268,061-980-3626(นิติฯ)
269,061-980-3626(นิติฯ)  091-775-4552(นิติฯ)
270,061-980-3626(นิติฯ)
271,061-980-3626(นิติฯ)
272,061-980-8222
273,061-980-8222(นิติฯ)
274,061-989-4629(นิติฯ)
275,061-991-3229(นิติฯ)
276,061-991-5506(นิติฯ)
277,061-994-1466
278,061-997-0205(นิติฯ)
279,062 202 6622
280,062-006-1787(นิติฯ)
281,062-006-9229(นิติฯ)
282,062-013-3650
283,062-013-3650(นิติ)
284,062-013-3650(นิติฯ)
285,062-013-3650(นิติฯ)
286,062-029-1554(นิติฯ)
287,062-062-8889 (เบอร์นิติ)
288,062-062-8889(นิติฯ)
289,062-086-6060
290,062-086-6060(นิติฯ)
291,062-086-6060(นิติฯ)
292,062-087-9590
293,062-087-9590(นิติฯ)
294,062-087-9590(นิติฯ)
295,062-108-7577(นิติฯ)
296,062-114-5662
297,"062-114-5662(นิติฯ) "
298,062-114-5662(นิติฯ)
299,"062-115-3362(นิติฯ) "
300,062-115-3362(นิติฯ)
301,"062-145-8088(นิติฯ) "
302,062-152-2771(นิติฯ)
303,062-164-9662 (นิติฯ)
304,062-164-9662(นิติฯ)
305,"062-165-9250(นิติฯ) "
306,062-165-9250(นิติฯ)
307,062-175-6606
308,062-195-7987 (คุณต้น)
309,062-214-5599
310,062-214-5599(นิติ)
311,062-214-5599(นิติฯ)
312,062-226-1104 คุณ NUM (Head)
313,062-226-5559
314,062-226-5559(นิติฯ)
315,062-228-7456
316,062-228-7456(นิติฯ)
317,062-242-1455(นิติฯ)
318,062-242-1462(นิติฯ)
319,062-242-1783
320,062-242-1783(นิติฯ)
321,062-246-2614
322,"062-254-4778(นิติฯ) "
323,062-265-1705(นิติฯ)
324,062-273-2020(นิติฯ)
325,062-273-2020(นิติฯ)
326,062-278-0530
327,062-278-0530(นิติฯ)
328,062-297-1888(นิติฯ)
329,062-297-2888
330,062-297-2888(นิติฯ)
331,062-312-9942(นิติฯ)
332,062-324-5951 คุณปุ๋ย
333,062-338-6317
334,062-352-7199(นิติฯ)
335,062-356-9553
336,062-356-9553(นิติ)
337,062-356-9553(นิติ)
338,062-356-9553(นิติฯ)
339,062-359-0225
340,062-359-0225(นิติฯ)
341,062-375-3411
342,062-375-3411(นิติ)
343,062-375-3411(นิติฯ)
344,062-376-2895
345,062-407-2340(นิติฯ)
346,062-424-9300(นิติฯ)
347,062-426-5028
348,062-445-0914
349,062-462-5652(นิติฯ)
350,062-464-1165
351,062-468-3344
352,062-469-4566
353,062-469-4566(นิติฯ)
354,062-478-8875
355,062-484-8148(นิติฯ)
356,062-485-6594(นิติฯ)
357,062-485-9491(บริษัท)
358,062-491-9784(นิติฯ)
359,062-517-2454
360,062-517-2454(นิติฯ)
361,062-517-2454(นิติฯ)
362,062-534-3223(นิติฯ)
363,062-535-3945(นิติฯ)
364,062-535-3945(นิติฯ)
365,062-536-1929
366,062-536-1929(นิติฯ)
367,062-5384122
368,062-538-4122
369,062-538-4122(นิติ)
370,062-538-4122(นิติฯ)
371,"062-542-0983(นิติฯ) "
372,062-542-0983(นิติฯ)
373,062-546-4013
374,062-546-4013(นิติ)
375,062-546-4013(นิติ)
376,062-553-5594 (หน้างาน)
377,062-553-5594(หน้างาน)
378,062-556-2518
379,062-556-2518(นิติฯ)
380,062-557-8244(นิติฯ)
381,062-558-1447
382,062-558-9157(นิติฯ)
383,062-565-8126
384,062-568-4054
385,062-568-4054(นิติฯ)
386,062-568-4054(นิติฯ)
387,062-573-4314(นิติฯ)
388,062-573-4314(นิติฯ)
389,062-581-9911
390,062-583-9942(นิติฯ)
391,062-583-9942(นิติฯ)
392,062-584-0032
393,062-584-0032(นิติฯ)
394,062-584-0032(นิติฯ) 098-425-3727(นิติฯ)
395,062-586-6117
396,062-586-6117(นิติฯ)
397,062-586-6117(นิติฯ)
398,062-589-7456
399,062-589-7456(นิติฯ)
400,062-593-5251
401,062-593-5251(นิติฯ)
402,062-593-5251(นิติฯ)
403,062-593-5251(นิติฯ)
404,062-605-5511
405,062-605-5511(นิติฯ)
406,062-605-9269
407,062-623-6664
408,062-628-9644
409,062-630-6222
410,062-630-6222(นิติฯ)
411,062-636-5335
412,062-650-6622
413,062-670-2839
414,062-670-2839(นิติฯ)
415,062-670-2839(นิติฯ)
416,062-684-8338
417,062-684-8338(นิติฯ)
418,062-684-8338(นิติฯ)
419,062-684-8338
420,062-685-9333
421,062-685-9333(นิติฯ)
422,062-685-9333(นิติฯ)
423,062-687-3131
424,062-693-4903(นิติฯ)
425,"062-693-4903(นิติฯ) "
426,062-710-5995
427,062-710-5995(บริษัท)
428,062-710-5995(บริษัท)
429,062-714-2626
430,062-714-2626(นิติฯ)
431,"062-714-2626(นิติฯ) "
432,062-714-2626(นิติฯ)
433,062-725-0555
434,062-732-5804 (ธุรการ)
435,062-732-5804(หน้างาน)
436,062-757-7722
437,062-763-3636(นิติฯ)
438,062-763-3636(นิติฯ)
439,062-771-6995
440,062-771-6995(นิติฯ)
441,062-774-7376  065-830-7905 086-374-4004
442,062-776-2629(บริษัท)
443,062-779-0004
444,"062-779-0004(นิติฯ) "
445,062-779-0004(นิติฯ)
446,062-819-5253(นิติฯ)
447,062-825-3535(นิติฯ)
448,062-852-9339
449,062-852-9339(นิติฯ)
450,"062-852-9339(นิติฯ) "
451,062-852-9339(นิติฯ)
452,062-875-1771
453,062-884-4665
454,062-884-4665(นิติฯ)
455,062-885-8811(นิติฯ)
456,062-892-5999 คุณธิดามาศ
457,062-926-9436
458,062-926-9436(นิติฯ)
459,062-937-7964
460,062-954-6804
461,062-985-2359(นิติฯ)
462,063-002-6880
463,063-015-3298
464,063-038-3959 (นิติฯ)
465,063-042-3855
466,063-042-3855(นิติฯ)
467,063-042-3855(นิติฯ)
468,063-071-1071(นิติฯ)
469,063-078-7050(นิติฯ)
470,063-079-9682 (นิติฯ)
471,063-080-2877
472,063-080-2877(นิติฯ)
473,063-080-2877(นิติฯ)
474,063-080-7459(นิติฯ)
475,063-114-5456
476,063-114-5456 (นิติฯ)
477,063-114-5456(นิติฯ)
478,063-143-4886
479,"063-143-4886 "
480,063-143-4886(นิติ)
481,063-143-4886(นิติฯ)
482,"063-143-4886(นิติฯ) "
483,063-143-4886(นิติฯ)
484,063-145-6578
485,063-146-2802(นิติฯ)
486,"063-146-2802(นิติฯ) "
487,063-146-2802(นิติฯ)
488,063-159-8246
489,063-170-0451
490,063-170-0451(นิติฯ)
491,063-170-0451(นิติฯ)
492,063-180-3387(นิติฯ)
493,063-187-0040
494,063-187-0375
495,063-187-0375(นิติฯ)
496,063-187-0375(นิติฯ)
497,063-193-8720(นิติฯ)
498,063-195-1471(นิติฯ)
499,063-195-6671(นิติฯ)
500,063-195-6671(นิติฯ)
501,063-197-3039
502,063-197-3039(นิติฯ)
503,063-197-3039(นิติฯ)
504,063-197-3039(นิติฯ)
505,063-197-7391
506,063-197-7391(นิติ)
507,063-197-7391(นิติฯ)
508,063-197-7391(นิติฯ)
509,063-198-4497  095-964-9906
510,063-204-8444(นิติฯ)099-492-2988(บริษัท)
511,063-210-2659(นิติฯ)
512,063-212-6489
513,063-213-7302
514,063-215-7735
515,063-215-7735(นิติ)
516,063-215-7735(นิติ)
517,063-215-7735(นิติฯ)
518,063-216-7058(นิติ)
519,063-216-7058(นิติฯ)
520,063-218-8795
521,063-218-8795(นิติฯ)
522,063-218-8795(นิติฯ)
523,063-221-0399(นิติฯ)
524,063-224-5236(นิติฯ)
525,063-224-7619
526,063-224-7619(นิติฯ)
527,063-224-7619(นิติฯ)
528,063-227-2002
529,063-230-5110(นิติฯ)
530,063-234-6611
531,063-234-6611(นิติฯ)
532,063-234-6611(บริษัท)
533,063-234-6611(บริษัท)
534,063-249-7879(บริษัท)
535,063-250-3879
536,063-250-3879(นิติฯ)
537,063-250-3879(นิติฯ)
538,063-252-3225
539,063-252-3225(นิติฯ)
540,063-270-7100(นิติฯ)
541,063-271-7157(นิติฯ)
542,063-272-1338(นิติฯ)
543,063-272-3544(นิติฯ)
544,063-272-4552(นิติฯ)
545,063-272-7986
546,063-272-7986(นิติฯ)
547,063-272-7986(นิติฯ)
548,063-273-0194(นิติฯ)
549,063-273-1119(นิติฯ)
550,063-273-4383
551,063-273-6293(นิติฯ)
552,063-298-4488
553,063-298-4488 (นิติฯ)
554,063-298-4488 (นิติฯ)
555,063-298-4488(นิติฯ)
556,063-308-9772 (นิติฯ)
557,063-323-0534(บริษัท)
558,"063-323-6188(นิติฯ) "
559,063-323-7428
560,063-323-7428 (เบอร์นิติ)
561,063-323-7428(นิติฯ)
562,063-323-7428(นิติฯ)
563,063-329-1496
564,063-329-1496(นิติฯ)
565,063-329-1496(นิติฯ)
566,063-343-4110
567,063-346-8784(นิติฯ)
568,063-360-9092
569,063-360-9092(เบอร์ส่วนตัว)
570,063-368-2085(นิติฯ)
571,063-371-5041
572,063-372-2266(นิติฯ)
573,063-378-0006
574,063-381-4141(บริษัท)
575,063-384-2288
576,063-384-2288(นิติฯ)
577,063-384-2288(นิติฯ)
578,063-390-8066
579,063-390-8066(นิติฯ)
580,063-390-8066(นิติฯ)
581,"063-393-7940นิติฯ) "
582,063-394-2959(นิติ)
583,063-402-1777(บริษัท)
584,063-410-4550
585,063-410-4550(นิติฯ)
586,063-412-4263
587,063-414-1624นิติฯ)
588,063-432-0935(นิติฯ)
589,063-436-4666(นิติฯ)
590,063-436-4666(นิติฯ)
591,063-439-0935(นิติฯ)
592,063-443-4144(นิติฯ)
593,063-445-8833(บริษัท)
594,063-456-9966(นิติ)
595,063-456-9966(นิติฯ)
596,063-461-8845
597,063-461-8845 (เบอร์นิติ)
598,063-461-8845(นิติฯ)
599,063-496-3545
600,063-525-2114
601,063-525-2114(นิติฯ)
602,063-525-2114(นิติฯ)
603,063-525-8206
604,063-525-8206(นิติฯ)
605,063-525-8206(นิติฯ)
606,063-526-2039
607,063-535-6216
608,063-535-6216(บริษัท)
609,063-535-6216(บริษัท)
610,063-535-8955
611,063-539-5161
612,063-539-5161(นิติฯ)
613,063-539-5161(นิติฯ)
614,"063-545-6146(นิติฯ) "
615,063-591-3888
616,063-591-3888(นิติฯ)
617,063-592-2490(นิติ)
618,063-592-2490(นิติฯ)
619,063-616-1941
620,063-616-1941 (หน่วยงาน) คุณเอิง
621,063-623-8714(นิติฯ)
622,063-625-2499
623,063-626-5835
624,063-639-1688
625,"063-639-1688(นิติฯ) "
626,063-641-6178
627,063-641-6178(นิติฯ)
628,063-659-1978(นิติฯ)
629,"063-712-0278(นิติฯ) "
630,063-714-6515(นิติฯ)
631,063-717-1079
632,063-717-1079(นิติฯ)
633,063-731-5579(นิติฯ)
634,"063-746-8086(นิติฯ) "
635,063-746-8086(นิติฯ)
636,063-747-1092
637,063-751-2882(นิติ)
638,063-754-4226(นิติฯ)
639,063-762-9299(นิติฯ)
640,063-762-9299(นิติฯ)
641,063-762-9299
642,"063-764-5079(นิติฯ) "
643,063-764-5079(นิติฯ)
644,063-779-3561(หน้างานนิติแมนฮัสตั้น) 085-590-8051(หน้างานนิติซานฟราน)
645,"063-792-9584(นิติฯ) "
646,063-792-9584(นิติฯ)
647,063-798-7481
648,063-798-7481(นิติฯ)
649,063-798-9592
650,063-816-1742(นิติฯ)
651,063-816-3856
652,063-816-3856(นิติฯ)
653,063-816-3856(นิติฯ)
654,063-817-7373(นิติฯ)
655,063-818-9489(นิติฯ)
656,063-825-9717(นิติฯ)
657,063-835-3236
658,063-835-3236(นิติฯ)
659,063-835-3236(นิติฯ)
660,063-838-1811(นิติฯ)
661,063-848-9071
662,063-851-1415
663,063-851-1415(นิติ)
664,063-851-1415(นิติ))
665,063-851-1415(นิติฯ)
666,063-851-1415(นิติฯ)
667,063-851-1415(ส่วนกลาง)
668,063-851-1415
669,063-851-1415-16(นิติฯ)
670,063-851-1415-16(นิติฯ)
671,063-851-1424
672,063-851-1424(เบอร์ส่วนตัว)
673,063-851-1424(นิติฯ)
674,063-851-1424(นิติฯ)
675,063-851-1424(นิติฯ) 066-095-2838(นิติฯ)
676,063-851-1424(นิติฯ) 066-095-2838(นิติฯ)
677,063-867-7778
678,063-867-7778(นิติฯ)
679,063-867-7778(นิติฯ)
680,063-870-8186(นิติ)
681,063-870-8186(นิติฯ)
682,063-872-9387
683,063-872-9387(นิติฯ)
684,063-872-9387(นิติฯ)
685,063-872-9387(นิติฯ)
686,063-872-9387 092-356-1935
687,063-886-4558(นิติฯ)
688,063-902-7052
689,063-902-7052(นิติฯ)
690,063-902-7052(นิติฯ)
691,063-905-2091
692,063-905-2091(นิติฯ)
693,063-906-6189(นิติฯ)
694,063-909-2653(นิติฯ)
695,063-910-7503
696,063-910-7503(นิติฯ)
697,063-910-7503(นิติฯ)
698,063-910-7503(นิติฯ)
699,063-920-7737(นิติฯ)
700,063-930-2101
701,063-930-2101(นิติฯ)
702,063-930-2101(นิติฯ)
703,063-936-5911(นิติฯ)
704,063-946-4720
705,063-946-4720(นิติฯ)
706,063-947-4535(นิติ)
707,063-947-4535(นิติฯ)
708,063-951-5264(นิติฯ)
709,063-957-1513
710,063-957-1513(นิติฯ)
711,063-959-8653
712,063-959-8653(นิติฯ)
713,063-959-8653(นิติฯ)
714,"063-961-1131(นิติฯ) "
715,063-961-1131(นิติฯ)
716,063-965-8163(นิติฯ)
717,063-969-6156(นิติ)
718,063-969-8264
719,063-969-8264(นิติฯ)
720,063-969-8264(นิติฯ)
721,063-973-8082
722,063-986-6255(บริษัท)
723,063-989-1404(นิติฯ)
724,063-996-2289
725,063-996-2289(นิติฯ)
726,064-018-0945
727,064-018-0945(นิติ)
728,064-018-0945(นิติฯ)
729,064-018-0945(นิติฯ)
730,064-026-0556(นิติฯ)
731,064-028-1299(นิติฯ)
732,064-030-5935
733,064-030-5935(นิติฯ)
734,064-058-9564
735,064-089-0487
736,064-092-3476
737,064-092-3476(นิติ)
738,064-092-3476(นิติ)
739,064-093-1092
740,064-093-1092(นิติ)
741,064-113-1978 091-212-2454 (Metro)
742,064-118-1978
743,064-119-7553(นิติฯ)
744,064-125-2054
745,064-125-2054(นิติฯ)
746,064-125-2054(นิติฯ)
747,064-125-9415(นิติฯ)
748,064-131-9290(นิติฯ)
749,064-143-0545
750,064-145-6714
751,064-145-6714(นิติ)
752,064-145-6714(นิติฯ)
753,"064-145-6714(นิติฯ) "
754,064-145-6714(นิติฯ)
755,064-146-5212
756,064-153-5595(นิติฯ)
757,064-153-5595(นิติฯ)
758,064-153-5595(นิติฯ)
759,064-154-4236(บริษัท)
760,064-154-4236(บริษัท)
761,064-156-6794(นิติฯ)
762,064-158-7918
763,064-158-7918(นิติฯ)
764,064-158-8166
765,064-167-9834(นิติฯ)
766,"064-167-9834(นิติฯ) "
767,064-167-9834(นิติฯ)
768,064-180-4785
769,064-180-4785(นิติฯ)
770,"064-180-4785(นิติฯ) "
771,064-180-4785(นิติฯ)
772,064-182-8805
773,064-182-8805(นิติ)
774,064-182-8805(นิติฯ)
775,064-182-8805(นิติฯ)
776,064-184-2418
777,064-184-2494
778,064-184-2494 (นิติฯ)
779,064-184-2494(นิติฯ)
780,064-184-7484
781,064-184-7484(นิติฯ)
782,064-184-7484(นิติฯ)
783,064-184-7484
784,064-195-2002(นิติฯ)คุณนุช
785,064-196-7964(นิติฯ)
786,064-196-7964(นิติฯ)
787,064-205-0733
788,064-205-0733(บริษัท)
789,064-205-2370(นิติฯ)
790,064-216-4547(นิติฯ)
791,064-220-7723
792,064-220-7723(นิติฯ)
793,064-220-7723(นิติฯ)
794,064-220-7723(นิติฯ)
795,064-221-4147
796,064-221-4147  096-364-5235
797,064-221-4147(นิติ)
798,064-221-4147(นิติ)
799,064-221-5158(นิติฯ)คุณกันต์
800,064-224-8696(นิติฯ)099-979-9535(บริษัท)
801,064-224-9932
802,064-224-9932(นิติฯ)
803,064-242-2399
804,064-242-2399(นิติฯ)
805,064-242-2399(นิติฯ)
806,064-251-5217
807,064-251-5217(นิติฯ)
808,064-251-5217(นิติฯ)
809,064-258-3474(นิติฯ)
810,"064-282-6469(นิติฯ) "
811,064-285-5142
812,064-296-1689(นิติฯ)
813,064-296-4686(นิติฯ)
814,064-298-3084(นิติฯ)
815,064-298-5336 (หน้างาน)
816,064-298-5336(หน้างาน)
817,064-306-7147(นิติฯ)
818,064-339-4460
819,064-343-2268
820,064-361-1709(หน้างาน)
821,064-406-1213
822,064-406-1213(นิติฯ)
823,064-416-4980
824,064-427-1141
825,064-430-5102
826,064-430-5102(นิติ)
827,064-438-2545
828,"064-469-7175 "
829,064-479-4045(นิติฯ)
830,064-505-7178
831,064-505-7178(นิติ)
832,064-505-7178(นิติฯ)
833,064-505-7178(นิติฯ)
834,064-505-7178  083-097-9262
835,064-516-6606(นิติฯ)
836,064-521-2386(นิติฯ)
837,064-525-5438(นิติฯ)
838,064-542-4692
839,064-542-4692(นิติฯ)
840,064-542-4692(นิติฯ)
841,064-543-4334(นิติฯ)
842,064-562-2469
843,064-563-5889 (นิติฯ)
844,064-563-5889(นิติฯ)
845,064-565-5897(นิติฯ)
846,064-575-0059
847,064-579-3814
848,064-579-3814(นิติฯ)
849,064-579-3814(นิติฯ)
850,064-586-6722(บริษัท)
851,064-586-7176(นิติฯ)
852,064-591-9119(นิติฯ)
853,064-613-5169
854,064-619-0492(นิติฯ)
855,064-621-5888
856,064-621-5888 (นิติฯ)
857,"064-621-5888(นิติฯ) "
858,064-626-8830(นิติฯ)
859,064-631-2532(นิติ)
860,064-639-1253(นิติฯ)
861,064-691-7449
862,064-693-2269
863,064-693-9959(นิติฯ)
864,064-693-9959
865,064-694-9074
866,064-706-1380
867,064-710-6977
868,064-739-6125
869,064-739-6125(นิติฯ)
870,064-739-6125(นิติฯ)
871,064-763-5490(คุณอิ๋ว)
872,064-769-5828(นิติฯ)
873,064-770-3503
874,064-770-3503(นิติฯ)
875,064-774-9047(นิติฯ)
876,064-778-1641
877,064-778-1641(นิติฯ)
878,064-778-1641(นิติฯ)
879,064-778-1641(นิติฯ)094-875-0031(นิติฯ)
880,064-779-7545
881,064-787-4073(นิติฯ)
882,064-798-4093(บริษัท)
883,064-798-4093(บริษัท)
884,064-804-0746
885,064-804-0746(นิติฯ)
886,064-805-8686(นิติฯ)
887,064-808-8827(นิติฯ)
888,064-809-0393(นิติฯ)
889,064-817-8111(บริษัท)
890,064-826-4960   062-462-5652(นิติฯ)
891,064-826-4960(นิติฯ)
892,064-826-4960(นิติฯ)   062-462-5652(นิติฯ)
893,064-826-9198
894,064-826-9198(นิติฯ)
895,064-829-6349(นิติฯ)
896,064-830-1003(นิติฯ)
897,064-830-1003(นิติฯ)
898,064-840-5837(นิติฯ)
899,064-850-9093(นิติฯ)
900,064-858-1953
901,064-858-1953(นิติฯ)
902,064-858-1953(นิติฯ)
903,064-858-1953 085-057-4193
904,064-862-6778 คุณกิ๊กหรือ 064-939-5650 คุณอาย(แอดมินบริษัท)
905,064-873-2641
906,064-873-2641(นิติฯ)
907,064-875-1974
908,064-875-1974(นิติฯ)
909,064-897-5422(นิติฯ)
910,064-908-1884
911,064-929-4446
912,064-930-0028(นิติฯ)
913,064-930-6632
914,064-930-6632(นิติฯ)
915,064-930-6632(นิติฯ)
916,064-932-6826
917,064-932-6826(นิติฯ)
918,064-932-6826(นิติฯ)
919,064-932-7878
920,064-932-7878(นิติฯ)
921,"064-932-7878(นิติฯ) "
922,064-932-7878(นิติฯ)
923,064-935-2055
924,064-935-2055(นิติฯ)
925,064-935-6326
926,"064-935-6326(นิติฯ) "
927,064-935-6326(นิติฯ)
928,"064-939-5650 "
929,064-939-5650 คุณอาย (Head)
930,064-943-6684(นิติฯ)
931,064-947-6409 (นิติฯ)
932,064-947-6409 (นิติฯ)สะดวกเบอร์นี้
933,064-947-6409(นิติฯ)
934,064-974-9451
935,064-980-1136
936,064-980-1136(นิติฯ)
937,064-980-1136(นิติฯ)
938,064-983-6475(นิติฯ)
939,064-991-6493
940,064-991-6493(บริษัท)(บัญชี))
941,064-991-6493(บัญชี))
942,064-997-6419
943,064-997-6419(นิติ)
944,064-997-6419(นิติ)
945,064-997-6419(นิติฯ)
946,065-010-5115
947,"065-019-3186(นิติฯ) "
948,065-027-5404(นิติฯ)
949,065-037-5225
950,065-038-3369 (นิติฯ)
951,065-038-3369(นิติฯ)
952,065-048-1066(นิติฯ)
953,065-068-4552
954,065-068-4552(นิติฯ)
955,"065-081-0214(นิติฯ) "
956,065-094-5153
957,"065-094-5153(นิติฯ) "
958,065-094-5153(นิติฯ)
959,065-116-6617
960,065-116-6617(นิติฯ)
961,065-123-3693
962,065-123-3693(บริษัท)
963,065-194-7915
964,065-215-5000(นิติฯ)
965,065-224-4440
966,065-224-4440(นิติ)
967,065-224-4440(นิติฯ)
968,065-231-8899
969,065-231-8899(นิติ)
970,065-231-8899(นิติฯ)
971,065-234-0083(นิติฯ)
972,065-236-0155
973,065-236-0155(นิติ)
974,065-236-0155(นิติ)
975,065-236-0155(นิติ)
976,065-236-0155(นิติฯ)
977,065-237-8645(นิติ)
978,065-239-2383(นิติฯ)ไม่มีหมายเลขที่คุณเรียก
979,065-241-1829(นิติฯ)
980,065-242-1165(นิติฯ)
981,065-242-1165(นิติฯ)
982,065-245-5946
983,065-245-5946(นิติฯ)
984,065-262-7300
985,065-262-7300(นิติฯ)
986,065-294-2987(เบอร์นิติผู้จัดการ)
987,065-294-2987(นิติฯ)
988,065-395-1639
989,065-395-1639(บริษัท)
990,065-414-7374(นิติ)
991,065-414-7374(นิติฯ)
992,"065-428-3612(นิติฯ) "
993,065-428-3612(นิติฯ)
994,065-428-3612?(นิติฯ)
995,065-428-3621
996,065-428-3621(นิติฯ)
997,065-443-0063(นิติฯ)
998,065-453-3941(เบอร์ส่วนตัว)
999,065-472-2499
1000,065-481-7216
1001,065-481-7216(นิติฯ)
1002,065-495-4780(นิติฯ)
1003,"065-496-5692(นิติฯ) "
1004,065-496-5692(นิติฯ)
1005,065-508-7287
1006,065-508-7287(นิติฯ)
1007,065-508-7287(นิติฯ)
1008,065-509-2758
1009,065-509-2758(นิติฯ)
1010,065-509-8104
1011,065-509-8104(นิติ)
1012,065-509-8104(นิติ)
1013,065-509-8104(นิติฯ)
1014,065-509-8104
1015,065-510-3859(บริษัท)
1016,065-516-0803(บัญชี)
1017,065-521-3891
1018,065-526-4119(นิติฯ)
1019,065-526-8959(บริษัท)
1020,065-526-8959(บริษัท)
1021,065-553-7608(นิติฯ)
1022,065-558-5328
1023,065-558-5328(นิติฯ)
1024,065-558-5328(นิติฯ)
1025,065-562-5462(บริษัท)
1026,065-569-6136
1027,065-576-1663(หน้างาน)
1028,065-584-6098
1029,065-584-6098(นิติฯ)
1030,065-584-6098(นิติฯ)
1031,065-585-4944
1032,065-591-7099(นิติฯ)
1033,065-594-6549
1034,065-594-6549(เบอร์ส่วนตัว)
1035,065-602-5897
1036,065-612-6567
1037,065-612-6567(นิติฯ)
1038,065-612-6567(นิติฯ)
1039,"065-616-6888 "
1040,065-625-8666(หน้างาน)
1041,065-628-8534(นิติฯ)
1042,065-628-8534(ส่วนกลาง)
1043,065-637-9291
1044,065-637-9291(นิติฯ)
1045,065-637-9291(นิติฯ)
1046,065-642-2809(นิติ)
1047,065-660-0998(นิติฯ)
1048,065-660-4198
1049,065-661-3377(นิติฯ)
1050,065-661-3407
1051,065-661-3407(นิติฯ)
1052,065-662-3945(บริษัท)
1053,065-664-6600
1054,065-664-6600(นิติฯ)
1055,065-664-6600(นิติฯ)
1056,065-686-8183(ส่วนกลาง)
1057,065-687-4601
1058,065-687-4601(นิติ)
1059,065-687-4601(นิติฯ 1)
1060,065-687-4601(นิติฯ)
1061,065-687-4601(นิติฯ)
1062,065-692-8296(บริษัท)
1063,065-695-8070(นิติฯ)
1064,065-715-1798(บริษัท)
1065,065-716-4412(นิติฯ)
1066,065-716-4677 (บริษัท)
1067,065-716-4677(บริษัท)
1068,065-717-1284(นิติฯ)
1069,065-717-1284(นิติฯ)
1070,065-746-8228(นิติฯ)
1071,065-746-8228(นิติฯ)
1072,065-768-0004
1073,065-825-0604(นิติฯ)
1074,065-830-7905
1075,065-837-8617
1076,065-838-1318(นิติฯ)
1077,065-856-8490
1078,065-885-2519(นิติฯ)
1079,065-886-2418
1080,065-886-2418(นิติฯ)
1081,065-895-9174(นิติฯ)
1082,065-895-9174(นิติฯ)
1083,065-896-1415(นิติฯ)(สะดวกเบอร์นี้)
1084,065-896-1415(นิติฯ)
1085,065-896-1415(นิติฯ) คุณพลอย
1086,065-914-1452
1087,065-914-1452(นิติฯ)
1088,065-914-1452(นิติฯ)
1089,065-924-3078(นิติฯ)
1090,065-924-3078(นิติฯ)
1091,065-924-3078(นิติฯ)
1092,065-924-3078
1093,065-928-2509(นิติฯ)
1094,065-928-2509(นิติฯ)
1095,065-930-2306
1096,065-930-2306(นิติฯ)
1097,065-930-2306-7(นิติฯ)
1098,065-930-2307
1099,065-930-2307(นิติฯ)
1100,065-930-2308
1101,065-930-2308(นิติฯ)
1102,065-930-2308(นิติฯ)
1103,"065-934-2809(นิติฯ) "
1104,065-934-7660(นิติฯ)
1105,065-937-0737(นิติฯ)
1106,065-949-8398(เบอร์ส่วนตัว)
1107,065-950-4288
1108,065-950-4288(บริษัท)
1109,065-950-4288(บริษัท)
1110,065-951-3994
1111,065-951-3994(นิติฯ)
1112,065-951-3994(นิติฯ)
1113,065-960-0872(นิติฯ)
1114,065-961-7917(นิติฯ)
1115,065-963-2246(คุณนุ่น บ.ทรู) 096-718-4894(คุณน้ำทิพย์ (บ.ทรู)
1116,065-965-4288(นิติ)
1117,065-979-2883(นิติฯ)
1118,065-983-6222(นิติฯ)
1119,065-984-5499
1120,065-984-5499(นิติฯ)
1121,065-994-3944(นิติฯ)
1122,066-006-6969
1123,066-048-5346(นิติฯ)
1124,066-095-2838(นิติ)
1125,066-095-2838(นิติฯ)
1126,066-095-2838
1127,066-097-6255
1128,066-097-6255(นิติ)
1129,066-097-6255(บริษัท)
1130,066-097-6256(บริษัท)
1131,066-105-6616
1132,066-105-6616(นิติฯ)
1133,066-112-2789 (นิติฯ)
1134,066-112-2789 094-173-8685
1135,066-115-2462
1136,066-115-2462(นิติฯ)
1137,"066-115-3363(นิติฯ) "
1138,066-116-6429
1139,066-116-8945
1140,066-117-1937(ส่วนกลาง)
1141,066-129-4589
1142,066-129-4589(บริษัท)
1143,066-139-3897
1144,066-146-9544(คุณก้อย)
1145,066-147-6600
1146,"066-147-6600(นิติฯ) "
1147,066-147-6600(นิติฯ)
1148,066-149-9564
1149,066-149-9564(นิติฯ)
1150,066-149-9564(นิติฯ)
1151,066-158-0022
1152,066-158-0022(นิติ)
1153,066-158-0022(นิติ)
1154,066-158-0022(นิติฯ)
1155,066-164-6598(นิติฯ)
1156,066-165-1616
1157,066-165-1616(นิติฯ)
1158,066-165-1616(นิติฯ)
1159,076-241-555
1160,076-396-777
1161,080-017-1961(นิติฯ)
1162,080-029-0900(นิติฯ)
1163,080-051-6512(นิติฯ)
1164,080-057-7728
1165,080-060-5560(นิติฯ)
1166,080-063-3385
1167,080-063-3385 (เบอร์นิติ)
1168,080-063-3385(นิติฯ)
1169,080-068-8899
1170,080-070-0049(นิติฯ)
1171,080-078-9991(บริษัท)
1172,080-078-9991(บริษัท)
1173,080-080-3463(นิติฯ)
1174,080-081-7630(นิติฯ)
1175,080-081-9802(นิติฯ)
1176,080-085-5820(บริษัท)(SMC))
1177,080-085-9985(นิติ)
1178,080-085-9985(นิติฯ)
1179,080-088-9922
1180,080-088-9922(นิติฯ)
1181,080-088-9922
1182,080-088-9944
1183,080-088-9944(นิติฯ)
1184,080-088-9944
1185,080-094-4441
1186,080-099-5771(นิติฯ)
1187,080-100-0116
1188,080-100-0116(นิติฯ)
1189,080-100-0116(นิติฯ)
1190,080-110-0795(นิติฯ)
1191,080-113-4403 คุณมะปราง
1192,080-129-1350
1193,080-138-9638
1194,080-138-9638 (บริษัท)
1195,080-138-9638 (บริษัท)
1196,080-138-9638(บริษัท)
1197,"080-172-2462 "
1198,080-172-2462(นิติฯ)
1199,080-172-2462(หน้างาน)
1200,080-181-5658(ส่วนกลาง)
1201,080-191-9103(นิติฯ)
1202,080-204-8829
1203,080-204-8829(นิติ)
1204,080-204-8829(นิติ)
1205,080-218-8284
1206,080-218-8284(นิติฯ)
1207,080-218-8284(นิติฯ)
1208,080-227-6765
1209,080-234-5959(นิติฯ)
1210,080-234-8142(นิติฯ)
1211,080-235-1561 096-068-5356
1212,080-239-4001
1213,080-241-1489
1214,080-251-5100
1215,"080-251-5100(นิติฯ) "
1216,080-251-5100(นิติฯ)
1217,080-255-3455(นิติฯ)
1218,080-260-5990(นิติฯ)
1219,080-261-5929 (IRM-Extra )
1220,080-261-5929(ฝ่ายแจ้งหนี้)
1221,080-261-5929(ส่วนกลาง)
1222,080-261-5929(หน้างาน)
1223,080-263-0280
1224,080-263-0280(นิติ)
1225,080-263-0280(นิติฯ)
1226,080-263-0280(นิติฯ)
1227,080-280-7164(นิติฯ)
1228,080-292-4696
1229,080-292-4696(นิติฯ)
1230,080-292-4696(นิติฯ)
1231,080-292-4896
1232,080-294-2128
1233,080-314-0800(นิติฯ)
1234,080-369-3885(นิติฯ)
1235,080-430-9914 (นิติฯ)
1236,080-430-9914(นิติ)
1237,080-434-3886
1238,080-445-5142
1239,080-447-9300(นิติฯ)
1240,080-454-8558
1241,080-454-8558(นิติฯ)
1242,"080-454-8558(นิติฯ) "
1243,080-512-4444
1244,080-512-4444(นิติฯ)
1245,080-523-6167(นิติฯ)
1246,080-524-2442
1247,080-524-2442(นิติฯ)
1248,080-536-0020
1249,080-536-4949(นิติฯ)
1250,080-536-4949(นิติฯ)
1251,080-538-2289
1252,080-554-9867(นิติฯ)
1253,080-557-3313
1254,080-557-3313(นิติ)
1255,"080-557-3313(นิติฯ) "
1256,080-558-1188(นิติฯ)
1257,080-566-2863
1258,080-568-4664
1259,080-579-5500
1260,080-581-5250(นิติฯ)
1261,080-584-9346
1262,080-584-9346(นิติฯ)
1263,080-584-9346(นิติฯ)
1264,080-585-1758
1265,080-593-5825
1266,080-593-5825 คุณเอส
1267,080-593-5825(นิติ)
1268,080-593-5825(นิติฯ)
1269,"080-593-5825(นิติฯ) "
1270,080-593-5825(นิติฯ)
1271,080-593-8452(นิติฯ)
1272,080-595-0404
1273,080-595-0404(นิติฯ)
1274,080-595-0404(นิติฯ)
1275,080-601-1105
1276,080-601-1105(บริษัท)
1277,080-629-6579
1278,080-636-2692
1279,080-639-5129
1280,080-646-4747(นิติฯ)
1281,080-670-6313(บริษัท)
1282,080-683-4295(นิติฯ)
1283,080-707-3634(นิติฯ)
1284,080-712-5830(นิติ)
1285,080-717-0174(นิติฯ)
1286,080-718-0895
1287,080-718-0895(นิติฯ)
1288,080-718-0895(นิติฯ)
1289,080-718-0895(นิติฯ) 083-244-7935(นิติฯ)
1290,080-719-8369
1291,080-719-8369(นิติฯ)
1292,080-721-2461(นิติฯ)
1293,080-721-2461(นิติฯ)
1294,080-785-8887
1295,080-785-8887(นิติฯ)
1296,080-785-8887(นิติฯ)
1297,080-816-7720(นิติฯ)
1298,080-817-9175
1299,080-817-9175(นิติฯ)
1300,080-817-9175(นิติฯ)
1301,080-817-9175(นิติฯ)080-817-9176(นิติฯ)
1302,080-817-9175-6(หน้างาน)
1303,080-817-9176
1304,080-817-9176(นิติฯ)
1305,080-817-9176(ส่วนกลาง)
1306,080-817-9176(หน้างาน)
1307,080-821-5327(นิติฯ)
1308,080-824-1799(นิติฯ)
1309,080-825-3546(นิติ)
1310,080-825-3546(นิติฯ)
1311,080-825-6943(นิติฯ)
1312,080-830-6467(นิติฯ)
1313,080-835-1149
1314,080-861-6976 (นิติฯ)
1315,080-890-9749(นิติฯ)
1316,"080-902-1133(นิติฯ) "
1317,080-909-0049(นิติฯ)
1318,080-925-6219
1319,080-929-4420(นิติฯ)
1320,080-941-5972(นิติฯ)
1321,080-954-2852(นิติ)
1322,080-954-2852(นิติ)
1323,080-954-2852(นิติฯ)
1324,080-955-9995(นิติฯ)
1325,080-962-1112 (หน้างาน)
1326,080-962-1112
1327,080-962-1490
1328,080-962-5522(บริษัท)
1329,080-965-9809
1330,080-982-5290
1331,080-994-2990
1332,080-996-2228
1333,080-996-2228(นิติ)
1334,080-996-2228(นิติ)
1335,080-996-2228(นิติฯ)
1336,081-003-4329
1337,081-012-9114
1338,081-012-9114(นิติ)
1339,081-046-6564(นิติฯ)
1340,081-058-4483
1341,081-058-4483(นิติฯ)
1342,081-064-6108(นิติฯ)
1343,081-103-1010
1344,081-103-1010(บริษัท)
1345,081-116-9934(นิติฯ)
1346,081-134-6898
1347,081-134-6898(นิติฯ)
1348,081-134-6898(นิติฯ)
1349,081-138-0273(บริษัท)
1350,081-142-4364
1351,081-148-9299(นิติฯ)
1352,081-156-7072(นิติฯ)
1353,081-160-6544(นิติฯ)
1354,081-160-6544นิติฯ)
1355,081-171-8063
1356,081-171-8063(นิติ)
1357,081-190-2793
1358,081-191-2064
1359,081-191-2064(นิติฯ)
1360,081-234-5526(นิติฯ)
1361,081-234-5526(นิติฯ)
1362,081-239-0810(นิติ)
1363,081-239-0810(นิติ)
1364,081-239-0810(นิติฯ)
1365,081-245-5789(นิติฯ)
1366,081-251-9747(นิติ)
1367,081-255-8062
1368,081-255-8062 (เบอร์นิติ)
1369,081-255-8062(นิติฯ)
1370,081-255-8062(นิติฯ)
1371,081-255-8062(สะดวกเบอร์นี้)
1372,081-269-9916
1373,081-269-9916(นิติฯ)
1374,081-269-9916(นิติฯ)
1375,081-283-6179  063-989-2728
1376,081-306-2007
1377,081-306-2007(นิติฯ)
1378,081-306-2007(นิติฯ)
1379,081-311-1036(นิติฯ)
1380,081-311-7471
1381,081-351-2804
1382,"081-351-4388(นิติฯ) "
1383,081-353-2756
1384,081-353-2756(นิติ)
1385,081-353-2756(นิติฯ)
1386,081-353-2756(นิติฯ)
1387,081-353-7582
1388,081-353-7582(นิติฯ)
1389,081-354-0640
1390,"081-354-0640(นิติฯ) "
1391,081-354-4326
1392,081-354-4326(นิติฯ)
1393,081-354-6280
1394,081-354-6281(นิติ)
1395,081-354-6281(นิติฯ)
1396,081-355-9959(นิติฯ)
1397,081-355-9959(นิติฯ)
1398,081-356-4304
1399,081-357-8724(นิติฯ)
1400,081-358-0116
1401,081-358-0116(นิติ)
1402,081-358-0116(นิติฯ)
1403,081-358-0116(นิติฯ)
1404,081-358-0124(นิติฯ)
1405,081-358-0124(นิติฯ)
1406,081-359-2499
1407,081-359-2499(นิติฯ)
1408,081-359-2499(บริษัท)
1409,081-359-2499(บริษัท)
1410,081-359-2988
1411,081-359-2988  081-359-2499
1412,081-359-4996
1413,081-359-4996(นิติ)
1414,081-359-4996(นิติฯ)
1415,"081-359-4996(นิติฯ) "
1416,081-361-5009(นิติฯ)
1417,081-370-0048
1418,081-370-0048(นิติ)
1419,081-370-0048(นิติฯ)
1420,081-371-2417
1421,081-372-9118
1422,081-372-9118(นิติฯ)
1423,081-372-9118(นิติฯ)
1424,081-373-4896(นิติฯ)
1425,081-376-7234(นิติ)
1426,081-379-9914
1427,081-379-9914(นิติฯ)
1428,081-385-2324(นิติฯ)
1429,081-398-2051
1430,081-398-7897
1431,081-402-1351(นิติฯ)
1432,081-414-1412(เบอร์ส่วนตัว)
1433,081-414-8488
1434,081-414-8488(นิติฯ)
1435,081-415-5496(นิติฯ)
1436,081-422-5006
1437,081-422-5006(บริษัท)
1438,081-429-9274
1439,081-431-2401
1440,081-431-2401(นิติฯ)
1441,081-437-8171 094-496-9134
1442,081-445-9227
1443,081-447-9192(นิติฯ)
1444,081-447-9192(นิติฯ)
1445,081-457-3316(นิติฯ)
1446,081-466-2645(นิติฯ)
1447,081-466-4042
1448,081-466-4042(นิติฯ)
1449,081-466-4042(นิติฯ)
1450,081-482-6440
1451,081-482-6440(บริษัท)
1452,081-486-2296
1453,081-486-2296(นิติฯ)
1454,"081-486-2296(นิติฯ) "
1455,081-486-2296(นิติฯ)
1456,081-486-3382
1457,081-486-3382(นิติฯ)
1458,"081-486-3382(นิติฯ) "
1459,081-486-3382(นิติฯ)
1460,081-486-5978
1461,081-536-4488
1462,081-558-0127
1463,081-561-6259(บริษัท)
1464,081-566-4688
1465,081-567-9481(นิติฯ)
1466,081-587-2223
1467,081-587-2223(นิติฯ)
1468,081-593-3381(นิติฯ)
1469,081-593-3381
1470,081-595-3030(เบอร์ส่วนตัว)
1471,081-595-8030
1472,081-595-8030(นิติฯ)
1473,081-596-6182
1474,081-596-6182(นิติฯ)
1475,081-607-1495
1476,081-619-8365
1477,081-620-1971
1478,081-620-1971(นิติ)
1479,081-620-1971(นิติฯ)
1480,081-621-5632
1481,081-621-5632(นิติฯ)
1482,081-623-0314
1483,081-623-0314(นิติฯ)
1484,081-629-2243
1485,081-633-3251(นิติฯ)
1486,081-654-4868
1487,081-654-4868(นิติฯ)
1488,081-666-6488(นิติฯ)
1489,081-672-9645
1490,081-672-9645(นิติฯ)
1491,081-674-6351(หน้างาน)
1492,081-682-6363
1493,081-682-6363(นิติฯ)
1494,"081-682-6363(นิติฯ) "
1495,081-682-6363(นิติฯ)
1496,081-689-1264(นิติฯ)
1497,081-689-8931
1498,081-689-8931(นิติฯ)
1499,081-689-8931(นิติฯ)
1500,081-696-4633
1501,081-698-1042
1502,"081-698-1042(นิติฯ) "
1503,081-698-1042 090-520-7709
1504,081-702-6171
1505,081-702-6171(นิติฯ)
1506,081-712-8118
1507,081-712-8118(นิติฯ)
1508,081-712-8118(นิติฯ)
1509,081-719-1234
1510,081-719-1234(นิติฯ)
1511,081-723-0767
1512,081-723-0767(นิติฯ)
1513,081-731-7207(นิติฯ)
1514,081-733-4283(นิติฯ)
1515,081-735-6558
1516,081-735-6558(นิติฯ)
1517,081-735-6558(นิติฯ)
1518,081-752-0313
1519,081-752-0313(บริษัท)
1520,081-755-8852
1521,081-770-7532
1522,081-770-7532(นิติ)
1523,081-772-0021(นิติฯ)
1524,081-772-7983
1525,081-772-7983(นิติฯ)
1526,081-772-7983(นิติฯ)
1527,081-779-1785(นิติฯ)
1528,081-811-9839
1529,081-820-1113
1530,081-824-8289(เบอร์ส่วนตัว)
1531,081-826-3339
1532,081-832-3579
1533,081-832-3579(นิติ)
1534,081-832-3579(นิติฯ)
1535,081-832-3579(นิติฯ)
1536,081-850-9779
1537,081-850-9779(นิติ)
1538,081-850-9779(นิติฯ)
1539,081-850-9779(นิติฯ)
1540,081-855-7130
1541,081-863-8000 (บริษัท)
1542,081-867-4497(นิติฯ)
1543,081-872-3356(นิติฯ)
1544,081-874-5746
1545,081-874-5746(นิติฯ)
1546,081-874-5746(นิติฯ)
1547,081-874-5746(นิติฯ)
1548,081-887-3372(นิติฯ)
1549,081-891-1884
1550,081-891-1884(นิติฯ)
1551,081-891-1884
1552,081-899-6835(บริษัท)
1553,081-902-7288
1554,081-902-7288(นิติฯ)
1555,081-907-2582
1556,081-907-5514(นิติฯ)
1557,081-908-6961
1558,081-908-6961(นิติฯ)
1559,081-908-6961(นิติฯ)
1560,081-910-5549
1561,081-916-5636
1562,081-916-5636(นิติฯ)
1563,"081-916-5636(นิติฯ) "
1564,081-916-5636(นิติฯ)
1565,081-919-8212(บริษัท)
1566,081-927-3188
1567,081-927-3188(นิติฯ)
1568,081-932-0042
1569,081-932-5755
1570,081-932-5755(นิติฯ)
1571,"081-932-5755(นิติฯ) "
1572,"081-932-5755(นิติฯ) "
1573,081-932-5755(นิติฯ)
1574,081-933-1564
1575,081-933-7884
1576,081-933-7884(นิติฯ)
1577,081-933-7884
1578,081-934-3208
1579,081-934-3208(นิติฯ)
1580,081-935-2544
1581,081-937-2213
1582,081-937-2213(นิติฯ)
1583,081-937-2213(นิติฯ)
1584,081-942-1621(นิติฯ)
1585,081-948-3081
1586,"081-948-3081(นิติฯ) "
1587,081-948-3081(นิติฯ)
1588,081-949-3732
1589,081-949-3732(บริษัท)
1590,081-949-3732(บัญชีบริษัท)
1591,081-949-9747
1592,081-949-9747(นิติฯ)
1593,"081-949-9747(นิติฯ) "
1594,081-956-2036
1595,081-956-2036(นิติฯ)
1596,081-979-7434(นิติฯ)
1597,081-984-2259(นิติฯ)
1598,081-984-3201
1599,081-984-3201(นิติ)
1600,081-984-3201(นิติฯ)
1601,081-985-3899
1602,081-985-3899(นิติฯ)
1603,081-989-1151
1604,081-989-1151(นิติฯ)
1605,081-991-3789(นิติ)
1606,081-991-3789(นิติฯ)
1607,082-003-7886(นิติฯ)
1608,082-006-0043(นิติฯ)
1609,082-006-0043(นิติฯ)
1610,082-017-1041
1611,082-019-8101
1612,"082-019-8101(นิติฯ) "
1613,"082-019-8101(นิติฯ) "
1614,082-019-8101(นิติฯ)
1615,082-026-3941
1616,082-026-3941(นิติฯ)
1617,082-026-3941(นิติฯ)
1618,082-029-1277
1619,082-029-6627
1620,082-029-6627(นิติฯ)
1621,082-031-3867(นิติฯ)
1622,082-031-9830
1623,082-031-9830(นิติฯ)
1624,082-036-1800(นิติฯ)
1625,082-037-2830
1626,082-054-1385
1627,082-056-6549
1628,082-056-6549(นิติฯ)
1629,082-056-6549(นิติฯ)
1630,082-056-6549(นิติฯ)
1631,082-060-9419
1632,082-060-9419(นิติฯ)
1633,"082-060-9419(นิติฯ) "
1634,082-0614209   083-9783291
1635,082-061-4209(นิติฯ)
1636,082-076-0510(นิติฯ เอ บี)
1637,082-076-0510(นิติฯ)
1638,082-087-1736(นิติฯ)
1639,082-110-3463(นิติฯ)
1640,082-110-3463(นิติฯ)
1641,082-112-3993(นิติฯ)
1642,082-123-4845(นิติฯ)
1643,082-123-4845(นิติฯ)
1644,082-128-4834(นิติฯ)
1645,082-145-5493
1646,082-151-2291 คุณนก (บัญชี)
1647,082-156-9899
1648,082-156-9899(นิติฯ)
1649,082-160-9276(นิติ)
1650,082-160-9276(นิติฯ)
1651,082-161-7984(นิติฯ)
1652,082-168-3034(นิติฯ)
1653,082-204-2591(นิติฯ)
1654,082-206-7288
1655,082-206-7288(นิติฯ)
1656,082-206-7288(นิติฯ)
1657,082-206-7288
1658,082-210-3630(นิติฯ)
1659,082-215-9499(นิติฯ)
1660,082-216-1971
1661,082-216-2966
1662,082-216-2966(นิติฯ)
1663,082-218-0260(นิติฯ)
1664,082-231-0141(นิติฯ)
1665,082-231-0141(นิติฯ)
1666,082-249-9988
1667,082-249-9988(นิติฯ)
1668,082-249-9988(นิติฯ)
1669,082-263-3665
1670,082-279-3815(นิติฯ)
1671,082-294-1923
1672,082-294-1923(เบอร์ส่วนตัว)
1673,082-294-1923(นิติ)
1674,082-294-1923(นิติฯ)
1675,082-297-3290
1676,082-315-1215(นิติฯ)
1677,082-321-0228(นิติฯ)
1678,082-322-2322
1679,082-322-2322(บริษัท)
1680,082-322-2322(บริษัท)
1681,082-322-2322(บิริษัท)
1682,082-322-2322(บิริษัท)
1683,082-322-2322  086-355-1306(บริษัท)
1684,"082-339-6719(นิติฯ) "
1685,082-340-0999
1686,082-340-0999(นิติฯ)
1687,082-342-2324(นิติฯ)
1688,082-344-0838
1689,082-344-0838(นิติฯ)
1690,082-352-8991(บริษัท)
1691,082-377-6662(นิติฯ)
1692,082-440-6606
1693,082-440-6606 คุณสุทามาศ
1694,082-440-6606(นิติฯ)
1695,082-440-6606(นิติฯ)
1696,082-440-6606(สะดวกเบอร์นี้)
1697,082-442-1188
1698,082-442-1188 (นิติฯ)
1699,082-442-1188(นิติ)
1700,082-442-1188(นิติฯ)
1701,082-442-1188(นิติฯ)
1702,082-448-5310
1703,"082-449-7489(นิติฯ) "
1704,082-449-7498(นิติฯ)
1705,082-479-2142(นิติฯ)
1706,082-491-4401
1707,082-491-4401
1708,082-492-1592
1709,082-492-1592(นิติฯ)
1710,082-492-1592(นิติฯ)
1711,082-497-1692(นิติฯ)
1712,082-503-4026(บริษัท)
1713,082-508-2488(นิติฯ)
1714,082-516-6536
1715,082-516-6536(คุณอ้อม)
1716,082-516-6536(นิติฯ)
1717,082-534-7541(นิติฯ)
1718,082-553-4644(นิติฯ)
1719,082-554-7586
1720,082-558-7460
1721,082-558-7460(นิติฯ)
1722,082-559-4961
1723,082-562-0374(นิติฯ)
1724,082-571-3395(นิติฯ)
1725,082-576-5261
1726,082-576-5261(นิติฯ)
1727,082-576-9508(หน้างาน)
1728,082-581-6686
1729,"082-581-6686(นิติฯ) "
1730,082-581-6686(นิติฯ)
1731,082-581-6686/083-039-8905
1732,082-587-3338
1733,"082-587-3338(นิติฯ) "
1734,082-587-3338(นิติฯ)
1735,082-590-4027(นิติฯ)
1736,082-602-5030
1737,082-602-5030 คุณบี (นิติฯ)
1738,082-602-5030(นิติฯ)
1739,082-632-8600
1740,082-632-8600(นิติฯ)
1741,082-632-8600(นิติฯ)
1742,082-632-8602
1743,082-654-4265
1744,082-654-4265(นิติฯ)
1745,082-679-7425(นิติฯ)
1746,082-679-7425(บริษัท)
1747,082-687-6075(นิติฯ)
1748,082-702-2223(บริษัท)
1749,082-7156585 คุณน้ำ
1750,082-717-0211
1751,082-722-1127
1752,082-730-3131
1753,082-730-3131 (นิติฯ)
1754,082-730-3131(นิติฯ)
1755,082-730-3131(นิติฯ)
1756,082-730-4256(นิติฯ)
1757,082-747-4609(นิติฯ)
1758,082-770-0037(นิติฯ)
1759,082-782-9382
1760,082-782-9382(นิติฯ)
1761,082-782-9382(นิติฯ)
1762,082-785-1171
1763,082-785-1171(นิติฯ)
1764,082-787-4874
1765,082-788-5479(นิติฯ)
1766,082-798-6667
1767,082-804-4819(นิติฯ)
1768,082-804-7264(นิติฯ)
1769,082-815-2024(นิติฯ)
1770,082-818-8499(นิติฯ)
1771,082-840-5142(นิติ)
1772,082-840-5142(นิติฯ)
1773,082-842-6112(นิติฯ)
1774,082-843-3651(บริษัท)
1775,082-854-2265(นิติฯ)
1776,082-863-5562(นิติ)
1777,082-863-5562(นิติฯ)
1778,082-888-3559 (เบอร์นิติ)
1779,082-906-7389 (นิติฯ)
1780,082-906-7389 (นิติฯ)
1781,082-906-7389 (นิติฯ)
1782,082-906-7389 (นิติฯ)098-982-0060(นิติฯ)
1783,082-906-7389(นิติฯ)
1784,082-908-9000(นิติฯ)
1785,082-909-8524
1786,082-909-8524(นิติฯ)
1787,082-909-8524(นิติฯ)
1788,"082-916-7679(นิติฯ) "
1789,082-916-8787(นิติฯ)
1790,082-917-0055(นิติฯ)
1791,082-920-9548
1792,082-920-9548(นิติ)
1793,082-920-9548(นิติ)
1794,082-920-9548(นิติฯ)
1795,082-951-2312
1796,082-960-3434(นิติฯ)
1797,"082-978-6402(นิติฯ) "
1798,082-987-6369(นิติฯ)
1799,082-990-8008(นิติฯ)
1800,082-990-9575(นิติฯ)
1801,082-991-7984
1802,082-991-7984(นิติฯ)
1803,082-991-7984(นิติฯ)
1804,082-996-2629
1805,082-999-2634
1806,083-000-7377(นิติฯ)
1807,083-005-3376
1808,083-005-3376(นิติฯ)
1809,083-008-2340
1810,083-008-2340(นิติฯ)
1811,083-014-0339 (ผู้จัดการฯ)
1812,083-014-0339(นิติฯ)
1813,083-024-3030(นิติฯ)
1814,083-029-2283
1815,083-029-2283(นิติฯ)
1816,083-030-2620 คุณส้มโอ (Smart Service)
1817,083-035-5135
1818,083-035-5135 (นิติฯ)
1819,083-035-5135(นิติฯ)
1820,083-035-5135(นิติฯ)
1821,083-035-9634(นิติฯ)
1822,083-035-9634(บริษัท)
1823,083-036-9057
1824,083-036-9057(นิติฯ)
1825,083-036-9057(นิติฯ)
1826,083-036-9057(สะดวกเบอร์นี้)
1827,083-040-2819
1828,083-040-7928
1829,083-053-2992
1830,083-053-2992(นิติฯ)
1831,083-053-2992(นิติฯ)
1832,083-066-8191(นิติฯ)
1833,083-073-7170(นิติฯ)
1834,083-073-7170 092-510-5665
1835,083-073-8004
1836,083-073-8004(นิติฯ)
1837,083-073-8004(นิติฯ)
1838,083-074-1248
1839,083-074-1248(นิติฯ)
1840,083-074-1248(นิติฯ)
1841,083-074-1248(บริษัท)
1842,083-078-2191
1843,083-078-2191(นิติฯ)
1844,083-078-2191(นิติฯ)
1845,083-078-3818
1846,083-078-3818(นิติฯ)
1847,083-078-3818(นิติฯ)
1848,083-082-3521
1849,083-082-3521(นิติฯ)
1850,083-082-3521(นิติฯ)
1851,083-089-8637
1852,083-091-0196
1853,083-091-0196(นิติ)
1854,083-091-0196(นิติฯ)
1855,083-091-0196 062-814-6631(นิติ)
1856,083-096-2102(นิติฯ)
1857,083-096-2102(ส่วนกลาง)
1858,083-096-2102(BM Group)
1859,083-096-7701(นิติฯ)
1860,083-096-7791
1861,083-096-7791(นิติฯ)
1862,083-096-7791(นิติฯ)
1863,083-096-7807
1864,083-096-7807(นิติฯ)
1865,083-097-5169
1866,083-097-5169 (เบอร์นิติ)
1867,083-097-9262
1868,083-097-9262(นิติฯ)
1869,083-098-1660
1870,083-098-1660(นิติ)
1871,083-098-1660(นิติฯ)
1872,083-098-1770(นิติฯ)
1873,083-098-1778
1874,083-098-1778(นิติฯ)
1875,083-098-1778 063-423-2554
1876,083-111-3505(นิติฯ)
1877,083-113-5987
1878,083-113-5987(นิติฯ)
1879,083-113-5987(นิติฯ)
1880,083-152-8712(นิติฯ)
1881,083-198-2050
1882,083-198-2050(นิติฯ)
1883,083-198-5588(นิติฯ)
1884,083-199-6499
1885,083-199-6499(นิติฯ)
1886,083-199-8337(นิติฯ)
1887,083-201-9042 (หน้างาน )
1888,"083-201-9042 "
1889,083-201-9042(หน้างาน)
1890,083-201-9042
1891,083-202-3787(นิติฯ)
1892,083-223-5123(นิติฯ)
1893,083-229-8211(นิติฯ)
1894,083-231-0191(นิติฯ)
1895,083-234-3282(PPM)
1896,083-236-1465
1897,083-244-7935
1898,083-244-7935(นิติฯ)
1899,083-244-7935(นิติฯ)
1900,083-244-7935
1901,083-247-4391
1902,083-248-8009(นิติฯ)
1903,083-267-7103
1904,083-278-5989
1905,083-278-5989(นิติฯ)
1906,083-278-5989(นิติฯ)
1907,083-286-8622(จนท.บัญชี) 080-292-4696(คุณสิริพร )
1908,083-299-9152
1909,083-433-5987
1910,083-434-1727
1911,083-443-6642
1912,083-443-6642(นิติฯ)
1913,083-443-6642(นิติฯ)
1914,083-461-2982(นิติฯ)
1915,083-472-6879(นิติฯ)
1916,083-483-5740(นิติฯ)
1917,083-484-5202
1918,083-484-5202(นิติฯ)
1919,083-490-0468(นิติฯ)
1920,083-495-4429(นิติฯ)
1921,083-495-4429(นิติฯ)
1922,083-512-4177(นิติฯ)
1923,083-512-4177(นิติฯ)คุณไลลา(ผจก.นิติฯ)088-980-9706( คุณแอน ฝ่ายแจ้งหนี้ PLM)
1924,083-514-3958
1925,083-533-3397
1926,083-533-3397(นิติฯ)
1927,083-538-1338(นิติฯ)
1928,083-538-7799
1929,083-538-7799(นิติฯ)
1930,083-538-7799(นิติฯ)
1931,083-558-4888
1932,083-558-4888(นิติฯ)
1933,083-600-9213
1934,083-600-9213 (นิติฯ)
1935,"083-600-9213 (นิติฯ) "
1936,083-600-9213 (นิติฯ)
1937,"083-600-9213(นิติฯ) "
1938,083-600-9213(นิติฯ)
1939,083-616-2686(นิติ)
1940,083-616-2686(นิติฯ)
1941,083-655-5039
1942,083-664-2451
1943,083-664-2451(ส่วนกลาง)
1944,083-687-2424
1945,083-687-4960(นิติฯ)
1946,083-689-1096
1947,083-701-3147(นิติฯ)
1948,083-706-6017(นิติฯ)
1949,083-740-3734(นิติฯ)
1950,083-750-0897
1951,083-752-3003(นิติฯ)
1952,"083-752-3003(นิติฯ) "
1953,083-752-6073
1954,083-752-6073(นิติฯ)
1955,083-752-6073(นิติฯ)
1956,083-752-7895
1957,083-752-7895(นิติฯ)
1958,083-757-4496(นิติฯ)
1959,083-758-7964
1960,083-769-4411
1961,083-769-4411(นิติฯ)
1962,083-771-5188
1963,083-774-0323
1964,083-778-7788(นิติฯ)
1965,083-782-0262(นิติฯ)
1966,083-789-3916(นิติฯ)
1967,083-802-4020(นิติฯ)
1968,083-806-9390
1969,083-807-7943
1970,083-812-3042(คุณทราย )
1971,083-820-6341(นิติฯ)
1972,083-826-8216
1973,083-826-8216(นิติฯ)
1974,083-834-9469(นิติฯ)
1975,083-842-7663
1976,083-842-7663(นิติฯ)
1977,083-842-7663(นิติฯ)
1978,083-853-2316(นิติฯ)
1979,083-853-8315(นิติฯ)
1980,083-880-8851(นิติฯ)
1981,083-887-9723(นิติฯ)
1982,083-891-7774(นิติฯ)
1983,083-894-9127(นิติฯ)
1984,083-905-5585(นิติฯ)
1985,083-907-3793(นิติฯ)
1986,083-914-7865(นิติฯ)
1987,083-921-3605
1988,083-932-5724(นิติฯ)
1989,083-973-4473
1990,083-978-3291
1991,083-988-1619
1992,083-988-1620
1993,083-988-1620(นิติฯ)
1994,083-988-1620
1995,083-988-5724(นิติฯ)
1996,083-989-5695
1997,083-989-5695(นิติฯ)
1998,083-989-7654(บริษัท)
1999,083-989-7654(บริษัท)
2000,083-994-7646 (นิติฯ)
2001,083-995-3124
2002,084-001-0755
2003,084-016-9383(นิติฯ)
2004,084-016-9383(นิติฯ)
2005,084-044-2002(นิติ)
2006,084-051-1038(นิติฯ)
2007,084-051-1038(นิติฯ)
2008,084-082-3839(นิติฯ)
2009,084-084-0430(นิติฯ)
2010,084-087-6385(นิติฯ)
2011,084-087-9859(นิติ)
2012,084-091-0353(นิติฯ)
2013,084-092-2609
2014,084-092-2609(นิติ)
2015,084-092-2609(นิติฯ)
2016,"084-092-2609(นิติฯ) "
2017,"084-092-2609(นิติฯวิช ซิกเนเจอร์ มิดทาวน์ สยาม ) "
2018,084-096-2399(นิติ)
2019,084-096-2399(นิติฯ)
2020,084-096-2399(นิติฯ)
2021,084-112-3486
2022,084-112-3486(นิติฯ)
2023,084-112-3486(นิติฯ)
2024,084-112-3486(นิติฯ) 083-234-3282(PPM)
2025,084-126-3651
2026,084-126-3651(นิติฯ)
2027,084-141-0478(นิติฯ)
2028,084-145-5174(นิติ)
2029,084-145-5174(นิติฯ)
2030,084-154-1445
2031,084-180-1980(นิติฯ)
2032,084-218-4545(นิติฯ)
2033,084-220-8880
2034,084-224-5394
2035,084-230-4066
2036,"084-257-5296(นิติฯ) "
2037,084-257-5296(นิติฯ)
2038,084-267-3927
2039,084-267-3927(นิติฯ)
2040,084-267-3927(นิติฯ)
2041,084-272-6663
2042,084-272-6663(นิติฯ)
2043,084-272-6663(นิติฯ)
2044,084-273-6336
2045,084-273-6336(นิติฯ)
2046,084-326-6105
2047,084-326-6105(นิติฯ)
2048,084-328-5005
2049,084-332-4942
2050,084-332-4942(นิติฯ)
2051,"084-332-4942(นิติฯ) "
2052,084-332-4942(นิติฯ)
2053,084-333-1991
2054,084-340-4987(เบอร์ส่วนตัว)
2055,"084-351-2456(นิติฯ) "
2056,084-351-2456(นิติฯ)
2057,084-353-2600
2058,084-353-2600(นิติฯ)
2059,084-353-2600(นิติฯ)
2060,084-353-2600
2061,084-356-9612
2062,084-356-9612(นิติฯ)
2063,084-387-4068
2064,084-387-4523
2065,084-387-4523(นิติฯ)
2066,084-387-4523(นิติฯ)
2067,084-387-4523(นิติฯ)087-529-1148(นิติ)
2068,084-387-5809
2069,084-388-7299
2070,084-388-7299(นิติฯ)
2071,084-391-6685(นิติฯ)
2072,084-392-8883(นิติฯ)
2073,084-438-4116 095-262-1068
2074,084-438-5822(นิติฯ)
2075,084-438-5824
2076,084-438-5824(นิติฯ)
2077,084-438-5824(นิติฯ)
2078,084-445-6576
2079,084-451-8090(นิติฯ)
2080,084-456-8368(นิติฯ)
2081,084-460-7733(นิติฯ)
2082,084-460-7733(นิติฯ)
2083,084-461-1347
2084,"084-461-1347(นิติฯ) "
2085,084-469-9779
2086,084-470-8470(นิติฯ)
2087,084-505-1288
2088,084-520-1107
2089,084-520-1107(นิติฯ)
2090,084-546-3848
2091,084-546-3848(นิติฯ)
2092,084-550-6648
2093,084-550-6648(นิติ)
2094,084-550-6648(นิติฯ)
2095,084-550-6648(นิติฯ)
2096,084-560-1069(นิติฯ)
2097,084-585-6869(นิติฯ)
2098,084-585-7207
2099,084-585-7207(นิติฯ)
2100,084-585-7207(นิติฯ)
2101,084-585-7207
2102,084-614-2772
2103,084-614-2772(นิติฯ)
2104,084-641-9366(นิติฯ)
2105,084-641-9366(นิติฯ)คุณจิราภรณ์(จนท.ธุรการการเงิน)
2106,084-644-2541
2107,084-657-9657
2108,084-657-9657 คุณมิว
2109,084-657-9657(นิติฯ)
2110,084-658-9349
2111,084-678-9312
2112,084-678-9312(นิติฯ)
2113,084-678-9312(นิติฯ)
2114,084-678-9312(นิติฯ)
2115,084-679-6446
2116,084-679-6446(นิติฯ)
2117,"084-679-6446(นิติฯ) "
2118,"084-679-6446(นิติฯ) "
2119,084-679-6446(นิติฯ)
2120,084-680-7712
2121,084-680-7712(นิติ)
2122,084-680-7712(นิติฯ)
2123,084-680-7712
2124,084-692-3216(นิติฯ)
2125,084-692-3219
2126,084-692-3219(นิติฯ)
2127,084-692-3219(นิติฯ)
2128,084-696-4433
2129,084-696-4433(บริษัท)
2130,084-700-4227(นิติฯ)
2131,084-701-5358
2132,084-701-5358(นิติฯ)
2133,084-701-5358(นิติฯ)
2134,084-701-5358(นิติฯ)
2135,084-701-5358
2136,084-752-2028
2137,084-752-2028(นิติฯ)
2138,084-752-2028(นิติฯ)
2139,084-752-6161(นิติ)
2140,084-752-6161(นิติฯ)
2141,084-821-9446
2142,084-830-7245
2143,084-830-7245(นิติ)
2144,084-830-7245(นิติฯ)
2145,084-830-7245
2146,084-838-9897(นิติฯ)
2147,084-857-3121
2148,084-857-3121(นิติฯ)
2149,084-863-6565(นิติฯ)
2150,"084-863-6565(นิติฯ) "
2151,084-882-2664
2152,084-882-2664(นิติฯ)
2153,084-882-2664(นิติฯ)
2154,084-890-4696(ส่วนกลาง)
2155,084-901-0156
2156,084-915-9749
2157,084-993-5356
2158,084-993-5356(นิติฯ)
2159,084-997-7147
2160,084-997-7147(นิติฯ)
2161,084-997-7147(นิติฯ)
2162,085-028-6001  095-560-9590
2163,085-055-0623
2164,085-055-0623(นิติฯ)
2165,085-055-0623(นิติฯ)
2166,085-055-0623(นิติฯ)
2167,085-055-0827
2168,085-055-0827(นิติฯ)
2169,085-056-7272
2170,085-056-7272 (นิติฯ)
2171,"085-056-7272 "
2172,085-063-0307
2173,085-063-0307 (คุณป๊อป นิติฯ หน้างาน)
2174,085-063-0307(นิติฯ)
2175,"085-063-0307(นิติฯ) "
2176,085-063-0307(นิติฯ)
2177,085-066-0760
2178,085-066-0760(นิติฯ)
2179,085-066-0760(นิติฯ)
2180,085-066-0760(นิติฯ)
2181,085-073-0696
2182,085-073-0696(นิติฯ)
2183,085-076-3180
2184,085-076-3180(นิติฯ)
2185,085-098-6910
2186,085-098-6910(นิติฯ)
2187,085-098-6910(นิติฯ)
2188,085-098-6910(นิติฯ)คุณนิด
2189,085-132-8723
2190,085-133-9180(นิติฯ)
2191,"085-138-8377(นิติฯ) "
2192,085-184-1595
2193,085-184-1595(บริษัท)
2194,085-184-1595098-815-8892(บริษัท)
2195,085-205-8299
2196,085-211-4848(บริษัท)
2197,085-211-4848(ออฟฟิต)
2198,085-230-0994
2199,085-230-0994(นิติฯ)
2200,085-230-0994(นิติฯ)
2201,085-230-0994(นิติฯ)
2202,085-234-2566
2203,085-234-2566(นิติ)
2204,085-234-2566(นิติฯ)
2205,085-234-2566(นิติฯ)
2206,085-238-6262(นิติฯ)
2207,085-247-2418
2208,085-247-2418(นิติฯ)
2209,085-247-2418(นิติฯ)
2210,085-251-4305
2211,085-251-4305(นิติฯ)
2212,085-251-4305(นิติฯ)
2213,085-251-4305(นิติฯ)
2214,085-257-4486
2215,085-277-6799
2216,085-277-6799 (นิติฯ)
2217,"085-277-6799 (นิติฯ) "
2218,085-277-6799 (นิติฯ)
2219,085-277-6799(นิติฯ)
2220,085-285-5826
2221,085-313-9977คุณสา
2222,085-326-1562
2223,085-332-5225
2224,085-332-5225 (นิติฯ)
2225,085-332-5225(นิติฯ)
2226,085-340-8720
2227,085-340-8720(นิติ)
2228,085-340-8720(นิติ)
2229,085-340-8720(นิติฯ)
2230,085-379-1591
2231,085-379-1591(นิติ)
2232,085-379-1591(นิติฯ)
2233,085-382-7744
2234,085-382-7744(นิติฯ)
2235,085-382-7744(นิติฯ)
2236,"085-438-9877(นิติฯ) "
2237,085-483-9592
2238,085-483-9592(นิติฯ)
2239,085-483-9592(นิติฯ)
2240,085-483-9592(นิติฯ)083-234-3282(PPM)
2241,085-502-5556(นิติฯ)
2242,085-509-7675(นิติฯ)
2243,085-514-8536
2244,085-514-8536(นิติฯ)
2245,085-515-2026
2246,085-519-1192
2247,085-519-8462(นิติฯ)
2248,085-535-9479
2249,085-536-5914(นิติ)
2250,085-536-5914(นิติฯ)
2251,085-540-4507(หน้างาน)
2252,085-551-9252(นิติฯ)
2253,085-551-9455(ส่วนกลาง)(ACRM)
2254,085-562-1178
2255,085-562-1178(นิติฯ)
2256,085-562-1178(นิติฯ)
2257,085-590-8051 (เบอร์นิติฯ ตุ๊กตา)
2258,085-590-8051(หน้างาน )
2259,085-590-8051(หน้างาน)
2260,085-596-5900(เบอร์ส่วนตัว)
2261,085-661-1572
2262,085-661-1572(นิติ)
2263,085-661-1572(นิติ)
2264,085-661-1572(นิติฯ)
2265,085-664-2736(นิติฯ)
2266,085-688-8410
2267,085-688-8410(นิติฯ)
2268,085-688-8410(นิติฯ)
2269,085-700-6525(นิติฯ)
2270,085-816-6068
2271,085-821-5332
2272,085-836-7592(นิติฯ)
2273,085-841-1283(นิติฯ)
2274,085-842-5170(นิติฯ)
2275,085-853-4601(นิติฯ)
2276,085-853-4601(นิติฯ)085-853-4902(นิติฯ)
2277,085-900-2802(นิติฯ)
2278,085-900-2802(นิติฯ)
2279,085-901-9593(นิติฯ)
2280,085-918-9688
2281,085-918-9688(นิติฯ)
2282,085-918-9688(นิติฯ)
2283,085-920-6305
2284,085-920-6305(บริษัท)
2285,085-920-6305(บริษัท)
2286,085-947-1408
2287,085-976-1532คุณนะ
2288,085-981-7384
2289,085-981-7384(นิติฯ)
2290,085-989-9833(นิติฯ)
2291,085-990 5941
2292,086-
2293,086-033-9399 099-452-8008
2294,086-058-9766  088-195-0094(บริษัท)
2295,086-062-9991
2296,086-062-9991 คุณไอซ์
2297,086-084-2944 (นิติฯ)
2298,086-084-2944(นิติฯ)
2299,086-087-2175(นิติฯ)
2300,086-231-2497(IRM)
2301,086-267-2833
2302,086-282-3355
2303,086-300-1549
2304,086-300-1549(นิติฯ)
2305,086-300-1549
2306,086-300-5860
2307,086-300-5860(นิติฯ)
2308,086-300-9858
2309,086-300-9858(นิติฯ)
2310,086-300-9858(นิติฯ)
2311,086-301-0889
2312,086-301-0889(นิติฯ)
2313,086-301-0889(นิติฯ)
2314,086-301-3065
2315,086-301-3065(นิติฯ)
2316,086-301-3065(นิติฯ)
2317,086-303-3981
2318,086-303-3981(นิติฯ)
2319,086-303-3981(นิติฯ)
2320,086-303-786(นิติฯ)
2321,086-303-7861
2322,086-303-7861(นิติฯ)
2323,086-303-7861(นิติฯ)
2324,086-304-0650
2325,086-304-0650(นิติฯ)
2326,086-304-0650(นิติฯ)
2327,086-304-4387(บริษัท)
2328,086-305-7808
2329,086-305-7808(นิติฯ)
2330,086-305-7808(นิติฯ)
2331,086-305-7808(บริษัท)
2332,086-305-8655
2333,086-305-8655 (นิติฯ)
2334,"086-305-8655 (นิติฯ) "
2335,"086-305-8655(นิติฯ) "
2336,086-305-8655(นิติฯ)
2337,086-307-7824
2338,086-307-7824(นิติฯ)
2339,086-308-0625(นิติฯ)
2340,086-308-0625(นิติฯ)
2341,086-309-2310(นิติฯ)
2342,086-309-2310(นิติฯ)
2343,086-313-2356
2344,086-313-9630(นิติฯ)
2345,086-314-1895
2346,086-314-1895(นิติฯ)
2347,086-314-1895(นิติฯ)
2348,086-315-2750
2349,086-315-2750 (เบอร์นิติ)
2350,086-315-2750(นิติฯ)
2351,086-315-2750(นิติฯ)
2352,086-316-4758(นิติฯ)
2353,086-316-4758(นิติฯ)
2354,086-316-6330
2355,086-316-6690
2356,086-316-6690(นิติฯ)
2357,"086-316-6690(นิติฯ) "
2358,086-316-6690(นิติฯ)
2359,086-316-6690
2360,086-316-7116
2361,086-316-7116(นิติฯ)
2362,086-316-7433
2363,086-316-7433(นิติฯ)
2364,086-317-5442
2365,086-317-5442 (นิติฯ))
2366,086-317-5442(นิติฯ)
2367,086-317-5442(นิติฯ)
2368,086-317-5442(นิติฯ)084-470-8470(นิติฯ)
2369,086-317-5442(นิติฯ
2370,086-317-8020
2371,086-317-8020 คุณสุนิสา
2372,086-317-8020(นิติฯ)
2373,086-317-8020(นิติฯ)
2374,086-317-8815
2375,086-317-8815(นิติฯ)
2376,086-317-8815(นิติฯ)
2377,086-320-0782
2378,086-320-0782(นิติฯ)
2379,086-320-0782(นิติฯ)
2380,086-320-1956
2381,086-320-1956(นิติฯ)
2382,086-320-1956(นิติฯ)
2383,086-320-4406
2384,086-320-4406(นิติฯ)
2385,086-320-4406(นิติฯ)
2386,086-320-4435(บริษัท)
2387,086-321-3390
2388,086-321-3390(นิติฯ)
2389,086-321-4504(บริษัท)
2390,086-321-8817
2391,086-321-8817(นิติ)
2392,086-321-8817(นิติ)
2393,086-321-8817(นิติฯ)
2394,086-321-8817(นิติฯ)
2395,086-321-8817
2396,086-322-0178
2397,086-322-0178(นิติ)
2398,086-322-0178(นิติฯ)
2399,086-322-0178(นิติฯ)
2400,086-322-3484(นิติฯ)
2401,086-322-3866
2402,086-322-7589
2403,086-322-7589(นิติฯ)
2404,086-322-7589(บริษัท)
2405,086-322-7589(บริษัท)
2406,086-322-8404
2407,086-322-8404(นิติฯ)
2408,086-322-8404(นิติฯ)
2409,086-324-2655
2410,086-324-2655(นิติ)
2411,086-324-2655(นิติฯ)
2412,"086-324-8373(นิติฯ) "
2413,086-325-6308(นิติฯ)
2414,086-325-8012
2415,"086-325-8012(นิติฯ) "
2416,"086-325-8012(นิติฯ)  086-393-3596(นิติฯ) "
2417,086-325-8012(นิติฯ)
2418,086-325-8012 086-393-3596(นิติฯ)
2419,086-325-8061
2420,086-325-8061(นิติ)
2421,086-325-8061(นิติฯ)
2422,086-325-8061(นิติฯ)
2423,086-325-8061(นิติฯ)
2424,086-325-8061
2425,086-325-9354
2426,086-325-9354(บริษัท)
2427,086-326-3483
2428,086-326-3483(บริษัท)
2429,086-326-3483(บริษัท)
2430,086-326-5184(นิติ)
2431,086-326-5184(นิติฯ)
2432,086-327-4406
2433,086-327-4406(นิติฯ)
2434,086-328-2479
2435,086-328-2479(นิติฯ)
2436,086-328-2479(นิติฯ)
2437,086-329-0620
2438,086-329-0630
2439,086-329-0630(บริษัท)
2440,086-329-0631
2441,086-329-0631(บริษัท)
2442,086-329-0631(บริษัท)
2443,086-329-0845
2444,086-329-0845(นิติฯ)
2445,086-329-0845(นิติฯ)
2446,086-329-5782
2447,086-329-5782(นิติฯ)
2448,086-329-5782(นิติฯ)
2449,086-330-1037(นิติฯ)
2450,086-330-9458(นิติฯ)
2451,086-331-2496
2452,086-331-2496 (IRM)
2453,086-331-2496(IRM)
2454,086-331-2496(บัญชี IRM)
2455,086-331-2496
2456,086-331-2497
2457,086-331-2497 (IRM)
2458,086-331-2497(IRM )
2459,086-331-2497(IRM)
2460,086-331-2497(บริษัท)
2461,086-331-2497(บริษัทIRM)
2462,086-331-2497(บัญชี IRM)
2463,086-331-2497(บัญชี)
2464,086-331-2497 02-2041077-82
2465,086-331-2497
2466,086-331-4096
2467,086-331-4096(นิติฯ)
2468,"086-331-4096(นิติฯ) "
2469,"086-331-4096(นิติฯ) "
2470,"086-331-4096(นิติฯ) 086-345-1938(นิติฯ) "
2471,086-331-4096(นิติฯ)
2472,086-332-0153
2473,086-332-0153(นิติฯ)
2474,086-332-0153(นิติฯ)
2475,086-332-6053(นิติฯ)
2476,086-333-0060
2477,086-333-0060(นิติฯ)
2478,086-333-0060(นิติฯ)
2479,086-335-0520
2480,086-335-0520(นิติฯ)
2481,086-335-0520(นิติฯ)
2482,086-335-1017
2483,086-335-1017(นิติฯ)
2484,086-335-1017(นิติฯ)
2485,086-335-1017(นิติฯ)
2486,086-335-1017 092-261-8356
2487,086-335-1442(บริษัท)
2488,086-335-1443
2489,086-335-1443(บริษัท)
2490,086-335-5890
2491,086-335-5890 (เบอร์นิติ)
2492,086-335-5890(นิติฯ)
2493,"086-335-5890(นิติฯ) "
2494,086-335-5890(นิติฯ)
2495,086-335-6340
2496,086-335-6340(นิติฯ)
2497,086-335-7659
2498,086-335-7659(นิติฯ)
2499,086-335-7659(นิติฯ)
2500,086-336-7108(นิติ)
2501,086-336-7108(นิติฯ)
2502,086-338-0799(นิติฯ)
2503,086-339-1774
2504,086-339-1774(นิติฯ)
2505,086-339-3036
2506,086-339-3036 (นิติฯ)
2507,086-339-3036(นิติฯ)
2508,086-339-3036(นิติฯ)
2509,086-340-1951
2510,086-340-1951(นิติฯ)
2511,086-340-4123(นิติฯ)
2512,086-340-5455(นิติฯ)
2513,086-340-5590
2514,"086-340-5590(นิติฯ) "
2515,086-340-5590(นิติฯ)
2516,086-340-6182(นิติฯ)
2517,086-340-9104
2518,086-340-9104(นิติฯ)
2519,086-340-9104(นิติฯ)
2520,086-341-3398
2521,086-341-3398(นิติฯ)
2522,086-341-3398(นิติฯ)
2523,086-341-3732
2524,086-341-3732(นิติฯ)
2525,"086-341-3732(นิติฯ) "
2526,086-341-3732(นิติฯ)
2527,086-341-9821(นิติฯ)
2528,086-341-9976
2529,086-342 9093
2530,086-342-0191(บริษัท)
2531,086-342-0425
2532,086-342-0425(นิติฯ)
2533,086-342-0425(นิติฯ)
2534,086-342-0425-6(นิติฯ)
2535,086-342-1816
2536,086-342-1816(นิติ)
2537,086-342-1816(นิติฯ)
2538,086-342-2020
2539,086-342-2020(นิติฯ)
2540,086-342-7009(นิติฯ)
2541,086-342-8891
2542,086-342-8891(นิติฯ)
2543,086-342-8891(นิติฯ)
2544,086-342-8891(นิติฯ)
2545,086-342-9093
2546,086-342-9093(นิติ)
2547,086-342-9093(นิติ)
2548,086-342-9093(นิติฯ)
2549,086-344-4185(บริษัท)
2550,086-344-5362(นิติฯ)
2551,086-344-5936
2552,086-344-5936(นิติฯ)
2553,086-344-5936(นิติฯ)
2554,086-344-7292(นิติฯ)
2555,086-344-7292(นิติฯ)
2556,086-344-9647
2557,086-344-9647(นิติฯ)
2558,086-344-9647 063-996-2289
2559,086-345-0521
2560,086-345-0521(นิติฯ)
2561,086-345-0521(นิติฯ)
2562,086-345-1138
2563,"086-345-1938(นิติฯ) "
2564,086-345-3703
2565,086-345-3703(นิติฯ)
2566,086-345-3703(นิติฯ)
2567,086-348-0676
2568,086-348-0676(นิติฯ)
2569,086-348-0676(นิติฯ)
2570,086-351-7312
2571,086-351-7312(นิติฯ)
2572,086-351-7312(นิติฯ)
2573,086-353-6083
2574,086-353-6083(นิติ)
2575,086-353-6083(นิติฯ)
2576,086-354-3025
2577,086-354-3025(นิติฯ)
2578,086-354-3025(นิติฯ)
2579,086-355-1306
2580,086-355-1306(บริษัท)
2581,086-355-1306(บริษัท)
2582,086-355-1306(บิริษัท)
2583,086-356-5278
2584,086-356-5969
2585,086-356-5969(นิติฯ)
2586,086-356-5969(นิติฯ)
2587,086-359-7727
2588,086-359-7727(นิติ)
2589,086-361-2782
2590,086-363-8185
2591,086-363-8185(นิติฯ)
2592,"086-363-8185(นิติฯ) "
2593,086-363-8185(นิติฯ)
2594,086-3641287
2595,086-365-9263
2596,086-366-3226(นิติฯ)
2597,086-366-5639
2598,086-366-8245
2599,086-367-2018
2600,086-367-2018-19
2601,086-367-8272
2602,086-367-8272(นิติ)
2603,086-367-8272(นิติ)
2604,086-367-8272(นิติฯ)
2605,086-368-1848(นิติฯ)
2606,086-369-2004(นิติฯ)
2607,086-369-6165(เบอร์ส่วนตัว)
2608,086-370-8833 (บริษัท)คุณธีรภา
2609,086-371-2781
2610,086-371-2781(บริษัท)
2611,086-371-2781(ส่วนกลางบ.เอฟ)
2612,086-371-2781(ออฟฟิศ)
2613,086-373-5752
2614,086-373-5752(นิติฯ)
2615,"086-373-5752(นิติฯ) "
2616,086-373-5752(นิติฯ)
2617,086-374-4004
2618,086-374-4004(นิติฯ)
2619,086-374-4004(นิติฯ)
2620,086-378-5685
2621,086-378-5685(นิติฯ)
2622,086-378-5685(บริษัท)
2623,086-378-6041
2624,"086-378-6041(นิติฯ) "
2625,086-378-6041(นิติฯ)
2626,086-378-6164(นิติฯ)
2627,086-378-7569
2628,086-378-7569(นิติฯ)
2629,086-378-7569(นิติฯ)
2630,086-378-7569(นิติฯ)คุณหยง
2631,086-378-8121
2632,086-378-8121(นิติฯ)
2633,086-378-8121(นิติฯ)(สะดวกเบอร์นี้)
2634,086-378-8121(นิติฯ)
2635,086-379-9693
2636,086-382-5562(นิติฯ)
2637,086-383-6226
2638,086-384-1372
2639,086-385-8714
2640,086-386-6980(หน้างาน )
2641,086-386-6980(หน้างาน)
2642,086-387-8453
2643,086-387-8453(นิติฯ)
2644,086-388-6192
2645,086-391-6855
2646,086-391-6855(นิติฯ)
2647,086-393-3596
2648,086-393-3596(นิติฯ)
2649,086-393-3596(นิติฯ)
2650,086-393-6152(ส่วนกลางฝ่ายบัญชี))
2651,086-395-0196(นิติฯ)
2652,086-395-0196(นิติฯ)
2653,086-395-1716
2654,086-395-1716(นิติฯ)
2655,086-396-4353
2656,086-396-4353(นิติ)
2657,086-396-4353(นิติฯ)
2658,086-397-9841
2659,086-397-9841(นิติฯ)
2660,086-400-7685
2661,086-400-7685(นิติฯ)
2662,086-400-7685(นิติฯ)
2663,086-401-9566(นิติฯ)
2664,086-405-2435(นิติ)
2665,086-405-2435(นิติฯ)
2666,086-406-1414 (นิติฯ)
2667,086-406-1414(นิติฯ)
2668,086-409-3892
2669,086-409-3892(นิติฯ)
2670,086-409-3892(นิติฯ)
2671,086-409-3892(นิติฯ)
2672,086-411-7401
2673,086-411-7401(นิติฯ)
2674,086-411-7401(นิติฯ)ศุภาลัย วิลล์ กิ่งแก้ว-ศรีนครินทร์)
2675,086-414-5136
2676,086-414-5136(นิติฯ)
2677,086-416-5015
2678,086-416-5015(นิติ)
2679,086-416-5015(นิติฯ)
2680,086-416-5015(นิติฯ)
2681,086-416-7858
2682,086-416-7858(นิติฯ)
2683,086-416-7858(นิติฯ)
2684,086-416-7986
2685,086-416-7986(นิติฯ)
2686,086-416-7986(นิติฯ)
2687,086-421-4923
2688,086-421-4923(นิติฯ)
2689,086-422-4546(บริษัท)
2690,086-429-9123
2691,086-429-9123(นิติ)
2692,086-429-9123(นิติฯ)
2693,"086-429-9123(นิติฯ) "
2694,086-429-9123(นิติฯ)
2695,086-429-9123(นิติฯ)ดิเออบาน่า 1
2696,086-429-9123 083-267-7103
2697,086-431-7307
2698,086-431-7307(นิติฯ)
2699,086-431-7307(นิติฯ)
2700,086-432-3933
2701,086-432-3933(นิติฯ)
2702,086-432-3933(นิติฯ)
2703,086-451-8178
2704,086-451-8178 (เบอร์นิติ)
2705,086-451-8178(เบอร์นิติ)
2706,086-451-8178(บริษัท)
2707,086-451-8178(บริษัท)
2708,086-451-8178(บริษัท)
2709,086-451-8179
2710,086-451-8179(นิติฯ)
2711,086-475-7828(บริษัท)
2712,086-4801919
2713,086-480-1919
2714,086-480-1919(นิติ)
2715,086-480-1919(นิติฯ)
2716,"086-480-1919(นิติฯ) "
2717,086-480-1919(นิติฯ)
2718,086-490-1910
2719,086-490-1910(นิติฯ)
2720,086-492-3241
2721,086-508-4363
2722,086-508-4363(นิติฯ)
2723,"086-508-4363(นิติฯ) "
2724,086-508-4363(นิติฯ)
2725,086-510-1505
2726,086-515-7488(คุณมิวส์)
2727,086-516-1950
2728,086-540-6115(นิติฯ)
2729,086-560-1319
2730,086-609-1467
2731,086-609-1467(นิติฯ)
2732,086-628-6339
2733,086-719-9946
2734,086-719-9946(บริษัท)
2735,086-719-9946(บริษัท)
2736,086-758-8333
2737,086-758-8333(นิติฯ)
2738,086-766-4577(นิติฯ)
2739,086-771-0111
2740,086-772-3548
2741,086-777-5272
2742,086-777-6230
2743,086-785-4375
2744,086-792-2739(หจก.)
2745,086-802-1002
2746,086-802-1002(นิติฯ)
2747,086-825-2888(นิติฯ)
2748,086-829-2419
2749,086-829-2419(นิติฯ)
2750,086-832-5055
2751,086-832-5055(นิติฯ)
2752,086-832-5055(ส่วนกลาง)
2753,086-840-8811
2754,086-840-8811(นิติฯ)
2755,086-857-2111
2756,086-857-2111(บริษัท)
2757,086-857-2111(บริษัท)
2758,086-870-5414(นิติฯ)
2759,086-870-5414 089-092-1333
2760,086-887-6901
2761,086-887-6901(นิติฯ)
2762,086-887-6901 064-156-9163
2763,086-889-2954
2764,086-889-2954(นิติฯ)
2765,086-889-2954(นิติฯ)
2766,086-891-5265
2767,086-894-7806
2768,086-895-6926(นิติฯ)
2769,086-895-6926(นิติฯ)
2770,086-898-0384(นิติฯ)
2771,086-898-0384(บริษัท)
2772,086-900-3338
2773,086-900-3338(นิติฯ)
2774,086-900-3338(นิติฯ)
2775,086-901-9051(นิติ)
2776,086-903-6476
2777,086-903-6476(นิติฯ)
2778,086-966-3983
2779,086-966-3983(
2780,086-980-7998(นิติฯ)
2781,086-984-4700
2782,086-988-8338
2783,086-989-3547(สำนักงานใหญ่)
2784,086-992-6254
2785,086-992-6254(นิติฯ)
2786,086-999-8172
2787,087-012-0801(นิติ)
2788,087-036-0792
2789,087-044-9922
2790,087-062-2445
2791,087-087-0057
2792,087-087-0057(นิติฯ)
2793,087-087-0687
2794,087-087-0687(นิติฯ)
2795,087-087-0687(นิติฯ)
2796,087-109-0660
2797,087-109-0660(นิติฯ)
2798,087-109-0660(นิติฯ)
2799,087-109-0660
2800,087-127-3599
2801,087-138-7079
2802,087-138-7079(นิติฯ)
2803,087-198-0983(นิติฯ)
2804,087-198-0983(นิติฯ)คุณเจนนี่
2805,087-270-6037
2806,087-283-6644
2807,087-334-5595
2808,087-334-5595(นิติฯ)
2809,087-341-9520
2810,087-341-9520(นิติ)
2811,087-341-9520(นิติ)
2812,087-341-9520(นิติฯ)
2813,087-345-0757(นิติ)
2814,087-345-0757(นิติฯ)
2815,087-352-5058(นิติฯ)
2816,087-352-5058(นิติฯ)
2817,087-353-9330
2818,087-353-9330(นิติ)
2819,087-353-9330(นิติฯ)
2820,087-353-9330(นิติฯ)
2821,087-369-8855(นิติฯ)
2822,087-372-1320(บริษัท)
2823,087-372-4488(นิติฯ)
2824,087-419-0554(นิติฯ)
2825,"087-419-0554(นิติฯ) "
2826,087-433-3494(นิติฯ)
2827,087-487-1266
2828,087-494-0815(นิติฯ)
2829,087-498-6262
2830,087-505-2479(นิติฯ)
2831,087-506-4880
2832,087-506-4880(นิติฯ)
2833,087-507-5019(นิติฯ)
2834,087-508-5827
2835,087-517-7744
2836,087-517-7744(นิติฯ)
2837,"087-517-7744(นิติฯ) "
2838,087-517-7744(นิติฯ)
2839,087-520-0600
2840,087-520-0600(นิติ)
2841,087-520-0600(นิติฯ)
2842,087-520-0600(นิติฯ)
2843,087-520-0600(บริษัท)
2844,087-520-0600
2845,087-521-0428
2846,087-530-0009(นิติฯ)
2847,087-548-3202
2848,087-548-3202(นิติฯ)
2849,"087-548-3202(นิติฯ) "
2850,087-548-3202(นิติฯ)
2851,"087-554-6519(นิติฯ) "
2852,"087-554-6519(นิติฯ) "
2853,087-554-6519 092-947-1888
2854,087-563-9455
2855,087-582-1531
2856,087-582-1531(นิติ)
2857,087-582-1531(นิติฯ)
2858,087-595-4219
2859,087-595-4219(นิติฯ)
2860,087-595-4219(นิติฯ)
2861,087-603-2512
2862,087-603-2512(นิติฯ)
2863,087-651-9199
2864,087-651-9199(นิติฯ)
2865,087-672-3223(นิติฯ)
2866,087-672-3223(นิติฯ)
2867,087-680-2635(ส่วนกลาง)
2868,087-683-8967
2869,087-687-3369
2870,087-687-6764
2871,087-687-6764(นิติฯ)
2872,087-689-5313
2873,087-689-5313(นิติฯ)
2874,087-689-5313(นิติฯ)
2875,087-703-9944(นิติฯ)
2876,087-706-4333
2877,087-706-4333 (เบอร์นิติ)
2878,087-716-2527
2879,087-716-2527(นิติฯ)
2880,"087-716-2527(นิติฯ) "
2881,087-716-2527(นิติฯ)
2882,087-746-3999
2883,087-746-3999(นิติฯ)
2884,087-746-3999(นิติฯ)
2885,087-753-4371
2886,087-790-3834
2887,087-790-3834(คุณฑัณฑิกา)
2888,087-792-9646
2889,087-792-9646(นิติฯ)
2890,"087-792-9646(นิติฯ) "
2891,087-792-9646(นิติฯ)
2892,087-794-7977
2893,087-818-8873
2894,087-828-8274
2895,087-852-8999
2896,087-852-8999(นิติฯ)
2897,087-852-8999(นิติฯ)
2898,087-907-9557(นิติฯ)
2899,087-932-5050
2900,087-932-5050(นิติ)
2901,087-932-5050(นิติฯ)
2902,087-932-5050(นิติฯ)
2903,087-936-0845
2904,087-981-8118(นิติฯ)
2905,087-983-6970
2906,087-995-6661
2907,087-995-6661(นิติฯ)
2908,088-000-3195
2909,088-000-3195(นิติฯ)
2910,088-000-3195(นิติฯ)
2911,088-005-9649
2912,088-005-9649(นิติฯ)
2913,088-015-0211(นิติฯ)
2914,"088-015-0211(นิติฯ) "
2915,088-022-6921
2916,088-076-6450
2917,088-185-0504
2918,088-185-0504(นิติฯ)
2919,088-187-7888
2920,088-195-0094
2921,088-195-0094(บริษัท)
2922,088-200-8893
2923,088-218-0099
2924,088-218-0099(นิติฯ)
2925,"088-218-0099(นิติฯ) "
2926,088-218-0099(นิติฯ)
2927,088-219-7777
2928,088-219-7777(บริษัท)
2929,088-219-7777(บริษัท)
2930,088-221-1227
2931,088-221-1277
2932,088-227-9420
2933,088-227-9420(นิติฯ)
2934,088-233-3142
2935,"088-249-1603(นิติฯ) "
2936,088-255-1744
2937,088-255-1744(นิติฯ)
2938,088-255-3519(นิติฯ)
2939,088-275-8421  099-284-5239
2940,088-287-1913(นิติฯ)
2941,088-287-4956(บริษัท)
2942,088-295-4663(คุณดรีม)
2943,088-296-4143
2944,088-339-2242
2945,088-339-2242(นิติฯ)
2946,088-399-2359
2947,088-412-4042
2948,088-427-0899
2949,088-427-0899(นิติฯ)
2950,088-427-0899(นิติฯ)
2951,088-498-4009
2952,088-498-4009(นิติ)
2953,088-498-4009(นิติฯ)
2954,088-498-4009(นิติฯ)
2955,088-500-2211
2956,088-500-2211(นิติ)
2957,088-500-2211(นิติฯ)
2958,088-501-5568
2959,088-543-6818
2960,088-543-6818(นิติฯ)
2961,088-543-6818(นิติฯ) 099-404-9326(นิติฯ)
2962,088-543-6818(นิติฯ)
2963,088-549-8885(นิติฯ)
2964,088-554-2306(นิติฯ)
2965,088-554-2306(นิติฯ)
2966,088-603-3036
2967,088-603-6515(นิติฯ)
2968,088-603-6515(นิติฯ)
2969,088-603-6515(นิติฯ)
2970,088-609-0990
2971,088-609-0990(นิติฯ)
2972,088-617-0973(นิติฯ)
2973,088-647-8814(นิติฯ)
2974,088-654-7980(เบอร์ส่วนตัว)
2975,088-656-2000(นิติฯ)
2976,088-664-2666
2977,088-664-2666(บริษัท)
2978,088-664-2666
2979,088-679-5987
2980,088-679-5987(นิติฯ)
2981,088-686-2057(นิติฯ)
2982,088-691-8414
2983,088-691-8414(นิติ)
2984,088-691-8414(นิติฯ)
2985,088-694-6418
2986,088-694-6418(นิติ)
2987,088-694-6418(นิติ)
2988,088-694-6418(นิติฯ)
2989,088-694-6418(นิติฯ)
2990,088-704-7446(หน้างาน)
2991,088-757-1318(บริษัท)
2992,088-777-2056
2993,088-777-2056(นิติฯ)
2994,"088-777-2056(นิติฯ) "
2995,088-786-1628(นิติฯ)
2996,088-786-1628(นิติฯ)
2997,088-7883097
2998,088-788-3097
2999,088-788-3097(นิติฯ)
3000,088-788-3097(นิติฯ)
3001,088-799-3843
3002,088-799-3843  085-061-1343 (เบอร์นิติฯ ทั้ง 2 เบอร์)
3003,088-814-8998(ส่วนตัว)
3004,088-843-6128
3005,088-843-6128(นิติฯ)
3006,088-843-6128(นิติฯ)
3007,088-843-6128(นิติฯ)
3008,088-910-9370
3009,088-917-8965
3010,088-917-8965(นิติฯ)
3011,088-919-0901
3012,088-919-6901
3013,088-919-6901(นิติฯ)
3014,088-919-6901(นิติฯ)
3015,088-923-3087(นิติฯ)
3016,088-959-2353(นิติฯ)
3017,088-961-4790
3018,089 920-1579
3019,089-006-6546
3020,089-006-6546(นิติฯ)
3021,089-023-6937
3022,089-023-6937(นิติฯ)
3023,089-023-6937(นิติฯ)
3024,089-047-5637
3025,089-047-5637(นิติฯ)
3026,089-055-3310
3027,089-068-8820(นิติฯ)
3028,089-073-0691
3029,089-092-1333(นิติฯ)
3030,089-115-5457
3031,089-120-8180
3032,089-126-9676
3033,089-126-9676(นิติฯ)
3034,"089-126-9676(นิติฯ) "
3035,089-126-9676(นิติฯ)
3036,089-126-9676
3037,089-130-5498
3038,089-130-5498(นิติ)
3039,089-130-5498(นิติฯ)
3040,089-130-5498
3041,089-131-5577
3042,089-131-5577(นิติฯ)
3043,089-135-4886(นิติฯ)
3044,089-140-3336  080-297-3269 (บริษัท)
3045,089-157-3208
3046,089-199-4619(นิติฯ)
3047,089-199-4619(นิติฯ)
3048,089-200-3653
3049,089-213-4400(นิติฯ)
3050,089-228-3491(RSG)
3051,089-230-0876
3052,089-230-0876(นิติฯ)
3053,089-230-0876(นิติฯ)
3054,089-245-2644
3055,089-245-2644(นิติฯ)
3056,089-245-2644(นิติฯ)
3057,089-245-2644 090-924-8810
3058,089-245-2644
3059,089-245-9321(บริษัท)
3060,089-261-1519
3061,089-261-1519 (นิติฯ)
3062,089-261-1519(นิติฯ)
3063,089-261-1519(บริษัท)
3064,089-300-8775 (นิติฯ)
3065,089-300-8775(นิติฯ)
3066,089-301-1786
3067,089-301-1786(นิติ)
3068,089-301-1786(นิติฯ)
3069,089-305-3689(นิติ)
3070,089-305-3689(นิติฯ)
3071,089-322-6657(นิติฯ)
3072,089-401-4443(นิติฯ)
3073,089-401-4500(นิติฯ)
3074,089-407-0499
3075,089-441-1249
3076,089-441-1249(นิติฯ)
3077,089-441-1249(นิติฯ)
3078,089-457-5551(บริษัท))
3079,089-479-9196
3080,089-480-7163(นิติฯ)
3081,089-484-4046
3082,089-484-4046(นิติฯ)
3083,089-488-5102
3084,089-497-4555(นิติฯ)
3085,089-499-2652
3086,"089-499-2652(นิติฯ) "
3087,089-499-2652(นิติฯ)
3088,089-519-6703
3089,089-519-6703(นิติฯ)
3090,089-533-6667
3091,"089-533-6667(บริษัท) "
3092,089-533-6667(บริษัท)
3093,089-535-4446(นิติฯ)
3094,089-602-3399
3095,089-609-2358
3096,089-609-2358(นิติฯ)
3097,089-609-2358(นิติฯ)
3098,089-626-3120
3099,089-626-3120(บ.เมโทร)
3100,089-653-0101(นิติฯ)
3101,089-661-7558
3102,089-661-7558(นิติฯ)
3103,089-670-5701
3104,089-688-3331
3105,089-688-3331(นิติฯ)
3106,089-699-7904
3107,089-718-1717
3108,089-718-1717 (บัญชี)
3109,089-718-1717 (บัญชีIRM-Extra )
3110,089-718-1717 (บัญชีIRM-Extra ) 082-128-4834 (ธุรการนิติฯ )
3111,"089-718-1717 "
3112,089-718-1717(บัญชี IRM)
3113,089-718-1717(บัญชี)
3114,089-719-0238 (หน้างาน)
3115,089-719-0238(หน้างาน )
3116,089-719-0238(หน้างาน)
3117,089-750-8833
3118,089-750-8833(นิติฯ)
3119,089-754-7733(นิติฯ)
3120,089-754-7733(นิติฯ)
3121,089-764-3088
3122,089-764-3088(นิติฯ)
3123,089-764-3088(นิติฯ)
3124,089-767-5559(นิติฯ)
3125,089-773-6820(นิติฯ)
3126,089-774-7802 คุณมังกร
3127,089-777-4523(นิติฯ)
3128,089-780-0358
3129,089-780-0358(บริษัท)
3130,089-780-0358(บริษัท)( P-Plus)
3131,089-780-0358(บริษัท)
3132,089-790-3630
3133,089-790-3630(นิติ)
3134,089-790-3630(นิติฯ)
3135,089-795-3939(นิติฯ)
3136,089-795-9414(นิติฯ)
3137,089-795-9863(นิติฯ)
3138,089-797-9632
3139,089-797-9632(นิติ)
3140,089-797-9632(นิติฯ)
3141,"089-797-9632(นิติฯ) "
3142,089-797-9632(นิติฯ)
3143,089-799-3924
3144,089-799-3924(เบอร์ส่วนตัว)
3145,089-808-5665
3146,089-811-0654
3147,089-811-0654(นิติฯ)
3148,089-811-0654(บริษัท)
3149,089-811-0654
3150,089-812-6968(นิติฯ)
3151,089-8135593
3152,089-813-5593
3153,089-813-5593(นิติฯ)
3154,089-813-5593(นิติฯ)
3155,089-814-8644
3156,089-814-8644 (เบอร์นิติ)
3157,089-814-8644(นิติฯ)
3158,089-819-5285 095-565-8085
3159,089-819-5285
3160,089-826-1121
3161,089-866-5737 (นิติฯ)
3162,089-866-5739(นิติฯ)
3163,089-883-5885
3164,089-883-5885(นิติฯ)
3165,"089-883-5885(นิติฯ) "
3166,089-893-7932
3167,089-895-8919
3168,089-895-8919(นิติฯ)
3169,089-896-5711(นิติฯ)
3170,089-907-6550
3171,089-907-6550(นิติฯ)
3172,089-911-3138(นิติฯ)
3173,089-920-1579
3174,089-920-1579(นิติฯ)
3175,089-920-1579(นิติฯ)
3176,089-921-9983(นิติ)093-131-7817(นิติ)
3177,089-921-9983(นิติฯ)
3178,089-921-9986(นิติ)
3179,089-921-9986(บริษัท)
3180,089-923-1422
3181,089-923-1422(นิติฯ)
3182,089-926-7379
3183,089-926-7379 (เบอร์นิติ)
3184,089-926-7379 (นิติฯ)
3185,089-926-7379 (นิติฯ)
3186,089-926-7379(นิติ)
3187,089-926-7379(นิติฯ)
3188,089-927-6611(นิติฯ)
3189,089-933-9567
3190,089-939-2117
3191,089-939-2117(นิติฯ)
3192,089-964-9054
3193,089-964-9054(นิติฯ)
3194,089-964-9054(นิติฯ)
3195,089-964-9354(นิติ)
3196,089-964-9354(นิติฯ)
3197,089-967-1317
3198,089-967-1317(นิติฯ)
3199,089-974-2908
3200,089-980-2631
3201,089-983-6616
3202,089-983-6616(นิติฯ)
3203,089-989-4792   088-009-4651
3204,089-991-4231
3205,089-991-4231 (เบอร์นิติ)
3206,089-991-4231 (นิติฯ)
3207,089-991-4231 (นิติฯ)
3208,089-991-4231 (นิติฯ)
3209,089-991-4231(นิติ)
3210,089-991-4231(นิติฯ)
3211,089-991-4231(นิติฯ)
3212,090-004-7897(นิติ)
3213,090-004-7897(นิติ)
3214,090-004-7897(นิติฯ)
3215,090-014-6429
3216,090-014-6429(นิติฯ)
3217,090-056-9354
3218,090-083-1338
3219,090-083-1338(นิติฯ)
3220,090-083-1338(นิติฯ)
3221,090-083-1338(นิติฯ)
3222,090-164-1468
3223,090-164-1468(นิติฯ)
3224,090-183-1115(นิติฯ)
3225,090-198-7140
3226,090-198-7140(นิติฯ)
3227,090-198-7140(นิติฯ)
3228,090-198-9132
3229,090-198-9135
3230,090-217-8137(นิติฯ)
3231,090-224-3385
3232,090-224-3385 (นิติฯ)
3233,090-224-3385(นิติฯ)
3234,090-224-4092
3235,090-224-4092(นิติฯ)
3236,"090-224-4092(นิติฯ) "
3237,090-249-1234
3238,090-249-1234 คุณแก้วบัญชี
3239,090-254-9930(นิติฯ)
3240,090-256-0209
3241,090-256-0209(นิติฯ)
3242,090-256-0209(นิติฯ)
3243,090-269-9565(หน้างาน )
3244,090-269-9565(หน้างาน)
3245,090-274-0659
3246,090-275-7823
3247,090-275-7823(นิติฯ)
3248,090-295-3174
3249,090-295-3174(นิติฯ)
3250,090-295-3174(นิติฯ)
3251,090-318-8877(นิติฯ)
3252,"090-319-0762(นิติฯ) "
3253,090-409-2153
3254,090-409-5120
3255,"090-409-5120(นิติฯ) "
3256,090-409-8998
3257,090-409-8998(บริษัท)
3258,090-409-8998(บริษัท)
3259,090-427-4538
3260,090-441-1147(นิติฯ)
3261,090-445-6915
3262,090-446-5600
3263,090-446-5600(นิติฯ)
3264,090-499-9008(นิติฯ)
3265,090-519-7885
3266,090-519-7885(นิติฯ)
3267,090-519-7885(นิติฯ)
3268,090-520-7709
3269,090-520-7709(นิติฯ)
3270,090-520-7709(นิติฯ)
3271,090-523-4511(นิติฯ)
3272,090-573-2205
3273,090-648-1659
3274,090-665-9987
3275,090-665-9987(บริษัท)
3276,090-678-2562
3277,090-678-2562(บริษัท)
3278,090-678-6182
3279,090-678-6182(นิติฯ)
3280,090-678-6240
3281,090-732-4243(นิติ)
3282,090-738-5562
3283,090-738-5562(นิติฯ)
3284,090-738-5562(นิติฯ)
3285,090-802-3031
3286,090-802-3031(นิติฯ)
3287,090-802-3031(นิติฯ)
3288,090-880-0436(นิติฯ)
3289,090-886-2591
3290,090-886-2591(นิติฯ)
3291,090-886-2591(นิติฯ)
3292,090-886-2591
3293,090-886-3318(นิติฯ)
3294,090-890-0808
3295,090-890-0808(นิติฯ)
3296,090-890-0808(นิติฯ)
3297,090-894-3682(นิติฯ)
3298,090-907-2438(นิติ)
3299,090-907-2438(นิติ)
3300,090-907-2881
3301,090-908-1849
3302,090-908-1849
3303,090-912-9153
3304,090-915-2761 (นิติฯ)
3305,090-915-2761 (นิติฯ)
3306,090-915-7528(นิติฯ)
3307,090-915-7528(นิติฯ)
3308,090-920-8797(นิติฯ)
3309,090-924-8810(นิติฯ)
3310,090-924-8810(นิติฯ)
3311,090-937-7991(บริษัท)
3312,090-940-0156
3313,090-949-1359(นิติฯ)
3314,090-952-6456(บริษัท)
3315,090-957-3277
3316,090-957-3277(นิติฯ)
3317,090-957-3277(นิติฯ)
3318,090-957-3277(นิติฯ)
3319,090-960-0213
3320,090-960-1941
3321,090-960-1941(นิติฯ)
3322,090-960-4995(นิติฯ)
3323,090-960-5180
3324,090-960-5180(นิติฯ)
3325,090-960-5180(นิติฯ)
3326,090-963-7555(นิติฯ)
3327,090-965-8825(นิติฯ)
3328,090-973-0735(นิติฯ)
3329,090-973-4738
3330,"090-974-5294(นิติฯ) "
3331,090-983-2251(นิติฯ)
3332,090-983-5054
3333,090-983-5054(นิติ)
3334,090-983-5054(นิติฯ)
3335,090-984-1923(นิติฯ)
3336,090-984-8084
3337,090-984-8084(นิติฯ)
3338,090-984-8084(นิติฯ)
3339,090-984-8084(บริษัท)
3340,090-984-9427
3341,090-984-9427(นิติฯ)
3342,090-984-9427(นิติฯ)
3343,090-984-9427(นิติฯ)
3344,090-987-2207
3345,090-987-2207(บริษัท)
3346,090-987-7799
3347,090-987-7799(นิติฯ)
3348,090-989-0852(นิติฯ)
3349,090-989-2406
3350,090-989-2406(นิติ)
3351,090-989-2406(นิติฯ)
3352,090-990-6470
3353,090-993-8947
3354,090-993-8947(นิติฯ)
3355,090-996-6171
3356,090-998-3859
3357,090-998-3859(นิติฯ)
3358,091-003-3223(นิติฯ)
3359,091-003-5515
3360,091-003-5515(นิติฯ)
3361,091-003-9108(คุณหนุ่ย)
3362,091-004-2886(นิติฯ)
3363,091-004-4736
3364,091-007-1978(นิติฯ)
3365,091-007-1978(นิติฯ)
3366,091-007-3891
3367,091-012-8034
3368,091-016-3558
3369,091-017-8181(นิติฯ)
3370,091-018-0214(นิติ)
3371,091-018-0214(นิติฯ)
3372,091-020-9089(นิติ)
3373,091-020-9089(หน้างาน)
3374,091-051-3672
3375,091-051-3672(นิติฯ)
3376,091-069-1724
3377,091-069-1724(นิติฯ)
3378,091-094-6998(นิติฯ)
3379,091-097-8210
3380,091-097-8210(นิติฯ)
3381,091-116-0370(นิติฯ)
3382,091-119-3667
3383,091-119-3667(นิติฯ)
3384,091-120-2728
3385,091-120-2730(บริษัท)
3386,091-120-2730(บริษัท)
3387,091-120-5879
3388,091-120-5879 (RSG)
3389,091-120-5879 RSG)
3390,091-120-5879(RSG)
3391,091-120-5879(RSG)
3392,091-120-5917 (บริษัท)  086-340-5668 (บริษัท)(RSG)
3393,091-120-5917(บริษัท)
3394,091-152-8268
3395,091-152-8268(นิติฯ)
3396,091-157-3208
3397,091-157-3208(นิติฯ)
3398,091-157-3208(นิติฯ)
3399,091-162-5837
3400,091-162-5837(นิติฯ)
3401,091-162-5837(นิติฯ)
3402,091-173-7070
3403,091-176-4646(นิติฯ)
3404,091-225-0719
3405,091-225-0719(นิติ)
3406,091-225-0719(นิติ)
3407,091-421-6999(นิติฯ)
3408,091-436-9379(นิติฯ)
3409,091-542-4213( ผู้จัดการ)
3410,091-630-5435
3411,091-697-2464
3412,091-704-6945
3413,091-704-7734
3414,091-705-6508 (นิติฯ)
3415,091-720-4995
3416,091-720-4995(นิติฯ)
3417,091-720-8233(นิติฯ)
3418,091-721-2492
3419,091-721-2492(นิติฯ)
3420,091-721-2492(นิติฯ)
3421,091-726-9292
3422,091-726-9292 (นิติ)
3423,091-726-9292 (นิติฯ)
3424,091-726-9292(นิติ)
3425,091-726-9292(นิติฯ)
3426,091-726-9292(นิติฯ)
3427,091-728-3037(นิติฯ)
3428,091-728-3037
3429,091-728-9594
3430,091-735-9798
3431,091-735-9798(นิติฯ)
3432,091-736-4431
3433,091-736-4431(นิติฯ)
3434,091-739-9271
3435,091-741-6378
3436,091-749-1508
3437,091-749-1508(นิติฯ)
3438,091-754-6641
3439,091-754-6641(นิติ)
3440,091-754-6641(นิติฯ)
3441,091-754-6641(นิติฯ)
3442,091-761-1498
3443,091-761-1498(นิติ)
3444,091-761-1498(นิติฯ)
3445,091-761-5557
3446,091-761-5557(นิติฯ)
3447,091-761-5557 095-705-2332(นิติฯ)
3448,091-761-5557
3449,091-763-1133(นิติฯ)
3450,091-767-2676(นิติฯ)
3451,091-767-2676(นิติฯ)
3452,091-769-4423(นิติฯ)
3453,091-770-0968
3454,"091-770-0968(นิติฯ) "
3455,091-770-0968(นิติฯ)
3456,091-770-4684(นิติฯ)
3457,091-770-5986
3458,091-770-5986(นิติฯ)
3459,091-770-5986(นิติฯ)
3460,091-771-0502
3461,091-771-0502(บริษัท)
3462,091-771-0502(บริษัท)
3463,091-772-8084
3464,091-773-5747(นิติฯ)
3465,091-778-8748
3466,091-778-8748(นิติฯ)
3467,091-787-9264
3468,"091-787-9264(นิติฯ) "
3469,091-792-4492
3470,091-792-4492(นิติฯ)
3471,091-792-4492(นิติฯ)
3472,091-795-7349
3473,091-801-8008
3474,091-805-4362(นิติฯ)
3475,091-806-7888 คุณเอ็ม (ศุภาลัย วิสต้า แอท ห้าแยกปากเกร็ด)
3476,091-807-5278
3477,091-808-4610(บริษัท)
3478,091-808-4610(บริษัท)
3479,091-809-1534
3480,091-809-1534(นิติฯ)
3481,091-809-1534(นิติฯ)
3482,091-809-1534(นิติฯ)
3483,091-810-2585(นิติฯ)
3484,091-818-3466(นิติฯ)
3485,091-818-3467
3486,091-818-3469(นิติฯ)
3487,091-818-8791
3488,091-818-8791(นิติฯ)
3489,091-818-8791(นิติฯ)(คุณโสภา)
3490,091-818-8791(นิติฯ)
3491,091-819-3141
3492,091-819-3141(นิติฯ)
3493,091-819-8010(นิติฯ)
3494,"091-819-8010คุณศตวรรษ "
3495,091-827-3123
3496,091-827-3123(นิติฯ)
3497,091-827-3123(นิติิฯ)
3498,"091-830-6294(นิติฯ) "
3499,091-838-2691
3500,091-838-2691(นิติฯ)
3501,091-838-2691(นิติฯ)
3502,091-838-2691(นิติฯ)
3503,091-843-5328(นิติฯ)
3504,091-849-9365(นิติฯ)
3505,091-850-2882(นิติฯ)
3506,091-852-4645
3507,091-858-8656
3508,091-858-8656(นิติฯ)
3509,091-858-8656(นิติฯ)
3510,091-862-8682
3511,091-864-9299
3512,091-864-9299(นิติ)
3513,091-864-9299(นิติฯ)
3514,091-864-9299(นิติฯ)
3515,091-864-9299
3516,091-870-0925(นิติ)
3517,091-870-0925(นิติฯ)
3518,091-871-5822
3519,091-871-5822(คุณมีน)PMC
3520,091-871-5822(บริษัท)
3521,091-881-8586
3522,091-881-8586(นิติฯ)
3523,091-882-1640
3524,091-883-8494(นิติ)
3525,091-884-3650
3526,091-884-9069
3527,091-884-9069 (เบอร์นิติ)
3528,091-885-3237
3529,091-885-3237(นิติ)
3530,091-885-3237(นิติ)
3531,091-885-3237(นิติฯ)
3532,091-885-3237(นิติฯ)
3533,091-885-5232
3534,091-885-5232(นิติฯ)
3535,091-885-5232(นิติฯ)
3536,091-885-7174
3537,091-885-7174(นิติฯ)
3538,"091-885-7174(นิติฯ) "
3539,091-885-7174(นิติฯ)
3540,091-887-7426
3541,091-887-8331
3542,091-889-5388
3543,091-889-5388(นิติ)
3544,091-889-5388(นิติ)
3545,091-889-5388(นิติฯ)
3546,091-889-8391
3547,091-889-8391(นิติฯ)
3548,091-889-8391(นิติฯ)
3549,091-889-8391(นิติฯ)
3550,091-949-9822(นิติฯ)
3551,092-059-7989
3552,092-059-7989(นิติฯ)
3553,092-081-3972(นิติฯ)
3554,092-142-6559
3555,092-142-6559(นิติ)
3556,092-142-6559(นิติฯ)
3557,092-224-4580
3558,092-224-4580(นิติฯ)
3559,092-225-2448
3560,092-225-2448(นิติฯ)
3561,092-225-2448(นิติฯ)
3562,092-225-2460(นิติฯ)
3563,092-225-8323
3564,092-225-8323 (เบอร์นิติ)
3565,092-225-8323(นิติ)
3566,092-225-8323(นิติฯ)
3567,092-232-2187
3568,092-247-2237
3569,092-248-4386
3570,092-248-4386(นิติฯ)
3571,092-248-5552
3572,092-248-5552(คุณปุ้ย )
3573,092-248-5552(นิติฯ)
3574,092-248-5552(นิติฯ)
3575,092-249-3439(นิติฯ)
3576,092-249-4055
3577,"092-249-4055(นิติฯ) "
3578,092-249-4055(นิติฯ)
3579,092-249-7912
3580,092-249-7912(นิติฯ)
3581,092-249-7912(นิติฯ)
3582,092-249-7912(นิติฯ)
3583,092-250-3878(นิติฯ)
3584,092-250-3878
3585,092-250-5489(นิติฯ)
3586,092-250-7675
3587,092-250-7675(นิติฯ)
3588,092-250-7675(นิติฯ)
3589,092-250-7675
3590,092-251-7848
3591,092-251-7848(นิติฯ)
3592,092-251-7848(นิติฯ)
3593,092-252-0434(นิติฯ)
3594,092-252-3926(ส่วนกลาง)
3595,092-252-4949
3596,092-252-8908(นิติฯ)
3597,092-252-9643
3598,092-255-7100 (คุณต้น)
3599,092-256-1096(นิติฯ)
3600,092-260-0341
3601,092-260-0341(นิติฯ)
3602,092-260-0341(นิติฯ)
3603,092-260-8805(นิติฯ)
3604,092-261-5016
3605,092-261-5016(นิติฯ)
3606,092-261-8356
3607,092-261-8356(นิติฯ)
3608,092-262-0728
3609,092-262-8726
3610,092-262-8726(นิติ)
3611,092-262-8726(นิติฯ)
3612,092-263-1708
3613,092-263-1708(นิติฯ)
3614,092-263-1708(นิติฯ)
3615,092-263-1708(นิติฯ)
3616,092-264-1682(นิติ)
3617,092-264-1682(นิติฯ)
3618,092-264-2191
3619,092-264-7947(นิติฯ)
3620,092-265-5479
3621,092-267-3415
3622,092-267-9466
3623,092-267-9466(นิติฯ)
3624,092-267-9466(นิติฯ)
3625,092-268-9225
3626,092-269-3323
3627,092-270-7893(นิติฯ)
3628,"092-270-9931(นิติฯ) "
3629,092-271-7235
3630,092-271-7335(นิติฯ)
3631,092-271-9545(นิติฯ)
3632,092-272-3955
3633,092-272-8637
3634,092-272-8637(นิติฯ)
3635,092-272-8637(นิติฯ)
3636,092-272-8694
3637,092-272-8694(นิติฯ)
3638,092-272-8694(นิติฯ)
3639,092-273-4563(บริษัท)
3640,092-273-7001(นิติฯ)
3641,092-273-7001(นิติฯ)
3642,092-273-8955
3643,092-273-8955(นิติ)
3644,"092-273-8955(นิติฯ) "
3645,092-273-8955(นิติฯ)
3646,092-275-6615
3647,"092-275-6615(นิติฯ) "
3648,092-275-6615(นิติฯ)
3649,092-278-3029(นิติฯ)
3650,092-278-3029(นิติฯ)
3651,"092-278-9676(นิติฯ) "
3652,092-280-2896
3653,"092-280-2896(นิติฯ) "
3654,092-282-4348(นิติฯ)
3655,092-283-9686(นิติฯ)
3656,092-283-9686(นิติฯ)
3657,092-315-2227
3658,092-315-2227(นิติฯ)
3659,092-315-2227(นิติฯ)
3660,092-325-6959
3661,092-325-6959(บริษัท)
3662,092-352-9591
3663,092-352-9591(นิติ)
3664,092-352-9591(นิติฯ)
3665,092-352-9591(นิติฯ)
3666,092-357-3370
3667,092-357-5404
3668,092-357-5404
3669,092-359-2434(นิติฯ)
3670,092-362-8919
3671,092-362-8919(นิติฯ)
3672,092-362-8919
3673,092-370-3367
3674,092-370-3367(นิติฯ)
3675,092-382-2441
3676,092-382-2441(นิติ)
3677,092-382-2441(นิติ)
3678,092-382-2441(นิติฯ)
3679,092-382-2441
3680,092-389-8757(นิติฯ)
3681,092-391-9757(นิติฯ)
3682,092-392-3247 (หน้างาน)
3683,"092-392-3247 "
3684,092-392-3247(หน้างาน)
3685,092-396-0268(นิติฯ)
3686,092-396-0268(นิติฯ)
3687,092-397-2024 (หน้างาน)
3688,092-397-2024(หน้างาน)
3689,092-414-2998
3690,092-414-4484
3691,092-414-4484(นิติฯ)
3692,092-414-4484(นิติฯ)
3693,092-415-9928
3694,092-427-0111
3695,"092-427-0111(นิติฯ) "
3696,092-451-6247
3697,092-455-4253
3698,092-455-4253(นิติฯ)
3699,092-455-4253(นิติฯ)
3700,092-461-1020(บริษัท)
3701,092-461-1020
3702,092-462-2469
3703,092-462-2469(นิติฯ)
3704,092-464-4948(นิติฯ)(สะดวกเบอร์นี้)
3705,092-475-5886(นิติฯ)
3706,092-479-6757
3707,092-485-3305(นิติฯ)
3708,092-486-9962(บริษัท)
3709,092-486-9962(บริษัท)
3710,092-490-4588
3711,092-490-4588(บริษัท)
3712,092-492-1188(บริษัท)
3713,092-492-1188(บริษัท)
3714,092-497-6022
3715,092-497-6022(นิติ)
3716,092-497-6022(นิติฯ)
3717,092-497-6022(นิติฯ)
3718,092-497-6022
3719,092-498-6066
3720,092-502-0588
3721,092-509-3091 คุณปานชนก (เนย) (Unity)
3722,092-510-5665
3723,092-512-5987(นิติฯ)
3724,092-512-7472
3725,092-512-7472(นิติฯ)
3726,092-529-2825(บริษัท)
3727,092-535-1439(นิติฯ)
3728,092-538-0593 (เบอร์ส่วนตัว ไม่มีเบอร์นิติฯ)
3729,092-542-8813(นิติฯ)
3730,092-559-5208(บริษัท)
3731,092-560-2008(หน้างาน )
3732,092-562-8822(บริษัท)
3733,092-567-0919(นิติฯ)
3734,092-573-4979
3735,092-587-7049(นิติ)
3736,092-594-4789
3737,092-602-7432(นิติฯ)
3738,092-627-5996
3739,092-627-5996(นิติฯ)
3740,092-627-5996(นิติฯ)
3741,092-627-5996(สะดวกเบอร์นี้)
3742,092-645-8167(นิติฯ)
3743,092-646-9496(นิติฯ)
3744,092-657-7108
3745,092-657-7108(นิติฯ)
3746,092-657-7108
3747,092-657-8351
3748,092-657-8351(นิติฯ)
3749,092-657-8351(นิติฯ)
3750,092-657-8351
3751,092-659-1888
3752,092-661-8944(นิติ)
3753,092-661-8944(นิติฯ)
3754,092-675-1211
3755,092-679-2523
3756,092-680-2879
3757,092-680-2879(นิติฯ)
3758,092-680-4636(นิติ)
3759,092-680-4636(นิติฯ)
3760,092-687-2425(โรงเรียน)
3761,092-694-4495
3762,092-694-4495(นิติฯ)
3763,092-694-4495(นิติฯ)
3764,092-696-8997(หน้างาน)
3765,092-701-6464
3766,092-701-6464(นิติ)
3767,092-701-6464(นิติ)
3768,092-701-6464(นิติฯ)
3769,"092-701-6464(นิติฯ) "
3770,092-706-7180
3771,092-706-7180(นิติฯ)
3772,092-725-8881
3773,092-727-2465(บริษัท)
3774,092-727-9188
3775,092-727-9188(นิติฯ)
3776,092-727-9188(นิติฯ)
3777,092-729-7855
3778,092-729-7855(นิติฯ)
3779,092-735-3443(บริษัท)
3780,092-738-7498
3781,092-744-4871
3782,092-761-6330
3783,092-768-6226(นิติ)
3784,092-768-6226(นิติ)คุณเพ้นท์
3785,092-773-0764
3786,092-773-0764(บริษัท)
3787,092-773-0764(บริษัท)
3788,092-779-8666(นิติฯ)
3789,092-783-1736
3790,092-797-1750(นิติฯ)
3791,092-798-8462(นิติฯ)
3792,092-808-2665(นิติฯ)
3793,092-813-0534(นิติฯ)
3794,092-813-0534(นิติฯ)
3795,092-820-3260(นิติฯ)
3796,"092-829-3105(นิติฯ) "
3797,092-836-4993
3798,092-836-4993(นิติฯ)
3799,092-836-4993(นิติฯ)
3800,092-847-6223(นิติฯ)
3801,092-860-9166(นิติฯ)
3802,092-882-7318
3803,092-882-7318(นิติฯ)
3804,092-891-4925(นิติฯ)
3805,092-891-4925(นิติฯ)
3806,092-924-2239(นิติฯ)
3807,092-939-6346(นิติฯ)
3808,092-940-4941(นิติฯ)
3809,092-947-1888
3810,092-947-1888(นิติฯ)
3811,092-949-2536
3812,092-949-2536(นิติฯ)
3813,092-963-3723
3814,092-982-9790
3815,092-985-9085
3816,092-993-8612
3817,092-998-4212(นิติฯ)
3818,092-998-6797
3819,093-010-8878(นิติฯ)
3820,093-018-5478(นิติฯ)
3821,093-024-5123
3822,093-048-5954(นิติฯ)
3823,093-053-8811(บริษัท)
3824,093-068-6059
3825,093-068-6059(นิติฯ)
3826,093-074-7000(นิติฯ)
3827,093-076-7375
3828,093-091-6998
3829,093-091-6998(นิติ)
3830,093-091-6998(นิติฯ)
3831,093-091-6998(นิติฯ) คุณจารุณี
3832,093-091-6998(นิติฯ)
3833,093-091-6998  089-518-8058
3834,093-091-6998
3835,"093-105-9290(นิติฯ) "
3836,093-123-2000
3837,093-123-2000(นิติฯ)
3838,093-124-3167(นิติฯ)
3839,093-124-8357
3840,093-126-7328
3841,093-126-7328(นิติฯ)
3842,093-126-7328(นิติฯ)
3843,093-126-7328
3844,093-131-6924(นิติฯ)
3845,093-131-7817
3846,093-131-7817(นิติ)
3847,093-131-7817(นิติฯ)
3848,093-151-7227
3849,093-151-7227(นิติฯ)
3850,093-151-7227(นิติฯ)
3851,093-156-8586(นิติฯ)
3852,093-160-9797
3853,093-160-9797(นิติฯ)
3854,093-189-1208(โรงเรียน)
3855,093-189-1208(โรงเรียน)ครูปุ๋ย
3856,093-193-4560(นิติฯ)
3857,093-216-6392
3858,093-216-6392(นิติ)
3859,093-216-6393
3860,093-216-6393(นิติฯ)
3861,093-216-6393(นิติฯ)
3862,093-235-6996
3863,093-245-9369
3864,093-252-3244(นิติ)
3865,093-252-3244(นิติฯ)
3866,093-262-9551(นิติฯ)
3867,093-265-4636 (เบอร์นิติ)
3868,093-270-7650(นิติฯ)
3869,093-285-2136(นิติฯ)
3870,093-294-9938(นิติฯ)
3871,093-301-7664(นิติฯ)
3872,093-303-4416
3873,093-303-4416(นิติฯ)
3874,093-303-4416(นิติฯ)
3875,093-320-0737
3876,093-320-9965(นิติฯ)
3877,093-320-9965(นิติฯ)
3878,093-324-2118(บริษัท)
3879,093-328-7949
3880,"093-328-7949(นิติฯ) "
3881,093-328-8063
3882,093-328-8241 (หน้างาน)
3883,093-328-8241(หน้างาน)
3884,093-339-9201
3885,093-346-6151(นิติฯ)
3886,093-347-2547(นิติฯ)
3887,093-391-5573
3888,093-391-5694
3889,093-391-5694(นิติฯ)
3890,093-391-5694(นิติฯ)
3891,093-393-5227
3892,093-393-5227(นิติฯ)
3893,093-397-8914
3894,093-397-8914(บริษัท)
3895,"093-405-9290(นิติฯ) "
3896,093-417-4664
3897,093-417-4664(นิติฯ)
3898,093-417-4664(นิติฯ)
3899,093-417-8430(นิติฯ)
3900,"093-417-9453(นิติฯ) "
3901,093-423-4422
3902,093-428-1587(นิติ)
3903,093-452-5355
3904,093-452-5355(นิติฯ)
3905,"093-463-2993(นิติฯ)(สะดวกเบอร์นี้) "
3906,093-464-5222
3907,093-464-5222(นิติฯ)
3908,093-471-6787 (หน้างาน)
3909,093-471-6787(หน้างาน)
3910,093-478-6812(นิติฯ)
3911,093-484-0404
3912,093-484-0404(นิติฯ)
3913,093-503-1504(หน้างาน )
3914,093-505-4374(นิติฯ)
3915,093-536-6598
3916,093-552-5666
3917,093-552-5666(นิติฯ)
3918,093-552-5666(นิติฯ)
3919,093-554-5623(นิติฯ)
3920,093-571-8570(นิติฯ)
3921,093-571-8570(นิติฯ)
3922,093-571-8570 081-812-1738(นิติฯ)
3923,093-571-8570 087-812-1738(นิติฯ)
3924,093-581-0020
3925,093-581-3455
3926,093-581-3455(นิติฯ)
3927,093-581-3455(นิติฯ)
3928,093-581-3455(นิติฯ)คุณแอร์  คุณเชอรี่
3929,093-584-5594
3930,093-584-5594(นิติ)
3931,093-606-4644
3932,093-627-4933
3933,093-637-7368
3934,093-637-7368(นิติฯ)
3935,"093-642-8111(นิติฯ) "
3936,093-642-8111(นิติฯ) คุณโบว์
3937,093-642-8111(นิติฯ)
3938,093-649-4222
3939,"093-658-7034(นิติฯ) "
3940,093-687-7299(นิติฯ)
3941,093-690-4529
3942,093-690-4529(นิติฯ)
3943,"093-690-4529(นิติฯ) "
3944,093-690-4529(นิติฯ)
3945,093-717-4465(นิติฯ)
3946,093-721-5253(นิติฯ)
3947,093-735-2006(นิติฯ)
3948,093-736-7834(นิติฯ)
3949,093-770-2534
3950,093-773-2188(นิติฯ)
3951,093-817-9381
3952,093-817-9381(นิติฯ)
3953,093-817-9381(นิติฯ)
3954,093-841-5150 (คุณปุ้ม)
3955,093-920-5940
3956,093-920-5940(นิติฯ)
3957,093-937-1482(นิติฯ)
3958,093-998-6112
3959,093-998-6112(นิติฯ)
3960,094-005-3140
3961,094-009-8861
3962,094-090-7269
3963,094-123-2123
3964,094-123-2123(นิติฯ)
3965,"094-123-2123(นิติฯ) "
3966,094-165-4469
3967,094-165-7469
3968,094-178-7561(นิติฯ)
3969,094-228-8599
3970,094-228-8599(นิติฯ)
3971,094-249-2468
3972,094-249-8705
3973,094-249-8705(นิติฯ)
3974,094-249-8705(นิติฯ)
3975,094-249-8705(ส่วนกลาง)
3976,094-251-2578
3977,094-251-2578(นิติฯ)
3978,094-251-8039(นิติฯ)
3979,094-252-4162
3980,094-252-4162(นิติฯ)
3981,094-254-6644
3982,094-254-6644
3983,094-296-6461(บริษัท)
3984,094-298-4211
3985,094-348-3666(นิติฯ)
3986,094-372-8850
3987,094-374-6322
3988,0943746322 หรือ 026160800
3989,"094-374-6322(นิติฯ) "
3990,094-376-7683
3991,094-376-7683(นิติฯ)
3992,094-376-7683(นิติฯ)
3993,094-397-5981(นิติฯ)
3994,094-404-6373
3995,094-404-6373(นิติฯ)
3996,094-404-6373(นิติฯ)
3997,094-434-4004
3998,094-434-4004(นิติฯ)
3999,094-434-4004(นิติฯ)
4000,094-446-2363(นิติฯ)
4001,094-449-4284(นิติฯ)
4002,"094-449-4284(นิติฯ) "
4003,094-451-8090
4004,094-461-8865
4005,094-461-8865(นิติฯ)
4006,094-461-8865
4007,094-463-7275
4008,094-463-7275(นิติฯ)
4009,094-463-7275(นิติฯ)
4010,094-480-5333(นิติฯ)
4011,094-482-6333(นิติฯ)
4012,094-482-7887
4013,094-482-7887(นิติฯ)
4014,094-482-7887(นิติฯส่วนกลาง)
4015,094-482-9338
4016,094-482-9338(นิติฯ)
4017,094-489-3501
4018,094-489-3501(นิติฯ)
4019,094-489-3501(นิติฯ)
4020,094-490-2784(นิติฯ)
4021,094-490-2784(นิติฯ)
4022,"094-493-4344(นิติฯ) "
4023,094-493-4344(นิติฯ)
4024,094-494-8009
4025,094-494-8009(นิติฯ)
4026,094-495-4891(นิติฯ)
4027,094-496-3161
4028,094-496-3161(นิติฯ)
4029,094-496-9134
4030,094-496-9134 คุณอุ๊
4031,094-504-2161(นิติฯ)
4032,094-523-8452(นิติฯ)
4033,094-549-6561(นิติฯ)
4034,094-552-6679(นิติ)
4035,094-554-0992(นิติฯ)
4036,094-557-1024
4037,094-557-1654
4038,094-557-4099
4039,094-557-4099(นิติฯ)
4040,"094-557-4099(นิติฯ) "
4041,094-557-4099(นิติฯ)
4042,094-558-2445(นิติฯ)
4043,094-558-2445(นิติฯ)
4044,094-559-0785
4045,094-559-0785(นิติฯ)
4046,094-559-1834
4047,094-560-4293(นิติฯ)
4048,094-564-5274
4049,094-568-3883
4050,094-568-3883(นิติฯ)
4051,094-568-3883(นิติฯ)
4052,094-569-4642
4053,094-569-5262(นิติฯ)
4054,094-569-9555
4055,094-569-9555(บริษัท)
4056,094-569-9555(บริษัท)
4057,094-572-3993
4058,094-590-6622(นิติฯ)
4059,094-590-6622(นิติฯ)
4060,094-592-5262
4061,094-592-5262(บริษัท)
4062,094-594-2446
4063,094-594-2446(นิติฯ)
4064,094-598-9332 คุณพิมพ์
4065,094-615-4535
4066,"094-619-4782(นิติฯ) "
4067,094-636-8989(นิติฯ)
4068,094-647-0077
4069,094-647-0077(นิติฯ)
4070,094-647-0077(นิติฯ)
4071,094-653-2642(นิติฯ)
4072,094-656-9366
4073,094-656-9366(นิติฯ)
4074,094-656-9366(บริษัท)
4075,094-656-9366(บริษัท)
4076,094-658-1333
4077,094-658-1333(นิติฯ)
4078,094-658-1333(นิติฯ)
4079,094-685-2288(นิติฯ)
4080,094-690-0077
4081,094-690-0077(นิติฯ)
4082,094-690-0077(นิติฯ)
4083,094-691-9035(นิติฯ)
4084,094-692-1215(นิติ)
4085,"094-692-1215(นิติฯ) "
4086,094-693-9975(นิติฯ)
4087,094-695-0625(นิติฯ)
4088,094-696-6176
4089,094-696-6176(นิติ)
4090,094-696-6176(นิติ)
4091,094-696-6176(นิติฯ)
4092,094-696-6176(นิติฯ)
4093,094-697-5444
4094,094-697-5444(นิติ)
4095,094-697-5444(นิติฯ)
4096,094-698-0684(นิติฯ)
4097,094-709-4022(นิติฯ)
4098,"094-720-1915 (นิติฯ) "
4099,094-720-1915 (นิติฯ)
4100,094-720-1915(นิติฯ)
4101,094-737-0765(นิติฯ)
4102,094-751-0663
4103,094-751-0663(นิติฯ)
4104,094-751-0663(นิติฯ)
4105,094-757-8985
4106,094-764-2976
4107,094-764-2976(นิติฯ)
4108,094-769-6144
4109,094-769-6144 (นิติฯ)
4110,094-769-6144(นิติฯ)
4111,094-769-6144(นิติฯ)
4112,094-769-6144  095-219-6526
4113,094-793-9444(นิติ)
4114,094-796-3095
4115,094-803-0330
4116,094-803-0330 (นิติฯ)
4117,"094-803-0330 "
4118,094-803-0330(นิติฯ)
4119,094-813-8436
4120,094-813-8436(นิติฯ)
4121,094-813-8436(นิติฯ)
4122,094-813-8436
4123,094-814-1988
4124,094-814-1988(นิติฯ)
4125,094-846-9595
4126,094-846-9595(นิติฯ)
4127,094-847-2225
4128,094-857-6181
4129,094-857-6181(นิติฯ)
4130,094-857-6181(นิติฯ)
4131,094-861-2592(นิติฯ)
4132,094-862-0990
4133,094-862-0990(นิติ)
4134,094-862-0990(นิติฯ)
4135,094-869-8649
4136,094-869-8649(นิติฯ)
4137,094-878-9713
4138,094-886-1544(นิติ)
4139,094-887-4515
4140,094-887-4515(นิติฯ)
4141,"094-887-4515(นิติฯ) "
4142,094-887-4515(นิติฯ)(สะดวกเบอร์นี้)
4143,094-892-4916
4144,094-892-4916(นิติฯ)
4145,094-892-4916(นิติฯ)
4146,094-894-3663
4147,094-895-5533(นิติฯ)
4148,094-895-5533(นิติฯ) คุณเพียว
4149,094-895-9915
4150,094-909-0044(นิติฯ)
4151,094-927-4554
4152,094-927-4554 (นิติฯ)
4153,094-927-4554 (นิติฯ)
4154,094-927-4554(นิติฯ)
4155,094-935-4225
4156,094-941-8995
4157,"094-941-8995 "
4158,094-941-8995(นิติฯ)
4159,"094-941-8995(นิติฯ) "
4160,094-941-8995(นิติฯ)
4161,094-951-5966
4162,094-959-2777
4163,094-959-2777(นิติฯ)
4164,094-960-1311(นิติฯ)
4165,094-960-1311(นิติฯ)
4166,094-960-1311(นิติฯ)
4167,094-960-1311
4168,094-973-4669(นิติฯ)
4169,094-991-4288
4170,094-991-4288(นิติฯ)
4171,094-998-9111(นิติฯ)
4172,095 248-0017(นิติฯ)
4173,095-004-7337(นิติฯ)
4174,095-008-0133
4175,095-008-0133(นิติฯ)
4176,095-008-0133(นิติฯ)
4177,095-026-1451
4178,095-029-5085(นิติฯ)
4179,095-035-0330
4180,095-035-0330(นิติฯ)
4181,095-059-7924(นิติฯ)
4182,095-059-7924(นิติฯ)
4183,095-059-7924(นิติฯ)
4184,095-103-8383
4185,095-103-8383(นิติฯ)
4186,095-104-2398(นิติฯ)
4187,095-104-5516(นิติฯ)
4188,095-105-2398(นิติฯ)
4189,"095-110-5227(นิติฯ) "
4190,095-112-1101
4191,095-112-1101(นิติฯ)
4192,"095-112-1101(นิติฯ) "
4193,095-112-1101(นิติฯ)
4194,095-118-0627
4195,095-118-0627(นิติฯ)
4196,095-118-0627(นิติฯ)
4197,095-123-7070
4198,095-123-7070(นิติฯ)
4199,095-123-7070(นิติฯ)
4200,095-165-3784
4201,095-165-7035
4202,095-165-7035(นิติฯ)
4203,095-165-7035(นิติฯ)
4204,095-165-7035(นิติฯ)
4205,095-169-6970(นิติฯ)
4206,095-191-7417
4207,095-195-5690(นิติฯ)
4208,095-205-4878(นิติฯ)
4209,095-206-2488
4210,095-206-2488(นิติฯ)
4211,095-206-6442(นิติฯ)
4212,095-206-9189
4213,095-216-9096(บริษัท)
4214,095-216-9096(สำนักงาน)
4215,095-2213414
4216,095-221-3414
4217,095-221-3414(นิติฯ)
4218,095-240-2648(นิติฯ)
4219,095-241-8584
4220,095-241-8584(นิติฯ)
4221,"095-241-8584(นิติฯ) "
4222,095-246-1156(นิติฯ)
4223,095-248-0017
4224,095-248-4147(นิติฯ)
4225,095-248-4147 065-123-3693(บริษัท)
4226,095-249-1865
4227,095-249-4906
4228,095-249-4906 คุณแบม
4229,095-249-4906(นิติ)
4230,095-249-4906(นิติ)บอร์ระงับการใช้งาน***
4231,095-249-4906(นิติฯ)
4232,095-249-4906(สะดวกเบอร์นี้)
4233,095-249-9292
4234,095-249-9292(นิติฯ)
4235,095-250-4494
4236,095-251-0546
4237,095-251-0546(นิติฯ)
4238,095-251-0546(นิติฯ)
4239,095-251-4566
4240,095-251-4566(นิติ)
4241,095-251-4566(นิติฯ)
4242,095-252-7082(นิติฯ)
4243,095-254-1278
4244,095-254-1278(นิติฯ)
4245,095-254-1278(นิติฯ)
4246,095-256-0775(นิติฯ)
4247,095-262-6544
4248,095-282-3304(นิติฯ)
4249,095-313-9921
4250,095-327-5926
4251,095-327-5926(นิติฯ)
4252,095-327-5926
4253,095-331-8534(นิติฯ)
4254,095-364-2586
4255,095-364-4535(นิติฯ)
4256,095-364-4535(นิติฯ)
4257,095-364-4535(บริษัท ส่วนกลางดูแลนิติฯ)
4258,095-364-4535(บริษัท)
4259,095-364-4535(บริษัท)
4260,095-365-5086(นิติฯ)
4261,095-365-5087(นิติฯ)
4262,095-365-6659
4263,095-365-6659 คุณวีระชัย (ผจก. อาคาร)
4264,095-365-6659(นิติ)
4265,095-365-6659(นิติ)
4266,095-365-6659(นิติฯ)
4267,095-367-8889
4268,095-367-8889(นิติ)
4269,095-367-8889(นิติฯ)
4270,095-367-8889(นิติฯ)
4271,095-369-8230
4272,095-369-9483
4273,095-369-9483 (PLM)
4274,095-369-9483(PLM)
4275,095-369-9483(PLM)คุณนีม
4276,095-369-9483(บริษัท)
4277,095-369-9483(บริษัท)
4278,095-369-9483(บริษัท)PLM
4279,095-370-5620
4280,095-370-5620 (นิติฯ)
4281,095-370-5620 (นิติฯ)
4282,095-370-5620(นิติฯ)
4283,095-370-7764
4284,095-370-7764(นิติฯ)
4285,095-374-5310
4286,095-374-5310(นิติฯ)
4287,095-383-5771
4288,095-383-5771(นิติฯ)
4289,095-389-3126
4290,095-389-3126(นิติฯ)
4291,095-389-3126(นิติฯ)
4292,095-389-3126(นิติฯ)ติดต่อไม่ได้(ระบบ แจ้งระงับการใช้งาน)
4293,095-390-6756
4294,095-390-6756(นิติ)
4295,095-390-6756(นิติฯ)
4296,095-390-6756(นิติฯ)
4297,095-393-1174
4298,095-393-1174(นิติฯ)
4299,095-405-2166
4300,095-405-2166(นิติฯ)
4301,095-405-2166(นิติฯ)
4302,095-406-5460
4303,095-406-5460(นิติฯ)
4304,095-412-6474(นิติฯ)
4305,095-418-9414
4306,095-418-9414(นิติฯ)
4307,"095-418-9414(นิติฯ) "
4308,095-418-9414(นิติฯ)
4309,095-436-9249
4310,095-436-9249(นิติฯ)
4311,095-442-5525
4312,095-442-5525(นิติฯ)
4313,"095-443-6565(นิติฯ) "
4314,095-445-5426
4315,095-451-1030(นิติฯ)
4316,095-456-6873(นิติฯ)
4317,095-456-7847(นิติฯ)
4318,095-457-1188
4319,095-457-1188(นิติฯ)
4320,095-457-1188(นิติฯ)
4321,095-460-2063(นิติฯ)
4322,095-462-9823
4323,095-462-9823(นิติ)
4324,095-462-9823(นิติฯ)
4325,095-462-9823(นิติฯ)
4326,095-464-8066(นิติฯ)
4327,095-470-1878
4328,095-474-9963
4329,095-474-9963(นิติฯ)
4330,"095-478-8340(นิติฯ) "
4331,095-478-8340(นิติฯ)
4332,095-483-8494
4333,095-483-8494(นิติฯ)
4334,095-484-1325
4335,095-484-1325(นิติฯ)
4336,095-484-1325(นิติฯ)
4337,095-485-0924
4338,095-485-0924(นิติฯ)
4339,095-485-0924(นิติฯ)
4340,095-490-0209(นิติฯ)
4341,095-491-9093
4342,095-491-9093(นิติฯ)
4343,095-502 2098(นิติฯ)
4344,095-503-3082(นิติฯ)
4345,095-504-2861
4346,095-504-2861(นิติฯ)
4347,095-504-2861(นิติฯ)
4348,095-505-5215
4349,095-505-5215(นิติฯ)
4350,095-505-5215 089-407-0499
4351,095-506-8378(นิติฯ)
4352,095-507-7486(นิติฯ)
4353,095-516-6253(เบอร์ส่วนตัว)
4354,095-523-3392(นิติฯ)
4355,"095-526-8023(บริษัท) "
4356,095-528-0679(นิติฯ)
4357,095-529-9096
4358,095-530-5646(นิติฯ)
4359,095-535-4307
4360,095-535-4307(นิติฯ)
4361,095-536-9171(นิติฯ)
4362,095-541-6468(นิติ)
4363,095-541-6468(นิติฯ)
4364,095-543-8505
4365,095-543-8505(นิติฯ)
4366,095-543-8505(นิติฯ)
4367,095-545-7700
4368,095-546-8628
4369,095-549-5320 (นิติฯ)
4370,095-549-5320(นิติฯ)
4371,095-549-5320(นิติฯ)
4372,095-551-4390
4373,095-551-8689
4374,095-554-8940(นิติฯ)
4375,095-556-4197
4376,095-558-2974(นิติฯ)
4377,095-558-4599(นิติฯ)
4378,095-560-9590
4379,095-560-9590(นิติฯ)
4380,095-560-9590(นิติฯ)
4381,095-565-8085
4382,095-565-8085 (นิติฯ)
4383,095-565-8085 (นิติฯ)
4384,"095-565-8085 "
4385,095-565-8085(นิติฯ)
4386,095-571-3405
4387,095-571-3405(นิติฯ)
4388,"095-571-3405(นิติฯ) "
4389,095-576-1657
4390,095-576-1657(นิติฯ)
4391,095-576-1657(นิติฯ)
4392,095-576-1657(นิติฯ)
4393,095-578-5642
4394,095-578-5642(นิติฯ)
4395,095-585-6494
4396,095-585-6494(นิติฯ)
4397,"095-585-6494(นิติฯ) "
4398,095-585-6494(นิติฯ)
4399,095-586-3308(นิติฯ)
4400,095-587-1190
4401,095-591-2688(นิติฯ)
4402,095-595-2807
4403,095-597-3921
4404,095-597-3921(นิติฯ)
4405,095-597-6619
4406,"095-597-8184(นิติฯ) "
4407,095-604-6578(นิติฯ)
4408,095-604-6578(นิติฯ)
4409,095-624-0205
4410,095-626-7655
4411,095-626-7655(นิติ)
4412,095-626-7655(นิติ)095-337-1674 (นิติ)
4413,095-628-9387นิติฯ)
4414,095-631-9431(นิติฯ)
4415,095-640-7686(นิติฯ)
4416,095-648-6065(นิติฯ)
4417,095-650-0397
4418,095-650-0397(นิติฯ)
4419,095-660-2015
4420,095-672-3422(นิติฯ)
4421,095-682-7475
4422,095-692-7996(นิติฯ)
4423,095-692-7996(นิติฯ)
4424,095-692-7996 081-927-7569
4425,095-696-2623(นิติฯ)
4426,095-696-5605
4427,095-696-5605(นิติฯ)
4428,095-696-5605(นิติฯ)
4429,095-697-5989
4430,095-697-5989(นิติฯ)
4431,095-697-5989(นิติฯ)
4432,095-697-8698(นิติฯ)
4433,095-702-1832
4434,095-708-1942(นิติฯ)
4435,095-710-5479
4436,095-710-5479(นิติฯ)
4437,095-710-5479(นิติฯ)
4438,095-716-2244
4439,095-716-2244(นิติฯ)
4440,095-716-2244(บริษัท)
4441,095-728-8247
4442,095-728-8247(นิติฯ)
4443,095-728-8247(นิติฯ)
4444,095-735-1116
4445,095-735-1116(นิติฯ)
4446,095-735-1116(นิติฯ)
4447,095-735-8762
4448,095-742-8717
4449,095-742-8717(นิติฯ A)  096-891-8717 (นิติฯ K)
4450,095-742-8717(นิติฯ)
4451,095-742-8717(นิติฯ)
4452,095-742-8717(นิติฯ)
4453,095-745-4653(นิติฯ)
4454,095-745-4653(นิติฯ)096-718-4894(บริษัท)
4455,095-745-5999
4456,095-745-5999(นิติฯ)
4457,095-745-5999(นิติฯ)(คุณมิ้น )   098-247-0705 ( คุณกิตติชัย )
4458,095-745-5999(นิติฯ)
4459,095-749-4391
4460,095-749-4391(นิติฯ)
4461,095-749-4391(นิติฯ)
4462,095-749-4391
4463,095-749-7357
4464,095-749-7357(นิติฯ)
4465,095-749-7357(นิติฯ)
4466,095-751-6562(นิติฯ)
4467,095-751-6562(บริษัท)
4468,095-757-5992
4469,095-757-5992(นิติฯ)
4470,095-757-5992(นิติฯ)
4471,095-759-3348
4472,095-759-3348(นิติฯ)
4473,095-759-3348(นิติฯ)
4474,095-763-5436(นิติฯ)
4475,095-765-0981(นิติฯ)
4476,095-767-5497(นิติฯ)
4477,095-772-3374
4478,095-772-3374(นิติ)
4479,095-772-3374(นิติฯ)
4480,095-772-3374(นิติฯ)
4481,095-773-5646(นิติฯ)
4482,095-776-5996
4483,095-779-4340(นิติฯ)
4484,095-783-1135
4485,095-783-1135(นิติฯ)
4486,095-787-7491(นิติฯ)
4487,095-791-5999(นิติฯ)
4488,095-791-5999(นิติฯ)
4489,095-796-0537
4490,095-796-0537(นิติฯ)
4491,095-807-0066
4492,095-807-0066(นิติฯ)
4493,"095-807-0066(นิติฯ) "
4494,095-810-4382(นิติฯ)
4495,095-814-3756(นิติฯ)
4496,095-828-6474
4497,095-828-6474(นิติฯ)
4498,095-828-6474(นิติฯ)
4499,095-830-0089(นิติฯ)
4500,"095-832-4256(นิติฯ) "
4501,095-840-0111
4502,095-840-0111(นิติฯ)
4503,095-840-0111(นิติฯ)
4504,095-840-3337(นิติฯ)
4505,095-845-6702
4506,095-845-6702(นิติฯ)
4507,095-845-6702(บริษัท)
4508,095-847-3954นิติฯ)
4509,095-848-1950
4510,095-848-1950 (เบอร์นิติ)
4511,095-848-1950(นิติฯ)
4512,095-852-9559
4513,"095-852-9559(นิติฯ) "
4514,095-852-9559(นิติฯ)
4515,095-852-9559
4516,095-856-2879
4517,095-856-7782(นิติ)
4518,095-862-1746
4519,095-862-1746(นิติ)
4520,095-862-1746(นิติฯ)
4521,"095-862-1746(นิติฯ) "
4522,095-862-1746(นิติฯ)
4523,095-873-7985(นิติฯ)
4524,095-879-3684
4525,095-880-0801
4526,095-880-0801(นิติฯ)
4527,095-880-9151(นิติฯ)
4528,095-881-0999(นิติฯ)
4529,095-881-1228
4530,095-886-9972(นิติฯ)
4531,095-909-1248(นิติ)
4532,095-909-1248(นิติ)
4533,095-910-9659
4534,095-912-8778(นิติฯ)
4535,095-913-5265(นิติฯ)
4536,095-925-2406
4537,095-925-3717
4538,095-927-0687(บริษัท)
4539,095-927-0687(บริษัท)
4540,095-927-0687(บริษัท)คุณสาวิตรี
4541,095-929-0454
4542,095-929-0454(นิติ)
4543,095-929-0454(นิติฯ)
4544,095-929-0454(นิติฯ)
4545,095-930-4021(นิติ)
4546,095-930-4021(นิติฯ)
4547,095-935-3238
4548,095-935-3238(นิติฯ)
4549,095-936-6464
4550,095-936-6464(นิติฯ)
4551,095-938-6313
4552,095-938-6313(นิติฯ)
4553,095-938-6313(นิติฯ)
4554,095-939-5126(นิติฯ)
4555,095-948-4719
4556,095-951-5387
4557,095-951-5387 (เบอร์นิติ)
4558,095-951-5387(นิติฯ 1)
4559,095-951-5387(นิติฯ)
4560,095-958-0222(นิติฯ)
4561,095-959-3095
4562,095-959-7216(นิติฯ)
4563,095-960-0074(นิติฯ)
4564,095-961-4635
4565,095-961-4635(นิติฯ)
4566,095-962-9107
4567,095-962-9107(นิติ)
4568,095-963-6571(นิติฯ)
4569,095-964-8815
4570,095-964-8815(นิติฯ)
4571,095-964-9906
4572,095-964-9906(นิติฯ)
4573,095-964-9906(นิติฯ)
4574,095-971-5047(นิติฯ)
4575,095-971-9807(นิติฯ)
4576,095-987-6464 (นิติฯ)
4577,095-987-6464 (หน้างาน)
4578,095-990-3141(นิติฯ)
4579,095-990-3141 063-872-1746(นิติฯ)
4580,095-990-3141นิติฯ)
4581,096-016-1373
4582,096-016-1373(นิติฯ)
4583,096-028-3015
4584,096-040-1318
4585,"096-040-1318(นิติฯ) "
4586,096-040-1318(นิติฯ)
4587,096-040-1318 080-054-5481
4588,096-068-5356(คุณเฟรม)
4589,096-078-7287(นิติ2)
4590,096-081-2997(นิติฯ)
4591,096-093-3396(นิติฯ)
4592,096-094-1163 ฟ้าใส (หน้างาน)
4593,096-096-8857(นิติฯ)
4594,"096-107-1619(นิติฯ) "
4595,096-110-1850(นิติฯ)
4596,096-119-0828
4597,096-119-0828(นิติฯ)
4598,096-119-0828(นิติฯ)
4599,096-136-5995
4600,096-136-5995(นิติฯ)
4601,096-139-6252
4602,096-145-6368(นิติฯ)
4603,096-149-3322
4604,096-149-3322(นิติฯ)
4605,096-149-3322(นิติฯ)
4606,096-167-9406(นิติฯ)
4607,096-169-2654(นิติฯ)
4608,096-170-3339(นิติฯ)
4609,096-172-7816(นิติฯ)
4610,096-181-1940
4611,096-186-2458(นิติฯ)
4612,096-187-5721(นิติฯ)
4613,096-190-2907(นิติฯ)
4614,096-190-2907
4615,096-208-5346
4616,096-208-5346(นิติฯ)
4617,096-208-5346(นิติฯ)
4618,096-208-5368(นิติฯ)
4619,096-228-6397
4620,096-243-9268
4621,096-247-0129(นิติฯ)
4622,096-247-0129(นิติฯ)
4623,096-249-2279(บริษัท)
4624,096-249-2279(บริษัท)
4625,096-267-8355
4626,096-267-8355(นิติฯ)
4627,096-267-8355(นิติฯ)
4628,096-283-4926
4629,096-283-4926(นิติฯ)
4630,096-283-4926(นิติฯ)
4631,096-287-2599(นิติฯ)
4632,096-290-6628(นิติฯ)
4633,096-290-6628(นิติฯ)
4634,096-304-7850
4635,096-306-4090(นิติฯ)
4636,096-307-4496(นิติฯ)
4637,096-310-1673(นิติฯ)
4638,"096-310-1673(นิติฯ) (คุณปลาหรือคุณชมพู่) "
4639,096-319-4654(บริษัท)
4640,096-319-4654(บริษัท)
4641,096-319-4654
4642,096-330-0344
4643,096-360-1749(นิติฯ)
4644,096-362-6401(นิติฯ)
4645,096-369-4250(นิติฯ)
4646,096-369-4455(นิติฯ)
4647,096-401-3324 (เบอร์นิติ)
4648,096-401-3324(นิติฯ)
4649,096-446-4565
4650,096-464-6954(นิติฯ)
4651,096-464-6954
4652,096-517-2062(นิติฯ)
4653,096-528-7452
4654,096-530-3205
4655,096-539-5484(หน้างาน)
4656,096-587-1451
4657,096-601-6157(นิติฯ)
4658,"096-606-4698(นิติฯ) "
4659,096-606-4698(นิติฯ)
4660,096-616-8470(นิติฯ)
4661,096-630-5229
4662,096-630-5229(นิติฯ)
4663,096-638-1926(นิติฯ)
4664,096-654-2336(ผจก.บัญชี )
4665,096-663-7454(หน้างาน)
4666,096-689-8303(นิติฯ)
4667,096-697-4247
4668,096-709-0051
4669,096-709-0051(นิติฯ)
4670,096-709-0051(นิติฯ)
4671,096-709-9320(นิติฯ)
4672,096-718-4894
4673,096-718-4894 (เบอร์นิติ)
4674,096-718-4894(บริษัท)
4675,096-718-4894(บริษัท)
4676,096-718-4894(บริษัท)คุณวรรณพร
4677,096-718-4894(บริษัท)คุณติ้ง 091-705-7107 คุณเจน (ผจก.นิติฯ)
4678,096-718-4894(บริษัท.ทรู)
4679,096-724-7372
4680,096-742-5944
4681,096-742-5944(นิติฯ)
4682,096-745-9977(นิติฯ)
4683,096-763-6628
4684,096-765-3240(นิติ)
4685,096-765-3240(นิติฯ)
4686,096-765-7476
4687,096-767-9727(นิติฯ)
4688,096-797-5556
4689,"096-832-0585(นิติฯ) "
4690,096-832-0585(นิติฯ)
4691,096-841-4350(นิติฯ)
4692,096-841-4350(นิติฯ)
4693,096-852-1300 099-356-2429
4694,096-854-0985
4695,096-854-0985(นิติฯ)
4696,096-854-0985(นิติฯ)
4697,096-854-0985(นิติฯ)
4698,096-854-0985
4699,096-858-4501
4700,096-859-3397(นิติฯ)
4701,096-859-8897
4702,096-861-1329
4703,096-863-9519
4704,"096-864-4240(นิติฯ) "
4705,096-867-1024
4706,096-867-1024(นิติฯ)
4707,096-867-1024
4708,096-868-4425
4709,096-868-4425(นิติฯ)
4710,096-873-5075(นิติฯ)
4711,096-878-4872
4712,096-878-4872 (นิติฯ)
4713,096-878-4872(นิติฯ)
4714,096-879-2190
4715,096-882-4121(นิติฯ)
4716,096-882-7019(บริษัท)
4717,096-882-8780
4718,096-882-8780(นิติฯ)
4719,096-889-1535
4720,096-889-1535(นิติฯ)
4721,096-891-8717
4722,096-891-8717 (นิติฯ K)
4723,096-891-8717(นิติฯ)  (อาคาร K)
4724,096-891-8717(นิติฯ)
4725,096-891-8717(นิติฯ)((อาคาร K)
4726,096-891-8717(นิติฯ)((อาคาร K)
4727,096-891-8717(นิติฯ)
4728,096-906-6556
4729,096-914-4102
4730,096-914-4102(นิติ1) 096-078-7287(นิติ2)
4731,096-914-4102(นิติ1)
4732,096-914-4102(นิติฯ)
4733,096-914-4102(นิติฯ)
4734,096-914-4102(นิติฯ1)
4735,096-917-7171(นิติฯ)
4736,096-924-5044(นิติฯ)
4737,096-924-8792(ส่วนกลาง)
4738,096-925-8854(นิติฯ)
4739,096-927-4746
4740,096-927-4746(นิติ)
4741,096-927-4746(นิติ)
4742,096-927-4746(นิติฯ)
4743,096-927-4746(นิติฯ)
4744,096-939-8389
4745,096-939-8389(นิติฯ)
4746,"096-939-8389(นิติฯ) "
4747,096-940-5819(นิติ)
4748,096-940-5819(นิติฯ)
4749,096-940-5819 080-554-9867
4750,096-941-2038
4751,096-946-1413
4752,096-946-1413(นิติฯ)
4753,096-946-3449(นิติฯ)
4754,096-950-2926(นิติฯ)
4755,096-950-2926(นิติฯ)
4756,096-950-2926(นิติฯ)
4757,096-950-7493
4758,096-959-4687
4759,096-965-0515
4760,096-965-0515(นิติ)
4761,096-965-0515(นิติฯ)
4762,096-965-0515(นิติฯ)
4763,096-965-8611
4764,096-987-8956
4765,096-987-8956(นิติฯ)
4766,096-987-8956(นิติฯ)
4767,096-989-6477 (น้องอัยเจ้าหน้าที่ประจำหน่วยงาน)
4768,096-994-8205(นิติฯ)
4769,097-004-7848(สะดวกเบอร์นี้))  091-717-9170 (นิติฯ)
4770,097-004-7848  091-717-9170 (นิติฯ)
4771,097-007-8385(นิติฯ)
4772,097-009-3910
4773,097-009-3910(นิติฯ)
4774,097-009-3910(นิติฯ)
4775,097-009-9787(นิติฯ)
4776,097-016-2697
4777,097-016-2697(นิติฯ)
4778,097-016-2697(นิติฯ)
4779,097-016-5042
4780,097-018-9981(นิติฯ)
4781,097-019-9540(นิติฯ)
4782,097-019-9787(นิติฯ)
4783,097-025-1501(นิติฯ)
4784,097-025-1501(นิติฯ)
4785,097-032-5051(นิติฯ)
4786,097-035-2190
4787,097-035-2190(นิติฯ)
4788,097-036-5430
4789,097-036-5430 (นิติฯ)
4790,097-036-5430 คุณตั้ม
4791,097-036-5430(นิติฯ)
4792,097-036-5430(นิติฯ)
4793,097-038-3117(นิติฯ)
4794,097-039-4652
4795,097-040-6148
4796,097-040-6148(นิติฯ)
4797,097-040-6148(นิติฯ)
4798,097-040-6148(บริษัท)
4799,097-040-6148(ส่วนกลางนิติฯ)
4800,097-050-7603(นิติฯ)
4801,097-060-7943
4802,097-060-7943(นิติ)
4803,097-060-7943(นิติฯ)
4804,097-061-8502(นิติฯ)
4805,097-062-4472(นิติฯ)
4806,097-071-7480
4807,097-071-7480(นิติฯ)
4808,097-073-5185
4809,097-073-5185(นิติฯ)
4810,097-078-2109
4811,097-079-6317
4812,097-079-6317(นิติฯ)
4813,097-079-6317(นิติฯ)
4814,"097-079-6317(นิติฯ)  "
4815,097-079-6317
4816,097-079-7850(นิติฯ)
4817,097-079-8490
4818,097-079-8490(นิติฯ)
4819,097-079-8490(นิติฯ)
4820,097-087-6475 (ออฟฟิต)
4821,097-087-6475(ออฟฟิศ)
4822,097-097-8490(นิติฯ)
4823,097-097-9641
4824,097-097-9641(นิติฯ)
4825,097-098-2022(นิติ)
4826,097-098-2022(นิติ)
4827,097-098-2022(นิติฯ)
4828,097-098-2326(นิติฯ)
4829,097-102-6818(นิติฯ)
4830,097-110-6081(นิติ)
4831,097-114-0325
4832,097-114-0325(นิติฯ)
4833,097-114-0325(นิติฯ)
4834,097-114-0325(นิติฯ)
4835,097-120-8151
4836,097-120-8151(บริษัท)
4837,097-121-4436(นิติฯ)
4838,097-124-4490(นิติฯ)
4839,097-125-0582
4840,"097-126-1211(บริษัท) "
4841,097-126-2558
4842,097-126-2558(นิติฯ)
4843,097-126-2558 082-515-1751(นิติฯ)
4844,097-127-7627
4845,097-127-7627(นิติฯ)
4846,097-127-7627(นิติฯ)
4847,097-130-9758(นิติฯ)
4848,097-134-7575 (นิติฯ)
4849,097-134-7575(นิติฯ)
4850,097-135-3554
4851,097-135-3554(นิติ)
4852,097-135-3554(นิติ)
4853,097-135-3554(นิติฯ)
4854,097-135-3554(นิติฯ)
4855,097-135-3554
4856,097-136-1542(นิติฯ)
4857,097-136-3594
4858,097-136-3594(นิติฯ)
4859,097-136-3594(นิติฯ)(สะดวกเบอร์นี้)
4860,097-136-3594(นิติฯ)
4861,097-138-3206(นิติฯ)
4862,097-139-5276
4863,097-141-5355
4864,097-141-5355(นิติ)
4865,097-141-5355(นิติ)
4866,097-141-5355(นิติฯ)
4867,097-141-5355(นิติฯ)
4868,097-149-7319(นิติฯ)
4869,097-149-9765(นิติฯ)
4870,097-152-5663(นิติฯ)
4871,097-154-4464(หน้างาน)
4872,097-156-8401
4873,097-156-8401(นิติฯ)
4874,097-164-1462
4875,097-170-1965
4876,097-170-1965(นิติฯ)
4877,097-172-8227(นิติ)
4878,"097-172-8227(นิติฯ) "
4879,097-174-1237
4880,097-174-1237 (นิติฯ)  095-364-4535(บริษัท ส่วนกลางดูแลนิติฯ)
4881,097-174-1237(นิติฯ)
4882,097-175-7678
4883,097-175-7678(นิติ)
4884,097-175-7678(นิติฯ)
4885,097-175-7678
4886,097-198-2422
4887,097-203-3202
4888,097-203-3202(นิติฯ)
4889,"097-203-3202(นิติฯ) "
4890,097-203-3202(นิติฯ)
4891,097-213-2009
4892,097-213-2009(นิติฯ)
4893,097-213-2009(นิติฯ)
4894,097-214-8127
4895,097-215-5347(นิติฯ)
4896,097-216-9670
4897,097-219-1782(นิติฯ)
4898,097-220-0029(นิติฯ)
4899,097-220-1049
4900,097-220-1049 (นิติฯ)
4901,097-220-1049   091-698-3363(นิติฯ)
4902,097-220-1049(นิติฯ)
4903,097-220-2568(นิติฯ)
4904,097-220-9875
4905,097-220-9875(นิติฯ)
4906,097-223-3812
4907,097-223-3812(นิติฯ)
4908,097-224-2460
4909,097-225-0009
4910,097-225-0009(นิติฯ)
4911,097-225-0009(นิติฯ)
4912,097-226-3238
4913,097-226-3238(นิติฯ)
4914,097-227-3374(นิติ)
4915,097-227-3374(นิติฯ)
4916,097-227-3374(นิติฯ)
4917,097-228-0146(นิติฯ)
4918,097-228-0146(นิติฯ)082-916-8787(นิติฯ)
4919,097-230-7212(นิติ)
4920,097-230-7212(นิติฯ)
4921,097-238-8198(นิติฯ)
4922,097-240-9181
4923,097-240-9181(นิติฯ)
4924,097-240-9181(บริษัท)
4925,097-240-9181(บริษัท)
4926,097-240-9181(บริษัท)
4927,"097-241-3096(นิติฯ) "
4928,097-246-5409
4929,097-246-5409(นิติฯ)
4930,097-246-5409(นิติฯ)
4931,097-246-7010
4932,097-246-7010(นิติ)
4933,097-246-7010(นิติ)
4934,097-246-7010(นิติฯ)
4935,097-247-0292
4936,097-247-0292(นิติฯ)
4937,097-249-7421
4938,097-249-7421(นิติฯ)
4939,097-250-6984
4940,097-250-6984(นิติฯ)
4941,097-251-4272
4942,097-251-6790
4943,097-251-6790(นิติฯ
4944,097-251-6790(นิติฯ)
4945,097-251-6790(นิติฯ)
4946,097-251-6790(นิติฯ)
4947,097-252-0804
4948,097-252-0804(นิติฯ)
4949,097-252-0804(นิติฯ)
4950,097-252-2061(นิติฯ)
4951,097-260-7601
4952,097-260-7601(นิติฯ)
4953,097-260-7601(นิติฯ)
4954,097-260-7601(นิติฯ)097-260-7602(นิติฯ)
4955,097-260-7602
4956,097-260-7602(นิติฯ)
4957,097-260-7602(นิติฯ)
4958,097-260-7602(นิติิฯ)
4959,"097-267-4495(นิติฯ) "
4960,097-270-3635
4961,"097-270-3635(นิติฯ) "
4962,097-270-3635(นิติฯ)
4963,097-281-9607(นิติฯ)
4964,097-283-2345
4965,097-286-2734(นิติ)
4966,097-286-2734(นิติฯ)
4967,097-286-2734(นิติฯ)
4968,097-289-7696
4969,097-289-7696(นิติฯ)
4970,097-289-7696(นิติฯ)
4971,097-290-8386(นิติฯ)
4972,097-292-0804
4973,097-294-7867(ออฟฟิต)
4974,097-296-1756
4975,097-296-4810 096-068-5356
4976,097-298-1113
4977,097-298-1113(นิติฯ)
4978,097-298-1113(นิติฯ)
4979,097-306-1178
4980,097-313-3369
4981,097-313-3369
4982,097-313-6696
4983,097-315-8292(นิติ)
4984,097-324-4579
4985,097-324-4579 (หน้างาน)
4986,097-324-4579(นิติฯ)
4987,097-324-4579(นิติฯ)
4988,097-324-4579(หน้างาน)
4989,097-324-9935
4990,097-324-9935(นิติฯ)
4991,"097-324-9935(นิติฯ) "
4992,097-334-4365(นิติฯ)
4993,097-336-3281
4994,097-346-5316
4995,097-346-5316(นิติฯ)
4996,"097-346-5316(นิติฯ) "
4997,097-346-5316(นิติฯ)
4998,097-442-9479
4999,097-720-1915(นิติฯ)
5000,097-874-2356(นิติฯ)
5001,097-874-2356นิติฯ)
5002,097-924-5696
5003,097-924-5696(นิติฯ)
5004,"097-924-5696(นิติฯ) "
5005,"097-924-5696(นิติฯ) "
5006,097-924-5696(นิติฯ)
5007,097-928-8623(นิติฯ)
5008,097-939-8099
5009,097-952-1462
5010,097-960-8370
5011,097-995-9495
5012,097-995-9495 คุณสายัญ
5013,097-995-9495 คุณสายัญ
5014,097-996-1558
5015,098-010-2896
5016,098-010-2896(นิติฯ)
5017,098-014-0438
5018,098-014-0438(นิตฯ)
5019,098-016-9610
5020,098-016-9610(นิติฯ)
5021,098-016-9610(นิติฯ)
5022,"098-068-9261 "
5023,098-068-9261(นิติฯ)
5024,098-084-0551
5025,098-084-0551(นิติฯ)
5026,"098-084-0551(นิติฯ) "
5027,098-096-7674(นิติฯ)
5028,098-096-9939
5029,098-096-9939(นิติฯ)
5030,098-096-9939(นิติฯ)
5031,098-102-7059(นิติฯ)
5032,098-105-6952 098-750-5695(IRM)
5033,098-109-0060 (หน้างาน)
5034,"098-109-0060 "
5035,098-138-8863
5036,098-138-8863(นิติ)
5037,098-138-8863(นิติ)
5038,098-138-8863(นิติฯ)
5039,098-141-9552(นิติฯ)
5040,098-170-4000(นิติฯ)
5041,098-171-9969
5042,098-185-6150(หน้างาน)
5043,098-191-3867
5044,098-219-1645(นิติฯ)
5045,098-222-9839(นิติฯ)
5046,098-246-3412(นิติฯ)
5047,098-247-9003
5048,098-247-9003   090-960-7647(นิติฯ)
5049,098-247-9003(นิติฯ)
5050,098-252-2079
5051,098-252-2079(นิติฯ)
5052,098-252-2079
5053,098-253-6962
5054,098-253-6962(นิติ)
5055,098-254-1261(นิติฯ)
5056,098-254-3456
5057,098-254-3456(นิติฯ)
5058,098-254-3456(นิติฯ)
5059,098-256-5433
5060,098-256-5433(นิติฯ)
5061,098-256-5433(นิติฯ)
5062,098-256-7072
5063,098-256-7072(นิติ)
5064,098-256-7072(นิติฯ)
5065,098-256-7549
5066,098-256-8803(นิติฯ)
5067,098-257-2935
5068,098-258-5282(นิติฯ)
5069,098-260-6853
5070,098-260-6853(นิติฯ)
5071,098-260-6853(นิติฯ)
5072,098-261-1447
5073,098-261-1447(นิติฯ)
5074,098-264-5029(นิติฯ)
5075,098-264-9912(นิติฯ)
5076,098-264-9912(นิติฯ)คุณแพรว(ธุรการการเงิน)
5077,098-265-5128
5078,098-265-5800(นิติฯ)
5079,098-265-8186
5080,098-265-8186(นิติ)
5081,098-267-0422
5082,098-267-0422(นิติ)
5083,098-267-0422(นิติ)
5084,098-267-0422(นิติฯ)
5085,098-270-3811
5086,098-270-3811(นิติฯ)
5087,098-270-3811(นิติฯ)
5088,098-270-7015
5089,098-270-7015(นิติฯ)
5090,"098-271-3402(นิติฯ) "
5091,098-271-3402(นิติฯ)
5092,098-272-6713
5093,098-273-0924(นิติฯ)
5094,098-273-1837
5095,098-273-1837(นิติฯ)
5096,098-273-2628
5097,098-273-2628(นิติฯ)
5098,098-273-9400
5099,098-273-9400(นิติฯ)
5100,"098-273-9400(นิติฯ) "
5101,098-273-9400(นิติฯ)
5102,098-274-3301(นิติ)
5103,098-274-3301(นิติฯ)
5104,098-274-3877
5105,098-274-3877(นิติฯ)
5106,098-274-3877(นิติฯ)
5107,098-274-7458
5108,098-275-8175
5109,098-275-8175 (นิติฯ)
5110,098-275-8175 (นิติฯ)
5111,098-275-8175(นิติฯ)
5112,098-276-7106
5113,098-276-7106(นิติ)
5114,098-276-7106(นิติฯ)
5115,098-279-8681(นิติฯ)
5116,098-279-9309
5117,098-279-9309(นิติฯ)
5118,098-281-1518
5119,098-281-1518 (เบอร์นิติ)
5120,098-281-1518(นิติฯ)
5121,098-281-1518(นิติฯ)
5122,098-281-1518
5123,098-281-1605
5124,098-281-1605(นิติฯ)
5125,098-281-2246(นิติ)
5126,098-281-2246(นิติฯ)
5127,098-281-4721(นิติฯ)
5128,098-281-4721(นิติฯ)
5129,"098-283-0312(นิติฯ) "
5130,098-283-4972
5131,098-283-5700(นิติฯ)
5132,098-285-2732
5133,098-285-2732(นิติฯ)
5134,"098-285-2732(นิติฯ) "
5135,"098-285-2732(นิติฯ) "
5136,098-285-2732(นิติฯ)
5137,098-285-5121(นิติฯ)
5138,098-285-5121(นิติฯ)
5139,098-285-5121(นิติฯ)086-371-2781(บริษัท)
5140,098-285-7315(นิติฯ)
5141,098-286-2894
5142,098-286-2894(นิติฯ)
5143,098-286-2894
5144,098-287-1764(โรงเรียน)
5145,098-297-0556(นิติฯ)
5146,098-297-6559
5147,098-297-6559(นิติฯ)
5148,098-297-6559(นิติฯ)
5149,098-298-8524(หน้างาน)
5150,098-304-8629
5151,098-304-9340 (นิติฯ)
5152,098-304-9340(นิติ)
5153,098-304-9340(นิติ)
5154,098-304-9340(นิติฯ)
5155,098-324-2361(นิติ)
5156,098-326-9422
5157,098-326-9422(นิติฯ)
5158,098-329-2288(นิติฯ)
5159,098-338-7644(นิติฯ)
5160,098-357-7347(นิติฯ) คุณแอน
5161,098-357-7347(นิติฯ)
5162,098-361-8457
5163,098-361-8457(นิติฯ)
5164,098-361-8457(นิติฯ)
5165,098-380-6884
5166,098-382-8016(นิติฯ)
5167,098-382-8016(นิติฯ)
5168,098-382-8016(นิติฯ) 066-112-2789 (นิติฯ)ติดแต่ไม่มีใครรับสาย 094-173-8685เลขหมายนี้ระงับการใช้งานชั่วคราว
5169,098-421-1087(นิติฯ)
5170,098-424-3097
5171,098-424-3097(นิติฯ)
5172,098-424-3098
5173,098-424-3098(นิติ)
5174,098-424-3098(นิติ)
5175,098-424-3098(นิติฯ)
5176,098-424-3098(นิติฯ)
5177,098-425-3727
5178,098-425-3727(นิติฯ)
5179,098-425-3727(นิติฯ)
5180,098-425-3727 062-568-4054
5181,098-427-7098
5182,098-427-7098(นิติฯ)
5183,098-427-7098(นิติฯ)
5184,098-427-7098 092-456-3345
5185,098-445-2448
5186,098-445-2448 คุณมณฑา
5187,098-456-8498
5188,098-456-8498(นิติฯ)
5189,098-456-8498(นิติฯ)
5190,098-478-2015(นิติฯ)
5191,098-489-6496(นิติฯ)
5192,098-489-6496(นิติฯ)
5193,098-508-9102
5194,098-508-9102(นิติฯ)
5195,098-512-2267
5196,098-512-2267(นิติฯ)
5197,098-512-2267(นิติฯ)
5198,098-534-8666
5199,098-534-8666(นิติ)
5200,098-534-8666(นิติ)
5201,098-534-8666(นิติฯ)
5202,"098-534-8666(นิติฯ) "
5203,098-534-8666(นิติฯ)
5204,098-549-4381(บริษัท)
5205,098-552-3432
5206,098–552-3432
5207,098-552-3432(นิติฯ)
5208,098-552-3432(นิติฯ)
5209,098-559-1203
5210,098-559-1203(นิติฯ)
5211,098-561-2733(นิติฯ)
5212,"098-561-2733(นิติฯ) "
5213,098-561-2733(นิติฯ)
5214,098-563-7955(นิติฯ)
5215,098-565-5145
5216,098-585-8027(หน้างาน)
5217,098-593-7317(นิติฯ)
5218,098-604-2154(นิติฯ)
5219,098-615-4145(นิติฯ)
5220,098-638-9772
5221,098-638-9772(นิติฯ)
5222,098-638-9772(นิติฯ)
5223,098-657-9788(นิติฯ)
5224,098-657-9788(นิติฯ)
5225,098-662-4556(นิติฯ)
5226,098-666 8856(นิติฯ)
5227,098-678-4727(นิติฯ)
5228,098-691-1128
5229,098-691-1128(นิติฯ)
5230,098-695-9810(นิติฯ)
5231,098-746-4515
5232,098-747-4321(นิติฯ)
5233,098-747-4321(นิติฯ)
5234,098-748-9887(นิติฯ)
5235,098-749-9735(บริษัท)
5236,098-749-9735(บริษัท)
5237,098-780-0912
5238,098-780-0912(นิติฯ)
5239,098-780-0912(นิติฯ)
5240,098-780-0912(นิติฯ)
5241,098-787-2456(นิติฯ)
5242,098-797-4987  096-697-4247
5243,098-812-9332
5244,098-818-9223
5245,098-818-9223(นิติฯ)
5246,098-825-1191
5247,098-825-1191(นิติฯ)
5248,098-825-1191(นิติฯ)
5249,098-827-1611(นิติฯ)
5250,098-827-3899(นิติฯ)
5251,098-830-0064
5252,098-830-0064(นิติฯ)
5253,098-830-0064(นิติฯ)
5254,098-831-2899(นิติฯ)
5255,098-836-5265
5256,098-838-7283
5257,098-838-7283 (คุณเเต)
5258,098-838-7283(นิติฯ)
5259,098-848-9923(บริษัท)
5260,098-848-9923(บริษัท)
5261,098-857-3693
5262,"098-857-3693(นิติฯ) "
5263,098-859-0298(นิติฯ)
5264,098-869-2685
5265,098-869-2685(นิติฯ)
5266,098-871-4619(นิติฯ)
5267,098-874-9202(นิติฯ)
5268,098-874-9209(นิติฯ)
5269,098-875-5515(นิติฯ)
5270,098-879-4401
5271,098-879-4401(นิติฯ)
5272,098-879-4401(นิติฯ)
5273,098-882-0122
5274,098-882-0122(นิติฯ)
5275,098-882-0122(นิติฯ)
5276,098-882-0122(นิติฯ)คุณฝ้าย(ผจก.อาคาร)
5277,098-884-1219(หน้างาน)
5278,"098-886-2265 "
5279,098-886-2265(IRM-Extra )
5280,098-886-2265(หน้างาน)
5281,098-892-8894
5282,098-892-8894(นิติฯ)
5283,098-892-8894(นิติฯ)
5284,098-8978541
5285,098-912-2294
5286,098-912-2294(นิติฯ)
5287,098-912-2294(นิติฯ)
5288,098-912-2294(นิติฯ)089-305-3689(นิติฯ)
5289,098-914-1585
5290,098-915-5742
5291,098-935-2600
5292,098-935-2600(นิติฯ)
5293,098-935-9699
5294,098-938-2798
5295,098-938-2798(นิติฯ)
5296,098-938-2798(นิติฯ)
5297,098-939-6295(นิติฯ)
5298,098-941-2520(นิติฯ)
5299,098-949-1451(นิติฯ)
5300,098-951-3638(นิติ)
5301,098-953-6522(คุณนก)
5302,098-956-5228(นิติ)
5303,098-956-6870
5304,098-976-8389(นิติฯ)
5305,098-976-8389(นิติฯ)
5306,098-982-0060
5307,098-982-0060(นิติฯ)
5308,098-995-2290
5309,098-995-2290(นิติฯ)
5310,098-998-3635
5311,098-998-3635(นิติฯ)
5312,"098-998-3635(นิติฯ) "
5313,098-998-3635(นิติฯ)
5314,099-023-3608
5315,099-023-3608(นิติฯ)
5316,099-023-3608(นิติฯ)
5317,099-049-3434
5318,099-052-8062(นิติฯ)
5319,099-052-8062(นิติฯ)
5320,099-055-6651
5321,099-055-7966 066-062-5533
5322,099-059-2442
5323,099-064-0003
5324,099-064-0003(นิติฯ)
5325,099-064-0003(นิติฯ)
5326,099-064-5558
5327,099-064-5558(นิติ)
5328,099-064-5558(นิติ)
5329,099-064-5558(นิติฯ)
5330,099-067-2800 คุณพี
5331,099-080-4424(นิติฯ)
5332,099-110-3456
5333,099-110-3456(นิติฯ)
5334,"099-110-3456(นิติฯ) "
5335,099-110-3456(นิติฯ)
5336,099-110-8577
5337,099-110-8577(นิติฯ)
5338,099-110-8577(นิติฯ)
5339,099-110-8577(นิติฯ)
5340,099-112-5854
5341,099-119-1249
5342,099-119-1249(นิติฯ)
5343,099-119-1249(นิติฯ)
5344,099-120-8008
5345,"099-120-8008(นิติฯ) "
5346,099-120-8008(นิติฯ)
5347,099-127-9437
5348,099-127-9437(นิติฯ)
5349,"099-127-9437(นิติฯ) "
5350,099-127-9437(นิติฯ)
5351,099-148-1888
5352,099-148-8811(นิติฯ)
5353,099-149-6942(นิติฯ)
5354,099-165-2488(นิติฯ)
5355,099-169-2681
5356,099-178-6493(นิติฯ)
5357,099-191-9933
5358,099-191-9933(นิติฯ)
5359,099-215-7070(นิติฯ)
5360,099-216-8789(นิติฯ)
5361,"099-218-2835(นิติฯ) "
5362,099-218-5551
5363,099-218-5551(นิติฯ)
5364,099-219-4024
5365,099-230-3443(นิติฯ)
5366,099-242-5582
5367,099-247-9262
5368,099-247-9449
5369,099-247-9449(นิติฯ)
5370,099-249-5958
5371,099-250-5500
5372,099-250-5500(นิติฯ)
5373,099-250-5500(นิติฯ)
5374,099-260-4477
5375,099-260-4477(นิติฯ)
5376,099-260-4477(นิติฯ)
5377,099-262-1999
5378,"099-262-1999(นิติฯ) "
5379,099-262-1999(นิติฯ)
5380,099-271-2798  063-224-7619(บริษัท)
5381,099-279-2992
5382,099-279-2992(นิติฯ)
5383,099-279-2992(นิติฯ)
5384,099-281-2942 (หน้างาน )
5385,099-284-4401(นิติฯ)
5386,"099-284-4401(นิติฯ)  085-438-9877(นิติฯ) "
5387,099-284-4401(นิติฯ)
5388,099-284-5239 (หน้างาน )
5389,099-284-5239(บริษัท)
5390,"099-284-5239(บริษัท)คุณปลิว064-939-5650 คุณอาย "
5391,099-284-5239(ส่วนกลาง)
5392,099-284-5239(หน้างาน)
5393,099-284-5239
5394,099-285-1619
5395,099-285-1619(นิติฯ)
5396,"099-285-1619(นิติฯ) "
5397,099-287-1978
5398,099-287-3770(นิติฯ)
5399,099-287-3863(นิติฯ)
5400,099-289-1730
5401,099-289-1730(นิติฯ)
5402,099-289-2340
5403,099-289-2340(นิติฯ)
5404,099-289-6005(นิติฯ1)
5405,099-293-0803(นิติ)
5406,099-293-0803(นิติฯ)
5407,099-301-7002(นิติฯ)
5408,099-319-5469
5409,099-319-5469 (นิติฯ 1)  099-356-2429
5410,099-319-5469(นิติฯ) 099-356-2429(นิติฯ)
5411,099-319-5469(นิติฯ)
5412,099-320-2044
5413,099-320-2044(นิติฯ)
5414,099-324-7455 098-257-4993
5415,099-324-9147
5416,099-324-9147(นิติฯ)
5417,099-324-9147(นิติฯ)
5418,099-326-3718
5419,099-326-3718(นิติฯ)
5420,099-326-3718(นิติฯ)
5421,099-326-3718(นิติฯ)
5422,099-326-5052
5423,099-326-5052(นิติฯ)
5424,099-326-8541
5425,099-338-5610
5426,099-347-3330(นิติฯ)
5427,099-353-4103(นิติฯ)
5428,099-356-2429
5429,099-356-2429(นิติฯ)
5430,099-356-2429(นิติฯ)
5431,099-394-4998
5432,099-394-4998(นิติ)
5433,099-394-4998(นิติ)
5434,099-398-4690
5435,099-398-4690(นิติฯ)
5436,099-398-4690(นิติฯ)
5437,099-404-9326นิติ (คุณเมเปิล)
5438,099-419-1600
5439,099-419-8852
5440,099-419-8852 061-994-7788
5441,099-431-0213
5442,099-437-2525(นิติฯ)
5443,099-437-7185(นิติฯ)
5444,099-442-3294
5445,099-442-3294(นิติฯ)
5446,099-442-3294(นิติฯ)
5447,099-446-9646  081-874-5746
5448,099-447-6596
5449,099-452-8008
5450,099-452-8008(นิติฯ)
5451,099-452-8008(นิติฯ)
5452,099-457-5255
5453,099-463-6939
5454,099-463-6939
5455,"099-469-3782(นิติฯ) "
5456,099-469-3782(นิติฯ)
5457,099-486-1589
5458,099-494-2777
5459,099-494-2777(นิติฯ)
5460,099-496-9950
5461,099-496-9950(นิติฯ)
5462,099-497-6407(นิติฯ)
5463,099-497-6407
5464,099-499-1122(นิติฯ)
5465,099-534-4924
5466,099-534-4924(นิติฯ)
5467,099-534-4924(นิติฯ)
5468,099-534-4924
5469,099-560-0783(นิติฯ)
5470,099-612-8471
5471,099-616-2125
5472,099-616-2125(นิติฯ)
5473,099-616-2125(นิติฯ)
5474,099-616-2125(นิติฯ)
5475,099-618-5558
5476,099-618-5558(นิติ)
5477,099-618-5558(นิติ)
5478,099-621-1785(บริษัท)
5479,099-624-8295
5480,099-624-8295(นิติฯ)
5481,099-624-8295(นิติฯ)
5482,099-624-8295(นิติฯ)
5483,099-625-3334(นิติฯ)
5484,099-651-8842(นิติฯ)
5485,099-672-8629
5486,099-689-8759(นิติฯ)
5487,099-703-2505(นิติฯ)
5488,099-713-9286
5489,099-713-9286(นิติฯ)
5490,099-720-5351(นิติฯ)
5491,099-745-2261
5492,099-745-2261(นิติฯ)
5493,099-745-2261(นิติฯ)
5494,099-782-3462(คุณส้ม ผจก.)
5495,099-783-2059
5496,099-843-7169(นิติฯ)
5497,099-845-6584(นิติฯ)
5498,099-845-6584(นิติฯ)
5499,099-871-4679(นิติฯ)
5500,099-904-6530 (นิติฯ) คุณอาร์ม
5501,099-904-6530(นิติฯ)
5502,099-905-0878(นิติฯ)
5503,099-909-2696(นิติฯ)
5504,"099-914-9381(นิติฯ) "
5505,099-914-9381(นิติฯ)
5506,099-916-5351
5507,099-939-4255(นิติฯ)
5508,099-963-9925(บริษัท)
5509,099-963-9925(บริษัท)096-283-4926(นิติฯ)
5510,099-979-9535
5511,099-979-9535(บริษัท))
5512,099-979-9535(บริษัท)
5513,085-3261562
5514,99-356-4452 คุณเปิล
5515,083-973-4473 นุ้ย
5516,063-226-4962 คุณพรชัย
5517,081-437-8171
5518,092-509-3091
5519,095-852-7637**คุณอติเทพ(ผู้จัดการนิติบุคคล) 082-989-6689  084-220-8880
5520,094-541-5914 // คุณวิลาวรรณ(รักษาการ ผจก) 082-151-2291
5521,094-889-9944
5522,089-245-2644 / คุณซาร่า 090-924-8810
5523,089-245-2644/คุณซาร่า 090-924-8810
5524,061-943-6433
5525,087-362-3596
5526,063-285-9444
