phone3_id,phone3
1,(062-891-1551คุณตั๊ก) (064-862-6778 คุณกิ้ก)
2,(080-329-4292คุณลี่)
4,084-000-8246
5,081-396-8817(เบอร์ส่วนตัว)
6,081-945-9984
7,009-465-9796(เบอร์ส่วนตัว)คุณน้อง082-954-9169(เบอร์ส่วนตัว)คุณพลอย
8,02-045-1285
9,02-052-9997
10,02-106-2328
11,02-173-0001-3#1105
12,02-260-9000
13,061-014-8316
14,"061-020-5632 "
15,061-020-5632(เบอร์ส่วนตัว)(คุณมะนาว) 081-250-2881(เบอร์ส่วนตัว)(คุณเพชร)
16,061-020-5632(เบอร์ส่วนตัว)
17,061-020-5632
18,061-023-9635(เบอร์ส่วนตัว)
19,061-025-9056
20,061-025-9056(เบอร์ส่วนตัว)
21,061-030-1626(เบอร์ส่วนตัว)
22,061-031-4816(เบอร์ส่วนตัว)
23,061-037-7963
24,061-058-8302(เบอร์ส่วนตัว)
25,061-059-7262(เบอร์ส่วนตัว)
26,061-061-9129(เบอร์ส่วนตัว)
27,061-062-8384
28,061-062-8384(เบอร์ส่วนตัว)
29,061-062-9462(เบอร์ส่วนตัว)
30,061-063-6022(เบอร์ส่วนตัว)
31,061-068-8754(เบอร์ส่วนตัว)
32,061-071-5709(เบอร์ส่วนตัว)
33,061-078-3252(เบอร์ส่วนตัว)
34,061-079-3417(เบอร์ส่วนตัว)
35,061-081-2399
36,061-102-9910
37,061-104-1857(เบอร์ส่วนตัว)
38,061-104-4565(เบอร์ส่วนตัว)
39,061-105-9985(เบอร์ส่วนตัว)
40,061-121-9448
41,061-121-9448(เบอร์ส่วนตัว)
42,061-121-9448(เบอร์ส่วนตัว)
43,061-121-9448(นิติฯ)
44,061-123-4161
45,061-132-9342(เบอร์ส่วนตัว)
46,061-138-6645
47,061-158-5954
48,061-167-0053
49,061-167-0053
50,061-169-1444
51,061-169-2624(เบอร์ส่วนตัว)
52,061-169-8283(เบอร์ส่วนตัว)
53,061-169-8283(เบอร์ส่วนตัว)คุณปานทิพย์ (ต่าย)
54,061-174-1971(เบอร์ส่วนตัว)
55,061-179-0553(เบอร์ส่วนตัว))
56,061-180-2683(เบอร์ส่วนตัว)
57,061-180-8899(เบอร์ส่วนตัว)
58,061-183-6886
59,061-183-6886(เบอร์ส่วนตัว)
60,061-189-8919(เบอร์ส่วนตัว)
61,061-192-6704(เบอร์ส่วนตัว)
62,061-193-2160(เบอร์ส่วนตัว)
63,061-196-1000
64,061-196-1292(เบอร์ส่วนตัว)
65,061-206-1921(เบอร์ส่วนตัว)
66,061-206-1921(เบอร์ส่วนตัว)คุณริช096-597-9317(เบอร์ส่วนตัว)คุณมาเฟียร์
67,061-215-3071(เบอร์ส่วนตัว)
68,061-216-9598
69,061-216-9598(เบอร์ส่วนตัว) คุณปิ่น
70,061-216-9598(เบอร์ส่วนตัว)(สะดวกเบอร์นี้)
71,061-216-9598(เบอร์ส่วนตัว)
72,061-217-8989
73,061-217-8989(เบอร์ส่วนตัว)
74,061-217-8989(เบอร์ส่วนตัว)
75,061-217-8989(คุณเหมี๋ยว)
76,061-218-6006
77,061-218-6006(เบอร์ส่วนตัว)
78,061-219-5895(เบอร์ส่วนตัว)
79,061-226-7145(เบอร์ส่วนตัว)
80,061-229-5632
81,061-229-5632(เบอร์ส่วนตัว)
82,061-229-5632(เบอร์ส่วนตัว)
83,061-232-6693
84,061-234-0210(เบอร์ส่วนตัว)
85,061-235-1829
86,061-236-5496
87,061-239-3308(เบอร์ส่วนตัว)
88,061-240-0114(เบอร์ส่วนตัว)
89,061-245-3357(เบอร์ส่วนตัว)
90,061-249-8878(เบอร์ส่วนตัว)
91,061-251-5154
92,061-251-6566(เบอร์ส่วนตัว)
93,061-252-2424
94,061-254-3363
95,061-254-3363(เบอร์ส่วนตัว)
96,061-260-6504(เบอร์ส่วนตัว)
97,061-261-0210(เบอร์ส่วนตัว)
98,061-262-1431(เบอร์ส่วนตัว)
99,061-264-3996(เบอร์ส่วนตัว)
100,061-265-6189
101,061-265-8104(เบอร์ส่วนตัว)
102,061-268-1089(เบอร์ส่วนตัว)
103,"061-268-1089(เบอร์ส่วนตัว)	"
104,061-268-5014(เบอร์ส่วนตัว)
105,061-268-9989
106,061-268-9989(เบอร์ส่วนตัว)
107,061-269-8214(เบอร์ส่วนตัว)
108,061-280-0224(เบอร์ส่วนตัว)
109,061-294-6161
110,061-294-6161(เบอร์ส่วนตัว)
111,061-295-6364(เบอร์ส่วนตัว)
112,061-295-6364(เบอร์ส่วนตัว)
113,061-298-3939(เบอร์ส่วนตัว)
114,061-325-8516(เบอร์ส่วนตัว)
115,061-326-7951(เบอร์ส่วนตัว)
116,061-341-7322(เบอร์ส่วนตัว)
117,061-347-5959(เบอร์ส่วนตัว)
118,061-361-6959(เบอร์ส่วนตัว)
119,061-373-4778
120,061-373-4778(เบอร์ส่วนตัว)
121,061-384-8883(เบอร์ส่วนตัว)
122,061-385-7304(เบอร์ส่วนตัว)
123,061-389-9299(เบอร์ส่วนตัว)
124,061-390-6889
125,061-394-3382(เบอร์ส่วนตัว)
126,061-396-4950(เบอร์ส่วนตัว)
127,061-401-0448
128,061-403-9466( เบอร์ส่วนตัว))
129,061-403-9466(เบอร์ส่วนตัว)
130,061-404-0101(เบอร์ส่วนตัว)
131,061-404-3722
132,061-404-3722(เบอร์ส่วนตัว)
133,061-409-6752(เบอร์ส่วนตัว)
134,061-414-8884(เบอร์ส่วนตัว)
135,061-416-1104(เบอร์ส่วนตัว)
136,061-416-1104(เบอร์ส่วนตัว)097-334-4365(เบอร์ส่วนตัว)
137,061-421-7329(เบอร์ส่วนตัว)
138,061-423-4777
139,061-424-6462(เบอร์ส่วนตัว)
140,061-424-6462(เบอร์ส่วนตัว)สะดวกเบอร์นี้
141,061-434-1861(เบอร์ส่วนตัว)(สะดวกเบอร์นี้))
142,061-434-7572(เบอร์ส่วนตัว)
143,061-434-7573(เบอร์ส่วนตัว)
144,061-436-5500(เบอร์ส่วนตัว)
145,061-436-5500(เบอร์ส่วนตัว)
146,061-447-6336
147,061-447-6336(เบอร์ส่วนตัว)
148,061-449-8936(เบอร์ส่วนตัว)
149,061-451-5636(เบอร์ส่วนตัว)
150,061-453-2895(เบอร์ส่วนตัว)
151,061-457-5000(เบอร์ส่วนตัว)
152,061-460-6922
153,061-460-6922คุณภัทร(IT)
154,061-468-2399(เบอร์ส่วนตัว)
155,061-469-1769(เบอร์ส่วนตัว)
156,061-473-8599
157,061-474-4666(เบอร์ส่วนตัว)
158,061-478-8282(เบอร์ส่วนตัว)
159,061-479-3245(เบอร์ส่วนตัว)
160,061-479-3245(เบอร์ส่วนตัว)
161,061-490-5424(เบอร์ส่วนตัว)
162,061-492-0737
163,061-492-0737(เบอร์ส่วนตัว)
164,061-492-2261(เบอร์ส่วนตัว)
165,061-493-2444(เบอร์ส่วนตัว)
166,061-494-3322(เบอร์ส่วนตัว)
167,061-495-6226(เบอร์ส่วนตัว)
168,061-504-2424(เบอร์ส่วนตัว)
169,061-504-2705
170,061-504-2705(เบอร์ส่วนตัว)
171,061-504-2705(เบอร์ส่วนตัว)
172,061-505-2554(เบอร์ส่วนตัว)
173,061-508-8551(เบอร์ส่วนตัว)
174,061-516-3615(เบอร์ส่วนตัว)
175,061-521-5668
176,061-521-5668(เบอร์ส่วนตัว)
177,061-523-2442
178,061-524-7464
179,061-526-2491(เบอร์ส่วนตัว)
180,061-536-8234
181,061-538-2424(เบอร์ส่วนตัว)
182,061-543-7111(เบอร์ส่วนตัว)
183,061-545-8956(เบอร์ส่วนตัว)
184,061-547-4198(เบอร์ส่วนตัว)
185,061-554-6351
186,061-554-6351(เบอร์ส่วนตัว)
187,061-554-6351(ส่วนตัว)
188,061-555-6038(เบอร์ส่วนตัว)
189,061-560-1187
190,061-560-1187(เบอร์ส่วนตัว)
191,061-561-3157
192,061-561-5539(เบอร์ส่วนตัว)
193,061-565-8356(เบอร์ส่วนตัว)
194,061-565-9869
195,061-565-9949
196,061-565-9949(เบอร์ส่วนตัว)
197,061-565-9949(เบอร์ส่วนตัว)
198,061-582-2446
199,061-582-2446(เบอร์ส่วนตัว)
200,061-585-0095(เบอร์ส่วนตัว)
201,061-586-8120(เบอร์ส่วนตัว)
202,061-586-9792(เบอร์ส่วนตัว)
203,061-592-5347(เบอร์ส่วนตัว)
204,061-594-9292(เบอร์ส่วนตัว)
205,061-597-6584(เบอร์ส่วนตัว)
206,061-597-8235(เบอร์ส่วนตัว)
207,061-597-9193(เบอร์ส่วนตัว)
208,061-601-9695(เบอร์ส่วนตัว)
209,061-603-8339(เบอร์ส่วนตัว)
210,061-603-8339(เบอร์ส่วนตัว)
211,061-604-7725(เบอร์ส่วนตัว)
212,061-608-3477(เบอร์ส่วนตัว)
213,061-614-2697
214,061-614-2697(เบอร์ส่วนตัว)
215,061-614-5290(เบอร์ส่วนตัว)สะดวกเบอร์นี้)
216,061-614-6463
217,061-615-3296(เบอร์ส่วนตัว)
218,061-615-9359
219,061-615-9359
220,061-616-4414(เบอร์ส่วนตัว)
221,061-621-3754(เบอร์ส่วนตัว)
222,061-624-9326(เบอร์ส่วนตัว)
223,061-628-5532(เบอร์ส่วนตัว)
224,061-629-3223
225,061-635-9194
226,061-635-9439(เบอร์ส่วนตัว)
227,061-640-4207(เบอร์ส่วนตัว)
228,061-642-9955 (เบอร์ส่วนตัว)
229,061-642-9955 (เบอร์ส่วนตัว) 082-745-5931
230,061-642-9955(เบอร์ส่วนตัว)
231,061-646-9479(เบอร์ส่วนตัว)
232,061-648-7264(เบอร์ส่วนตัว)
233,061-651-5362(เบอร์ส่วนตัว)
234,061-651-5963(เบอร์ส่วนตัว)
235,061-653-5569(เบอร์ส่วนตัว)
236,061-653-9632(เบอร์ส่วนตัว)
237,061-656-9869
238,061-657-6364(เบอร์ส่วนตัว)
239,061-659-1594(เบอร์ส่วนตัว)
240,061-660-7706(เบอร์ส่วนตัว)
241,061-665-9414
242,061-667-1582(เบอร์ส่วนตัว)
243,061-669-9697
244,061-669-9697 (เบอร์ส่วนตัว)
245,061-669-9697(เบอร์ส่วนตัว)
246,061-681-6713(เบอร์ส่วนตัว)
247,061-681-6713
248,061-682-0736เบอร์ส่วนตัว)
249,061-683-9615
250,061-683-9615(เบอร์ส่วนตัว)
251,061-686-4169(เบอร์ส่วนตัว))
252,061-692-4669
253,061-6924669 (เบอร์ส่วนตัว)
254,061-692-4669 (เบอร์ส่วนตัว)
255,"061-692-4669 "
256,061-692-4669(เบอร์ส่วนตัว)
257,061-692-4669(เบอร์ส่วนตัว)คุณจินตนา 085-590-8051(เบอร์ส่วนตัว)คุณตุ๊กตา
258,061-692-4669(เบอร์ส่วนตัว)คุณจินตนา(บัญชีส่วนกลาง)
259,"061-692-4669(เบอร์ส่วนตัว)คุณจินตนา(บัญชีส่วนกลาง) 062-486-6250(เบอร์ส่วนตัว)คุณอรรถพล "
260,061-692-4669
261,061-692-46696(เบอร์ส่วนตัว)
262,061-693-7219(เบอร์ส่วนตัว)
263,061-694-6589
264,061-698-4121(เบอร์ส่วนตัว)
265,061-707-0650(เบอร์ส่วนตัว)
266,061-708-7779(เบอร์ส่วนตัว)
267,061-715-0016
268,061-718-2277(เบอร์ส่วนตัว)
269,061-718-7832(เบอร์ส่วนตัว)
270,061-719-0880
271,061-723-5995
272,061-730-7999(เบอร์ส่วนตัว)
273,061-734-4740(เบอร์ส่วนตัว)
274,061-746-9266
275,061-747-1554(เบอร์ส่วนตัว)
276,061-750-3377(เบอร์ส่วนตัว)
277,061-767-7599(เบอร์ส่วนตัว)
278,061-767-7999(เบอร์ส่วนตัว)
279,061-770-9339
280,061-775-1778(เบอร์ส่วนตัว)
281,061-775-1778(เบอร์ส่วนตัว)
282,061-778-5544(เบอร์ส่วนตัว)
283,061-784-8444
284,061-787-5577(เบอร์ส่วนตัว)
285,"061-791-6393 "
286,061-791-6393(เบอร์ส่วนตัว)
287,061-791-6393(หน้างาน )
288,061-791-9456(เบอร์ส่วนตัว)
289,061-791-9623
290,061-795-7447
291,061-798-0273
292,061-798-0273(เบอร์ส่วนตัว)
293,061-798-0273(เบอร์ส่วนตัว)
294,061-798-0273(ส่วนตัว)
295,061-803-5011(เบอร์ส่วนตัว)
296,061-812-2440
297,061-818-1861
298,061-821-1153 (เบอร์ส่วนตัว)
299,061-821-1153 (เบอร์ส่วนตัว)(ผู้จัดการนิติบุคคลฯ)
300,061-821-1153(เบอร์ส่วนตัว)
301,061-821-5500(เบอร์ส่วนตัว)
302,061-824-4545
303,061-832-7138(เบอร์ส่วนตัว)
304,061-834-8127(เบอร์ส่วนตัว)
305,061-841-1710
306,061-842-2888(เบอร์ส่วนตัว)
307,061-853-6515
308,061-854-1125
309,061-854-1125(เบอร์ส่วนตัว)
310,061-854-1125(เบอร์ส่วนตัว)
311,061-854-6421
312,061-857-3773
313,061-857-5225(เบอร์ส่วนตัว)
314,061-858-5553
315,061-858-5996 (เบอร์ส่วนตัว)
316,061-858-5996(เบอร์ส่วนตัว)
317,061-863-5168 (เบอร์ส่วนตัว)
318,061-863-5168(เบอร์ส่วนตัว)
319,061-864-5655(เบอร์ส่วนตัว)
320,061-865-8899
321,061-869-0802(เบอร์ส่วนตัว)
322,061-871-6090(เบอร์ส่วนตัว)
323,061-874-3915
324,061-876-3339(เบอร์ส่วนตัว)
325,061-879-6688
326,061-879-7439(เบอร์ส่วนตัว)
327,061-879-7549
328,061-879-7549(เบอร์ส่วนตัว)
329,061-879-9223
330,061-880-1222(นิติฯ)
331,061-889-5125
332,061-889-5125(เบอร์ส่วนตัว)
333,061-889-5125(เบอร์ส่วนตัว)
334,061-891-2666(เบอร์ส่วนตัว)
335,061-891-2666(เบอร์ส่วนตัว)
336,061-891-3836(เบอร์ส่วนตัว)
337,061-892-6965(เบอร์ส่วนตัว)
338,061-893-7872
339,061-893-8847
340,061-896-2397(เบอร์ส่วนตัว)
341,061-904-3388(เบอร์ส่วนตัว)
342,061-909-8426(เบอร์ส่วนตัว)
343,061-915-6226
344,061-915-6226(เบอร์ส่วนตัว)
345,061-915-8300(เบอร์ส่วนตัว)
346,061-917-7878(เบอร์ส่วนตัว)
347,061-919-1008(เบอร์ส่วนตัว)
348,061-924-1914(เบอร์ส่วนตัว)
349,061-928-9923(เบอร์ส่วนตัว)
350,061-932-5365
351,061-932-5365(เบอร์ส่วนตัว)
352,061-932-5365(เบอร์ส่วนตัว)
353,061-936-6942(เบอร์ส่วนตัว)
354,061-936-8412
355,061-936-8962(เบอร์ส่วนตัว)
356,061-936-8962
357,061-942-4744(เบอร์ส่วนตัว)
358,061-942-4744
359,061-943-6433(เบอร์ส่วนตัว)
360,061-953-2429(เบอร์ส่วนตัว)
361,061-956-3264(เบอร์ส่วนตัว)
362,061-958-2892
363,061-961-7564
364,061-963-4463(เบอร์ส่วนตัว)
365,061-976-2435
366,061-978-2428(เบอร์ส่วนตัว)
367,061-978-5644(เบอร์ส่วนตัว)
368,061-978-5644(เบอร์ส่วนตัว)
369,061-978-7915(เบอร์ส่วนตัว)
370,061-978-7915(เบอร์ส่วนตัว)
371,061-978-7915(เบอร์ส่วนตัว)
372,061-979-3228(เบอร์ส่วนตัว)
373,061-979-4987
374,061-980-5121
375,061-982-8782(เบอร์ส่วนตัว)
376,061-989-4629
377,061-991-2464(เบอร์ส่วนตัว)สะดวกเบอร์นี้))
378,061-991-3229(เบอร์ส่วนตัว)
379,061-992-3929(เบอร์ส่วนตัว)
380,061-992-4245(เบอร์ส่วนตัว)
381,061-993-7885(เบอร์ส่วนตัว)
382,061-995-6113(เบอร์ส่วนตัว)
383,061-998-3211(เบอร์ส่วนตัว)
384,061-998-8996
385,062-007-0768
386,062-010-3625(เบอร์ส่วนตัว)
387,062-050-5174(เบอร์ส่วนตัว)
388,062-053-1901(เบอร์ส่วนตัว)
389,062-060-6231(เบอร์ส่วนตัว)
390,062-069-0044(เบอร์ส่วนตัว)
391,062-069-4642
392,062-069-4642(เบอร์ส่วนตัว)
393,062-069-4642(เบอร์ส่วนตัว)
394,062-086-9651(เบอร์ส่วนตัว)
395,062-095-2555
396,062-095-2555 (เบอร์ส่วนตัว)
397,062-095-2555(เบอร์ส่วนตัว)
398,062-095-2555(เบอร์ส่วนตัว)
399,062-095-2555(เบอร์ส่วนตัว)
400,062-105-3168
401,062-115-3362(เบอร์ส่วนตัว)
402,062-118-9968(เบอร์ส่วนตัว)
403,062-121-4445(เบอร์ส่วนตัว)
404,062-131-1606(เบอร์ส่วนตัว)
405,062-145-9542(เบอร์ส่วนตัว)
406,062-148-7923
407,062-148-7923(เบอร์ส่วนตัว)
408,062-161-4166(เบอร์ส่วนตัว)
409,062-168-5960(เบอร์ส่วนตัว)
410,062-169-5246(เบอร์ส่วนตัว)
411,062-173-9800
412,062-175-6606
413,062-179-9849(เบอร์ส่วนตัว)
414,062-181-6069(เบอร์ส่วนตัว)
415,062-191-6197
416,062-191-6197(เบอร์ส่วนตัว)
417,062-191-6197(เบอร์ส่วนตัว)
418,062-191-6197(เบอร์ส่วนตัว)
419,062-191-6197
420,062-195-7987(เบอร์ส่วนตัว)
421,062-197-6947(เบอร์ส่วนตัว)
422,062-209-8925(เบอร์ส่วนตัว)
423,062-209-8925(เบอร์ส่วนตัว)
424,062-214-5599
425,062-214-5599(เบอร์ส่วนตัว)
426,062-214-5599(เบอร์ส่วนตัว)
427,062-214-5599  098-260-4113
428,062-220-4305(เบอร์ส่วนตัว)
429,062-221-1252(เบอร์ส่วนตัว)
430,062-226-1104
431,062-238-7998(เบอร์ส่วนตัว)
432,062-242-1455(เบอร์ส่วนตัว)
433,062-242-5176(เบอร์ส่วนตัว)
434,062-242-5499(เบอร์ส่วนตัว)
435,062-242-5499(เบอร์ส่วนตัว)
436,062-246-2614(เบอร์ส่วนตัว)
437,062-247-4499
438,062-249-5895(เบอร์ส่วนตัว)
439,062-263-9395(เบอร์ส่วนตัว)
440,062-278-3561(เบอร์ส่วนตัว)
441,062-285-6429(เบอร์ส่วนตัว)
442,062-287-9259(เบอร์ส่วนตัว)
443,062-295-1544(เบอร์ส่วนตัว)
444,062-296-6516(เบอร์ส่วนตัว)
445,062-303-1650(เบอร์ส่วนตัว)
446,062-308-4724(เบอร์ส่วนตัว)
447,062-308-5864(เบอร์ส่วนตัว)
448,062-309-8074(เบอร์ส่วนตัว)
449,062-309-8074(เบอร์ส่วนตัว)
450,062-309-8074(ส่วนตัว)
451,062-309-8979
452,062-321-5440(เบอร์ส่วนตัว)
453,062-324-4165
454,062-324-5569
455,062-324-5569(เบอร์ส่วนตัว)
456,062-324-5951 คุณปุ๋ย
457,062-326-8507
458,062-327-9344(เบอร์ส่วนตัว)
459,062-335-0997(เบอร์ส่วนตัว)
460,062-335-0997(เบอร์ส่วนตัว)
461,062-339-8958(เบอร์ส่วนตัว)
462,062-342-1998(เบอร์ส่วนตัว)
463,062-342-4224(เบอร์ส่วนตัว)
464,062-343-5844
465,062-345-2595
466,062-348-1427(เบอร์ส่วนตัว)
467,062-348-1427(เบอร์ส่วนตัว)
468,062-351-9996(เบอร์ส่วนตัว)
469,062-352-4164(เบอร์ส่วนตัว)
470,062-352-4164(เบอร์ส่วนตัว)
471,062-353-5923 (เบอร์ส่วนตัว)
472,062-356-9553(เบอร์ส่วนตัว)
473,062-356-9553(เบอร์ส่วนตัว)
474,062-358-3266(เบอร์ส่วนตัว)
475,062-359-0225 (เบอร์ส่วนตัว)
476,062-359-0225(เบอร์ส่วนตัว)
477,062-359-9688
478,062-360-9388(เบอร์ส่วนตัว)
479,062-361-1929(เบอร์ส่วนตัว)
480,062-361-1929 094-895-9915(เบอร์ส่วนตัว)
481,062-367-9521
482,062-369-0492
483,062-374-4781(เบอร์ส่วนตัว)
484,062-376-2895
485,062-376-8238
486,062-379-6546(เบอร์ส่วนตัว)
487,062-380-1000(เบอร์ส่วนตัว)
488,062-381-6110(เบอร์ส่วนตัว)
489,062-386-4965
490,062-419-4997(เบอร์ส่วนตัว)
491,062-423-0420
492,062-423-0420(เบอร์ส่วนตัว)
493,062-426-5028(เบอร์ส่วนตัว)
494,062-428-115(คุณหญิง)
495,062-435-0653 (เบอร์ส่วนตัว)
496,062-435-0653 (เบอร์ส่วนตัว)
497,062-435-0653(เบอร์ส่วนตัว)
498,062-435-0653(เบอร์ส่วนตัว)สะดวกเบอร์นี้))
499,062-435-0842(เบอร์ส่วนตัว)
500,062-435-0842(เบอร์ส่วนตัว)
501,062-437-9366(เบอร์ส่วนตัว)
502,062-443-5616(เบอร์ส่วนตัว)
503,062-445-0914
504,062-445-2097(เบอร์ส่วนตัว)
505,062-447-1783
506,062-447-1783(เบอร์ส่วนตัว)
507,062-456-4382(เบอร์ส่วนตัว)
508,062-460-0041(เบอร์ส่วนตัว)
509,062-462-5652(เบอร์ส่วนตัว)
510,062-468-3344
511,062-468-3344 (เบอร์ส่วนตัว)
512,"062-468-3344 "
513,062-468-3344(เบอร์ส่วนตัว)
514,062-468-3344(เบอร์ส่วนตัว)
515,062-472-2422(เบอร์ส่วนตัว)
516,062-473-3473(เบอร์ส่วนตัว)
517,062-474-6536(เบอร์ส่วนตัว)คุณรัตนาภรณ์ (แอน) 092-270-7893(เบอร์ส่วนตัว)คุณรณชัย( PMC)
518,062-474-7921(เบอร์ส่วนตัว)
519,062-474-7921(เบอร์ส่วนตัว)
520,062-478-8875
521,062-478-8875(เบอร์ส่วนตัว)
522,062-485-6594
523,062-485-6594(เบอร์ส่วนตัว)
524,062-486-6250(เบอร์ส่วนตัว)
525,062-486-6250(เบอร์ส่วนตัว)-
526,062-487-3038(เบอร์ส่วนตัว)
527,062-487-3038(เบอร์ส่วนตัว)
528,062-492-3238(เบอร์ส่วนตัว)
529,062-495-5349
530,062-495-5349
531,062-497-9297
532,062-497-9297(เบอร์ส่วนตัว)
533,062-498-9497(เบอร์ส่วนตัว)
534,062-503-2538(เบอร์ส่วนตัว)
535,062-505-3814(เบอร์ส่วนตัว)
536,062-505-4926(เบอร์ส่วนตัว)
537,062-525-4659(เบอร์ส่วนตัว)
538,062-525-5987(เบอร์ส่วนตัว)
539,062-528-4229(เบอร์ส่วนตัว)
540,062-528-8514(ส่วนตัว)
541,062-537-2256
542,062-542-0983(เบอร์ส่วนตัว)
543,062-543-5644
544,062-552-2663(เบอร์ส่วนตัว)
545,062-552-2663(เบอร์ส่วนตัว)คุณใหม่065-969-7424(เบอร์ส่วนตัว)คุณป๊อป
546,062-557-6886(เบอร์ส่วนตัว)
547,062-557-6886(เบอร์ส่วนตัว)สะดวกเบอร์นี้)
548,062-557-8244(เบอร์ส่วนตัว)
549,062-557-8244(เบอร์ส่วนตัว)
550,062-557-8620(เบอร์ส่วนตัว)
551,062-559-7490(เบอร์ส่วนตัว)
552,062-564-3826(เบอร์ส่วนตัว)
553,062-565-7159(เบอร์ส่วนตัว)
554,062-569-6898
555,062-575-5965
556,062-578-5812(เบอร์ส่วนตัว)
557,062-590-5151
558,062-590-9516(เบอร์ส่วนตัว)
559,062-593-5251(เบอร์ส่วนตัว)
560,062-593-6626
561,062-594-5838(เบอร์ส่วนตัว)
562,062-596-6417(เบอร์ส่วนตัว)
563,062-602-8963(เบอร์ส่วนตัว)
564,062-617-3463(เบอร์ส่วนตัว)
565,062-617-9197(เบอร์ส่วนตัว)
566,062-623-6664
567,062-624-5653(เบอร์ส่วนตัว)
568,062-625-5549(เบอร์ส่วนตัว)
569,"062-625-5549 086-539-8534 "
570,062-626-0666(เบอร์ส่วนตัว)
571,062-628-9644
572,062-628-9644(เบอร์ส่วนตัว)
573,062-631-1136
574,062-631-1136(เบอร์ส่วนตัว)
575,062-638-9915(เบอร์ส่วนตัว)
576,062-639-0114(เบอร์ส่วนตัว)
577,062-642-2628
578,062-642-2628(เบอร์ส่วนตัว)
579,062-654-1466(เบอร์ส่วนตัว)
580,062-656-1939(เบอร์ส่วนตัว)
581,062-659-4547(เบอร์ส่วนตัว)
582,062-664-9615
583,062-664-9615(เบอร์ส่วนตัว)
584,062-667-2991(เบอร์ส่วนตัว)
585,"062-676-6317 "
586,062-676-6317(เบอร์ส่วนตัว)
587,062-678-1788(เบอร์ส่วนตัว)
588,062-678-7284(เบอร์ส่วนตัว)
589,062-683-3411(เบอร์ส่วนตัว)
590,062-684-0818(เบอร์ส่วนตัว)(สะดวกเบอร์นี้)
591,062-684-0818(เบอร์ส่วนตัว)คุณแคท 062-996-1966(เบอร์ส่วนตัว)คุณเปิ้ล
592,062-684-8338(เบอร์ส่วนตัว)
593,062-686-4111(เบอร์ส่วนตัว)
594,062-686-4111(เบอร์ส่วนตัว)
595,062-690-4231(เบอร์ส่วนตัว)
596,062-693-1464(เบอร์ส่วนตัว)
597,062-693-4903
598,062-713-2111
599,062-713-2111(เบอร์ส่วนตัว)
600,062-713-2536(เบอร์ส่วนตัว)
601,062-715-2277(เบอร์ส่วนตัว)
602,062-715-7467
603,062-717-0066(เบอร์ส่วนตัว)
604,062-726-2299(เบอร์ส่วนตัว)
605,062-729-1257
606,062-741-6244(เบอร์ส่วนตัว)
607,062-741-6698
608,062-747-6613(เบอร์ส่วนตัว)
609,062-757-7722
610,062-771-4555
611,062-771-4555(เบอร์ส่วนตัว)
612,062-771-6695(เบอร์ส่วนตัว)
613,062-772-2466(เบอร์ส่วนตัว)
614,062-774-7376
615,062-775-5686(เบอร์ส่วนตัว)
616,062-775-5686(เบอร์ส่วนตัว)
617,062-779-1823(เบอร์ส่วนตัว)
618,062-780-1371(เบอร์ส่วนตัว)
619,062-793-5423(เบอร์ส่วนตัว)
620,062-793-6698(เบอร์ส่วนตัว)
621,062-797-7744(เบอร์ส่วนตัว)
622,062-824-4916(เบอร์ส่วนตัว)
623,062-828-0652(เบอร์ส่วนตัว)
624,062-829-2897(เบอร์ส่วนตัว)(สะดวกเบอร์นี้)
625,062-835-2925(เบอร์ส่วนตัว)
626,062-835-2925(เบอร์ส่วนตัว)คุณสาริศ 086-062-9991(เบอร์ส่วนตัว)คุณปริญ(ไอซ์)
627,062-835-6393(เบอร์ส่วนตัว)
628,062-838-9563(เบอร์ส่วนตัว)
629,062-838-9563(เบอร์ส่วนตัว)
630,062-840-6888
631,062-845-2222(เบอร์ส่วนตัว)
632,062-853-5455
633,062-853-5455(เบอร์ส่วนตัว)
634,062-858-8826(เบอร์ส่วนตัว)
635,062-864-8484(เบอร์ส่วนตัว)
636,062-864-8847(เบอร์ส่วนตัว)
637,062-871-8333
638,062-871-8333(เบอร์ส่วนตัว)
639,062-873-8231(เบอร์ส่วนตัว)
640,062-874-4595
641,062-874-4595(เบอร์ส่วนตัว)
642,062-875-1771
643,062-875-2111(เบอร์ส่วนตัว)
644,062-878-7823(เบอร์ส่วนตัว)
645,062-880-8945
646,062-880-8945(เบอร์ส่วนตัว)
647,062-881-1859(เบอร์ส่วนตัว)
648,062-891-1551(เบอร์ส่วนตัว)
649,062-891-1551(เบอร์ส่วนตัว)คุณตั๊ก 082-576-9508(เบอร์ส่วนตัว)คุณกิ๊ก
650,062-891-1551 064-862-6778(เบอร์ส่วนตัว)
651,062-892-1537(เบอร์ส่วนตัว)
652,062-892-2394
653,062-892-2394(เบอร์ส่วนตัว)
654,062-892-2394(เบอร์ส่วนตัว)
655,062-892-2394
656,062-892-5999
657,062-895-8558(เบอร์ส่วนตัว)
658,062-896-3265
659,062-896-3265(เบอร์ส่วนตัว)
660,062-898-6989(เบอร์ส่วนตัว)
661,062-904-9990(เบอร์ส่วนตัว)
662,062-924-2164(เบอร์ส่วนตัว)
663,062-942-2263(เบอร์ส่วนตัว)
664,062-942-4647(เบอร์ส่วนตัว)
665,062-943-3656(เบอร์ส่วนตัว)
666,062-943-3656(เบอร์ส่วนตัว)
667,062-954-6804(เบอร์ส่วนตัว)
668,062-954-6804
669,062-956-6493
670,062-962-8244(เบอร์ส่วนตัว)
671,062-963-6592
672,062-979-1466(เบอร์ส่วนตัว)
673,062-980-1205
674,062-980-1205(เบอร์ส่วนตัว)
675,062-980-1205(ส่วนตัว)
676,062-982-8514(เบอร์ส่วนตัว)
677,062-983-6962(เบอร์ส่วนตัว)
678,062-985-2359
679,062-985-2359(เบอร์ส่วนตัว)
680,062-985-2359(เบอร์ส่วนตัว)
681,062-993-5641
682,062-996-1966(เบอร์ส่วนตัว)
683,063 323-7428
684,063 625-2499
685,063-002-6880
686,063-012-1788(เบอรร์ส่วนตัว)
687,063-023-2828(เบอร์ส่วนตัว)
688,063-032-3258
689,063-032-3258(เบอร์ส่วนตัว)
690,063-045-6999(เบอร์ส่วนตัว)
691,063-071-1071
692,063-071-1071(เบอร์ส่วนตัว)
693,063-076-8111(ส่วนตัว)
694,063-078-8174(เบอร์ส่วนตัว)
695,063-078-8174
696,063-079-9682
697,063-079-9682(เบอร์ส่วนตัว)
698,063-079-9682(เบอร์ส่วนตัว)
699,063-080-5782(เบอร์ส่วนตัว)
700,063-094-3083
701,063-096-2598(เบอร์ส่วนตัว)
702,063-098-3296
703,063-114-5456(เบอร์ส่วนตัว)
704,063-118-7542(เบอร์ส่วนตัว)
705,063-118-7542
706,063-128-7174(เบอร์ส่วนตัว)
707,063-136-8788
708,063-139-9636(เบอร์ส่วนตัว)
709,063-146-2802
710,063-146-2802(เบอร์ส่วนตัว)
711,063-152-5426(เบอร์ส่วนตัว)
712,063-159-8246
713,063-163-1509(เบอร์ส่วนตัว)
714,063-180-3387
715,063-180-3387(เบอร์ส่วนตัว)
716,063-180-3387
717,063-182-2133(เบอร์ส่วนตัว)
718,063-184-2469
719,063-184-2469(เบอร์ส่วนตัว)
720,063-184-2469(ส่วนตัว)
721,063-187-0375(เบอร์ส่วนตัว)
722,063-187-2632(เบอร์ส่วนตัว)
723,063-189-8668(เบอร์ส่วนตัว)
724,063-193-3609
725,063-193-8720(เบอร์ส่วนตัว)
726,063-195-6671
727,063-195-6671
728,063-196-6387(เบอร์ส่วนตัว)
729,063-197-7897(เบอร์ส่วนตัว)
730,063-207-9972(เบอร์ส่วนตัว)
731,063-208-1946(เบอร์ส่วนตัว)
732,063-212-1843(เบอร์ส่วนตัว)
733,063-214-4989(เบอร์ส่วนตัว)
734,063-214-5559(เบอร์ส่วนตัว)
735,063-216-6144(เบอร์ส่วนตัว)
736,063-219-2098(เบอร์ส่วนตัว)
737,063-224-7165(เบอร์ส่วนตัว)
738,063-225-6665(เบอร์ส่วนตัว)
739,063-226-4962
740,063-226-4962(เบอร์ส่วนตัว)
741,063-228-5453(เบอร์ส่วนตัว)
742,063-230-3738
743,063-230-3738 (เบอร์ส่วนตัว)
744,063-230-3738(เบอร์ส่วนตัว)
745,063-230-3738(เบอร์ส่วนตัว)
746,063-230-5220
747,063-232-8707(เบอร์ส่วนตัว)
748,063-238-7775(เบอร์ส่วนตัว)
749,063-241-9656(เบอร์ส่วนตัว)
750,063-243-1246
751,063-246-4789(เบอร์ส่วนตัว)
752,063-246-4996
753,063-248-0773(เบอร์ส่วนตัว)
754,063-248-6859(เบอร์ส่วนตัว)
755,063-251-8393
756,063-251-8393(เบอร์ส่วนตัว)
757,063-258-1769 (เบอร์ส่วนตัว)คุณส้ม(หน้างาน)
758,063-269-3898(เบอร์ส่วนตัว)
759,063-272-3544(เบอร์ส่วนตัว)
760,063-273-4383
761,063-273-9486(เบอร์ส่วนตัว)
762,063-285-9444
763,063-285-9444(เบอร์ส่วนตัว)
764,063-285-9444(เบอร์ส่วนตัว)
765,063-285-9444(เบอร์ส่วนตัว)
766,063-285-9444(เบอร์ส่วนตัว)สะดวกเบอร์นี้))
767,063-308-9772
768,063-308-9772(เบอร์ส่วนตัว)
769,063-310-7601(เบอร์ส่วนตัว)
770,063-323-0534(เบอร์ส่วนตัว)
771,063-324-5802(เบอร์ส่วนตัว)
772,063-326-3951(เบอร์ส่วนตัว)
773,063-326-6164(เบอร์ส่วนตัว)
774,063-329-1496
775,063-339-5871(เบอร์ส่วนตัว)
776,063-343-4110
777,063-343-4110(เบอร์ส่วนตัว)
778,063-346-1444(เบอร์ส่วนตัว)
779,063-348-1998(เบอร์ส่วนตัว)
780,063-356-3606(เบอร์ส่วนตัว)
781,063-357-1353
782,063-359-6822(เบอร์ส่วนตัว)
783,063-360-3751(เบอร์ส่วนตัว)
784,063-360-3751(เบอร์ส่วนตัว)
785,063-360-9092(เบอร์ส่วนตัว)
786,063-363-6193(เบอร์ส่วนตัว)
787,063-367-5032(เบอร์ส่วนตัว)
788,063-368-0202(เบอร์ส่วนตัว)
789,063-378-0006
790,063-378-5959
791,063-381-4141
792,063-386-1562(เบอร์ส่วนตัว)
793,063-390-3610(เบอร์ส่วนตัว)
794,063-395-0596(เบอร์ส่วนตัว)
795,063-395-1490(เบอร์ส่วนตัว)
796,063-397-1115
797,063-397-1115(เบอร์ส่วนตัว)
798,063-403-4554(เบอร์ส่วนตัว)
799,063-410-4550(เบอร์ส่วนตัว)
800,063-412-2693
801,063-412-2693(เบอร์ส่วนตัว)
802,063-412-2693(เบอร์ส่วนตัว)
803,063-412-2859(เบอร์ส่วนตัว)
804,063-413-0044(เบอร์ส่วนตัว)
805,063-416-3274(เบอร์ส่วนตัว)
806,063-420-9551(เบอร์ส่วนตัว)
807,063-421-2997
808,063-421-2997(เบอร์ส่วนตัว)
809,063-421-2997(เบอร์ส่วนตัว)
810,063-445-1363(เบอร์ส่วนตัว)
811,063-445-5885
812,063-446-1911(เบอร์ส่วนตัว)
813,063-446-1911(เบอร์ส่วนตัว)
814,063-446-2804(เบอร์ส่วนตัว)
815,063-446-9508(เบอร์ส่วนตัว)(สะดวกเบอร์นี้)
816,063-449-8819(เบอร์ส่วนตัว)
817,063-456-9966
818,063-458-2275
819,063-467-6349
820,063-469-1719(เบอร์ส่วนตัว)
821,063-472-6440(เบอร์ส่วนตัว)
822,063-486-2255
823,063-494-9616(เบอร์ส่วนตัว)
824,063-504-3722
825,063-516-7583(เบอร์ส่วนตัว)
826,063-516-9728(เบอร์ส่วนตัว)
827,063-523-6600(เบอร์ส่วนตัว)
828,063-525-8206(นิติฯ)
829,063-526-2039
830,063-535-5662
831,063-535-6214(เบอร์ส่วนตัว)
832,063-535-8955(เบอร์ส่วนตัว)
833,063-535-8955(สะดวกให้ติดต่อเบอร์นี้)
834,063-539-8964(เบอร์ส่วนตัว)
835,063-545-6146(เบอร์ส่วนตัว)
836,063-545-8988 081-913-6021(เบอร์ส่วนตัว)
837,063-547-4261(เบอร์ส่วนตัว)
838,063-562-6262
839,063-562-6262(เบอร์ส่วนตัว)
840,063-573-9431(เบอร์ส่วนตัว)
841,063-579-0816(เบอร์ส่วนตัว)
842,063-583-9364(เบอร์ส่วนตัว)
843,063-590-9591(เบอร์ส่วนตัว)
844,063-591-3888
845,063-592-2490
846,063-596-4292
847,063-597-4995 (เบอร์ส่วนตัว)
848,063-597-4995 (เบอร์ส่วนตัว)
849,063-597-4995(เบอร์ส่วนตัว)
850,063-597-4995(เบอร์ส่วนตัว)
851,063-616-1941(เบอร์ส่วนตัว)
852,063-616-1941(เบอร์ส่วนตัว)
853,063-616-1941(เบอร์ส่วนตัว)สะดวกเบอร์นี้)
854,063-625-2499
855,063-625-2499(เบอร์ส่วนตัว)
856,063-626-5835(เบอร์ส่วนตัว)
857,063-630-1027(เบอร์ส่วนตัว)
858,063-632-9641(เบอร์ส่วนตัว)
859,063-641-6178
860,063-641-6178(เบอร์ส่วนตัว)
861,063-641-6178(เบอร์ส่วนตัว)
862,063-641-9153(เบอร์ส่วนตัว)
863,063-647-5852
864,063-647-5852(เบอร์ส่วนตัว)
865,063-647-5852(เบอร์ส่วนตัว)สะดวกเบร์นี้))
866,063-653-3774(เบอร์ส่วนตัว)
867,063-657-7886(เบอร์ส่วนตัว)
868,063-658-4222(เบอร์ส่วนตัว)
869,063-664-4410
870,063-664-6997(เบอร์ส่วนตัว)
871,063-670-3054
872,063-682-1769(เบอร์ส่วนตัว)
873,063-714-6515
874,063-720-8852(เบอร์ส่วนตัว)
875,063-721-3014
876,063-724-4563(เบอร์ส่วนตัว)
877,063-729-4255(เบอร์ส่วนตัว)
878,063-731-5576(เบอร์ส่วนตัว)
879,063-734-7981
880,063-740-5445
881,063-740-5445(เบอร์ส่วนตัว)
882,063-746-8086(เบอร์ส่วนตัว)
883,063-751-2882(เบอร์ส่วนตัว)
884,063-753-6381(เบอร์ส่วนตัว)
885,063-753-6976
886,063-754-4226(เบอร์ส่วนตัว)
887,063-761-4015(หน้างาน)
888,063-763-3598(เบอร์ส่วนตัว)
889,063-763-5847(เบอร์ส่วนตัว)
890,063-763-5847
891,063-776-5188
892,063-776-5188(เบอร์ส่วนตัว)
893,063-781-5162(เบอร์ส่วนตัว)
894,063-783-6060 คุณแจม (อาคาร วีว่า)064-298-5336 คุณโอ (อาคารวีวิด)
895,063-783-6060
896,063-798-2945(เบอร์ส่วนตัว)
897,063-798-2945(เบอร์ส่วนตัว)
898,063-798-9592(เบอร์ส่วนตัว)
899,063-810-2964
900,063-812-9090(เบอร์ส่วนตัว)
901,063-816-3856
902,063-818-9489(เบอร์ส่วนตัว)
903,063-819-3131(เบอร์ส่วนตัว)
904,063-824-6573(เบอร์ส่วนตัว)
905,063-825-6401(เบอร์ส่วนตัว)
906,063-826-5461
907,063-828-6567
908,063-830-2153(เบอร์ส่วนตัว)
909,063-838-8868(เบอร์ส่วนตัว)
910,063-839-8419
911,063-840-7636(เบอร์ส่วนตัว)
912,063-849-9228
913,063-849-9228(เบอรร์ส่วนตัว)
914,063-849-9228(เบอร์ส่วนตัว)
915,063-850-6258
916,063-851-0148(เบอร์ส่วนตัว)
917,063-851-1415
918,063-851-1415
919,063-851-1424
920,063-851-9684(เบอร์ส่วนตัว)
921,063-852-2278(เบอร์ส่วนตัว)
922,063-852-2278(เบอร์ส่วนตัว)สะดวกเบอร์นี้)
923,063-852-2454
924,063-852-2454(เบอร์ส่วนตัว)
925,063-852-2454(เบอร์ส่วนตัว)
926,063-862-9180(เบอร์ส่วนตัว)
927,063-868-4343
928,063-871-1028(เบอร์ส่วนตัว)
929,063-872-1746(เบอร์ส่วนตัว)
930,063-873-3476(เบอร์ส่วนตัว)
931,063-878-4941(เบอร์ส่วนตัว)
932,063-881-8847(เบอร์ส่วนตัว)
933,063-884-9124(เบอร์ส่วนตัว)
934,063-886-9926
935,063-887-5284
936,063-887-5284(เบอร์ส่วนตัว)
937,063-887-5284(เบอร์ส่วนตัว)
938,063-887-5368(ผจก.)099-092-5323(ธุรการ)096-320-5863(การเงิน)
939,063-887-9653(เบอร์ส่วนตัว)
940,063-902-6623(เบอร์ส่วนตัว)
941,063-906-6189
942,063-908-2985
943,063-909-2653
944,063-914-6466(เบอร์ส่วนตัว)
945,063-919-6954(เบอร์ส่วนตัว)
946,063-926-6544(เบอร์ส่วนตัว)
947,063-935-3023(เบอร์ส่วนตัว)
948,063-937-7111(เบอร์ส่วนตัว)
949,063-940-8998(เบอร์ส่วนตัว)
950,063-946-2969(เบอร์ส่วนตัว)
951,063-946-4720(เบอร์ส่วนตัว)
952,063-949-6992(เบอร์ส่วนตัว)
953,063-949-7222(เบอร์ส่วนตัว)
954,063-951-4822(เบอร์ส่วนตัว)
955,063-952-6153(เบอร์ส่วนตัว)
956,063-956-5224
957,063-959-1490(เบอร์ส่วนตัว)
958,063-961-1555
959,063-961-1555(เบอร์ส่วนตัว)
960,063-961-1555(เบอร์ส่วนตัว)
961,063-961-1555
962,063-969-2955(เบอร์ส่วนตัว)
963,063-969-6156
964,063-969-6156(เบอร์ส่วนตัว)
965,063-969-9746(เบอร์ส่วนตัว)
966,063-973-5639
967,063-973-8082
968,063-978-5453(เบอร์ส่วนตัว)
969,063-986-2152(เบอร์ส่วนตัว)
970,063-989-9247(เบอร์ส่วนตัว)
971,063-991-6447
972,063-992-8882
973,063-996-6971(เบอร์ส่วนตัว)
974,063-998-0674(เบอร์ส่วนตัว)
975,064-018-0945(เบอร์ส่วนตัว)
976,064-028-4458(เบอร์ส่วนตัว)
977,064-030-7787(เบอร์ส่วนตัว)
978,064-032-8209
979,064-032-8209(แก้ไขปัญหาติดต่อ )
980,064-048-8483(เบอร์ส่วนตัว)
981,064-051-1799(เบอร์ส่วนตัว)
982,064-058-9564
983,064-063-1766(เบอร์ส่วนตัว)
984,064-068-8729(เบอร์ส่วนตัว)(สะดวกเบอร์นี้)
985,064-080-9703(เบอร์ส่วนตัว)
986,064-082-1654
987,064-091-8478(เบอร์ส่วนตัว)
988,064-092-0426(เบอร์ส่วนตัว)
989,064-098-6249
990,064-102-5750
991,064-106-2226(เบอร์ส่วนตัว)
992,064-109-0670(เบอร์ส่วนตัว)
993,064-112-2284
994,064-112-6840(เบอร์ส่วนตัว)
995,064-114-1108(เบอร์ส่วนตัว)(สะดวกเบอร์นี้)
996,064-114-9556(เบอร์ส่วนตัว)
997,064-115-6156(เบอร์ส่วนตัว)
998,064-1197553(เบอร์ส่วนตัว)
999,064-125-2416(เบอร์ส่วนตัว)
1000,064-125-5798
1001,064-131-9290
1002,064-138-6300
1003,064-138-6300(เบอร์ส่วนตัว)
1004,064-150-1506(เบอร์ส่วนตัว)
1005,064-150-1506(เบอร์ส่วนตัว)
1006,064-151-0101(เบอร์ส่วนตัว)
1007,064-151-5694(เบอร์ส่วนตัว)
1008,064-153-5595(นิติฯ)
1009,064-154-4236(เบอร์ส่วนตัว)
1010,064-156-0497
1011,064-156-2469(เบอร์ส่วนตัว)
1012,064-158-8166(เบอร์ส่วนตัว)
1013,064-160-1680(เบอร์ส่วนตัว)
1014,064-160-1680(เบอร์ส่วนตัว)
1015,064-162-4942(เบอร์ส่วนตัว)
1016,064-162-4949(เบอร์ส่วนตัว)
1017,064-164-4614(เบอร์ส่วนตัว)
1018,064-165-5671(เบอร์ส่วนตัว)
1019,064-171-4140(เบอร์ส่วนตัว)
1020,064-173-3456(เบอร์ส่วนตัว)
1021,064-173-5210(เบอร์ส่วนตัว)
1022,064-174-2477(เบอร์ส่วนตัว)
1023,064-179-6516(เบอร์ส่วนตัว)คุณนัน 080-057-9269(เบอร์ส่วนตัว)คุณอัศวิน
1024,064-181-1544
1025,064-189-5055
1026,064-194-7446(เบอร์ส่วนตัว)(สะดวกเบอร์นี้))
1027,064-194-7446(เบอร์ส่วนตัว)
1028,064-195-1097(เบอร์ส่วนตัว)
1029,064-195-2002(เบอร์ส่วนตัว)
1030,064-195-3378
1031,064-196-4495(เบอร์ส่วนตัว)
1032,064-197-3964(เบอร์ส่วนตัว)
1033,064-207-0989(เบอร์ส่วนตัว)
1034,064-209-2687
1035,064-209-2687(เบอร์ส่วนตัว)
1036,064-214-0104(เบอร์ส่วนตัว)
1037,064-219-9985
1038,064-219-9985(เบอร์ส่วนตัว)
1039,064-219-9985(เบอร์ส่วนตัว)
1040,064-219-9985(ส่วนตัว)
1041,064-221-4147(เบอร์ส่วนตัว)
1042,064-223-3553(เบอร์สว่นตัว)
1043,064-223-9741(เบอร์ส่วนตัว)
1044,064-227-0150
1045,064-240-7139(เบอร์ส่วนตัว)
1046,064-249-6421(เบอร์ส่วนตัว)
1047,064-251-4446(เบอร์ส่วนตัว)
1048,064-253-8982(เบอร์ส่วนตัว)
1049,064-264-7306(เบอร์ส่วนตัว)
1050,064-264-8578(เบอร์ส่วนตัว)
1051,064-276-8156
1052,064-282-6469(เบอร์ส่วนตัว)
1053,064-285-5142
1054,064-285-5142(เบอร์ส่วนตัว)
1055,064-291-1924(เบอร์ส่วนตัว)
1056,064-295-2591
1057,064-295-2591(เบอร์ส่วนตัว)
1058,064-296-1689(เบอร์ส่วนตัว)
1059,064-297-4965(เบอร์ส่วนตัว)
1060,064-298-5336(เบอร์ส่วนตัว)
1061,064-298-5336(เบอร์ส่วนตัว)คุณโอ  096-702-9054(เบอร์ส่วนตัว)คุณฟ้า
1062,064-298-5336(หน้างาน)
1063,064-306-4779
1064,064-309-6503
1065,064-309-6503(เบอร์ส่วนตัว)
1066,064-309-6503(เบอร์ส่วนตัว)
1067,064-321-4730
1068,064-323-6915(เบอร์ส่วนตัว)
1069,064-325-4306(เบอร์ส่วนตัว)
1070,064-326-4165(เบอร์ส่วนตัว)
1071,064-334-7524(เบอร์ส่วนตัว)
1072,064-339-4460
1073,064-339-4460(เบอร์ส่วนตัว)
1074,064-339-7460
1075,064-347-9062(เบอร์ส่วนตัว)
1076,064-349-5752(เบอร์ส่วนตัว)
1077,064-396-6199(เบอร์ส่วนตัว))
1078,064-396-6199(เบอร์ส่วนตัว)
1079,064-407-1765(เบอร์ส่วนตัว)
1080,064-413-8928
1081,064-416-4980(เบอร์ส่วนตัว)
1082,064-419-9945(เบอร์ส่วนตัว)
1083,064-421-5394
1084,064-421-5394(เบอร์ส่วนตัว)
1085,064-423-6080(เบอร์ส่วนตัว)
1086,064-426-4098(เบอร์ส่วนตัว)
1087,064-430-5123
1088,064-430-5123(เบอร์ส่วนตัว)
1089,064-430-5123(เบอร์ส่วนตัว)
1090,064-439-0381
1091,064-439-0381(เบอร์ส่วนตัว)
1092,064-442-0578
1093,064-449-6547(เบอร์ส่วนตัว)
1094,064-451-0285(เบอร์ส่วนตัว)
1095,064-453-8595(เบอร์ส่วนตัว)
1096,064-453-8595(เบอร์ส่วนตัว)
1097,064-456-1552(เบอร์ส่วนตัว)
1098,064-459-7681(เบอร์ส่วนตัว)
1099,064-459-9719(เบอร์ส่วนตัว)
1100,064-463-2091(เบอร์ส่วนตัว)
1101,064-471-7568(เบอร์ส่วนตัว)
1102,064504-1387 (หน้างาน)
1103,064-504-1387 (หน้างาน)
1104,"064-504-1387(เบอร์ส่วนตัว) "
1105,064-504-1387(เบอร์ส่วนตัว)
1106,064-504-1387
1107,064-505-7178
1108,064-507-9284(เบอร์ส่วนตัว)
1109,064-523-9962
1110,064-523-9962(เบอร์ส่วนตัว)
1111,064-524-9555(เบอร์ส่วนตัว)
1112,064-542-4692
1113,064-550-5565(เบอร์ส่วนตัว)
1114,064-551-3228(เบอร์ส่วนตัว)
1115,064-553-5330(เบอร์ส่วนตัว)
1116,064-556-2142(เบอร์ส่วนตัว)
1117,064-556-2142
1118,064-556-5587(เบอร์ส่วนตัว)
1119,064-562-3837(เบอร์ส่วนตัว)
1120,064-563-8208(เบอร์ส่วนตัว)
1121,064-563-9779(เบอร์ส่วนตัว)
1122,064-573-6383(เบอร์ส่วนตัว)
1123,064-573-6383(เบอร์ส่วนตัว)คุณนันท์ 086-140-1112(เบอร์ส่วนตัว)คุณเกลวลิน
1124,064-586-2810(เบอร์ส่วนตัว)
1125,064-586-2948
1126,064-586-6722
1127,064-589-9652
1128,064-589-9652(เบอร์ส่วนตัว)
1129,064-591-9119(เบอร์ส่วนตัว)
1130,064-592-2499(เบอร์ส่วนตัว)
1131,064-598-7157(เบอร์ส่วนตัว)
1132,064-598-7987(เบอร์ส่วนตัว)
1133,064-603-0417(เบอร์ส่วนตัว)
1134,064-603-0417
1135,064-608-8641
1136,064-610-6028(เบอร์ส่วนตัว)
1137,064-613-5169
1138,064-613-5169(เบอร์ส่วนตัว)
1139,064-613-5169(เบอร์ส่วนตัว)
1140,064-613-8964
1141,064-615-2401
1142,064-615-2401(เบอร์ส่วนตัว)
1143,064-616-1872(เบอร์ส่วนตัว)
1144,064-619-3624 (เบอร์ส่วนตัว)
1145,064-621-5888
1146,064-624-7774(เบอร์ส่วนตัว)
1147,064-629-6462(เบอร์ส่วนตัว)
1148,064-629-8145
1149,064-634-5849
1150,064-636-0556(เบอร์ส่วนตัว)
1151,064-636-9452(เบอร์ส่วนตัว)
1152,064-638-4554(เบอร์ส่วนตัว)
1153,064-641-2031(เบอร์ส่วนตัว)
1154,064-642-5651(เบอร์ส่วนตัว)
1155,064-642-5807(เบอร์ส่วนตัว)
1156,064-647-4551(เบอร์ส่วนตัว)
1157,064-651-9222
1158,064-664-0951
1159,064-664-0951(เบอร์ส่วนตัว)
1160,064-664-9217
1161,064-664-9217 (เบอร์ส่วนตัว)
1162,064-665-0834(เบอร์ส่วนตัว)
1163,064-665-4566(เบอร์ส่วนตัว)
1164,064-691-7449
1165,064-691-7449(เบอร์ส่วนตัว)
1166,064-691-7449(เบอร์ส่วนตัว)
1167,064-692-7203(เบอร์ส่วนตัว)
1168,064-693-9959(เบอร์ส่วนตัว)
1169,064-695-6528(เบอร์ส่วนตัว)
1170,064-706-1380(เบอร์ส่วนตัว)
1171,064-723-4620(เบอร์ส่วนตัว)
1172,064-724-6268(เบอร์ส่วนตัว)
1173,064-731-4767(เบอร์ส่วนตัว)
1174,064-731-4767(เบอร์ส่วนตัว)
1175,064-743-5986
1176,064-743-5986(เบอร์ส่วนตัว)
1177,064-743-5986(เบอร์ส่วนตัว)
1178,064-745-5636(เบอร์ส่วนตัว)
1179,064-750-2268
1180,064-751-0090(เบอร์ส่วนตัว)
1181,064-752-7342(เบอร์ส่วนตัว)
1182,064-756-4970(เบอร์ส่วนตัว)
1183,064-763-5490
1184,064-764-6057(เบอร์ส่วนตัว)
1185,064-764-8695(เบอร์ส่วนตัว)
1186,064-772-1588(เบอร์ส่วนตัว)
1187,064-773-2848
1188,064-773-2848(เบอร์ส่วนตัว)
1189,064-773-2848(เบอร์ส่วนตัว)
1190,064-773-3848(ถูกระงับการใช้งาน)
1191,064-773-8839
1192,064-774-9047(เบอร์ส่วนตัว)(สะดวกเบอร์นี้)
1193,064-774-9047(เบอร์ส่วนตัว)
1194,064-779-1278(เบอร์ส่วนตัว)
1195,064-779-1278(เบอร์ส่วนตัว)
1196,064-779-7545(เบอร์ส่วนตัว)
1197,064-779-7545
1198,064-787-4073
1199,064-787-4073(เบอร์ส่วนตัว)
1200,064-787-4073(ส่วนตัว)
1201,064-789-6495
1202,064-789-6495(เบอร์ส่วนตัว)
1203,064-790-2912(เบอร์ส่วนตัว)
1204,064-791-4563(เบอร์ส่วนตัว)
1205,064-793-6462(เบอร์ส่วนตัว)
1206,064-796-2974(เบอร์ส่วนตัว)
1207,064-797-4099
1208,064-797-6698
1209,064-801-2184
1210,064-808-8827(เบอร์ส่วนตัว)
1211,064-808-8971
1212,064-815-5535
1213,064-817-4196(เบอร์ส่วนตัว)
1214,064-821-6520(เบอร์ส่วนตัว)
1215,064-824-9359(เบอร์ส่วนตัว)
1216,064-828-8300(เบอร์ส่วนตัว)
1217,064-8304725(เบอร์ส่วนตัว)
1218,064-830-4725(เบอร์ส่วนตัว)
1219,064-834-7388(เบอร์ส่วนตัว)
1220,064-841-8273(เบอร์ส่วนตัว)
1221,064-848-5889(เบอร์ส่วนตัว)
1222,064-850-0695(เบอร์ส่วนตัว)
1223,064-857-1924
1224,064-860-6017(เบอร์ส่วนตัว)
1225,064-862-6778(เบอร์ส่วนตัว)
1226,064-863-5978
1227,064-873-2641(เบอร์ส่วนตัว)
1228,064-873-7691(เบอร์ส่วนตัว)
1229,064-875-1974
1230,064-875-1974(เบอร์ส่วนตัว)
1231,064-893-5906(เบอร์ส่วนตัว)
1232,064-903-5287(เบอร์ส่วนตัว)
1233,064-903-5287(เบอร์ส่วนตัว)
1234,064-903-6983
1235,064-915-6292
1236,064-915-6292(เบอร์ส่วนตัว)
1237,064-924-4528(เบอร์ส่วนตัว)
1238,064-926-2445
1239,064-930-7995(เบอร์ส่วนตัว)
1240,064-932-4439(เบอร์ส่วนตัว)
1241,064-934-7898(เบอร์ส่วนตัว)
1242,064-935-2055
1243,064-935-6326
1244,064-936-7982(เบอร์ส่วนตัว)
1245,064-938-8506(เบอร์ส่วนตัว)
1246,064-939-5650
1247,"064-939-5650 "
1248,064-939-5650(เบอร์ส่วนตัว)
1249,064-939-5650
1250,064-943-6684(เบอร์ส่วนตัว)
1251,064-943-6684(เบอร์ส่วนตัว)
1252,064-947-6409
1253,064-949-9582
1254,064-951-4682
1255,064-951-4682(เบอร์ส่วนตัว)
1256,064-951-9462(เบอร์ส่วนตัว)
1257,064-952-5351(เบอร์ส่วนตัว)
1258,064-959-9598(เบอร์ส่วนตัว)
1259,064-961-2224(เบอร์ส่วนตัว)
1260,064-961-5509 (เบอร์ส่วนตัว)
1261,064-961-5509 (เบอร์ส่วนตัว)
1262,064-9624810(หน้างาน)
1263,064-9693466
1264,064-972-0853(เบอร์ส่วนตัว)
1265,064-974-9451(เบอร์ส่วนตัว)
1266,064-978-9889
1267,064-978-9889(เบอร์ส่วนตัว)
1268,064-980-1136
1269,064-980-1136(เบอร์ส่วนตัว)
1270,064-980-1136(ส่วนตัว)
1271,064-982-4132
1272,064-983-9656
1273,064-983-9798
1274,064-986-9048(เบอร์ส่วนตัว)
1275,064-992-5150(เบอร์ส่วนตัว)
1276,064-992-6422(เบอร์ส่วนตัว)
1277,064-992-6422(เบอร์ส่วนตัว)
1278,065 585-4944(นิติฯ) 064-798-4093(บริษัท)
1279,065-010-5115
1280,065-025-9596(เบอร์ส่วนตัว)
1281,065-025-9596(เบอร์ส่วนตัว)
1282,065-027-5404(เบอร์ส่วนตัว)
1283,065-027-5404(เบอร์ส่วนตัว)
1284,065-037-5225
1285,"065-037-5225 "
1286,065-037-5225(เบอร์ส่วนตัว)
1287,065-037-5225
1288,065-037-5225คุณโอ๋ 089-718-1717คุณเรย์
1289,065-038-9299(เบอร์ส่วนตัว)
1290,065-041-9782
1291,065-041-9782(เบอร์ส่วนตัว)
1292,065-041-9782(เบอร์ส่วนตัว)
1293,065-043-8181(เบอร์ส่วนตัว)
1294,065-050-9200(เบอร์ส่วนตัว)
1295,065-051-5191(เบอร์ส่วนตัว)
1296,065-051-7399
1297,065-051-7399(เบอร์ส่วนตัว)
1298,065-052-6192
1299,065-052-6192(เบอร์ส่วนตัว)
1300,065-054-2419(เบอร์ส่วนตัว)
1301,065-054-3727
1302,065-058-9333
1303,065-081-0214(เบอร์ส่วนตัว)
1304,065-081-0214(เบอร์ส่วนตัว)
1305,065-081-8383(เบอร์ส่วนตัว)
1306,065-091-6999(เบอร์ส่วนตัว)
1307,065-093-0043(เบอร์ส่วนตัว)
1308,065-094-5153
1309,065-094-5153
1310,065-105-3268(เบอร์ส่วตัว)
1311,065-105-3268(เบอร์ส่วนตัว)
1312,065-106-9365(เบอร์ส่วนตัว)
1313,065-116-6096(เบอร์ส่วนตัว)
1314,065-120-2639(เบอร์ส่วนตัว)
1315,065-123-2358(เบอร์ส่วนตัว)
1316,065-123-9701(เบอร์ส่วนตัว)
1317,065-165-6395
1318,065-165-6395(เบอร์ส่วนตัว)
1319,065-194-7915
1320,065-194-7915 (เบอร์ส่วนตัว)
1321,065-194-7915(เบอร์ส่วนตัว)
1322,065-204-8263(เบอร์ส่วนตัว)
1323,065-204-8263(เบอร์ส่วนตัว)
1324,065-215-5000(นิติฯ)
1325,065-215-9598(เบอร์ส่วนตัว)
1326,065-223-7899(เบอร์ส่วนตัว)
1327,065-224-0054(เบอร์ส่วนตัว)
1328,065-224-4440
1329,065-227-2857
1330,065-227-2857(เบอร์ส่วนตัว)
1331,065-236-0155
1332,065-237-8645(เบอร์ส่วนตัว)
1333,065-238-8441(เบอร์ส่วนตัว)
1334,065-239-2553(เบอร์ส่วนตัว)
1335,065-239-6536(เบอร์ส่วนตัว)
1336,065-242-1165
1337,065-250-7473
1338,065-252-3665
1339,065-252-3665(เบอร์ส่วนตัว)
1340,065-263-2850
1341,065-265-5811(เบอร์ส่วนตัว)
1342,065-267-9837
1343,065-285-2495(เบอร์ส่วนตัว)
1344,065-294-2987(เบอร์ส่วนตัว)
1345,065-294-2987(เบอร์ส่วนตัว)
1346,065-305-5985(เบอร์ส่วนตัว)
1347,065-330-5551
1348,065-339-2335(เบอร์ส่วนตัว)
1349,065-342-7928(เบอร์ส่วนตัว)
1350,065-352-6586
1351,065-352-6586(เบอร์ส่วนตัว)
1352,065-353-1741 (เบอร์ส่วนตัว)
1353,065-356-5888(เบอร์ส่วนตัว)
1354,065-356-5888(เบอร์ส่วนตัว)
1355,065-356-9192(เบอร์ส่วนตัว)
1356,065-358-5465
1357,065-358-5465(เบอร์ส่วนตัว)
1358,065-367-4403(เบอร์ส่วนตัว)
1359,065-380-1126 (เบอร์ส่วนตัว)
1360,065-380-1126(เบอร์ส่วนตัว)
1361,065-383-8569(เบอร์ส่วนตัว)
1362,065-391-6517 คุณเอ๋
1363,065-391-6517(เบอร์ส่วนตัว)
1364,065-393-6354
1365,065-393-6354(เบอร์ส่วนตัว)
1366,065-393-6354(เบอร์ส่วนตัว)
1367,065-395-9654(เบอร์ส่วนตัว)
1368,065-396-3296(เบอร์ส่วนตัว)
1369,065-398-0922(เบอร์ส่วนตัว)
1370,065-414-4719
1371,065-414-4719(เบอร์ส่วนตัว)
1372,065-414-4719(เบอร์ส่วนตัว)
1373,065-414-4719(ส่วนตัว)
1374,065-415-7108(เบอร์ส่วนตัว)
1375,065-423-5158(เบอร์ส่วนตัว)
1376,065-424-2528(เบอร์ส่วนตัว)
1377,065-426-0330
1378,065-428-3612
1379,065-428-3612(เบอร์ส่วนตัว)
1380,065-428-3612(เบอร์ส่วนตัว)
1381,065-428-3621(เบอร์ส่วนตัว)
1382,065-428-8623(เบอร์ส่วนตัว)
1383,065-434-9225(เบอร์ส่วนตัว)
1384,065-456-2043(เบอร์ส่วนตัว)
1385,065-463-1705(เบอร์ส่วนตัว)
1386,065-463-1705(เบอร์ส่วนตัว)
1387,065-463-3941
1388,065-472-2257(เบอร์ส่วนตัว)
1389,065-472-7112(เบอร์ส่วนตัว)
1390,065-495-3519(เบอร์ส่วนตัว)
1391,065-496-5692(เบอร์ส่วนตัว)
1392,065-497-1978(เบอร์ส่วนตัว)
1393,065-5054559(เบอร์ส่วนตัว)
1394,065-505-6352(เบอร์ส่วนตัว)
1395,065-505-8534
1396,065-506-2109
1397,065-506-2109(เบอร์ส่วนตัว)
1398,065-506-8990(เบอร์ส่วนตัว)
1399,065-507-0263(เบอร์ส่วนตัว)
1400,065-507-3586(เบอร์ส่วนตัว)
1401,065-507-3586(เบอร์ส่วนตัว)
1402,065-507-3586(ส่วนตัว)
1403,065-507-5988(เบอร์ส่วนตัว)
1404,065-508-5041(เบอร์ส่วนตัว)
1405,065-508-7953(เบอร์ส่วนตัว)
1406,065-509-8104 คุณจูน
1407,065-510-3859(เบอร์ส่วนตัว)
1408,065-514-0609
1409,065-519-5909
1410,065-519-5909(เบอร์ส่วนตัว)
1411,065-519-5993(เบอร์ส่วนตัว)
1412,065-526-8959
1413,065-526-8959(เบอร์ส่วนตัว)
1414,065-527-1615(เบอร์ส่วนตัว)
1415,065-529-8936(เบอร์ส่วนตัว)
1416,065-532-5096
1417,065-532-9964(เบอร์ส่วนตัว)
1418,065-538-7971(เบอร์ส่วนตัว)
1419,065-538-7977(เบอร์ส่วนตัว)
1420,065-539-6800(เบอร์ส่วนตัว)
1421,065-541-5456
1422,065-542-2664(เบอร์ส่วนตัว)
1423,065-546-4284
1424,065-549-5545(เบอร์ส่วนตัว)
1425,065-559-2481(เบอร์ส่วนตัว)
1426,065-559-7909
1427,065-561-5480(ส่วนตัว)
1428,065-563-6544
1429,065-563-6544(เบอร์ส่วนตัว)
1430,065-563-6544(เบอร์ส่วนตัว)
1431,065-563-9697
1432,065-563-9697(เบอร์ส่วนตัว)
1433,065-563-9697(เบอร์ส่วนตัว)
1434,065-576-1663
1435,"065-576-1663 "
1436,065-576-1663(เบอร์ส่วนตัว)
1437,065-576-1663
1438,065-580-0291
1439,065-580-0291(เบอร์ส่วนตัว)
1440,065-580-0291(เบอร์ส่วนตัว)
1441,065-589-8648(เบอร์ส่วนตัว)
1442,065-591-7099
1443,065-594-6549
1444,065-594-6549(เบอร์ส่วนตัว)
1445,065-594-6549(เบอร์ส่วนตัว)
1446,065-596-1333
1447,065-596-1333(เบอร์ส่วนตัว)
1448,065-596-1333(สะ
1449,065-597-3015(เบอร์ส่วนตัว)
1450,065-601-5705
1451,065-602-5897
1452,065-603-2689
1453,065-605-6970(เบอร์ส่วนตัว)
1454,065-605-8951(เบอร์ส่วนตัว)
1455,065-608-0333(เบอร์ส่วนตัว)
1456,065-608-0333
1457,065-612-0792(เบอร์ส่วนตัว)
1458,065-614-4770(เบอร์ส่วนตัว)
1459,065-615-4194(เบอร์ส่วนตัว)
1460,065-615-4194(เบอร์ส่วนตัว)สะดวกเบอร์นี้)
1461,065-615-5396(เบอร์ส่วนตัว)
1462,065-615-6288(เบอร์ส่วนตัว)
1463,065-615-6288
1464,065-617-6141(เบอร์ส่วนตัว)
1465,065-625-8666(เบอร์ส่วนตัว)
1466,065-625-8666
1467,065-626-6287(เบอร์ส่วนตัว)
1468,065-628-8534(เบอร์ส่วนตัว)
1469,065-632-3217(เบอร์ส่วนตัว)
1470,065-642-5211(เบอร์ส่วนตัว)
1471,065-645-7201
1472,065-651-6926(เบอร์ส่วนตัว)
1473,065-656-8355(เบอร์ส่วนตัว)
1474,065-656-8912(เบอร์ส่วนตัว)
1475,065-656-8912(เบอร์ส่วนตัว)
1476,065-659-9093
1477,065-660-0998(เบอร์ส่วนตัว)
1478,065-660-4198
1479,065-660-4198(เบอร์ส่วนตัว)
1480,065-660-4198(เบอร์ส่วนตัว)
1481,065-660-4198
1482,065-661-3377
1483,065-661-3377(เบอร์ส่วนตัว)
1484,065-661-3407
1485,065-661-3407(เบอร์ส่วนตัว)
1486,065-661-9663(เบอร์ส่วนตัว)
1487,065-662-0782
1488,065-662-3945
1489,065-662-3945(เบอร์ส่วนตัว)
1490,065-662-3945(เบอร์ส่วนตัว)
1491,065-663-0153(เบอร์ส่วนตัว)
1492,065-664-6600
1493,065-665-1956
1494,065-665-6855
1495,065-665-6855(เบอร์ส่วนตัว)
1496,065-665-6855
1497,065-667-7551(เบอร์ส่วนตัว)
1498,065-669-3118(เบอร์ส่วนตัว)
1499,065-669-5350(เบอร์ส่วนตัว)
1500,065-669-5350(เบอร์ส่วนตัว)
1501,065-679-0245(เบอร์ส่วนตัว))
1502,065-686-8183(เบอร์ส่วนตัว)
1503,065-687-6701
1504,065-687-6701(เบอร์ส่วนตัว)
1505,065-689-7152(เบอร์ส่วนตัว)
1506,065-691-6526(เบอร์ส่วนตัว)
1507,065-692-4664(เบอร์ส่วนตัว)
1508,065-692-9556(เบอร์ส่วนตัว)
1509,065-695-4428(เบอร์ส่วนตัว)
1510,065-696-9163(เบอร์ส่วนตัว)
1511,065-708-5889(เบอร์ส่วนตัว)
1512,065-714-4156(เบอร์ส่วนตัว)
1513,065-716-4412(เบอร์ส่วนตัว)
1514,065-716-4677(เบอร์ส่วนตัว)
1515,065-717-1284
1516,065-717-1284(เบอร์ส่วนตัว)
1517,065-726-7991(เบอร์ส่วนตัว)
1518,065-726-7991
1519,065-739-7241(สะดวกเบอร์นี้)
1520,065-751-1798(เบอร์ส่วนตัว)
1521,065-756-6051(เบอร์ส่วนตัว)
1522,065-757-2282(เบอร์ส่วนตัว)(สะดวกเบอร์นี้)
1523,065-757-2282(เบอร์ส่วนตัว)
1524,065-763-2414
1525,065-763-2414(เบอร์ส่วนตัว)
1526,065-764-2918(เบอร์ส่วนตัว)
1527,065-807-3178(เบอร์ส่วนตัว)
1528,065-821-6527 (เบอร์ส่วนตัว)
1529,065-828-3018(เบอร์ส่วนตัว)
1530,065-834-9893(เบอร์ส่วนตัว)
1531,065-837-8617(เบอร์ส่วนตัว)
1532,065-837-8617(เบอร์ส่วนตัว)
1533,065-838-1318(เบอร์ส่วนตัว)
1534,065-838-1462(เบอร์ส่วนตัว)
1535,065-838-4245(เบอร์ส่วนตัว)
1536,065-841-5047(เบอร์ส่วนตัว)
1537,065-852-3722(เบอร์ส่วนตัว)
1538,065-852-3722(เบอร์ส่วนตัว)
1539,065-856-8490
1540,065-856-8490(เบอร์ส่วนตัว)
1541,065-861-7298(เบอร์ส่วนตัว)
1542,065-863-2666(เบอร์ส่วนตัว)
1543,065-863-2666
1544,065-864-0717
1545,065-864-0717(เบอร์ส่วนตัว)
1546,065-864-0717(เบอร์ส่วนตัว)
1547,065-869-5878(เบอร์ส่วนตัว)
1548,065-879-9532(เบอร์ส่วนตัว)
1549,065-880-7745(เบอร์ส่วนตัว)
1550,065-880-7745(เบอร์ส่วนตัว)
1551,065-881-0134
1552,065-881-1806(เบอร์ส่วนตัว)
1553,065-881-3134
1554,065-882-8653(เบอร์ส่วนตัว)
1555,065-886-2418(เบอร์ส่วนตัว)
1556,065-889-2172
1557,065-889-2172(เบอร์ส่วนตัว)
1558,065-889-2172(เบอร์ส่วนตัว)
1559,"065-890-8188(เบอร์ส่วนตัว)สะดวกเบอร์นี้) "
1560,065-894-1938(เบอร์ส่วนตัว)
1561,065-894-7454(เบอร์ส่วนตัว)
1562,065-901-2352(เบอร์ส่วนตัว)
1563,065-914-4694(เบอร์ส่วนตัว)
1564,065-914-7534(เบอร์ส่วนตัว)
1565,065-919-9509
1566,065-919-9509(เบอร์ส่วนตัว)
1567,065-920-6727(เบอร์ส่วนตัว)
1568,065-921-8302(เบอร์ส่วนตัว)
1569,065-926-5449(เบอร์ส่วนตัว)
1570,065-930-0698(เบอร์ส่วนตัว)
1571,065-930-2306
1572,065-930-2306(เบอร์ส่วนตัว)
1573,065-930-2307
1574,065-930-2308
1575,065-934-2809(เบอร์ส่วนตัว)
1576,065-935-9719(เบอร์ส่วนตัว)
1577,065-936-3463
1578,065-936-3463(เบอร์ส่วนตัว)
1579,06-5937-0737 (เบอร์ส่วนตัว)
1580,065-937-3995(เบอร์ส่วนตัว)
1581,065-937-5260(เบอร์ส่วนตัว)
1582,065-940-1668(เบอร์ส่วนตัว)
1583,065-940-5164(เบอร์ส่วนตัว)
1584,065-941-9963(เบอร์ส่วนตัว)
1585,065-942-4438(เบอร์ส่วนตัว)
1586,065-946-2636
1587,065-946-2636(เบอร์ส่วนตัว)
1588,065-946-2636(เบอร์ส่วนตัว)
1589,065-946-4162(เบอร์ส่วนตัว)
1590,065-949-7992(เบอร์ส่วนตัว)
1591,065-949-8398(เบอร์ส่วนตัว)
1592,065-949-8398(เบอร์ส่วนตัว)
1593,065-950-4288
1594,065-950-4288
1595,065-951-3994
1596,065-952-3054(เบอร์ส่วนตัว)
1597,065-953-5428
1598,065-955-1614(เบอร์ส่วนตัว)
1599,065-956-0478(เบอร์ส่วนตัว)
1600,065-956-0478
1601,065-959-3971(เบอร์ส่วนตัว)
1602,065-962-2886(เบอร์ส่วนตัว)
1603,065-962-5196(เบอร์ส่วนตัว)
1604,065-962-5989
1605,065-962-5989(ส่วนตัว)
1606,065-963-2246
1607,065-963-6514(เบอร์ส่วนตัว)
1608,065-965-7296(เบอร์ส่วนตัว)
1609,065-969-2947(เบอร์ส่วนตัว)
1610,065-969-7424(เบอร์ส่วนตัว)
1611,065-982-1692(เบอร์ส่วนตัว)
1612,065-984-5499
1613,065-986-8745(เบอร์ส่วนตัว)
1614,065-987-2520(เบอร์ส่วนตัว)
1615,065-989-4528
1616,065-989-4528(เบอร์ส่วนตัว)
1617,065-989-4528(เบอร์ส่วนตัว)
1618,065-992-3542(เบอร์ส่วนตัว)
1619,065-992-3542(เบอร์ส่วนตัว)คุณนา
1620,065-993-9887
1621,065-996-1491(เบอร์ส่วนตัว)
1622,066-006-6969(เบอร์ส่วนตัว)
1623,066-010-3654(เบอร์ส่วนตัว)
1624,066-014-6646(เบอร์ส่วนตัว)
1625,066-023-9664
1626,066-029-4527(เบอร์ส่วนตัว)
1627,066-062-9722
1628,066-072-9222
1629,066-074-3612(เบอร์ส่วนตัว)
1630,066-089-2894
1631,066-097-3809
1632,066-097-5515(เบอร์ส่วนตัว)
1633,066-106-3536
1634,066-109-8017
1635,066-109-8017(เบอร์ส่วนตัว)
1636,066-109-8017(ส่วนตัว)
1637,066-112-1810
1638,066-112-1810(เบอร์ส่วนตัว)
1639,066-112-2789
1640,066-112-2789(เบอร์ส่วนตัว)
1641,066-112-3755(เบอร์ส่วนตัว)
1642,066-113-2289(เบอร์ส่วนตัว)
1643,066-113-3268
1644,066-114-3987 ผจก.ส้ม
1645,066-114-5202(เบอร์ส่วนตัว)
1646,066-114-5210
1647,066-114-7227
1648,066-114-7227(เบอร์ส่วนตัว)
1649,066-116-6429
1650,066-117-1967   094-292-9367(เบอร์ส่วนตัว)
1651,066-117-1967(เบอร์ส่วนตัว)
1652,066-117-3597(เบอร์ส่วนตัว)
1653,066-117-3597 098-261-1519(เบอร์ส่วนตัว)
1654,066-121-2054
1655,066-124-1557
1656,066-124-7637(เบอร์ส่วนตัว)
1657,066-129-0903
1658,066-129-0903(เบอร์ส่วนตัว)
1659,066-129-9918
1660,066-135-5546(เบอร์ส่วนตัว)
1661,066-139-3897
1662,066-142-2498(เบอร์ส่วนตัว)
1663,066-149-3695
1664,066-149-3695(เบอร์ส่วนตัว)
1665,066-149-3695(เบอร์ส่วนตัว)
1666,066-149-9564
1667,066-156-0879(เบอร์ส่วนตัว)
1668,066-165-1616(นิติฯ)
1669,066-268-1089(เบอร์ส่วนตัว)
1670,067-141-5355(เบอร์ส่วนตัว)
1671,080-001-1833(เบอร์ส่วนตัว)
1672,080-009-4958(เบอร์ส่วนตัว)
1673,080-012-0413(เบอร์ส่วนตัว)
1674,080-017-1961
1675,080-025-5101(เบอร์ส่วนตัว)
1676,080-027-3895
1677,080-029-0900(เบอร์ส่วนตัว)
1678,080-042-6524(เบอร์ส่วนตัว)
1679,080-045-8268(เบอร์ส่วนตัว)
1680,080-047-8365(เบอร์ส่วนตัว)
1681,080-047-8365(เบอร์ส่วนตัว)
1682,080-051-1994(เบอร์ส่วนตัว)
1683,080-051-6512(เบอร์ส่วนตัว)
1684,080-054-5481
1685,080-054-5481 (เบอร์ส่วนตัว)
1686,080-054-5481 (เบอร์ส่วนตัว)
1687,080-054-5481(เบอร์ส่วนตัว)
1688,080-055-5406(เบอร์ส่วนตัว)
1689,080-055-5406(เบอร์ส่วนตัว)
1690,080-057-2850(เบอร์ส่วนตัว)
1691,080-057-6529
1692,080-057-6529(เบอร์ส่วนตัว)
1693,080-057-7728
1694,080-057-9269(เบอร์ส่วนตัว)
1695,080-057-9269(เบอร์ส่วนตัว)คุณอัศวิน081-801-8855(เบอร์ส่วนตัว)คุณโก๊ฟ097-926-2289(เบอร์ส่วนตัว)คุณนันทิยา097-926-2289(เบอร์ส่วนตัว)คุณสุ
1696,080-057-9269
1697,080-061-0449(เบอร์ส่วนตัว)
1698,080-063-3385(เบอร์ส่วนตัว)
1699,080-064-3237(เบอร์ส่วนตัว)
1700,080-064-5591(เบอร์ส่วนตัว)
1701,080-066-8057
1702,080-066-8057(เบอร์ส่วนตัว)
1703,080-069-4328(เบอร์ส่วนตัว)
1704,080-070-0049(เบอร์ส่วนตัว)
1705,080-071-4072(เบอร์ส่วนตัว)
1706,080-073-5046(เบอร์ส่วนตัว)
1707,080-075-1246(เบอร์ส่วนตัว)
1708,080-076-7943
1709,080-078-9991
1710,080-078-9991(เบอร์ส่วนตัว)
1711,080-079-7748(เบอร์ส่วนตัว)
1712,080-080-3463(เบอร์ส่วนตัว)
1713,080-080-4956
1714,080-081-7630(เบอร์ส่วนตัว)
1715,080-085-5820
1716,080-085-5820(เบอร์ส่วนตัว)
1717,080-085-5820(เบอร์ส่วนตัว)คุณเจน(สุชานาถ)
1718,080-085-5820(เบอร์ส่วนตัว)คุณสุชานาถ(เจน)(การเงินส่วนกลาง SMC)
1719,080-085-5820
1720,080-085-9985(เบอร์ส่วนตัว)
1721,080-094-2555(เบอร์ส่วนตัว)
1722,080-097-9024(เบอร์ส่วนตัว)
1723,080-099-5771
1724,080-099-5771(เบอร์ส่วนตัว)
1725,080-099-5771(เบอร์ส่วนตัว)คุณประพันธ์082-243-9475(เบอร์ส่วนตัว)คุณมล
1726,080-102-0109(เบอร์ส่วนตัว)
1727,080-113-1311(เบอร์ส่วนตัว)
1728,080-135-4911(บอร์ส่วนตัว)สะดวกเบอร์นี้)
1729,080-138-9638
1730,080-141-9894(เบอร์ส่วนตัว)
1731,080-142-7663(เบอร์ส่วนตัว)
1732,080-143-0958(เบอร์ส่วนตัว)
1733,080-169-2609(เบอร์ส่วนตัว)
1734,080-172-246(เบอร์ส่วนตัว)
1735,080-172-2462
1736,"080-172-2462 "
1737,080-172-2462(เบอร์ส่วนตัว)
1738,080-172-2462
1739,080-179-8255(เบอร์ส่วนตัว)
1740,080-181-5658(เบอร์ส่วนตัว)
1741,080-189-2723(เบอร์ส่วนตัว)
1742,080-192-2676(เบอร์ส่วนตัว)
1743,080-209-0892(เบอร์ส่วนตัว)
1744,080-210-6216(เบอร์ส่วนตัว)
1745,080-211-3322
1746,080-211-3322(เบอร์ส่วนตัว)
1747,080-211-3322(เบอร์ส่วนตัว)คุณปู
1748,080-216-3782(เบอร์ส่วนตัว)
1749,080-218-8284
1750,080-221-2409
1751,"080-224-0745 "
1752,080-224-0745(เบอร์ส่วนตัว)
1753,080-228-8152(เบอร์ส่วนตัว)
1754,080-234-3036(เบอร์ส่วนตัว)
1755,080-235-1561
1756,080-235-1561(คุณส้ม)
1757,080-251-5100
1758,080-254-6191(เบอร์ส่วนตัว)
1759,080-255-3455(เบอร์ส่วนตัว)
1760,080-261 5929
1761,080-261-5929(ฝ่ายแจ้งหนี้)
1762,080-261-5929(หน้างาน)
1763,080-261-5929
1764,080-263-9086(เบอร์ส่วนตัว)
1765,080-264-2505(เบอร์ส่วนตัว)
1766,080-269-6168(เบอร์ส่วนตัว)
1767,080-269-8662(เบอร์ส่วนตัว)
1768,080-273-7937(เบอร์ส่วนตัว)
1769,080-277-6412
1770,080-280-7164(เบอร์ส่วนตัว)
1771,080-281-8606(เบอร์ส่วนตัว)
1772,080-283-3462
1773,080-283-3462(เบอร์ส่วนตัว)
1774,080-285-5857
1775,080-289-3063(เบอร์ส่วนตัว)
1776,080-290-4493(เบอร์ส่วนตัว)
1777,080-290-4493(เบอร์ส่วนตัว)
1778,080-290-4493(เบอร์ส่วนตัว)สะดวกเบอร์นี้
1779,080-294-2128
1780,080-294-7105(เบอร์ส่วนตัว)
1781,080-297-1470(เบอร์ส่วนตัว)
1782,080-299-1863(เบอร์ส่วนตัว)
1783,080-306-3994
1784,080-306-3994(เบอร์ส่วนตัว)
1785,080-308-0968(เบอร์ส่วนตัว)
1786,080-323-9727
1787,080-325-1706(เบอร์ส่วนตัว)
1788,080-325-1706(เบอร์ส่วนตัว)สะดวกเบอร์นี้ค่ะ
1789,080-329-4292
1790,080-330-6240
1791,080-330-6240(เบอร์ส่วนตัว)
1792,080-330-6871(เบอร์ส่วนตัว)
1793,080-343-9467(เบอร์ส่วนตัว)
1794,080-352-3506(เบอร์ส่วนตัว)
1795,080-358-9768
1796,080-360-1891(เบอร์ส่วนตัว)
1797,080-364-1619(เบอร์ส่วนตัว)
1798,080-371-7613
1799,080-371-7613(เบอร์ส่วนตัว)
1800,080-394-6122(เบอร์ส่วนตัว)
1801,080-396-9495 (เบอร์ส่วนตัว)
1802,080-396-9495 (เบอร์ส่วนตัว)
1803,080-397-1470(เบอร์ส่วนตัว)
1804,080-398-7702(เบอร์ส่วนตัว)
1805,080-398-7702(เบอร์ส่วนตัว)
1806,080-406-5281(เบอร์ส่วนตัว)
1807,080-413-9787(เบอร์ส่วนตัว)
1808,080-418-8473
1809,080-423-5949(เบอร์ส่วนตัว)
1810,080-423-9096
1811,080-424-6197(เบอร์ส่วนตัว)
1812,080-429-3263
1813,080-429-3263(เบอร์ส่วนตัว)
1814,080-429-3263(เบอร์ส่วนตัว)
1815,080-429-6466(เบอร์ส่วนตัว)
1816,080-433-4949(เบอร์ส่วนตัว)
1817,"080-434-1595 "
1818,080-446-5951
1819,080-446-5951(เบอร์ส่วนตัว)
1820,080-447-0326(เบอร์ส่วนตัว)
1821,080-457-4555(เบอร์ส่วนตัว)
1822,080-457-4555(สะดวกเบอร์นี้)
1823,080-458-8893(เบอร์ส่วนตัว)
1824,080-462-3697
1825,080-463-8997 (เบอร์ส่วนตัว)
1826,080-463-8997(เบอร์ส่วนตัว)
1827,080-470-1778(เบอร์ส่วนตัว)
1828,080-470-1778(เบอร์ส่วนตัว)
1829,080-472-9899(เบอร์ส่วนตัว)
1830,080-480-4860
1831,080-480-5399
1832,080-493-6264(เบอร์ส่วนตัว)
1833,080-493-9997(เบอร์ส่วนตัว)
1834,080-512-4444(เบอร์ส่วนตัว)
1835,080-523-8338
1836,080-532-6363(เบอร์ส่วนตัว)
1837,080-535-1628(เบอร์ส่วนตัว)
1838,080-535-1993(เบอร์ส่วนตัว)
1839,080-538-2289(เบอร์ส่วนตัว)
1840,080-538-2289(เบอร์ส่วนตัว)
1841,080-541-5569(เบอร์ส่วนตัว)
1842,080-541-5569 097-243-9853(เบอร์ส่วนตัว)
1843,080-542-4665(เบอร์ส่วนตัว)
1844,080-542-9469(เบอร์ส่วนตัว)
1845,080-547-6687(เบอร์ส่วนตัว)
1846,080-553-7722(เบอร์ส่วนตัว)
1847,080-554-9867(เบอร์ส่วนตัว)
1848,080-555-1985(เบอร์ส่วนตัว)
1849,080-566-6054
1850,080-568-5856(เบอร์ส่วนตัว)
1851,080-568-9933
1852,080-570-8594(เบอร์ส่วนตัว(สะดวกเบอร์นี้)
1853,080-570-8594(เบอร์ส่วนตัว)
1854,080-579-5500(เบอร์ส่วนตัว)
1855,080-580-5082(เบอร์ส่วนตัว)
1856,080-581-5250(เบอร์ส่วนตัว)
1857,080-582-5952(เบอร์ส่วนตัว)
1858,080-588-5583(เบอร์ส่วนตัว)
1859,080-589-7594(เบอร์ส่วนตัว)
1860,080-591-6225(เบอร์ส่วนตัว)
1861,080-593-8452(เบอร์ส่วนตัว)
1862,080-598-5005 (เบอร์ส่วนตัว)
1863,080-600-2804
1864,080-600-2804(เบอร์ส่วนตัว)
1865,080-600-2804(เบอร์ส่วนตัว)
1866,080-601-1105
1867,080-601-1105(เบอร์ส่วนตัว)
1868,080-601-1105(เบอร์ส่วนตัว)
1869,080-605-6535(เบอร์ส่วนตัว)
1870,080-614-0505(เบอร์ส่วนตัว)
1871,080-624-2437(เบอร์ส่วนตัว)
1872,080-624-2437(เบอร์ส่วนตัว)คุณสุธน 091-795-7349(เบอร์ส่วนตัว) คุณณัฐมน
1873,080-627-0011(เบอร์ส่วนตัว)
1874,080-627-0011
1875,080-628-7052(เบอร์ส่วนตัว)
1876,080-629-7094(เบอร์ส่วนตัว)
1877,080-634-9584(เบอร์ส่วนตัว)
1878,080-637-3208
1879,080-637-3208(เบอร์ส่วนตัว)
1880,080-641-4455(เบอร์ส่วนตัว)
1881,080-646-4747(เบอร์ส่วนตัว)
1882,080-647-0547(เบอร์ส่วนตัว)
1883,080-650-5186(เบอร์ส่วนตัว)
1884,080-650-5186(นิติฯ)
1885,080-650-9975(เบอร์ส่วนตัว)
1886,080-650-9975(การเงิน)
1887,080-658-8232
1888,080-667-6776(เบอร์ส่วนตัว)
1889,080-670-6313
1890,080-670-6313(เบอร์ส่วนตัว)
1891,080-670-6313(เบอร์ส่วนตัว)
1892,080-671-3419
1893,080-671-3419(เบอร์ส่วนตัว)
1894,080-696-9415
1895,080-699-3933(เบอร์ส่วนตัว)(สะดวกเบอร์นี้)
1896,080-700-6715(เบอร์ส่วนตัว)
1897,080-707-3634
1898,080-717-0174(เบอร์ส่วนตัว)
1899,080-719-8369
1900,080-726-8948 (เบอร์ส่วนตัว)
1901,080-727-7750(เบอร์ส่วนตัว)
1902,080-727-7750(เบอร์ส่วนตัว) (เจ้าที่ PPM)
1903,080-728-8268
1904,080-728-8268(เบอร์ส่วนตัว)
1905,080-778-7909(เบอร์ส่วนตัว)
1906,080-785-5923(เบอร์ส่วนตัว)(สะดวกเบอร์นี้
1907,080-785-5923(เบอร์ส่วนตัว)
1908,080-785-8887
1909,080-785-8887(เบอร์ส่วนตัว)
1910,080-793-2926(เบอร์ส่วนตัว)
1911,080-793-5848
1912,080-806-5620(เบอร์ส่วนตัว)
1913,080-813-1717
1914,080-813-1717(เบอร์ส่วนตัว)
1915,080-816-7720(เบอร์ส่วนตัว)
1916,080-823-5458(เบอร์ส่วนตัว)
1917,080-825-1614(เบอร์ส่วนตัว)
1918,080-825-6943(เบอร์ส่วนตัว)
1919,080-826-0108(เบอร์ส่วนตัว)
1920,080-826-8845(เบอร์ส่วนตัว)
1921,080-827-8690(เบอร์ส่วนตัว)
1922,080-827-8690(เบอร์ส่วนตัว)
1923,080-834-2842(เบอร์ส่วนตัว)
1924,080-835-9546(เบอร์ส่วนตัว)
1925,080-839-6548(เบอร์ส่วนตัว)
1926,080-840-8332
1927,080-856-6193(เบอร์ส่วนตัว)
1928,080-861-6976 (เบอร์ส่วนตัว)
1929,080-861-6976(เบอร์ส่วนตัว)
1930,080-861-9784(เบอร์ส่วนตัว)
1931,080-862-6292(เบอร์ส่วนตัว)
1932,080-869-3790
1933,080-883-1829(เบอร์ส่วนตัว)
1934,080-883-1829(เบอร์ส่วนตัว)
1935,080-885-0500(เบอร์ส่วนตัว)
1936,080-889-2501(เบอร์ส่วนตัว)
1937,080-890-9749(เบอร์ส่วนตัว)
1938,080-902-0284(เบอร์ส่วนตัว)
1939,080-902-1133(เบอร์ส่วนตัว)
1940,080-904-1574
1941,080-909-3132
1942,080-909-3132(เบอร์ส่วนตัว)
1943,080-909-4515(เบอร์ส่วนตัว)
1944,080-909-4789(เบอร์ส่วนตัว)
1945,080-916-5623(เบอร์ส่วนตัว)
1946,080-918-9200(เบอร์ส่วนตัว)
1947,080-919-6449
1948,080-922-9764
1949,080-925-6219
1950,080-925-6219(เบอร์ส่วนตัว)
1951,080-926-5245(เบอร์ส่วนตัว)
1952,080-937-8380(เบอร์ส่วนตัว)
1953,080-941-5972
1954,080-941-5972(เบอร์ส่วนตัว)
1955,080-943-8920(เบอร์ส่วนตัว)
1956,080-945-6366(เบอร์ส่วนตัว)
1957,080-945-9526(เบอร์ส่วนตัว)
1958,080-949-1951(เบอร์ส่วนตัว)
1959,080-951-0364(เบอร์ส่วนตัว)
1960,080-953-6515
1961,080-953-6515 ผจก.อาคารชุด (นุข)
1962,080-953-9997
1963,080-953-9997(เบอร์ส่วนตัว)
1964,080-955-4555(เบอร์ส่วนตัว)
1965,080-959-6466(เบอร์ส่วนตัว)
1966,080-961-9980(เบอร์ส่วนตัว)
1967,080-962-1112(เบอร์ส่วนตัว)
1968,080-962-1112(หน้างาน)
1969,080-962-1112
1970,080-962-1490
1971,"080-962-1490 "
1972,080-963-7877
1973,080-963-8665(เบอร์ส่วนตัว)
1974,080-968-9046
1975,080-968-9046(เบอร์ส่วนตัว)
1976,080-968-9046(เบอร์ส่วนตัว)
1977,080-973-2439(เบอร์ส่วนตัว)
1978,080-976-2401(เบอร์ส่วนตัว)
1979,080-983-6475(เบอร์ส่วนตัว)
1980,080-985-3215
1981,080-985-3215(เบอร์ส่วนตัว)
1982,080-987-3394(เบอร์ส่วนตัว)
1983,080-987-4939
1984,080-989-1636
1985,080-989-1636(เบอร์ส่วนตัว)
1986,080-989-1636(เบอร์ส่วนตัว)
1987,080-989-5202(เบอร์ส่วนตัว)
1988,080-992-6537
1989,080-993-2997
1990,080-993-2997(เบอร์ส่วนตัว)
1991,080-993-2997(เบอร์ส่วนตัว)
1992,080-993-5293(เบอร์ส่วนตัว)
1993,080-994-2990
1994,080-998-6524(เบอร์ส่วนตัว)
1995,080-999-3593(เบอร์ส่วนตัว)
1996,080-999-9859(เบอร์ส่วนตัว)
1997,080-999-9859(เบอร์ส่วนตัว)คุณอ้อย
1998,081-002-1658(เบอร์ส่วนตัว)
1999,081-002-4515
2000,081-003-4329(เบอร์ส่วนตัว)
2001,081-003-4329(เบอร์ส่วนตัว)
2002,081-003-4329(ส่วนตัว)
2003,081-005-7338(เบอร์ส่วนตัว)
2004,081-017-1324
2005,081-017-8342(เบอร์ส่วนตัว)
2006,081-029-7084(เบอร์ส่วนตัว)
2007,081-031-6273
2008,081-033-4802(เบอร์ส่วนตัว)
2009,081-046-5829(เบอร์ส่วนตัว)
2010,081-058-2153
2011,081-078-5132(เบอร์ส่วนตัว)
2012,081-103-1010
2013,081-104-4811(เบอร์ส่วนตัว)
2014,081-107-9866(เบอร์ส่วนตัว)
2015,081-110-4462
2016,081-110-9218(เบอร์ส่วนตัว)
2017,081-120-7858(เบอร์ส่วนตัว)
2018,081-121-3999(เบอร์ส่วนตัว)
2019,081-131-5427(เบอร์ส่วนตัว)
2020,081-133-9016(เบอร์ส่วนตัว)
2021,081-135-7458
2022,081-135-7458(เบอร์ส่วนตัว)
2023,081-135-7458(เบอร์ส่วนตัว)
2024,081-135-7458(เบอร์ส่วนตัว) คุณตรี (Site)
2025,081-135-7458(เบอร์ส่วนตัว)คุณมนตรี
2026,081-139-8824 (เบอร์ส่วนตัว)
2027,081-139-8824(เบอร์ส่วนตัว)
2028,081-140-8760 (เบอร์ส่วนตัว)
2029,081-140-8760(เบอร์ส่วนตัว)
2030,081-141-7252
2031,081-141-7252(เบอร์ส่วนตัว)
2032,081-141-7252(ส่วนตัว)
2033,081-142-4364
2034,081-142-4364(เบอร์ส่วนตัว)
2035,081-148-8868(เบอร์ส่วนตัว)
2036,081-148-9646
2037,081-148-9646(เบอร์ส่วนตัว)
2038,081-153-8461
2039,081-156-7072(เบอร์ส่วนตัว)
2040,081-156-7072 089-130-5253(เบอร์ส่วนตัว)
2041,081-156-8377
2042,081-156-8377(เบอร์ส่วนตัว)
2043,081-159-9391(เบอร์ส่วนตัว)(ช่าง)
2044,081-159-9391(เบอร์ส่วนตัว)
2045,081-169-6542(เบอร์ส่วนตัว)
2046,081-169-8159(เบอร์ส่วนตัว)
2047,081-170-7428
2048,081-170-9895(เบอร์ส่วนตัว)
2049,081-171-1535(เบอร์ส่วนตัว)
2050,081-171-5617(เบอร์ส่วนตัว)
2051,081-171-5617(เบอร์ส่วนตัว)
2052,081-172-3637
2053,081-172-3637(เบอร์ส่วนตัว)
2054,081-172-3637(เบอร์ส่วนตัว)
2055,081-175-4299(เบอร์ส่วนตัว)
2056,081-185-3636
2057,081-191-2064
2058,081-195-4589(เบอร์ส่วนตัว)
2059,081-195-4589(เบอร์ส่วนตัว)
2060,081-196-4966(เบอร์ส่วนตัว)
2061,081-196-5493(เบอร์ส่วนตัว)
2062,081-204-2527(เบอร์ส่วนตัว)คุณมนตรี
2063,081-206-8586(เบอร์ส่วนตัว)
2064,081-208-3821
2065,081-208-4736(เบอร์ส่วนตัว)
2066,081-208-9608(เบอร์ส่วนตัว)
2067,081-209-7538(เบอร์ส่วนตัว)
2068,081-234-5526
2069,081-236-1556(เบอร์ส่วนตัว)
2070,081-236-1556(เบอร์ส่วนตัว)089-144-9244(เบอร์ส่วนตัว)
2071,081-238-0227(เบอร์ส่วนตัว)
2072,081-245-3867(เบอร์ส่วนตัว)
2073,081-246-5361
2074,081-246-5361(เบอร์ส่วนตัว)
2075,081-246-8540(เบอร์ส่วนตัว)
2076,081-247-6716(เบอร์ส่วนตัว)
2077,081-250-2881
2078,081-250-2907
2079,081-251-9747(เบอร์ส่วนตัว)(สะดวกเบอร์นี้)
2080,081-251-9747(เบอร์ส่วนตัว)
2081,081-255-1696
2082,081-255-1696(เบอร์ส่วนตัว)
2083,081-255-8061
2084,081-255-8062
2085,081-256-0321(เบอร์ส่วนตัว)
2086,081-256-5620(เบอร์ส่วนตัว)
2087,081-259-0634(เบอร์ส่วนตัว)
2088,081-260-0719(เบอร์ส่วนตัว)
2089,081-268-3233
2090,081-268-3233(เบอร์ส่วนตัว)
2091,081-268-3233(เบอร์ส่วนตัว)
2092,081-271-2246
2093,081-273-7373(เบอร์ส่วนตัว)
2094,081-277-6856(เบอร์ส่วนตัว)
2095,081-278-2948 (เบอร์ส่วนตัว)
2096,081-281-1034(เบอร์ส่วนตัว)
2097,081-296-8083(เบอร์ส่วนตัว)
2098,081-299-6414
2099,081-299-8570
2100,081-301-6721
2101,081-301-6721(สะดวกเบอร์นี้)
2102,081-310-2251(เบอร์ส่วนตัว)
2103,081-311-7471
2104,081-313-4237(เบอร์ส่วนตัว)
2105,081-316-4088(เบอร์ส่วนตัว)
2106,081-316-4088(เบอร์ส่วนตัว)
2107,081-329-1411(เบอร์ส่วนตัว)
2108,081-334-3550
2109,081-334-3550(เบอร์ส่วนตัว)(สะดวกเบอร์นี้)
2110,081-334-3550(เบอร์ส่วนตัว)
2111,081-336-8503(เบอร์ส่วนตัว)
2112,081-337-2053
2113,081-342-3437(เบอร์ส่วนตัว)
2114,081-343-6752(เบอร์ส่วนตัว)
2115,081-345-6731(เบอร์ส่วนตัว)
2116,081-353-2756
2117,081-353-2756(เบอร์ส่วนตัว)
2118,081-353-6591
2119,081-353-6591(เบอร์ส่วนตัว)
2120,081-353-6591(เบอร์ส่วนตัว)
2121,081-354-4326(เบอร์ส่วนตัว)
2122,081-356-4664(เบอร์ส่วนตัว)
2123,081-358-1796
2124,081-359-2171
2125,081-359-6463(IT)
2126,081-359-7029(เบอร์ส่วนตัว)
2127,081-361-7637(เบอร์ส่วนตัว)
2128,081-363-7839(เบอร์ส่วนตัว)
2129,081-371-0229(เบอร์ส่วนตัว)
2130,081-371-3657
2131,081-371-8831(เบอร์ส่วนตัว)
2132,081-372-3744
2133,081-372-3744(เบอร์ส่วนตัว)
2134,081-372-8011(เบอร์ส่วนตัว)
2135,081-373-8899
2136,081-374-0909
2137,081-374-0909(เบอร์ส่วนตัว)
2138,081-374-6684(เบอร์ส่วนตัว)
2139,081-374-6969(เบอร์ส่วนตัว)
2140,081-374-9980(เบอร์ส่วนตัว)(สะดวกเบอร์นี้)
2141,081-374-9980(เบอร์ส่วนตัว)
2142,081-378-8701(เบอร์ส่วนตัว)
2143,081-379-2962
2144,081-381-8071(เบอร์ส่วนตัว)
2145,081-396-0993(เบอร์ส่วนตัว)
2146,081-396-8817(เบอร์ส่วนตัว)
2147,081-397-6262(เบอร์ส่วนตัว)
2148,081-397-6862(เบอร์ส่วนตัว)
2149,081-397-7890(เบอร์ส่วนตัว)
2150,081-397-7890(ส่วนตัว)
2151,081-398-2051(เบอร์ส่วนตัว)
2152,081-398-2051(เบอร์ส่วนตัว)
2153,081-399-1725(เบอร์ส่วนตัว)
2154,081-400-1819(เบอร์ส่วนตัว)
2155,081-400-2008(เบอร์ส่วนตัว)
2156,081-400-2598(เบอร์ส่วนตัว)
2157,081-400-3197(เบอร์ส่วนตัว)
2158,081-400-4017(เบอร์ส่วนตัว)
2159,081-401-8119(เบอร์ส่วนตัว)
2160,081-401-9763
2161,081-406-3459(เบอร์ส่วนตัว)
2162,081-407-7900(เบอร์ส่วนตัว)
2163,081-407-9618(เบอร์ส่วนตัว)
2164,081-408-5073(เบอร์ส่วนตัว)
2165,081-408-6782(เบอร์ส่วนตัว)
2166,081-408-6782(เบอร์ส่วนตัว)
2167,081-408-8504
2168,081-409-0164(เบอร์ส่วนตัว)
2169,081-409-0419
2170,081-412-0070
2171,081-412-1112(เบอร์ส่วนตัว)
2172,081-412-8294
2173,081-413-0983(เบอร์ส่วนตัว)
2174,081-413-0983(เบอร์ส่วนตัว)
2175,081-414-1412
2176,081-414-1412(เบอร์ส่วนตัว)
2177,081-414-1412(เบอร์ส่วนตัว)
2178,081-414-1412
2179,081-414-6564(เบอร์ส่วนตัว)
2180,081-415-4997(เบอร์ส่วนตัว)
2181,081-415-9145
2182,081-415-9145(เบอร์ส่วนตัว)
2183,081-421-5446
2184,081-421-5446(เบอร์ส่วนตัว)
2185,081-422-5006(เบอร์ส่วนตัว)
2186,081-422-5006(เบอร์ส่วนตัว)
2187,081-422-6250(เบอร์ส่วนตัว)
2188,081-423-4532
2189,081-423-4532(เบอร์ส่วนตัว)
2190,081-423-4532(เบอร์ส่วนตัว)สะดวกเบอร์นี้
2191,081-424-0979(เบอร์ส่วนตัว)
2192,081-424-1047(เบอร์ส่วนตัว)
2193,081-424-7725(เบอร์ส่วนตัว)
2194,081-425-5511
2195,081-425-5511(เบอร์ส่วนตัว)
2196,081-425-5511(เบอร์ส่วนตัว)
2197,"081-425-9276(เบอร์ส่วนตัว) "
2198,081-427-7028
2199,081-429-6595(เบอร์ส่วนตัว)
2200,081-429-7149(เบอร์ส่วนตัว)
2201,081-432-0694(เบอร์ส่วนตัว)
2202,081-437-8171
2203,081-441-4118(เบอร์ส่วนตัว)
2204,081-441-4210
2205,081-441-4210(เบอร์ส่วนตัว)
2206,081-442-1416
2207,081-444-2006(เบอร์ส่วนตัว)
2208,081-444-2659(เบอร์ส่วนตัว)
2209,081-445-9946(เบอร์ส่วนตัว)
2210,081-445-9946(เบอร์ส่วนตัว)คุณศิริพร 061-876-3339(เบอร์ส่วนตัว)คุณรดามณี
2211,081-449-9791(เบอร์ส่วนตัว)สะดวกเบอร์นี้)
2212,081-450-1013
2213,081-450-7699(เบอร์ส่วนตัว)
2214,081-450-7699(เบอร์ส่วนตัว)
2215,081-452-4419
2216,081-452-4569
2217,081-454-6000(เบอร์ส่วนตัว)
2218,081-458-4483
2219,081-458-4483(เบอร์ส่วนตัว)
2220,081-466-1949
2221,081-466-1949(เบอร์ส่วนตัว)
2222,081-466-2645
2223,081-467-8402
2224,081-468-1451(เบอร์ส่วนตัว)
2225,081-469-8749
2226,081-481-0007(เบอร์ส่วนตัว)
2227,081-482-7184(เบอร์ส่วนตัว)
2228,081-483-2375(เบอร์ส่วนตัว)
2229,081-485-3579(เบอร์ส่วนตัว)
2230,081-486-2296
2231,081-486-5978
2232,081-486-7307
2233,081-487-1045(เบอร์ส่วนตัว)
2234,081-487-6481(เบอร์ส่วนตัว)
2235,081-488-0306(เบอร์ส่วนตัว)
2236,081-489-1996(เบอร์ส่วนตัว)
2237,081-490-4951(เบอร์ส่วนตัว)
2238,081-491-2865(เบอร์ส่วนตัว) คุณกุลิสรา(ผจก.นิติฯ1)096-914-4102(เบอร์ส่วนตัว)คุณน้ำทิพย์
2239,081-491-5586
2240,081-493-0072(เบอร์ส่วนตัว)
2241,081-494-4649(เบอร์ส่วนตัว)
2242,081-497-0282 (เบอร์ส่วนตัว)
2243,081-497-0282(เบอร์ส่วนตัว)
2244,081-497-6047
2245,081-498-9153
2246,081-498-9153(เบอร์ส่วนตัว)
2247,081-499-1626(เบอร์ส่วนตัว)
2248,081-499-5519
2249,081-499-8906(เบอร์ส่วนตัว)
2250,081-505-6458(เบอร์ส่วนตัว)
2251,081-505-9665(เบอร์ส่วนตัว)
2252,081-509-8438(เบอร์ส่วนตัว)
2253,081-512-4166(เบอร์ส่วนตัว)
2254,081-513-4596(เบอร์ส่วนตัว)
2255,081-525-5171 (เบอร์ส่วนตัว)
2256,081-536-4488(เบอร์ส่วนตัว)
2257,081-536-6932(เบอร์ส่วนตัว)
2258,081-536-6932(เบอร์ส่วนตัว)
2259,081-538-5161(เบอร์ส่วนตัว)
2260,081-541-7196(เบอร์ส่วนตัว)
2261,081-542-6926
2262,081-542-6926(เบอร์ส่วนตัว)
2263,081-543-4717(เบอร์ส่วนตัว)
2264,081-544-5991
2265,081-544-8581
2266,081-547-6325(เบอร์ส่วนตัว)
2267,081-552-8666(เบอร์ส่วนตัว)
2268,081-553-4264(เบอร์ส่วนตัว)
2269,081-553-8619(เบอร์ส่วนตัว)
2270,081-555-0822
2271,081-557-6102(เบอร์ส่วนตัว)
2272,081-557-7393(เบอร์ส่วนตัว)
2273,081-558-0127
2274,081-558-2118(เบอร์ส่วนตัว)
2275,081-558-4228(เบอร์ส่วนตัว)
2276,081-559-4424(เบอร์ส่วนตัว)
2277,081-559-4424(เบอร์ส่วนตัว)
2278,081-559-8984(เบอร์ส่วนตัว)
2279,081-561-4244
2280,081-564-7910(เบอร์ส่วนตัว)
2281,081-565-2633(เบอร์ส่วนตัว)
2282,081-565-6638(เบอร์ส่วนตัว)
2283,081-565-8801(เบอร์ส่วนตัว)
2284,081-566-6565(เบอร์ส่วนตัว)
2285,081-566-9997 081-633-2934(เบอร์ส่วนตัว)
2286,081-567-9481(เบอร์ส่วนตัว)
2287,081-568-1775(เบอร์ส่วนตัว)
2288,081-568-4441(เบอร์ส่วนตัว)
2289,081-570-7281(เบอร์ส่วนตัว)
2290,081-571-0310
2291,081-575-2140
2292,081-582-7558(เบอร์ส่วนตัว)
2293,081-582-9496
2294,081-582-9714
2295,081-582-9714(เบอร์ส่วนตัว)
2296,081-584-9190
2297,081-595-8030
2298,081-595-8030(เบอร์ส่วนตัว)
2299,081-595-8030(เบอร์ส่วนตัว)
2300,081-602-7260
2301,081-611-2499
2302,081-611-2499(เบอร์ส่วนตัว)
2303,081-611-2499(เบอร์ส่วนตัว)
2304,081-611-9719(เบอร์ส่วนตัว)
2305,081-613-7214(เบอร์ส่วนตัว)
2306,081-615-4689(เบอร์ส่วนตัว)
2307,081-615-9697 (เบอร์ส่วนตัว)
2308,081-615-9697(เบอร์ส่วนตัว)
2309,081-615-9697(เบอร์ส่วนตัว)
2310,081-617-0525(เบอร์ส่วนตัว)
2311,081-618-5390
2312,081-618-5390(เบอร์ส่วนตัว)
2313,081-618-5390(เบอร์ส่วนตัว)
2314,081-619-6983
2315,081-619-8365(เบอร์ส่วนตัว)
2316,081-621-5632
2317,081-621-5632(เบอร์ส่วนตัว)
2318,081-621-5632(เบอร์ส่วนตัว)
2319,081-621-9570(เบอร์ส่วนตัว)
2320,081-622-8298(เบอร์ส่วนตัว)
2321,081-625-5826(เบอร์ส่วนตัว)
2322,081-626-3206
2323,081-626-3206(เบอร์ส่วนตัว)
2324,081-626-3206(เบอร์ส่วนตัว)
2325,081-627-1985(เบอร์ส่วนตัว)
2326,081-632-1883(เบอร์ส่วนตัว)
2327,081-632-8291
2328,081-632-8291(ลูกค้าสะดวกเบอร์นี้)
2329,081-632-9699(เบอร์ส่วนตัว)
2330,081-633-3251(เบอร์ส่วนตัว)
2331,081-633-6894(เบอร์ส่วนตัว)
2332,081-633-8244(เบอร์ส่วนตัว)
2333,081-633-8244(เบอร์ส่วนตัว)
2334,081-636-2409
2335,081-636-2409(เบอร์ส่วนตัว)
2336,081-638-1400(เบอร์ส่วนตัว)
2337,081-639-9662(เบอร์ส่วนตัว)
2338,081-643-1155(เบอร์ส่วนตัว)
2339,081-644-5033(เบอร์ส่วนตัว)
2340,081-644-5033(เบอร์ส่วนตัว)
2341,081-644-6120(เบอร์ส่วนตัว)
2342,081-644-8808(เบอร์ส่วนตัว)
2343,081-645-9717(เบอร์ส่วนตัว)
2344,"081-645-9717(เบอร์ส่วนตัว) "
2345,081-651-2221
2346,081-651-2221(เบอร์ส่วนตัว)
2347,081-651-6061(เบอร์ส่วนตัว)
2348,081-653-3264(เบอร์ส่วนตัว)
2349,081-653-5969(เบอร์ส่วนตัว)
2350,081-654-8654(เบอร์ส่วนตัว)
2351,081-657-9180(เบอร์ส่วนตัว)
2352,081-658-0748(เบอร์ส่วนตัว)
2353,081-658-0748(บอร์ส่วนตัว)
2354,081-658-8663(เบอร์ส่วนตัว)
2355,081-661-3042(เบอร์ส่วนตัว)
2356,081-661-9354
2357,081-661-9354(เบอร์ส่วนตัว)
2358,081-664-0632
2359,081-664-0632(เบอร์ส่วนตัว)
2360,081-664-0632(เบอร์ส่วนตัว)
2361,"081-664-5325(เบอร์ส่วนตัว)คุณอรวรรณ(บ.จัดทำบัญชี) "
2362,081-665-8254(เบอร์ส่วนตัว)
2363,081-665-8895(เบอร์ส่วนตัว)
2364,081-665-8983
2365,081-665-8983(เบอร์ส่วนตัว)
2366,081-665-8983(เบอร์ส่วนตัว)
2367,081-666-6488(เบอร์ส่วนตัว)
2368,081-668-6287(เบอร์ส่วนตัว)
2369,081-678-2834(เบอร์ส่วนตัว)
2370,081-679-3398(เบอร์ส่วนตัว)
2371,081-686-1232
2372,081-689-1264(เบอร์ส่วนตัว)
2373,081-689-4911(เบอร์ส่วนตัว)
2374,081-691-9442(เบอร์ส่วนตัว)
2375,081-691-9444(เบอร์ส่วนตัว)
2376,081-692-9610
2377,081-692-9610(เบอร์ส่วนตัว)
2378,081-692-9610(เบอร์ส่วนตัว)
2379,081-695-4924(เบอร์ส่วนตัว)
2380,081-695-9359
2381,081-696-4633
2382,081-696-5880(เบอร์ส่วนตัว)
2383,081-697-6386(เบอร์ส่วนตัว)
2384,081-698-1042(เบอร์ส่วนตัว)
2385,081-701-9457(เบอร์ส่วนตัว)
2386,081-702-0176(เบอร์ส่วนตัว)
2387,081-712-8118(เบอร์ส่วนตัว)
2388,081-717-7138
2389,081-720-5723
2390,081-7210458(เบอร์ส่วนตัว)
2391,081-721-4209 (เบอร์ส่วนตัว)
2392,081-723-0767
2393,081-723-0767(เบอร์ส่วนตัว)
2394,081-723-0767(เบอร์ส่วนตัว)
2395,081-735-5029(เบอร์ส่วนตัว)
2396,081-736-8660(เบอร์ส่วนตัว)
2397,081-736-9354(เบอร์ส่วนตัว)
2398,081-741-4147
2399,081-741-4147(เบอร์ส่วนตัว)
2400,081-741-4193
2401,081-741-4193(เบอร์ส่วนตัว)
2402,081-742-8140(เบอร์ส่วนตัว)
2403,081-743-6992(เบอร์ส่วนตัว)
2404,081-748-3573(เบอร์ส่วนตัว)
2405,081-750-2839(เบอร์ส่วนตัว)
2406,081-750-8280(เบอร์ส่วนตัว)
2407,081-751-1276
2408,081-751-1276(เบอร์ส่วนตัว)
2409,081-751-5529
2410,081-751-5529(เบอร์ส่วนตัว)
2411,081-751-5529(เบอร์ส่วนตัว)
2412,081-751-5529(ส่วนตัว)
2413,081-752-0313
2414,081-752-0313(เบอร์ส่วนตัว)
2415,081-752-0313 081-425-5511(เบอร์ส่วนตัว)
2416,081-752-2483(เบอร์ส่วนตัว)
2417,081-752-6403(เบอร์ส่วนตัว)
2418,081-752-8895
2419,081-752-9260(เบอร์ส่วนตัว)
2420,081-754-5499
2421,081-754-9484 (เบอร์ส่วนตัว)
2422,081-754-9484(เบอร์ส่วนตัว)
2423,081-754-9865
2424,081-754-9865(เบอร์ส่วนตัว)
2425,081-755-5284
2426,081-755-8852(เบอร์ส่วนตัว)
2427,081-763-8229(เบอร์ส่วนตัว)
2428,081-773-9292(เบอร์ส่วนตัว)
2429,081-773-9292(เบอร์ส่วนตัว)คุณตุ่ม 081-633-8244(เบอร์ส่วนตัว)คุณสมชัย
2430,081-773-9292(เบอร์ส่วนตัว)คุณตุ่ม 081-633-8244(เบอร์ส่วนตัว)คุณสมชัย 081-278-2948 (เบอร์ส่วนตัว)คุณปราณี
2431,081-774-5067(เบอร์ส่วนตัว)
2432,081-775-4800(เบอร์ส่วนตัว)
2433,081-779-1785(เบอร์ส่วนตัว)
2434,081-779-3923(เบอร์ส่วนตัว)
2435,081-780-7656(เบอร์ส่วนตัว)
2436,081-787-3044(เบอร์ส่วนตัว)
2437,081-787-5594
2438,081-787-8522(เบอร์ส่วนตัว)
2439,081-791-6468(เบอร์ส่วนตัว)
2440,081-791-7764
2441,081-791-7764(เบอร์ส่วนตัว)
2442,081-791-7764(เบอร์ส่วนตัว)
2443,081-794-2979
2444,081-795-2059(เบอร์ส่วนตัว)
2445,081-796-6626
2446,081-796-6626(เบอร์ส่วนตัว)
2447,081-797-1987(เบอร์ส่วนตัว)
2448,081-797-8829(เบอร์ส่วนตัว)
2449,081-797-9474(เบอร์ส่วนตัว)
2450,081-801-8855(เบอร์ส่วนตัว)
2451,081-802-8250(เบอร์ส่วนตัว)
2452,081-803-4924
2453,081-804-0050(เบอร์ส่วนตัว)
2454,081-804-0505(เบอร์ส่วนตัว)
2455,081-804-0505(เบอร์ส่วนตัว)
2456,081-805-3673 086-428-2382(เบอร์ส่วนตัว)
2457,081-805-3963
2458,081-806-5022(เบอร์ส่วนตัว)
2459,081-806-5711
2460,081-806-5711(เบอร์ส่วนตัว)
2461,081-806-5711(เบอร์ส่วนตัว)
2462,081-808-0713(เบอร์ส่วนตัว)
2463,081-808-6238(เบอร์ส่วนตัว)
2464,081-809-8097(เบอร์ส่วนตัว)
2465,081-811-4097(เบอร์ส่วนตัว)
2466,081-811-9839
2467,081-811-9839 (เบอร์ส่วนตัว)
2468,081-811-9839 (เบอร์ส่วนตัว)
2469,081-811-9839(เบอร์ส่วนตัว)
2470,081-812-1738
2471,081-812-9030(เบอร์ส่วนตัว)
2472,081-813-7897(เบอร์ส่วนตัว)
2473,081-815-1668
2474,081-816-2735(เบอร์ส่วนตัว)
2475,081-817-0913(เบอร์ส่วนตัว)
2476,081-817-5857
2477,081-818-9747(เบอร์ส่วนตัว)
2478,081-820-1113(เบอร์ส่วนตัว)
2479,081-820-3775(เบอร์ส่วนตัว)
2480,081-821-1999
2481,081-821-2243(เบอร์ส่วนตัว)
2482,081-821-5507(เบอร์ส่วนตัว)
2483,081-824-8289(เบอร์ส่วนตัว)
2484,081-826-1520
2485,081-826-9552(เบอร์ส่วนตัว)
2486,081-827-5198(เบอร์ส่วนตัว)
2487,081-830-6179
2488,081-830-6179 (เบอร์ส่วนตัว)
2489,081-830-6179(เบอร์ส่วนตัว)
2490,081-833-2780(เบอร์ส่วนตัว)
2491,081-833-3263(เบอร์ส่วนตัว)
2492,081-833-5474
2493,081-833-8607(เบอร์ส่วนตัว)
2494,081-833-8974(บอร์ส่วนตัว)
2495,081-835-9785(เบอร์ส่วนตัว)
2496,081-836-4863(เบอร์ส่วนตัว)
2497,081-837-0256(เบอร์ส่วนตัว)
2498,081-838-3981(เบอร์ส่วนตัว)
2499,081-838-9232(เบอร์ส่วนตัว)
2500,081-838-9282(เบอร์ส่วนตัว)
2501,081-842-8873(เบอร์ส่วนตัว)
2502,081-843-6216(เบอร์ส่วนตัว)
2503,081-843-6216(เบอร์ส่วนตัว)
2504,081-844-5471
2505,081-844-5471(เบอร์ส่วนตัว)
2506,081-844-9070(เบอร์ส่วนตัว)
2507,081-845-8575(เบอร์ส่วนตัว)
2508,081-849-2355(เบอร์ส่วนตัว)
2509,081-850-3947
2510,081-850-3947(เบอร์ส่วนตัว)
2511,081-850-6705(เบอร์ส่วนตัว)
2512,081-854-4045(เบอร์ส่วนตัว)
2513,081-854-8512(เบอร์ส่วนตัว)
2514,081-854-8512
2515,081-854-9524(เบอร์ส่วนตัว)
2516,081-855-4892(เบอร์ส่วนตัว)
2517,081-855-7130
2518,081-855-7130(เบอร์ส่วนตัว)
2519,081-859-0365(เบอร์ส่วนตัว)
2520,081-859-5474(เบอร์ส่วนตัว)
2521,081-863-8000 (เบอร์ส่วนตัว)
2522,081-863-8376
2523,081-863-8376(เบอร์ส่วนตัว)
2524,081-866-2526
2525,081-869-6584(เบอร์ส่วนตัว)
2526,081-875-1146(เบอร์ส่วนตัว)
2527,081-875-2825(เบอร์ส่วนตัว)
2528,081-875-3078
2529,081-875-3078(เบอร์ส่วนตัว)
2530,081-875-3078(เบอร์ส่วนตัว)
2531,081-878-2015(เบอร์ส่วนตัว)(สะดวกเบอร์นี้)
2532,081-878-2015(เบอร์ส่วนตัว)
2533,081-880-1687
2534,081-880-1687 (เบอร์ส่วนตัว)
2535,081-880-1687(เบอร์ส่วนตัว)
2536,081-880-8415(เบอร์ส่วนตัว)
2537,081-880-8415 094-987-6215เบอร์ส่วนตัว)
2538,081-884-7588(เบอร์ส่วนตัว)
2539,081-885-8188
2540,081-885-8188(เบอร์ส่วนตัว)
2541,081-885-8188(เบอร์ส่วนตัว)
2542,081-886-4522(เบอร์ส่วนตัว)
2543,081-889-9299(เบอร์ส่วนตัว)
2544,081-891-9752(เบอร์ส่วนตัว)
2545,081-895-2242
2546,081-895-2242(เบอร์ส่วนตัว)
2547,081-895-2242(เบอร์ส่วนตัว)
2548,081-899-6961(เบอร์ส่วนตัว)
2549,081-899-9656
2550,081-899-9656(เบอร์ส่วนตัว)
2551,081-899-9656(เบอร์ส่วนตัว)
2552,081-901-0186(เบอร์ส่วนตัว)
2553,081-903-5719
2554,081-903-7833(เบอร์ส่วนตัว)
2555,081-905-6914(เบอร์ส่วนตัว)
2556,081-905-8958
2557,081-907-5514(เบอร์ส่วนตัว)
2558,081-907-9409(เบอร์ส่วนตัว)
2559,081-907-9409(เบอร์ส่วนตัว)
2560,081-909-2008(เบอร์ส่วนตัว)
2561,081-909-2523(เบอร์ส่วนตัว)
2562,081-909-5943(เบอร์ส่วนตัว)
2563,081-909-6133(เบอร์ส่วนตัว)
2564,081-910-5021(เบอร์ส่วนตัว)
2565,081-910-7621
2566,081-910-7621(เบอร์ส่วนตัว)
2567,081-910-9666(เบอร์ส่วนตัว)
2568,081-911-2629
2569,081-913-0227(เบอร์ส่วนตัว)
2570,081-913-6021(เบอร์ส่วนตัว)
2571,081-914-4698(เบอร์ส่วนตัว)
2572,081-916-6082(เบอร์ส่วนตัว)
2573,081-917-5690(เบอร์ส่วนตัว)
2574,081-919-5192(เบอร์ส่วนตัว)(สะดวกเบอร์นี้)
2575,081-919-5192(เบอร์ส่วนตัว)
2576,081-920-3985
2577,081-920-3985(เบอร์ส่วนตัว)
2578,081-920-5294
2579,081-924-3747(เบอร์ส่วนตัว)
2580,081-924-9153(เบอร์ส่วนตัว)
2581,081-927-3281(เบอร์ส่วนตัว)
2582,081-927-7569(เบอร์ส่วนตัว)
2583,081-929-5635(เบอร์ส่วนตัว)
2584,081-931-0891(เบอร์ส่วนตัว)
2585,081-931-0891(เบอร์ส่วนตัว)
2586,081-933-1564
2587,081-933-1564(เบอร์ส่วนตัว)
2588,081-933-1564(เบอร์ส่วนตัว)
2589,081-933-7884
2590,081-933-9995
2591,081-933-9995(เบอร์ส่วนตัว)
2592,081-933-9995(เบอร์ส่วนตัว)
2593,081-933-9995(เบอร์ส่วนตัว)
2594,081-934-3208
2595,081-934-3208(เบอร์ส่วนตัว)
2596,081-935-2544
2597,081-935-2544(เบอร์ส่วนตัว)
2598,081-935-2544(เบอร์ส่วนตัว)
2599,081-935-2544(เบอร์ส่วนตัว)
2600,081-935-2544(ส่วนตัว)
2601,081-935-2544
2602,081-937-6349(เบอร์ส่วนตัว)
2603,081-937-8546(เบอร์ส่วนตัว)
2604,081-938-5970(เบอร์ส่วนตัว)
2605,081-938-5970(เบอร์ส่วนตัว)คุณวสันต์
2606,081-939-1247(เบอร์ส่วนตัว)
2607,081-941-5392
2608,081-942-3694(เบอร์ส่วนตัว)
2609,081-945-4212(คุณสมนึก)
2610,081-945-7360(เบอร์ส่วนตัว)
2611,081-945-9984
2612,081-945-9984(เบอร์ส่วนตัว)
2613,081-946-6929(เบอร์ส่วนตัว)
2614,081-948-5300(เบอร์ส่วนตัว)
2615,081-948-6860(เบอร์ส่วนตัว)
2616,081-949-3732(เบอร์ส่วนตัว)
2617,081-949-9747
2618,081-950-7384 (เบอร์ส่วนตัวบัญชี)
2619,081-950-7384(เบอร์ส่วนตัว)
2620,081-950-9656(เบอร์ส่วนตัว)
2621,081-953-2355(เบอร์ส่วนตัว)
2622,081-953-2355(เบอร์ส่วนตัว)
2623,081-956-2036(เบอร์ส่วนตัว)
2624,081-959-1207(เบอร์ส่วนตัว)
2625,081-964-9639(เบอร์ส่วนตัว)
2626,081-966-9083(เบอร์ส่วนตัว)
2627,081-985-3899(เบอร์ส่วนตัว)
2628,081-986-6558(เบอร์ส่วนตัว)
2629,081-987-9994(เบอร์ส่วนตัว)
2630,081-989-1151
2631,081-989-1151(เบอร์ส่วนตัว)
2632,081-989-1571
2633,081-989-1571(เบอร์ส่วนตัว)
2634,081-989-5313(เบอร์ส่วนตัว)
2635,081-993-5515(เบอร์ส่วนตัว)
2636,081-997-6896(เบอร์ส่วนตัว)
2637,081-998-2318(เบอร์ส่วนตัว)
2638,081-998-5817
2639,082-001-2551(เบอร์ส่วนตัว)
2640,082-0037
2641,082-003-7886 062-486-6250(เบอร์ส่วนตัว)
2642,082-010-6045
2643,082-010-6045(เบอร์ส่วนตัว)
2644,082-012-9119(เบอร์ส่วนตัว)
2645,082-014-7679 (เบอร์ส่วนตัว)
2646,082-014-7679 (เบอร์ส่วนตัว)ณวรนันท์
2647,082-016-6989
2648,082-026-5303(เบอร์ส่วนตัว)
2649,082-029-1277
2650,082-029-1277(เบอร์ส่วนตัว)
2651,082-029-1277(เบอร์ส่วนตัว)
2652,082-046-9841(เบอร์ส่วนตัว)
2653,082-049-1263(เบอร์ส่วนตัว)
2654,082-058-8327(เบอร์ส่วนตัว)
2655,082-060-4191
2656,082-063-4624(เบอร์ส่วนตัว)
2657,082-063-4624(เบอร์ส่วนตัว)
2658,082-067-6260(เบอร์ส่วนตัว)
2659,082-070-8789(เบอร์ส่วนตัว)
2660,082-071-8640(เบอร์ส่วนตัว)
2661,082-076-0510(ส่วนตัว)
2662,082-086-7096(เบอร์ส่วนตัว)
2663,082-099-0038(เบอร์ส่วนตัว)
2664,082-1103463
2665,082-110-6268(เบอร์ส่วนตัว)
2666,082-115-1228(เบอร์ส่วนตัว)
2667,082-117-2745(เบอร์ส่วนตัว)
2668,082-118-0471(เบอร์ส่วนตัว)
2669,082-127-4035(เบอร์ส่วนตัว)
2670,082-128-4834 (ธุรการนิติฯ )
2671,082-141-6241(เบอร์ส่วนตัว)
2672,082-150-7469 (เบอร์ส่วนตัว)
2673,082-150-7469(เบอร์ส่วนตัว)
2674,082-150-7469(เบอร์ส่วนตัว)
2675,082-151-2291
2676,082-151-2291(เบอร์ส่วนตัว)
2677,082-156-2143
2678,082-156-9899
2679,082-161-7984(เบอร์ส่วนตัว)
2680,082-182-1235
2681,082-182-1235(เบอร์ส่วนตัว)
2682,082-182-1235(เบอร์ส่วนตัว)
2683,082-199-6186
2684,082-199-6186(เบอร์ส่วนตัว)
2685,082-199-6186
2686,082-201-4591(เบอร์ส่วนตัว)
2687,082-208-7679(เบอร์ส่วนตัว)
2688,082-212-5982(เบอร์ส่วนตัว)
2689,082-212-7412
2690,082-212-7412(เบอร์ส่วนตัว)
2691,082-216-1971
2692,082-216-1971(เบอร์ส่วนตัว)
2693,082-219-9137(เบอร์ส่วนตัว)
2694,082-229-5524
2695,082-234-3244(เบอร์ส่วนตัว)
2696,082-239-5398(เบอร์ส่วนตัว)
2697,082-240-5624(เบอร์ส่วนตัว)
2698,082-241-5416
2699,082-243-8548
2700,082-245-9693(เบอร์ส่วนตัว)
2701,082-245-9693(เบอร์ส่วนตัว)
2702,082-245-9947(เบอร์ส่วนตัว)
2703,082-247-7837(เบอร์ส่วนตัว)
2704,082-249-2224(เบอร์ส่วนตัว)
2705,082-252-9902(เบอร์ส่วนตัว)
2706,082-253-6198(เบอร์ส่วนตัว)
2707,082-254-8475(เบอร์ส่วนตัว)
2708,082-256-1519(เบอร์ส่วนตัว)
2709,082-256-7042
2710,082-256-7042(เบอร์ส่วนตัว)
2711,082-258-9254
2712,082-260-1540(เบอร์ส่วนตัว)
2713,082-263-3665
2714,082-263-3665(เบอร์ส่วนตัว)
2715,082-263-3665(เบอร์ส่วนตัว)
2716,082-265-3982(เบอร์ส่วนตัว)
2717,082-278-0965(เบอร์ส่วนตัว)
2718,082-278-6964(เบอร์ส่วนตัว)
2719,082-281-8565(เบอร์ส่วนตัว)
2720,082-281-9929(เบอร์ส่วนตัว)
2721,082-281-9929(เบอร์ส่วนตัว)
2722,082-281-9929(เบอร์ส่วนตัว)
2723,082-297-5697(เบอร์ส่วนตัว)
2724,082-299-8155(เบอร์ส่วนตัว)
2725,082-304-8042(เบอร์ส่วนตัว)
2726,082-321-0228(เบอร์ส่วนตัว)
2727,082-322-4552
2728,082-322-4552(เบอร์ส่วนตัว)
2729,082-322-4552(เบอร์ส่วนตัว)
2730,082-323-0550(เบอร์ส่วนตัว)
2731,082-332-0021(เบอร์ส่วนตัว)
2732,082-332-2312(เบอร์ส่วนตัว)
2733,082-332-2312(เบอร์ส่วนตัว)สะดวกเบอร์นี้)
2734,082-340-0999
2735,082-340-0999(เบอร์ส่วนตัว)
2736,082-341-1506(เบอร์ส่วนตัว)
2737,082-342-2324(เบอร์ส่วนตัว)
2738,082-346-5500(เบอร์ส่วนตัว)
2739,082-352-9992(เบอร์ส่วนตัว)
2740,082-379-1519(เบอร์ส่วนตัว)
2741,082-414-2996(เบอร์ส่วนตัว)
2742,082-420-0708
2743,082-425-5825(เบอร์ส่วนตัว)
2744,082-440-6606(เบอร์ส่วนตัว)
2745,082-442-3654
2746,082-442-3654(เบอร์ส่วนตัว)
2747,082-443-3350
2748,082-443-3350(เบอร์ส่วนตัว)(สะดวกเบอร์นี้))
2749,082-443-3350(เบอร์ส่วนตัว)
2750,082-445-1599(เบอร์ส่วนตัว)
2751,082-445-2063(เบอร์ส่วนตัว)
2752,082-445-8575(เบอร์ส่วนตัว)
2753,082-449-7498
2754,082-449-7498(เบอร์ส่วนตัว)
2755,082-452-1756
2756,082-452-1756(เบอร์ส่วนตัว)
2757,082-452-8862
2758,082-453-9741(เบอร์ส่วนตัว)
2759,082-455-5697(เบอร์ส่วนตัว)
2760,082-456-9962(เบอร์ส่วนตัว)
2761,082-463-6440
2762,082-463-6852
2763,082-463-6852(เบอร์ส่วนตัว)
2764,082-464-7170(เบอร์ส่วนตัว)
2765,082-468-5200
2766,082-469-0971(เบอร์ส่วนตัว)
2767,082-473-7924(เบอร์ส่วนตัว)
2768,082-475-5578
2769,082-478-8293
2770,082-478-8293(เบอร์ส่วนตัว)
2771,082-482-9882
2772,082-487-4741
2773,082-491-4401
2774,082-491-4401(เบอร์ส่วนตัว)
2775,082-491-4401
2776,082-491-4401คุณอีฟ  061-692-4669คุณจินตนา/ส่วนกลาง
2777,082-492-6542
2778,082-493-9597(เบอร์ส่วนตัว)
2779,082-495-1441
2780,082-497-4494
2781,082-512-4636
2782,082-514-2456
2783,082-514-2456(เบอร์ส่วนตัว)
2784,082-514-2456(เบอร์ส่วนตัว)
2785,082-514-7988
2786,082-514-7988 095-474-4497
2787,082-514-8577(เบอร์ส่วนตัว)
2788,082-515-4696
2789,082-516-2929
2790,082-516-2929(เบอร์ส่วนตัว)
2791,082-516-2929(เบอร์ส่วนตัว)
2792,082-517-8392(เบอร์ส่วนตัว)
2793,082-519-6034(เบอร์ส่วนตัว)
2794,082-535-1929(เบอร์ส่วนตัว)
2795,082-535-8496(เบอร์ส่วนตัว)
2796,082-540-3514
2797,082-541-9130
2798,082-541-9957
2799,082-541-9957(เบอร์ส่วนตัว)
2800,082-541-9957(เบอร์ส่วนตัว)
2801,082-550-6107
2802,082-550-6234(เบอร์ส่วนตัว)
2803,082-556-1581(เบอร์ส่วนตัว)
2804,082-559-4961(เบอร์ส่วนตัว)
2805,082-559-4961(เบอร์ส่วนตัว)
2806,082-559-4961(เบอร์ส่วนตัว)
2807,082-559-4961
2808,"082-562-4661(เบอร์ส่วนตัว) "
2809,082-565-5649(เบอร์ส่วนตัว)
2810,082-571-3395(เบอร์ส่วนตัว)
2811,082-576-5261(เบอร์ส่วนตัว)
2812,082-576-8079(เบอร์ส่วนตัว)
2813,082-576-8079(เบอร์ส่วนตัว)
2814,082-576-8079(ส่วนตัว)
2815,082-579-6956(เบอร์ส่วนตัว)
2816,082-585-7093(เบอร์ส่วนตัว)
2817,082-596-6048(เบอร์ส่วนตัว)
2818,082-609-9349
2819,082-615-3655(เบอร์ส่วนตัว)
2820,082-624-6422(เบอร์ส่วนตัว)
2821,082629-1466(เบอร์ส่วนตัว)
2822,082-632-8600
2823,082-635-1589(เบอร์ส่วนตัว)
2824,082-637-8939(เบอร์ส่วนตัว)
2825,082-643-5530
2826,082-643-5841(เบอร์ส่วนตัว)
2827,082-646-2428
2828,082-649-7919(เบอร์ส่วนตัว)
2829,082-657-9865(เบอร์ส่วนตัว)(สะดวกเบอร์นี้))
2830,082-657-9865(เบอร์ส่วนตัว)
2831,082-658-5934(เบอร์ส่วนตัว)
2832,082-662-9492(เบอร์ส่วนตัว)
2833,082-664-6224(เบอร์ส่วนตัว)คุณต้อม(ผจก.)
2834,082-669-4226
2835,082-676-4506(เบอร์ส่วนตัว)
2836,082-677-4777
2837,082-678-3756(เบอร์ส่วนตัว)
2838,082-683-1188(เบอร์ส่วนตัว)
2839,082-687-2200(เบอร์ส่วนตัว)
2840,082-687-6075
2841,082-687-6075(เบอร์ส่วนตัว)
2842,082-695-1422(เบอร์ส่วนตัว)
2843,082-695-4562
2844,082-695-4562(เบอรร์ส่วนตัว
2845,082-695-4562(เบอร์ส่วนตัว)
2846,082-695-4652(เบอร์ส่วนตัว)
2847,082-696-4082(เบอร์ส่วนตัว)
2848,082-709-2604(เบอร์ส่วนตัว)
2849,082-709-2604(เบอร์ส่วนตัว)คุณจอย
2850,082-715-6585
2851,082-716-3043(เบอร์ส่วนตัว)
2852,082-731-7578(เบอร์ส่วนตัว)
2853,082-741-1120(เบอร์ส่วนตัว)
2854,082-751-8044(เบอร์ส่วนตัว)
2855,082-787-3911(เบอร์ส่วนตัว)
2856,082-788-5479
2857,082-788-5479(เบอร์ส่วนตัว)
2858,082-788-5479(เบอร์ส่วนตัว)
2859,082-796-7735(เบอร์ส่วนตัว)
2860,082-804-4457(เบอร์ส่วนตัว)
2861,082-804-4457(เบอร์ส่วนตัว)สะดวกเบอร์นี้)
2862,082-806-8746(เบอร์ส่วนตัว)
2863,082-809-9090(เบอร์ส่วนตัว)
2864,082-818-8499
2865,082-818-8499(เบอร์ส่วนตัว)
2866,082-826-2916
2867,082-836-2414(เบอร์ส่วนตัว)
2868,082-840-5142(เบอร์ส่วนตัว)
2869,082-842-3651(เบอร์ส่วนตัว)
2870,082-845-2082(เบอร์ส่วนตัว)
2871,"082-845-2082(เบอร์ส่วนตัว) "
2872,"082-878-6984 "
2873,082-878-6984(เบอร์ส่วนตัว)
2874,082-883-8595
2875,082-902-4299
2876,082-902-4299(เบอร์ส่วนตัว)
2877,082-902-4299(เบอร์ส่วนตัว)(สะดวกเบอร์นี้))
2878,082-902-4299(เบอร์ส่วนตัว)
2879,082-902-4299(เบอร์ส่วนตัว)คุณกิ๊บ
2880,082-903-6876(เบอร์ส่วนตัว)
2881,082-906-7389
2882,082-908-2311(เบอร์ส่วนตัว)
2883,082-908-2642
2884,082-912-5315(เบอร์ส่วนตัว)
2885,082-914-0976
2886,082-914-5369(เบอร์ส่วนตัว)
2887,082-924-3964
2888,082-924-6529(เบอร์ส่วนตัว)
2889,082-927-7921(เบอร์ส่วนตัว)
2890,082-929-9173(เบอร์ส่วนตัว)
2891,082-934-5549
2892,082-936-9325(เบอร์ส่วนตัว)
2893,082-937-2941(เบอร์ส่วนตัว)
2894,082-939-9893(เบอร์ส่วนตัว)
2895,082-941-6466(เบอร์ส่วนตัว)
2896,082-945-2924(เบอร์ส่วนตัว)
2897,082-945-2924(เบอร์ส่วนตัว)
2898,082-946-2862(เบอร์ส่วนตัว)
2899,082-9471924 (เบอร์ส่วนตัว)
2900,082-947-1924 (เบอร์ส่วนตัว)
2901,082-947-1924(เบอร์ส่วนตัว)
2902,082-947-1924(เบอร์ส่วนตัว)
2903,082-953-6791(เบอร์ส่วนตัว)
2904,082-954-9169(เบอร์ส่วนตัว)
2905,082-962-0242(เบอร์ส่วนตัว)
2906,082-964-4954
2907,082-964-4954(เบอร์ส่วนตัว)
2908,082-965-5395(เบอร์ส่วนตัว)
2909,082-969-0754(เบอร์ส่วนตัว)
2910,082-969-0754(เบอร์ส่วนตัว)
2911,082-971-8882(เบอร์ส่วนตัว)
2912,082-974-0187(เบอร์ส่วนตัว)
2913,082-974-8308(เบอร์ส่วนตัว)
2914,082-984-3589(เบอร์ส่วนตัว)
2915,082-985-3215(เบอร์ส่วนตัว)
2916,082-986-8312(เบอร์ส่วนตัว)
2917,082-986-8312(เบอร์ส่วนตัว)
2918,082-987-7917(เบอร์ส่วนตัว)
2919,082-988-5433
2920,082-988-5433(เบอร์ส่วนตัว)
2921,082-988-5433
2922,082-989-0523(เบอร์ส่วนตัว)
2923,082-992-8963(เบอร์ส่วนตัว)
2924,083-000-7377
2925,083-004-2479(เบอร์ส่วนตัว)
2926,083-005-0391
2927,083-005-1453(เบอร์ส่วนตัว)
2928,083-005-1453
2929,083-005-3376
2930,083-005-3376(เบอร์ส่วนตัว)
2931,083-006-2839(เบอร์ส่วนตัว)
2932,083-008-2340(เบอร์ส่วนตัว)
2933,083-012-0251(เบอร์ส่วนตัว)
2934,083-014-0339(เบอร์ส่วนตัว)
2935,083-014-2402(เบอร์ส่วนตัว)
2936,083-015-3438(เบอร์ส่วนตัว)
2937,083-015-6754(เบอร์ส่วนตัว)
2938,083-018-5126(เบอร์ส่วนตัว)
2939,083-019-7207(เบอร์ส่วนตัว)
2940,083-024-3030
2941,083-024-3030(เบอร์ส่วนตัว)
2942,083-024-3030(ส่วนตัว)
2943,083-025-4209
2944,083-025-4209(เบอร์ส่วนตัว)
2945,083-025-4209
2946,083-028-3119
2947,083-028-3119 คุณแอ๊ว (บัญชีสำนักงานใหญ่ Prime Property)
2948,083-032-4358(เบอร์ส่วนตัว)
2949,083-039-8905
2950,083-039-8905(เบอร์ส่วนตัว)
2951,083-040-9562
2952,083-043-4146(เบอร์ส่วนตัว)
2953,083-044-5218
2954,083-044-5218(เบอร์ส่วนตัว)
2955,083-049-0486(เบอร์ส่วนตัว)
2956,083-051-8771(เบอร์ส่วนตัว)
2957,083-074-0554
2958,083-074-1091(เบอร์ส่วนตัว)
2959,083-076-0738(เบอร์ส่วนตัว)
2960,083-076-0738(เบอร์ส่วนตัว)สะดวกเบอร์นี้
2961,083-078-2952(เบอร์ส่วนตัว)
2962,083-078-9492
2963,083-082-3521
2964,083-085-7179
2965,083-085-9088
2966,083-085-9628
2967,083-091-0196
2968,083-091-0196(เบอร์ส่วนตัว)
2969,083-095-5491(เบอร์ส่วนตัว)
2970,083-096-2102
2971,083-097 9262
2972,083-097-5169
2973,083-097-5169(เบอร์ส่วนตัว)
2974,083-097-5169(เบอร์ส่วนตัว)
2975,083-097-9262
2976,083-098-1660
2977,083-098-1778
2978,083-133-0408(เบอร์ส่วนตัว)
2979,083-133-4008(เบอร์ส่วนตัว)
2980,083-134-4489(เบอร์ส่วนตัว)
2981,083-140-8692(เบอร์ส่วนตัว)
2982,083-155-4232
2983,083-178-1835
2984,083-178-1835(เบอร์ส่วนตัว)
2985,083-178-1835(เบอร์ส่วนตัว)
2986,083-178-1835(เบอร์ส่วนตัว)คุณก้องภพ(บ.ทัฟฟ์)
2987,083-178-1835(บอร์ส่วนตัว)
2988,083-178-1835(ส่วนตัว)
2989,083-198-5588
2990,083-199-4250?
2991,083-199-6499(เบอร์ส่วนตัว)
2992,083-201-9042(เบอร์ส่วนตัว)
2993,083-201-9042(หน้างาน)
2994,083-201-9042
2995,083-210-6123(เบอร์ส่วนตัว)
2996,083-219-7924(เบอร์ส่วนตัว)
2997,083-219-7924(เบอร์ส่วนตัว)(สะดวกเบอร์นี้)
2998,083-219-7924(เบอร์ส่วนตัว)
2999,083-219-7924)
3000,083-220-3154(เบอร์ส่วนตัว)
3001,083-223-3996(เบอร์ส่วนตัว)
3002,083-224-5939(เบอร์ส่วนตัว)
3003,083-224-5939(เบอร์ส่วนตัว)คุณแคท
3004,083-228-4096(เบอร์ส่วนตัว)
3005,083-229-6297
3006,083-229-6297(เบอร์ส่วนตัว)
3007,083-229-6297(เบอร์ส่วนตัว)
3008,083-229-6297(เบอร์ส่วนตัว)
3009,083-229-6297(เบอร์ส่วนตัว)สะดวกเบอร์นี้))
3010,083-231-1478(เบอร์ส่วนตัว)
3011,083-234-5245
3012,083-234-5245(เบอร์ส่วนตัว)
3013,083-234-5245(เบอร์ส่วนตัว)
3014,083-236-1465(เบอร์ส่วนตัว)
3015,083-244-7935(เบอร์ส่วนตัว)
3016,083-244-7935(เบอร์ส่วนตัว)	คุณนัฐชมล
3017,083-245-4686(เบอร์ส่วนตัว)
3018,083-247-4391
3019,083-247-7388(เบอร์ส่วนตัว)
3020,083-253-6056(เบอร์ส่วนตัว)
3021,083-254-6283(เบอร์ส่วนตัว)
3022,083-256-5461(เบอร์ส่วนตัว)
3023,083-260-4294(เบอร์ส่วนตัว)
3024,083-262-3324(เบอร์ส่วนตัว)
3025,083-264-4554(เบอร์ส่วนตัว)
3026,083-265-3961(เบอร์ส่วนตัว)
3027,083-276-3961(เบอร์ส่วนตัว)
3028,083-276-8624(เบอร์ส่วนตัว)
3029,083-276-8624(เบอร์ส่วนตัว)
3030,083-276-8624(ส่วนตัว)
3031,083-286-8622
3032,083-286-8622(เบอร์ส่วนตัว)
3033,083-286-8622(เบอร์ส่วนตัว)สะดวกเบอร์นี้
3034,083-293-6249(เบอร์ส่วนตัว)(สะดวกเบอร์นี้)
3035,083-297-4958(เบอร์ส่วนตัว)
3036,083-300-3514
3037,083-301-9669(เบอร์ส่วนตัว)
3038,083-310-7919
3039,083-327-2463
3040,083-327-2463(เบอร์ส่วนตัว IT)
3041,083-327-2463(เบอร์ส่วนตัว)
3042,083-371-5433(เบอร์ส่วนตัว)
3043,083-388-1781(เบอร์ส่วนตัว)
3044,083-388-1781(ส่วนตัว)
3045,083-402-0080(เบอร์ส่วนตัว)
3046,083-404-7928(เบอร์ส่วนตัว)
3047,083-421-9137(เบอร์ส่วนตัว)
3048,083-422-8222(เบอร์ส่วนตัว)
3049,083-423-6910
3050,083-426-8887(เบอร์ส่วนตัว)
3051,083-427-1157(เบอร์ส่วนตัว)
3052,083-428-8399
3053,083-428-8399(เบอร์ส่วนตัว)
3054,083-433-5987(เบอร์ส่วนตัว)
3055,083-436-6773(เบอร์ส่วนตัว)
3056,083-438-8936(เบอร์ส่วนตัว)
3057,083-450-8858
3058,083-450-8858(เบอร์ส่วนตัว)
3059,083-450-8858(เบอร์ส่วนตัว)
3060,083-453-7021(เบอร์ส่วนตัว)
3061,083-471-8536(เบอร์ส่วนตัว)
3062,083-472-6879(เบอร์ส่วนตัว)
3063,083-490-0468(เบอร์ส่วนตัว)
3064,083-491-1126(เบอร์ส่วนตัว)
3065,083-492-9395(เบอร์ส่วนตัว)
3066,083-493-9354
3067,083-514-3958
3068,083-516-1813(เบอร์ส่วนตัว)
3069,083-523-6997
3070,083-523-6997(เบอร์ส่วนตัว)
3071,083-532-6165(เบอร์ส่วนตัว)
3072,083-533-3397(เบอร์ส่วนตัว)
3073,083-535-5966
3074,083-547-9719
3075,083-547-9719(เบอร์ส่วนตัว)
3076,083-554-2499(เบอร์ส่วนตัว)
3077,083-555-4497(เบอร์ส่วนตัว)
3078,083-555-9554(เบอร์ส่วนตัว)
3079,083-558-4888
3080,083-558-4888(เบอร์ส่วนตัว)
3081,083-558-4888(เบอร์ส่วนตัว)
3082,083-563-5945(เบอร์ส่วนตัว)
3083,083-568-6801
3084,083-578-5448
3085,083-578-5448(เบอร์ส่วนตัว)
3086,083-578-5448(เบอร์ส่วนตัว)
3087,083-581-9494(เบอร์ส่วนตัว)
3088,083-595-2928(เบอร์ส่วนตัว)
3089,083-600-9213
3090,083-604-8470(เบอร์ส่วนตัว)
3091,083-607-0818(เบอร์ส่วนตัว)
3092,083-609-9989(เบอร์ส่วนตัว)
3093,083-612-7587
3094,083-612-7587(เบอร์ส่วนตัว)
3095,083-613-1302(เบอร์ส่วนตัว)
3096,083-619-1083(เบอร์ส่วนตัว)
3097,083-619-1083(เบอร์ส่วนตัว)
3098,083-626-9794
3099,083-626-9794(เบอร์ส่วนตัว)
3100,083-628-2919
3101,083-628-2919(เบอร์ส่วนตัว)
3102,083-646-5398(เบอร์ส่วนตัว)
3103,083-646-6117(เบอร์ส่วนตัว)
3104,083-650-5870(เบอร์ส่วนตัว)
3105,083-664-2451
3106,083-664-2451(เบอร์ส่วนตัว)
3107,083-664-2451(ส่วนตัว)
3108,083-664-2451
3109,083-665-1419
3110,083-683-5485
3111,083-689-1096(เบอร์ส่วนตัว)
3112,083-693-5462
3113,083-701-7525
3114,083-706-6017(เบอร์ส่วนตัว)
3115,083-706-6017(เบอร์ส่วนตัว)
3116,083-717-0999(เบอร์ส่วนตัว)
3117,083-719-7895
3118,083-719-8956(เบอร์ส่วนตัว)
3119,083-747-9636
3120,083-747-9636สะดวกเบอร์นี้
3121,083-750-0897
3122,083-750-0897(เบอร์ส่วนตัว)
3123,083-751-4152 (เบอร์ส่วนตัว)
3124,083-751-4152(เบอร์ส่วนตัว)
3125,083-751-5842(เบอร์ส่วนตัว)
3126,083-751-7959(เบอร์ส่วนตัว)
3127,083-752-7895(เบอร์ส่วนตัว)
3128,083-758-7964
3129,083-776-8625
3130,083-780-3965(เบอร์ส่วนตัว)
3131,083-789-3916
3132,083-803-8557(เบอร์ส่วนตัว)
3133,083-809-0555(เบอร์ส่วนตัว)
3134,083-809-3284
3135,083-816-7916(เบอร์ส่วนตัว)
3136,083-818-5391
3137,083-820-6341(เบอร์ส่วนตัว)
3138,083-824-2351(เบอร์ส่วนตัว)
3139,083-825-3388(เบอร์ส่วนตัว)
3140,083-825-3388 089-120-8180(เบอร์ส่วนตัว)
3141,083-826-8216(เบอร์ส่วนตัว)
3142,083-827-0880(เบอร์ส่วนตัว)
3143,083-827-3240(เบอร์ส่วนตัว)
3144,083-829-0681(เบอร์ส่วนตัว)
3145,083-836-1059(เบอร์ส่วนตัว)
3146,083-841-6997(เบอร์ส่วนตัว)
3147,083-8487890(เบอร์ส่วนตัว)
3148,083-848-7890(เบอร์ส่วนตัว)
3149,083-852-4999(เบอร์ส่วนตัว)
3150,083-852-4999
3151,083-858-0582(เบอร์ส่วนตัว)
3152,083-871-8296(เบอร์ส่วนตัว)
3153,083-873-7572(เบอร์ส่วนตัว)
3154,083-873-7572(นิติฯ)
3155,083-873-7572(ส่วนตัว)
3156,083-880-8851(เบอร์ส่วนตัว)
3157,083-883-5610
3158,083-883-5610(เบอร์ส่วนตัว)
3159,083-884-7653(เบอร์ส่วนตัว)
3160,083-885-6979
3161,083-886-2269
3162,083-886-2269(เบอร์ส่วนตัว)
3163,083-887-9912(เบอร์ส่วนตัว)
3164,083-891-7774(เบอร์ส่วนตัว)
3165,083-892-7121(เบอร์ส่วนตัว)
3166,083-892-7121(เบอร์ส่วนตัว)สะดวกเบอร์นี้))
3167,083-896-5172
3168,083-897-6585(เบอร์ส่วนตัว)
3169,083-905-5585(เบอร์ส่วนตัว)
3170,083-906-0396(เบอร์ส่วนตัว)
3171,083-906-8985
3172,083-910-5905(เบอร์ส่วนตัว)
3173,083-913-7311(เบอร์ส่วนตัว)
3174,083-914-0984(เบอร์ส่วนตัว)
3175,083-916-7943(เบอร์ส่วนตัว)
3176,083-917-0636(เบอร์ส่วนตัว)
3177,083-919-3859(เบอร์ส่วนตัว)
3178,083-919-6739(เบอร์ส่วนตัว)
3179,083-921-3605
3180,083-923-4293(เบอร์ส่วนตัว)
3181,083-926-4595
3182,083-935-4552(เบอร์ส่วนตัว)
3183,083-935-8875(เบอร์ส่วนตัว)
3184,083-939-2683(เบอร์ส่วนตัว)
3185,083-939-8545(เบอร์ส่วนตัว)
3186,083-942-6660(เบอร์ส่วนตัว)
3187,083-946-6596
3188,083-946-6986(เบอร์ส่วนตัว)
3189,083-948-9915
3190,083-955-5575(เบอร์ส่วนตัว)
3191,083-962-4266(เบอร์ส่วนตัว)
3192,083-964-7886(เบอร์ส่วนตัว)
3193,083-973-7709(เบอร์ส่วนตัว)
3194,083-975-3685
3195,083-977-9199(เบอร์ส่วนตัว)
3196,083-978-3291(เบอร์ส่วนตัว)
3197,083-978-3291(เบอร์ส่วนตัว)
3198,083-978-5363
3199,083-978-5363(เบอร์ส่วนตัว)
3200,083-978-5363(เบอร์ส่วนตัว)
3201,083-988-5724(เบอร์ส่วนตัว)
3202,083-989-5510(เบอร์ส่วนตัว)
3203,083-989-5691(เบอร์ส่วนตัว)
3204,083-989-5695
3205,083-990-1765(เบอร์ส่วนตัว)
3206,083-991-1825
3207,083-993-5118(เบอร์ส่วนตัว)
3208,083-994-4599(เบอร์ส่วนตัว)
3209,083-996-8498(เบอร์ส่วนตัว)
3210,083-996-9434(เบอร์ส่วนตัว)
3211,084-000-8246
3212,084-003-0633(เบอร์ส่วนตัว)
3213,084-015-9980
3214,084-015-9980 (เบอร์ส่วนตัว)
3215,084-015-9980(เบอร์ส่วนตัว)
3216,084-015-9980(เบอร์ส่วนตัว)
3217,084-016-1210(เบอร์ส่วนตัว)
3218,084-017-7929(เบอร์ส่วนตัว)
3219,084-020-3261(เบอร์ส่วนตัว)
3220,084-022-4735
3221,084-024-3263(เบอร์ส่วนตัว)
3222,084-028-0652
3223,084-032-1161
3224,084-032-1161(เบอร์ส่วนตัว)
3225,084-048-1731(เบอร์ส่วนตัว)
3226,084-050-5919(เบอร์ส่วนตัว)
3227,084-051-1038
3228,084-052-6083(เบอร์ส่วนตัว)
3229,084-066-6322(เบอร์ส่วนตัว)
3230,084-067-0136
3231,084-067-0136(เบอร์ส่วนตัว)
3232,084-071-6156
3233,084-074-4458(เบอร์ส่วนตัว)
3234,084-082-3839
3235,084-083-9769(เบอร์ส่วนตัว)
3236,084-087-6981(เบอร์ส่วนตัว)
3237,084-088-8263(เบอร์ส่วนตัว)
3238,084-090-1704(เบอร์ส่วนตัว)
3239,084-090-1704(เบอร์ส่วนตัว)สะดวกเบอร์นี้
3240,084-090-5933(เบอร์ส่วนตัว)
3241,084-092-2609
3242,084-103-3691(เบอร์ส่วนตัว)
3243,084-103-8055(เบอร์ส่วนตัว)
3244,084-104-4676(เบอร์ส่วนตัว)
3245,084-104-5561(เบอร์ส่วนตัว)
3246,084-111-2840
3247,084-114-3336(เบอร์ส่วนตัว)
3248,084-114-3336(เบอร์ส่วนตัว)
3249,084-117-7722
3250,084-119-3619(เบอร์ส่วนตัว)
3251,084-126-3651(เบอร์ส่วนตัว)
3252,084-128-6823(เบอร์ส่วนตัว)
3253,084-132-9163(เบอร์ส่วนตัว)
3254,084-139-3791
3255,084-139-3791(เบอร์ส่วนตัว)
3256,084-145-5431(เบอร์ส่วนตัว)
3257,084-147-6837(เบอร์ส่วนตัว)
3258,084-149-0807
3259,084-153-4465
3260,084-155-5565(เบอร์ส่วนตัว)
3261,084-157-8233(เบอร์ส่วนตัว)
3262,084-159-3851(เบอร์ส่วนตัว)
3263,084-159-4479(เบอร์ส่วนตัว)
3264,084-160-6961(เบอร์ส่วนตัว)
3265,084-165-4445 (เบอร์ส่วนตัว)
3266,084-165-4445(เบอร์ส่วนตัว)
3267,084-175-4170
3268,084-177-6756
3269,084-180-1980(เบอร์ส่วนตัว)
3270,084-185-7558
3271,084-193-4413(เบอร์ส่วนตัว)
3272,084-198-9562
3273,084-199-2220(เบอร์ส่วนตัว)
3274,084-208-1866
3275,084-217-1919(เบอร์ส่วนตัว)
3276,084-219-2688
3277,084-223-2523(เบอร์ส่วนตัว)
3278,084-223-2583(เบอร์ส่วนตัว)
3279,084-225-4629(เบอร์ส่วนตัว)
3280,084-230-4066
3281,084-230-4066(เบอร์ส่วนตัว)
3282,084-230-4066(เบอร์ส่วนตัว)
3283,084-230-4066
3284,084-234-7899 (เบอร์ส่วนตัว)
3285,084-234-7899(เบอร์ส่วนตัว)
3286,084-235-9831
3287,084-235-9831(เบอร์ส่วนตัว)
3288,084-235-9831(เบอร์ส่วนตัว)
3289,084-235-9831(เบอร์ส่วนตัว)คุณปุ๋ย082-947-1924(เบอร์ส่วนตัว)คุณฟ้า
3290,084-237-0995(เบอร์ส่วนตัว)
3291,084-237-9836(เบอร์ส่วนตัว))
3292,084-237-9836(เบอร์ส่วนตัว)
3293,084-238-8746(เบอร์ส่วนตัว)
3294,084-240-4945(เบอร์ส่วนตัว)
3295,084-243-8899(เบอร์ส่วนตัว)
3296,084-254-1792(เบอร์ส่วนตัว)
3297,084-262-5523(เบอร์ส่วนตัว)
3298,084-274-6759(เบอร์ส่วนตัว)
3299,084-281-8833
3300,084-281-8833(เบอร์ส่วนตัว)
3301,084-281-8833(เบอร์ส่วนตัว)
3302,084-289-4940(เบอร์ส่วนตัว)
3303,084-294-2665(เบอร์ส่วนตัว)
3304,084-294-7287(เบอร์ส่วนตัว)
3305,084-294-7287(เบอร์ส่วนตัว)
3306,084-296-9615
3307,084-296-9615(เบอร์ส่วนตัว)
3308,084-307-0303(เบอร์ส่วนตัว)
3309,084-309-2227(เบอร์ส่วนตัว)
3310,084-317-4975(เบอร์ส่วนตัว)
3311,084-322-5336(เบอร์ส่วนตัว)
3312,084-324-2517(เบอร์ส่วนตัว)
3313,084-324-5853(เบอร์ส่วนตัว)
3314,084-324-9898
3315,084-326-6105
3316,084-329-1122(เบอร์ส่วนตัว)
3317,084-329-6923(เบอร์ส่วนตัว)
3318,084-332-4942(เบอร์ส่วนตัว)
3319,084-333-1991(เบอร์ส่วนตัว)
3320,084-335-7988(เบอร์ส่วนตัว)
3321,084-340-4987(เบอร์ส่วนตัว)
3322,084-344-0100(เบอร์ส่วนตัว)
3323,084-349-4553
3324,084-354-2983
3325,084-354-2983(เบอร์ส่วนตัว)
3326,084-354-2983(เบอร์ส่วนตัว)
3327,084-356-0479
3328,084-359-5321
3329,084-359-5321(เบอร์ส่วนตัว)
3330,084-360-8312(เบอร์ส่วนตัว)
3331,084-362-6885(เบอร์ส่วนตัว)
3332,084-370-0409
3333,084-370-0409(เบอร์ส่วนตัว)
3334,084-370-0409(ส่วนตัว)
3335,084-374-7499(เบอร์ส่วนตัว)
3336,084-383-5520(เบอร์ส่วนตัว)
3337,084-387-8465
3338,084-391-6685(เบอร์ส่วนตัว)
3339,084-399-6270(เบอร์ส่วนตัว)
3340,084-425-6524
3341,084-427-7154(เบอร์ส่วนตัว)
3342,084-428-5424(เบอร์ส่วนตัว)
3343,084-438-6552(เบอร์ส่วนตัว)
3344,084-438-6552(เบอร์ส่วนตัว) คุณเจี๊ยบ061-863-5168 (เบอร์ส่วนตัว)
3345,084-450-5664
3346,084-450-5664(เบอร์ส่วนตัว)
3347,084-450-5664(เบอร์ส่วนตัว)
3348,084-451-8090
3349,084-451-8090(เบอร์ส่วนตัว)
3350,084-454-4115(เบอร์ส่วนตัว)
3351,084-465-4584(เบอร์ส่วนตัว)
3352,084-472-5853(เบอร์ส่วนตัว)
3353,084-481-4835(เบอร์ส่วนตัว)
3354,084-506-3135(เบอร์ส่วนตัว)
3355,084-515-8640(เบอร์ส่วนตัว)
3356,084-552-0432(เบอร์ส่วนตัว)
3357,084-552-0432(บอร์ส่วนตัว)
3358,084-553-0145(เบอร์ส่วนตัว)
3359,084-566-4591
3360,084-585-6869
3361,084-585-6869(เบอร์ส่วนตัว)
3362,084-585-6869 063-626-5835(เบอร์ส่วนตัว)
3363,084-585-7207
3364,084-587-8590(เบอร์ส่วนตัว)
3365,084-589-9706(เบอร์ส่วนตัว)
3366,084-612-2296 (เบอร์ส่วนตัว)
3367,084-615-4422
3368,084-615-4422(เบอร์ส่วนตัว)
3369,084-635-4282
3370,084-635-4282(เบอร์ส่วนตัว)
3371,084-635-4282
3372,084-641-9366
3373,084-641-9366(เบอร์ส่วนตัว)
3374,084-641-9366(เบอร์ส่วนตัว)
3375,084-642-4991(เบอร์ส่วนตัว)
3376,084-644-2541
3377,084-644-2541(เบอร์ส่วนตัว)
3378,084-644-2541(เบอร์ส่วนตัว)
3379,084-645-0718(เบอร์ส่วนตัว)
3380,084-646-2288(เบอร์ส่วนตัว)
3381,084-655-9666(เบอร์ส่วนตัว)
3382,084-657-7499
3383,084-657-7499(เบอร์ส่วนตัว)
3384,084-657-9657
3385,084-658-9349(เบอร์ส่วนตัว)
3386,084-659-2027(เบอร์ส่วนตัว)
3387,084-660-5198(เบอร์ส่วนตัว)
3388,084-664-7579(เบอร์ส่วนตัว)
3389,084-665-5774
3390,084-665-5774(เบอร์ส่วนตัว)
3391,084-674-6536
3392,084-674-6536(เบอร์ส่วนตัว)
3393,084-680-7712
3394,084-680-7712(เบอร์ส่วนตัว)
3395,084-680-7712(นิติฯ)
3396,084-690-9432(เบอร์ส่วนตัว)
3397,084-694-1445(เบอร์ส่วนตัว)
3398,084-696-6444(เบอร์ส่วนตัว)
3399,084-703-5263 (เบอร์ส่วนตัว)
3400,084-703-5263(เบอร์ส่วนตัว)
3401,084-705-2881(เบอร์ส่วนตัว)
3402,084-733-8046(เบอร์ส่วนตัว)
3403,084-750-2836(เบอร์ส่วนตัว)
3404,084-761-2473
3405,084-783-0004(เบอร์ส่วนตัว)
3406,084-784-6818(เบอร์ส่วนตัว)
3407,084-801-4594
3408,084-801-4594(เบอร์ส่วนตัว)
3409,084-801-4594
3410,084-830-0399
3411,084-841-8595(เบอร์ส่วนตัว)
3412,084-848-8263(เบอร์ส่วนตัว)
3413,084-856-0946
3414,084-856-0946(เบอร์ส่วนตัว)
3415,084-856-0946(เบอร์ส่วนตัว)
3416,084-857-3121
3417,084-857-3121(เบอร์ส่วนตัว)
3418,084-863-6565
3419,084-863-8760(เบอร์ส่วนตัว)
3420,084-868-7968
3421,084-868-7968 (เบอร์ส่วนตัว)
3422,084-868-7968(เบอร์ส่วนตัว)
3423,084-878-6604(เบอร์ส่วนตัว)
3424,084-881-7699(เบอร์ส่วนตัว)
3425,084-896-4162(เบอร์ส่วนตัว)
3426,084-901-0156(เบอร์ส่วนตัว)
3427,084-901-0156(เบอร์ส่วนตัว)
3428,084-906-7454
3429,084-906-7454(เบอร์ส่วนตัว)
3430,084-906-7454(เบอร์ส่วนตัว)
3431,084-906-7454
3432,084-915-1525
3433,084-915-9749
3434,084-915-9749(เบอร์ส่วนตัว)
3435,084-915-9749(เบอร์ส่วนตัว)
3436,084-915-9749(เบอร์ส่วนตัว) 096-763-6628(เบอร์ส่วนตัว)คุณส้ม
3437,084-922-2263
3438,084-930-5498
3439,084-930-5498(เบอร์ส่วนตัว)
3440,084-933-8531(เบอร์ส่วนตัว)
3441,084-958-2423(เบอร์ส่วนตัว)
3442,084-959-4224
3443,084-959-4224(เบอร์ส่วนตัว)
3444,084-974-5170
3445,084-977-3907(เบอร์ส่วนตัว)
3446,084-978-9655
3447,084-978-9655(เบอร์ส่วนตัว)
3448,084-980-4546(เบอร์ส่วนตัว)
3449,084-982-2329
3450,084-989-9623(เบอร์ส่วนตัว)
3451,084-992-6651(เบอร์ส่วนตัว)
3452,084-993-5356(เบอร์ส่วนตัว)
3453,084-996-7583(เบอร์ส่วนตัว)
3454,084-997-3481(เบอร์ส่วนตัว)
3455,085-008-3570
3456,085-008-3570(ติดต่อ)
3457,085-027-1121(เบอร์ส่วนตัว)
3458,085-027-1121(เบอร์ส่วนตัว)
3459,085-028-6001(เบอร์ส่วนตัว)
3460,085-041-9705(เบอร์ส่วนตัว)
3461,085-047-5343(เบอร์ส่วนตัว)
3462,085-055-0219(เบอร์ส่วนตัว)
3463,085-055-0219(เบอร์ส่วนตัว)
3464,085-055-5022
3465,085-055-5022(เบอร์ส่วนตัว)
3466,085-056-7272 (เบอร์ส่วนตัว)
3467,085-056-7272 (เบอร์ส่วนตัว)
3468,085-056-7272 (เบอร์ส่วนตัว)คุณสุดา(กรรมการ)
3469,085-056-7272(เบอร์ส่วนตัว)
3470,085-059-1196(เบอร์ส่วนตัว)
3471,085-061-0101(เบอร์ส่วนตัว)
3472,085-063-5942
3473,085-063-5942(เบอร์ส่วนตัว)
3474,085-066-0760(เบอร์ส่วนตัว)
3475,085-067-6696
3476,085-070-8203
3477,085-070-8203 (เบอร์ส่วนตัว)
3478,085-070-8203(เบอร์ส่วนตัว)
3479,"085-070-8203(เบอร์ส่วนตัว) "
3480,085-070-8203(เบอร์ส่วนตัว)
3481,085-071-5542(เบอร์ส่วนตัว)
3482,085-073-0696
3483,085-073-0696(เบอร์ส่วนตัว)
3484,085-075-3454
3485,085-075-3454(เบอร์ส่วนตัว)
3486,085-090-2736
3487,085-109-8774(เบอร์ส่วนตัว)
3488,085-110-0861
3489,085-111-4437(เบอร์ส่วนตัว)
3490,085-115-2868(เบอร์ส่วนตัว)
3491,085-116-5799(เบอร์ส่วนตัว)
3492,085-116-7819(เบอร์ส่วนตัว)
3493,085-116-9197(เบอร์ส่วนตัว)
3494,085-119-0834(เบอร์ส่วนตัว)
3495,085-122-1574(เบอร์ส่วนตัว)
3496,085-122-4215
3497,085-125-1459(เบอร์ส่วนตัว)
3498,085-132-8723
3499,085-132-8723(เบอร์ส่วนตัว)
3500,085-133-9180
3501,085-133-9180(เบอร์ส่วนตัว)
3502,085-133-9180(เบอร์ส่วนตัว)
3503,085-142-9795
3504,085-144-6539(เบอร์ส่วนตัว)
3505,085-145-7587
3506,085-155-1108(เบอร์ส่วนตัว)
3507,085-155-6279
3508,085-156-4977
3509,085-156-4977(เบอร์ส่วนตัว)
3510,085-156-4977(เบอร์ส่วนตัว)
3511,085-163-1726(เบอร์ส่วนตัว)
3512,085-166-8293
3513,085-166-8408(เบอร์ส่วนตัว)
3514,085-168-4224(เบอร์ส่วนตัว)
3515,085-171-4141
3516,085-173-8948(เบอร์ส่วนตัว)
3517,085-173-8948(เบอร์ส่วนตัว)
3518,085-184-1595
3519,085-184-1595(เบอร์ส่วนตัว)
3520,085-189-4158(เบอร์ส่วนตัว)
3521,085-191-9449(เบอร์ส่วนตัว)
3522,085-197-6142(เบอร์ส่วนตัว)
3523,085-199-2700(เบอร์ส่วนตัว)
3524,085-199-4555(เบอร์ส่วนตัว)
3525,085-199-4555(เบอร์ส่วนตัว)
3526,085-199-5691
3527,085-205-8299
3528,085-205-8299(เบอร์ส่วนตัว)
3529,085-208-9739(บอร์ส่วนตัว)
3530,085-211-0707
3531,085-211-0707(เบอร์ส่วนตัว)
3532,085-211-4848(เบอร์ส่วนตัว)
3533,085-223-1586
3534,085-223-1586 (เบอร์ส่วนตัว)
3535,085-223-1586(เบอร์ส่วนตัว)
3536,085-225-5847(เบอร์ส่วนตัว)
3537,085-230-0994
3538,085-230-0994(เบอร์ส่วนตัว)
3539,085-238-6262(เบอร์ส่วนตัว)
3540,085-243-7524(เบอร์ส่วนตัว)
3541,085-248-6806(เบอร์ส่วนตัว)
3542,085-251-4305 (เบอร์ส่วนตัว)
3543,085-253-9934(เบอร์ส่วนตัว)
3544,085-255-0023(เบอร์ส่วนตัว)
3545,085-257-4486
3546,085-259-2911(เบอร์ส่วนตัว)
3547,085-263-0347(เบอร์ส่วนตัว)
3548,085-271-1646
3549,085-271-1646(เบอร์ส่วนตัว)
3550,085-281-3927
3551,085-283-4645(เบอร์ส่วนตัว)
3552,085-313-9977(เบอร์ส่วนตัว)
3553,085-314-4342
3554,085-314-4342(เบอร์ส่วนตัว)
3555,085-326-1562
3556,085-328-7272(เบอร์ส่วนตัว)
3557,085-332-4298(เบอร์ส่วนตัว)
3558,085-332-5225
3559,085-335-0999
3560,085-336-3566
3561,085-341-4448
3562,085-341-4448(เบอร์ส่วนตัว)
3563,085-341-4448(เบอร์ส่วนตัว)
3564,085-355-6961(เบอร์ส่วนตัว)
3565,085-361-8702(เบอร์ส่วนตัว)
3566,085-361-8702(เบอร์ส่วนตัว)คุณรัชนี
3567,085-364-2070
3568,085-365-3281(เบอร์ส่วนตัว)
3569,085-367-3553
3570,085-367-3553(เบอร์ส่วนตัว)
3571,085-367-3553(เบอร์ส่วนตัว)
3572,085-373-2152
3573,085-373-2152(เบอร์ส่วนตัว)
3574,085-373-2152
3575,085-390-6829(เบอร์ส่วนตัว)
3576,085-396-1665(เบอร์ส่วนตัว)
3577,085-407-7865(เบอร์ส่วนตัว)
3578,085-430-5161
3579,085-434-0869(เบอร์ส่วนตัว)
3580,085-434-1388
3581,085-434-1388(เบอรร์ส่วนตัว
3582,085-4341388(เบอร์ส่วนตัว)
3583,085-434-1388(เบอร์ส่วนตัว)
3584,085-434-4720(เบอร์ส่วนตัว)
3585,085-438-9877
3586,085-438-9877(เบอร์ส่วนตัว)
3587,085-441-3997
3588,085-441-3997(เบอร์ส่วนตัว)
3589,085-442-5458
3590,085-442-5458(เบอร์ส่วนตัว)
3591,085-442-5458(เบอร์ส่วนตัว)คุณอาด099-343-4252(เบอร์ส่วนตัว)คุณลูกน้ำ
3592,085-442-5458
3593,085-443-2266(เบอร์ส่วนตัว)
3594,085-444-9487(เบอร์ส่วนตัว)
3595,085-480-6655
3596,085-482-4558
3597,085-482-4558(เบอร์ส่วนตัว)
3598,085-482-4558(เบอร์ส่วนตัว)
3599,085-487-2378(เบอร์ส่วนตัว)
3600,085-489-1332(เบอร์ส่วนตัว)
3601,085-499-4944(เบอร์ส่วนตัว)
3602,085-501-5444(เบอร์ส่วนตัว)
3603,085-502-5556(เบอร์ส่วนตัว)
3604,085-503-9975
3605,085-507-1237(เบอร์ส่วนตัว)
3606,085-507-3039
3607,085-509-7675
3608,085-515-2064
3609,085-515-2064(เบอร์ส่วนตัว)
3610,085-515-2064(เบอร์ส่วนตัว)
3611,085-515-2064(เบอร์ส่วนตัว)
3612,085-516-1661(เบอร์ส่วนตัว)
3613,085-516-9363
3614,085-519-1192(เบอร์ส่วนตัว)
3615,085-519-4959(เบอร์ส่วนตัว)
3616,085-519-6636
3617,085-519-6636(เบอร์ส่วนตัว)
3618,085-519-6636(เบอร์ส่วนตัว)
3619,085-524-7725(เบอร์ส่วนตัว)
3620,085-527-0855(เบอร์ส่วนตัว)
3621,085-529-4100(เบอร์ส่วนตัว)
3622,085-530-9417(เบอร์ส่วนตัว)
3623,085-536-5914(เบอร์ส่วนตัว)
3624,085-537-2816(เบอร์ส่วนตัว)
3625,085-539-4662(เบอร์ส่วนตัว)
3626,085-539-4662(เบอร์ส่วนตัว)
3627,085-539-9614
3628,085-540-0976(เบอร์ส่วนตัว)
3629,085-540-4507
3630,085-540-4507 (หน้างาน)
3631,"085-540-4507 "
3632,085-540-4507(เบอร์ส่วนตัว)
3633,085-540-4507 096-321-9511
3634,085-540-4507
3635,085-551-9455(เบอร์ส่วนตัว)
3636,085-553-6098
3637,085-556-4241(เบอร์ส่วนตัว)
3638,085-557-4655(เบอร์ส่วนตัว)
3639,085-558-1671(เบอร์ส่วนตัว)
3640,085-558-3338(เบอร์ส่วนตัว)
3641,085-561-4354
3642,085-561-6635
3643,085-561-6635(เบอร์ส่วนตัว)
3644,085-561-6635(เบอร์ส่วนตัว)
3645,085-561-9436(เบอร์ส่วนตัว)
3646,085-562-2693
3647,085-568-0838(เบอร์ส่วนตัว)
3648,085-569-1382(เบอร์ส่วนตัว)
3649,085-582-2299(เบอร์ส่วนตัว)
3650,"085-582-2299 064-430-5123 "
3651,085-582-2299 064-430-5123
3652,085-582-2299
3653,085-589-6359(เบอร์ส่วนตัว)
3654,"085-590-8051(เบอร์ส่วนตัว) "
3655,085-590-8051(เบอร์ส่วนตัว)
3656,085-590-8051(คุณตุ๊กตา) 064-5041-387(คุณแอ้)
3657,085-590-8051(หน้างาน)
3658,085-592-8232(เบอร์ส่วนตัว)
3659,085-596-5900(เบอร์ส่วนตัว)
3660,085-614-4637(เบอร์ส่วนตัว)
3661,085-616-5072(เบอร์ส่วนตัว)
3662,085-625-6053(เบอร์ส่วนตัว)
3663,085-645-7251
3664,085-645-7251(เบอร์ส่วนตัว)
3665,085-645-7251(เบอร์ส่วนตัว)(สะดวกเบอร์นี้))
3666,085-645-7251(เบอร์ส่วนตัว)
3667,085-661-1572
3668,085-661-1572(เบอร์ส่วนตัว)
3669,085-661-3371(เบอร์ส่วนตัว)
3670,085-661-3372(เบอร์ส่วนตัว)
3671,085-661-5517(เบอร์ส่วนตัว)
3672,085-698-2769
3673,085-702-8229(เบอร์ส่วนตัว)
3674,085-710-9166(เบอร์ส่วนตัว)
3675,085-721-2233(เบอร์ส่วนตัว)
3676,085-721-2233(เบอร์ส่วนตัว)
3677,085-731-1294(เบอร์ส่วนตัว)
3678,085-732-0980
3679,085-744-0944 (เบอร์ส่วนตัว)
3680,085-744-0944(เบอร์ส่วนตัว)
3681,085-775-7747(เบอร์ส่วนตัว)
3682,085-781-7241
3683,085-781-7241(เบอร์ส่วนตัว)
3684,085-801-7089
3685,085-806-2885(เบอร์ส่วนตัว)
3686,085-811-3775
3687,085-811-3775(เบอร์ส่วนตัว)
3688,085-811-7563(เบอร์ส่วนตัว)
3689,085-812-9081(เบอร์ส่วนตัว)
3690,085-824-5917(เบอร์ส่วนตัว)
3691,085-828-9550(เบอร์ส่วนตัว)
3692,085-830-0296(เบอร์ส่วนตัว)
3693,085-831-8404
3694,085-831-8404(เบอร์ส่วนตัว)
3695,085-831-8404(เบอร์ส่วนตัว)
3696,085-832-3103(เบอร์ส่วนตัว)
3697,085-832-9999(เบอร์ส่วนตัว)
3698,085-834-2087(เบอร์ส่วนตัว)
3699,085-837-2055(เบอร์ส่วนตัว)
3700,085-843-2114(เบอร์ส่วนตัว)
3701,085-852-5421(เบอร์ส่วนตัว)
3702,085-853-4902(เบอร์ส่วนตัว)
3703,085-855-7646(เบอร์ส่วนตัว)
3704,085-855-8533
3705,085-867-7640(เบอร์ส่วนตัว)
3706,085-873-1505
3707,085-873-1505(เบอร์ส่วนตัว)
3708,085-876-2050(นิติฯ)
3709,085-879-9263(เบอร์ส่วนตัว)
3710,085-881-6561(เบอร์ส่วนตัว)
3711,085-886-2693(เบอร์ส่วนตัว)
3712,085-900-2802
3713,085-902-1172(เบอร์ส่วนตัว)
3714,085-911-3816
3715,085-911-3816(เบอร์ส่วนตัว)
3716,085-917-0007(เบอร์ส่วนตัว)
3717,085-920-3852(เบอร์ส่วนตัว)
3718,085-920-3999
3719,085-920-5966 086-338-0799
3720,085-929-3847(เบอร์ส่วนตัว)
3721,085-936-4579(บริษัท)คุณหญิง
3722,085-938-7879
3723,085-942-6206
3724,085-942-6206(เบอร์ส่วนตัว)
3725,085-942-6206(เบอร์ส่วนตัว)
3726,085-9464894(เบอร์ส่วนตัว)
3727,085-946-4894(เบอร์ส่วนตัว)คุณธัญญา
3728,085-946-6262(เบอร์ส่วนตัว)
3729,085-947-1408
3730,085-947-1408(เบอร์ส่วนตัว)
3731,085-947-1408(เบอร์ส่วนตัว)
3732,085-949-3209(เบอร์ส่วนตัว)
3733,085-950-8460(เบอร์ส่วนตัว)
3734,085-957-4076(เบอร์ส่วนตัว)
3735,085-966-2235 (เบอร์ส่วนตัว)
3736,085-966-2235(เบอร์ส่วนตัว)
3737,085-966-7171(เบอร์ส่วนตัว)
3738,085-969-3084(เบอร์ส่วนตัว)
3739,085-976-1532
3740,085-989-9833(เบอร์ส่วนตัว)
3741,085-990-5941
3742,085-990-5941(เบอร์ส่วนตัว)(สะดวกเบอร์นี้)
3743,085-990-5941(เบอร์ส่วนตัว)
3744,085-991-6383
3745,085-999-5870(เบอร์ส่วนตัว)
3746,085-999-5870(เบอร์ส่วนตัว)
3747,086-000-9825
3748,086-001-6090(เบอร์ส่วนตัว)
3749,086-015-2629
3750,086-015-4852
3751,086-018-9123(เบอร์ส่วนตัว)
3752,086-025-9123
3753,086-025-9123(เบอร์ส่วนตัว)
3754,086-030-2003
3755,086-033-9399
3756,086-033-9399(เบอร์ส่วนตัว)
3757,086-035-5581
3758,086-035-5581(เบอร์ส่วนตัว)
3759,086-035-5581(เบอร์ส่วนตัว)
3760,086-044-1035(เบอร์ส่วนตัว)
3761,086-050-3591(เบอร์ส่วนตัว)
3762,086-051-6386
3763,086-053-9471
3764,086-053-9471(เบอร์ส่วนตัว)
3765,086-053-9471(เบอร์ส่วนตัว)
3766,086-053-9471(เบอร์ส่วนตัว)
3767,086-056-9400(เบอร์ส่วนตัว)
3768,086-060-0955
3769,086-061-6025
3770,086-062-0690(เบอร์ส่วนตัว)
3771,086-062-9991
3772,086-062-9991(เบอร์ส่วนตัว)
3773,086-062-9991(เบอร์ส่วนตัว)
3774,086-062-9991(ส่วนตัว)
3775,086-074-3203(เบอร์ส่วนตัว)
3776,086-077-0377
3777,086-077-0377(เบอร์ส่วนตัว)
3778,086-081-7000
3779,086-081-7000(เบอร์ส่วนตัว)
3780,086-081-7000(เบอร์ส่วนตัว)
3781,086-081-7000 094-998-9111(เบอร์ส่วนตัว)
3782,086-082-9282
3783,086-083-2933
3784,086-083-2933(เบอร์ส่วนตัว)
3785,086-083-2933
3786,086-084-2944
3787,086-091-3078(เบอร์ส่วนตัว)
3788,086-092-3848 (เบอร์ส่วนตัว)
3789,086-092-3848(เบอร์ส่วนตัว)
3790,086-096-5855(เบอร์ส่วนตัว)
3791,086-097-2703
3792,086-097-2703(เบอร์ส่วนตัว)
3793,086-097-2703
3794,086-103-4776
3795,086-105-2632(เบอร์ส่วนตัว)
3796,086-112-5618(เบอร์ส่วนตัว)
3797,086-116-1677
3798,086-116-4677
3799,086-130-7741
3800,086-132-8889(เบอร์ส่วนตัว)
3801,086-135-3642(เบอร์ส่วนตัว)
3802,086-136-6565(เบอร์ส่วนตัว)
3803,086-143-7378(เบอร์ส่วนตัว)
3804,086-156-4588(เบอร์ส่วนตัว)
3805,086-156-4588(เบอร์ส่วนตัว)
3806,086-159-4690(เบอร์ส่วนตัว)
3807,086-165-7877(เบอร์ส่วนตัว)
3808,086-169-6916(เบอร์ส่วนตัว)
3809,086-171-9594
3810,086-178-7476(เบอร์ส่วนตัว)
3811,086-178-7931
3812,086-178-7931(เบอร์ส่วนตัว)
3813,086-178-7931(เบอร์ส่วนตัว)
3814,086-189-4460
3815,086-238-6137
3816,086-249-5822(เบอร์ส่วนตัว)
3817,086-259-8544
3818,086-267-2833
3819,086-267-2833(เบอร์ส่วนตัว)
3820,086-267-2833(ส่วนตัว)
3821,086-282-3355
3822,086-286-3273(เบอร์ส่วนตัว)
3823,086-286-3273(เบอร์ส่วนตัว)
3824,086-300-1077(เบอร์ส่วนตัว)
3825,086-300-1549(เบอร์ส่วนตัว)
3826,086-300-4469
3827,086-300-4469(เบอร์ส่วนตัว)
3828,086-300-8184(ส่วนตัว)
3829,086-300-9219(เบอร์ส่วนตัว)
3830,086-300-9779(เบอร์ส่วนตัว)
3831,086-305-8883(เบอร์ส่วนตัว)
3832,086-306-4585(เบอร์ส่วนตัว)
3833,086-307-6532
3834,086-307-6532(เบอร์ส่วนตัว)
3835,086-307-7741(เบอร์ส่วนตัว)
3836,086-313-5346(เบอร์ส่วนตัว)
3837,086-313-9630(เบอร์ส่วนตัว)
3838,086-314-1385
3839,086-314-1385(เบอร์ส่วนตัว)
3840,086-314-1895
3841,086-315-2185
3842,086-3164758
3843,086-316-7433
3844,086-316-7905(เบอร์ส่วนตัว)
3845,086-316-7905(เบอร์ส่วนตัว)
3846,086-317-8020
3847,086-320-0782
3848,086-320-4435(เบอร์ส่วนตัว)
3849,086-321-3382
3850,086-321-3390
3851,086-321-4504(เบอร์ส่วนตัว)
3852,086-321-7033(เบอร์ส่วนตัว)
3853,086-322-0178
3854,086-322-9285(เบอร์ส่วนตัว)
3855,086-324-1327(เบอร์ส่วนตัว)
3856,086-324-2655
3857,086-324-2655(เบอร์ส่วนตัว)
3858,086-324-8373
3859,086-324-8373(เบอร์ส่วนตัว)
3860,086-325-8012 สุพิชญา
3861,086-325-8061
3862,086-326-0678(เบอร์ส่วนตัว)
3863,086-326-5184
3864,086-326-8553(เบอร์ส่วนตัว)
3865,086-328-1675(เบอร์ส่วนตัว)
3866,086-328-8481(เบอร์ส่วนตัว)
3867,086-329-0630
3868,086-330-9458
3869,086-331-0482(เบอร์ส่วนตัว)
3870,086-331-2495
3871,086-331-2496
3872,086-331-2497
3873,086-331-2497(เบอร์ส่วนตัว)
3874,086-331-4096
3875,086-332-3890(เบอร์ส่วนตัว)
3876,086-332-6094(เบอร์ส่วนตัว)
3877,086-333-0060
3878,086-334-4137(เบอร์ส่วนตัว)
3879,086-336-7108(เบอร์ส่วนตัว)
3880,086-336-7919(เบอร์ส่วนตัว)
3881,086-339-1079(เบอร์ส่วนตัว)
3882,086-339-3036(นิติฯ)
3883,"086-339-3891 "
3884,086-339-3891
3885,086-339-9601
3886,086-340-1951(เบอร์ส่วนตัว)
3887,086-340-6182
3888,086-340-9104
3889,086-341-3398
3890,086-341-3398(เบอร์ส่วนตัว)
3891,086-341-9821(เบอร์ส่วนตัว)
3892,086-341-9975(เบอร์ส่วนตัว)
3893,086-342-3262(เบอร์ส่วนตัว)
3894,086-342-7009(เบอร์ส่วนตัว)
3895,086-343-8814(เบอร์ส่วนตัว)
3896,086-344-4048
3897,086-344-4048(เบอร์ส่วนตัว)
3898,086-344-7292
3899,086-344-9647(เบอร์ส่วนตัว)
3900,086-344-9647(เบอร์ส่วนตัว)
3901,086-344-9647(เบอร์ส่วนตัว)086-477-0967(เบอร์ส่วนตัว)
3902,086-345-8729(เบอร์ส่วนตัว)
3903,086-351-7694(เบอร์ส่วนตัว)
3904,086-353-6553(เบอร์ส่วนตัว)(สะดวกเบอร์นี้)
3905,086-353-6553(เบอร์ส่วนตัว)
3906,086-355-1306
3907,086-355-1306(เบอร์ส่วนตัว)
3908,086-355-1306
3909,086-355-2706(เบอร์ส่วนตัว)
3910,086-355-4916
3911,086-358-9865(เบอร์ส่วนตัว)
3912,086-361-8736
3913,"086-361-8736 "
3914,086-361-8736(เบอร์ส่วนตัว)
3915,086-361-8736(เบอร์ส่วนตัว)
3916,086-362-9820
3917,086-362-9820(เบอร์ส่วนตัว)
3918,086-364-1287
3919,086-364-1287(เบอร์ส่วนตัว)
3920,086-364-1287(เบอร์ส่วนตัว)
3921,086-365-1009(เบอร์ส่วนตัว)
3922,086-365-9263
3923,086-365-9263(เบอร์ส่วนตัว)
3924,086-365-9263(เบอร์ส่วนตัว)
3925,086-366-3226(เบอร์ส่วนตัว)
3926,086-366-8245
3927,086-366-8245(เบอร์ส่วนตัว)
3928,086-3668245(ส่วนตัว)
3929,086-366-8245(ส่วนตัว)
3930,086-367-8272
3931,086-367-9007(เบอร์ส่วนตัว)
3932,086-368-1848
3933,086-368-2139(เบอร์ส่วนตัว)
3934,086-369-3182(เบอร์ส่วนตัว)
3935,086-369-6165
3936,086-369-6165(เบอร์ส่วนตัว)
3937,086-370-8833(เบอร์ส่วนตัว)
3938,086-371-2781
3939,086-371-2781(เบอร์ส่วนตัว)
3940,086-371-2781(เบอร์ส่วนตัว)
3941,086-371-8379(เบอร์ส่วนตัว)
3942,086-371-9989(เบอร์ส่วนตัว)
3943,086-372-6738
3944,086-372-6738(เบอร์ส่วนตัว)
3945,086-375-0156(เบอร์ส่วนตัว)
3946,086-375-4903(เบอร์ส่วนตัว)
3947,086-375-7249
3948,086-377-5991(เบอร์ส่วนตัว)
3949,086-378-7458(เบอร์ส่วนตัว)
3950,086-378-7569(เบอร์ส่วนตัว)
3951,086-378-8121
3952,086-378-8339(เบอร์ส่วนตัว)
3953,086-379-1410(เบอร์ส่วนตัว)
3954,086-379-1478(เบอร์ส่วนตัว)
3955,086-381-5337(เบอร์ส่วนตัว)
3956,086-382-3235
3957,086-382-5963
3958,086-382-8626(เบอร์ส่วนตัว)
3959,086-383-6226
3960,086-384-1372
3961,086-385-8714
3962,086-385-8714(เบอร์ส่วนตัว)
3963,086-386-6980
3964,086-386-6980(เบอร์ส่วนตัว)
3965,086-386-6980
3966,086-387-1470
3967,086-387-1470(เบอร์ส่วนตัว)
3968,086-387-1470(เบอร์ส่วนตัว)
3969,086-387-1470(เบอร์ส่วนตัว)คุณนา098-414-7568(เบอร์ส่วนตัว)คุณทรัพย์
3970,086-387-3281(เบอร์ส่วนตัว)
3971,086-387-8453(คุณวัจ)
3972,086-388-2989(เบอร์ส่วนตัว)
3973,086-3886192
3974,086-388-6192(เบอร์ส่วนตัว)
3975,086-391-6855(เบอร์ส่วนตัว)
3976,086-391-9848(เบอร์ส่วนตัว)
3977,086-392-3828
3978,086-393-3596
3979,086-393-6152(เบอร์ส่วนตัว)
3980,086-395-2895
3981,086-395-2895(เบอร์ส่วนตัว)
3982,086-395-2895(เบอร์ส่วนตัว)
3983,"086-398-2052(เบอร์ส่วนตัว) "
3984,086-398-2052(เบอร์ส่วนตัว)
3985,086-400-5587
3986,086-400-5587(เบอร์ส่วนตัว)
3987,086-401-9566
3988,086-401-9566(นิติฯ)
3989,086-403-7470(เบอร์ส่วนตัว)คุณชลธิชา
3990,086-403-9595
3991,086-404-4418(เบอร์ส่วนตัว)
3992,086-405-6362(เบอร์ส่วนตัว)
3993,086-407-2459(เบอร์ส่วนตัว)
3994,086-408-4405(เบอร์ส่วนตัว)
3995,086-409-3892
3996,086-409-3892(เบอร์ส่วนตัว)
3997,086-412-6938
3998,086-413-2012(เบอร์ส่วนตัว)
3999,086-416-7986
4000,086-421-4923
4001,086-425-7154(เบอร์ส่วนตัว)
4002,086-426-5932(เบอร์ส่วนตัว)
4003,086-429-9123
4004,086-431-7307 (เบอร์ส่วนตัว)
4005,086-431-7307(เบอร์ส่วนตัว)
4006,086-444-5100
4007,086-445-8052(เบอร์ส่วนตัว)
4008,086-445-8515(เบอร์ส่วนตัว)
4009,086-450-7251(เบอร์ส่วนตัว)
4010,086-457-9893(เบอร์ส่วนตัว)
4011,086-466-3263
4012,086-469-5616(เบอร์ส่วนตัว)
4013,086-477-0967(เบอร์ส่วนตัว)
4014,086-4801919
4015,086-488-3909(เบอร์ส่วนตัว)(สะดวกเบอร์นี้)
4016,086-488-3909(เบอร์ส่วนตัว)(สะดวกเบอร์นี้) คุณตุ๊ก 089-659-9161(เบอร์ส่วนตัว)
4017,086-488-3909(เบอร์ส่วนตัว
4018,086-492-3241
4019,086-493-3192
4020,086-493-3192(เบอร์ส่วนตัว)
4021,086-493-3192(เบอร์ส่วนตัว)(สะดวกเบอร์นี้)
4022,086-493-3192(เบอร์ส่วนตัว)
4023,086-493-3192
4024,086-493-7253(เบอร์ส่วนตัว)
4025,086-494-4161(เบอร์ส่วนตัว)
4026,086-495-7710(หน้างาน)
4027,086-498-2249
4028,086-498-4041(เบอร์ส่วนตัว)
4029,086-507-7485(เบอร์ส่วนตัว)
4030,086-509-8158(เบอร์ส่วนตัว)
4031,086-510-1505 (เบอร์ส่วนตัว)
4032,086-510-1505(เบอร์ส่วนตัว)
4033,086-515-7488
4034,086-515-7488(เบอร์ส่วนตัว)
4035,086-516-1950
4036,086-516-1950(เบอร์ส่วนตัว)
4037,086-516-2968
4038,086-516-2968(เบอร์ส่วนตัว)
4039,086-517-8730(เบอร์ส่วนตัว)
4040,086-524-6966(เบอร์ส่วนตัว)
4041,086-526-6399(เบอร์ส่วนตัว)
4042,086-527-3595(เบอร์ส่วนตัว)
4043,086-528-8493 (เบอร์ส่วนตัว)
4044,"086-528-8493(เบอร์ส่วนตัว) "
4045,086-528-8493(เบอร์ส่วนตัว)
4046,086-528-8493(เบอร์ส่วนตัว)คุณเพลง 084-664-7579(เบอร์ส่วนตัว)คุณโช
4047,086-532-6789(เบอร์ส่วนตัว)
4048,086-538-9375(เบอร์ส่วนตัว)
4049,086-539-4441(เบอร์ส่วนตัว)
4050,086-540-2479(เบอร์ส่วนตัว)
4051,086-542-4967(เบอร์ส่วนตัว)
4052,086-542-5731(เบอร์ส่วนตัว)
4053,086-543-2635(เบอร์ส่วนตัว)
4054,086-544-5988(เบอร์ส่วนตัว)
4055,086-548-4241
4056,086-548-8829(เบอร์ส่วนตัว)
4057,086-550-0079(เบอร์ส่วนตัว)
4058,086-554-7966(เบอร์ส่วนตัว)
4059,086-555-4533(เบอร์ส่วนตัว)
4060,086-555-8236
4061,086-555-8236(ส่วนตัว)
4062,086-556-9910
4063,086-558-3945(เบอร์ส่วนตัว)
4064,086-560-1319
4065,086-562-2417
4066,086-563-1672(เบอร์ส่วนตัว)
4067,086-565-1444(เบอร์ส่วนตัว)
4068,086-569-3768
4069,086-569-9184(เบอร์ส่วนตัว)
4070,086-577-1437
4071,086-577-1437(เบอร์ส่วนตัว)
4072,086-577-1437(เบอร์ส่วนตัว)
4073,086-584-3711(เบอร์ส่วนตัว)
4074,086-584-3711
4075,086-587-4188(เบอร์ส่วนตัว)
4076,086-604-4048 (เบอร์ส่วนตัว)
4077,086-604-4048(เบอร์ส่วนตัว)
4078,086-606-6536(เบอร์ส่วนตัว)
4079,086-609-3370(เบอร์ส่วนตัว)
4080,086-609-3370(เบอร์ส่วนตัว)
4081,086-613-5181(เบอร์ส่วนตัว)
4082,086-618-7200
4083,086-618-7200(เบอร์ส่วนตัว)คุณนงนุช
4084,086-621-9652
4085,086-629-1132
4086,086-662-2392
4087,086-662-7416(เบอร์ส่วนตัว)
4088,086-666-3566(เบอร์ส่วนตัว)
4089,086-666-9832(เบอร์ส่วนตัว)
4090,086-673-5415(เบอร์ส่วนตัว)
4091,086-673-5415(เบอร์ส่วนตัว)
4092,086-680-3645(เบอร์ส่วนตัว)
4093,086-703-0481(เบอร์ส่วนตัว)
4094,086-712-9492
4095,086-719-9946
4096,086-756-0590
4097,086-758-6721
4098,086-758-7586(เบอร์ส่วนตัว)
4099,086-759-6025
4100,086-766-4577
4101,086-766-4577(เบอร์ส่วนตัว)
4102,086-767-3446
4103,086-768-4074(เบอร์ส่วนตัว)
4104,086-768-4077(เบอร์ส่วนตัว)
4105,086-770-0086
4106,086-770-0086(เบอร์ส่วนตัว)
4107,086-770-0086  095-921-3157
4108,086-771-0111
4109,086-771-8101
4110,086-772-3548
4111,086-777-6230
4112,086-779-8779
4113,086-779-8779(เบอร์ส่วนตัว)
4114,086-780-2175(เบอร์ส่วนตัว)
4115,086-780-2175(ส่วนตัว)
4116,086-781-1096(เบอร์ส่วนตัว)
4117,086-785-4375(เบอร์ส่วนตัว)
4118,086-785-4375
4119,086-790-1719
4120,086-793-8819
4121,086-793-8819(เบอร์ส่วนตัว)
4122,086-800-3880
4123,086-805-3896(เบอร์ส่วนตัว)
4124,086-807-8435(เบอร์ส่วนตัว)
4125,086-808-2116
4126,086-808-2116(เบอร์ส่วนตัว)
4127,086-808-7172(เบอร์ส่วนตัว)
4128,086-816-8513
4129,086-819-9125
4130,086-820-3048
4131,086-826-9975
4132,086-826-9975(เบอร์ส่วนตัว)
4133,086-829-2419
4134,086-829-2419(เบอร์ส่วนตัว)
4135,086-829-2419(เบอร์ส่วนตัว)
4136,086-829-2419(เบอร์ส่วนตัว)
4137,086-832-5055
4138,086-832-5055(เบอร์ส่วนตัว)
4139,086-868-8678(เบอร์ส่วนตัว)
4140,086-874-9120
4141,086-880-2375
4142,086-880-2375(เบอร์ส่วนตัว)
4143,086-880-2375(เบอร์ส่วนตัว)
4144,086-880-2375(เบอร์ส่วนตัว)
4145,086-880-2375(ส่วนตัว)
4146,086-880-9743
4147,086-883-0931
4148,086-883-0931(เบอร์ส่วนตัว)
4149,086-883-0931(เบอร์ส่วนตัว)
4150,086-886-3589(เบอร์ส่วนตัว)
4151,086-887-6901
4152,086-894-4256(เบอร์ส่วนตัว)
4153,086-894-5635
4154,086-894-7806
4155,086-894-7806(เบอร์ส่วนตัว)
4156,086-894-7806(เบอร์ส่วนตัว)
4157,086-897-0645
4158,086-898-8551(เบอร์ส่วนตัว)
4159,086-909-9664(เบอร์ส่วนตัว)
4160,086-910-7718(เบอร์ส่วนตัว)
4161,086-918-1337(เบอร์ส่วนตัว)
4162,086-925-4316
4163,086-925-4316(เบอร์ส่วนตัว)
4164,086-925-4316(เบอร์ส่วนตัว)
4165,086-925-4316(เบอร์ส่วนตัว)คุณนิ่ม082-664-6224(เบอร์ส่วนตัว)คุณต้อม(ผจก.)
4166,086-936-2582
4167,086-943-7487(เบอร์ส่วนตัว)
4168,086-949-9299(เบอร์ส่วนตัว)
4169,086-949-9299(เบอร์ส่วนตัว)
4170,086-949-9299(ส่วนตัว)
4171,086-954-4626(เบอร์ส่วนตัว)
4172,086-965-1991
4173,086-966-3983(เบอร์ส่วนตัว)
4174,086-971-6282(เบอร์ส่วนตัว)
4175,086-973-3141(เบอร์ส่วนตัว)
4176,086-974-9466(เบอร์ส่วนตัว)
4177,086-974-9466 086-125-2566
4178,086-977-9929
4179,086-978-5829
4180,086-978-5829 (เบอร์ส่วนตัว)
4181,086-978-5829(เบอร์ส่วนตัว)
4182,086-980-7998
4183,086-980-7998(เบอร์ส่วนตัว)
4184,086-984-4700
4185,086-984-4700(เบอร์ส่วนตัว)
4186,086-986-4482
4187,086-986-4482(เบอร์ส่วนตัว)
4188,086-987-6052 (เบอร์ส่วนตัว)
4189,086-988-1415(เบอร์ส่วนตัว)
4190,086-989-3547(เบอร์ส่วนตัว)
4191,086-989-7935(เบอร์ส่วนตัว)
4192,086-989-8963
4193,086-989-8963(เบอร์ส่วนตัว)คุณใหญ่(ผจก.)
4194,086-990-5579
4195,086-990-5579(เบอร์ส่วนตัว)
4196,086-990-5579(เบอร์ส่วนตัว)
4197,086-996-7730
4198,086-998-1915(เบอร์ส่วนตัว)
4199,086-998-4433
4200,086-999-1576 คุณกัมพล
4201,086-999-8172(เบอร์ส่วนตัว)
4202,086-999-8172(เบอร์ส่วนตัว)
4203,087-025-7547
4204,087-025-7547 (เบอร์ส่วนตัว)
4205,087-027-6678
4206,087-028-7959(เบอร์ส่วนตัว)
4207,087-030-5250
4208,087-030-5250(เบอร์ส่วนตัว)
4209,087-030-5250(เบอร์ส่วนตัว)
4210,087-030-5250
4211,087-031-4186
4212,087-031-4186
4213,087-036-0792
4214,087-036-0792(เบอร์ส่วนตัว)
4215,087-046-4438(เบอร์ส่วนตัว)
4216,087-046-4438(เบอร์ส่วนตัว)
4217,087-062-2445(เบอร์ส่วนตัว)
4218,087-063-2050
4219,087-064-8000(เบอร์ส่วนตัว)
4220,087-071-0777(เบอร์ส่วนตัว)
4221,087-072-9596(เบอร์ส่วนตัว)
4222,087-075-4290
4223,087-077-7309(เบอร์ส่วนตัว)
4224,087-078-5927
4225,087-078-5927(เบอร์ส่วนตัว)
4226,087-079-9622
4227,087-083-7313(เบอร์ส่วนตัว)
4228,087-087-9851
4229,087-087-9851(เบอร์ส่วนตัว)
4230,087-087-9851(เบอร์ส่วนตัว)
4231,087-103-3763(เบอร์ส่วนตัว)
4232,087-107-7356(เบอร์ส่วนตัว)
4233,087-109-5715
4234,087-109-5715(เบอร์ส่วนตัว)
4235,087-113-4434(เบอร์ส่วนตัว)
4236,087-118-9111(เบอร์ส่วนตัว)
4237,087-130-0902(เบอร์ส่วนตัว)
4238,087-137-6389(เบอร์ส่วนตัว)(สะดวกเบอร์นี้))
4239,087-141-8082(เบอร์ส่วนตัว)
4240,087-144-9951(เบอร์ส่วนตัว)
4241,087-155-1627(เบอร์ส่วนตัว)
4242,087-155-1627(ส่วนตัว)
4243,087-158-5426
4244,087-158-5426(เบอร์ส่วนตัว)
4245,087-191-4915(เบอร์ส่วนตัว)
4246,087-202-2998
4247,087-202-2998(เบอร์ส่วนตัว)
4248,087-224-8877(เบอร์ส่วนตัว)
4249,087-231-3354
4250,087-234-6004
4251,087-243-6381(เบอร์ส่วนตัว)
4252,087-254-7430
4253,087-270-6037
4254,087-270-6037(เบอร์ส่วนตัว)
4255,087-283-6644
4256,087-283-6644(เบอร์ส่วนตัว)
4257,087-323-1588
4258,087-339-8696(เบอร์ส่วนตัว)
4259,087-340-8300
4260,087-340-8300(เบอร์ส่วนตัว)
4261,087-344-5969
4262,087-345-0757
4263,087-352-5058
4264,087-372-1320
4265,087-383-4346
4266,087-391-0191(เบอร์ส่วนตัว)
4267,087-400-0886(เบอร์ส่วนตัว)
4268,087-415-9448
4269,087-415-9448(เบอร์ส่วนตัว)
4270,087-415-9448
4271,087-429-7171
4272,087-433-3494
4273,087-433-3494(เบอร์ส่วนตัว)
4274,087-433-3494(เบอร์ส่วนตัว)
4275,087-445-1196
4276,087-446-9952
4277,087-477-3816(เบอร์ส่วนตัว)
4278,087-483-9989(เบอร์ส่วนตัว)
4279,087-487-5659
4280,087-487-5659(เบอร์ส่วนตัว)
4281,087-493-0888(เบอร์ส่วนตัว)
4282,087-493-8700
4283,087-493-8700(เบอร์ส่วนตัว)
4284,087-494-0815
4285,087-494-0815(เบอร์ส่วนตัว)
4286,087-494-0815(ส่วนตัว)
4287,087-494-1667
4288,087-496-7343(เบอร์ส่วนตัว)
4289,087-500-6496
4290,087-500-6496(เบอร์ส่วนตัว)
4291,087-506-4880(เบอร์ส่วนตัว)
4292,087-508-5827
4293,087-508-5827คุณอาย
4294,087-513-0989(เบอร์ส่วนตัว)
4295,087-513-4938(เบอร์ส่วนตัว)
4296,087-513-4938(เบอร์ส่วนตัว)คุณต้อม
4297,087-514-8094(เบอร์ส่วนตัว)
4298,087-514-8094(เบอร์ส่วนตัว)
4299,087-517-5141(เบอร์ส่วนตัว)คุณธเนตร
4300,087-521-0428
4301,087-521-0428(เบอร์ส่วนตัว)
4302,087-538-1488(เบอร์ส่วนตัว)
4303,087-543-2400
4304,087-543-2400(เบอร์ส่วนตัว)
4305,087-545-1256
4306,087-546-0038(เบอร์ส่วนตัว)
4307,087-555-7661(เบอร์ส่วนตัว)
4308,087-560-7909
4309,087-560-7909(เบอร์ส่วนตัว)
4310,087-561-6919
4311,087-563-4782
4312,087-563-9455
4313,087-563-9455(เบอร์ส่วนตัว)
4314,087-564-1110
4315,087-567-9777
4316,087-568-3663(เบอร์ส่วนตัว)
4317,087-582-1531
4318,087-582-1531 (เบอร์ส่วนตัว)
4319,087-582-1531(เบอร์ส่วนตัว)
4320,087-584-2992(เบอร์ส่วนตัว)
4321,087-591-6719(เบอร์ส่วนตัว)
4322,087-594-4954
4323,087-595-4219
4324,087-603-2512(เบอร์ส่วนตัว)
4325,087-603-2512(เบอร์ส่วนตัว)
4326,087-603-2512(เบอร์ส่วนตัว)
4327,087-624-3899(เบอร์ส่วนตัว)
4328,087-626-1951(เบอร์ส่วนตัว)
4329,087-627-1148(เบอร์ส่วนตัว)
4330,087-645-2740(เบอร์ส่วนตัว)
4331,087-651-9199(เบอร์ส่วนตัว)
4332,087-651-9199(ส่วนตัว)
4333,087-659-3035
4334,087-671-3335
4335,087-671-3335(เบอร์ส่วนตัว)
4336,087-676-7180
4337,087-676-7180(เบอร์ส่วนตัว)
4338,087-676-7180(เบอร์ส่วนตัว)
4339,087-680-2635(เบอร์ส่วนตัว)
4340,087-680-2635(เบอร์ส่วนตัว)
4341,087-683-8931
4342,087-683-8967(เบอร์ส่วนตัว)
4343,087-684-4664
4344,087-685-3968
4345,087-685-5089 (เบอร์ส่วนตัว)
4346,087-685-5089(เบอร์ส่วนตัว)
4347,087-687-6764(เบอร์ส่วนตัว)
4348,087-688-6104(เบอร์ส่วนตัว)
4349,087-689-5244 (เบอร์ส่วนตัว)
4350,087-689-5313(เบอร์ส่วนตัว)
4351,087-690-0526(เบอร์ส่วนตัว)
4352,087-691-8045
4353,087-703-4487(เบอร์ส่วนตัว)
4354,087-706-3693(เบอร์ส่วนตัว)
4355,087-713-2010(เบอร์ส่วนตัว)
4356,087-715-8117(เบอร์ส่วนตัว)
4357,087-717-6178(เบอร์ส่วนตัว)
4358,087-718-2852
4359,087-738-0909
4360,087-744-4689(เบอร์ส่วนตัว)
4361,087-753-4371
4362,087-753-4371(เบอร์ส่วนตัว)
4363,087-753-4371(เบอร์ส่วนตัว)
4364,087-753-4371(เบอร์ส่วนตัว)
4365,087-756-2193(เบอร์ส่วนตัว)
4366,087-759-6028
4367,087-759-6028(เบอร์ส่วนตัว)
4368,087-784-8848
4369,087-787-8585
4370,087-787-8585(เบอร์ส่วนตัว)
4371,087-787-8585(เบอร์ส่วนตัว)
4372,087-793-4216(เบอร์ส่วนตัว)
4373,087-794-7977
4374,087-794-7977(เบอร์ส่วนตัว)
4375,087-798-8866(เบอร์ส่วนตัว)
4376,087-799-9626
4377,087-800-1717(เบอร์ส่วนตัว)
4378,087-800-1717(เบอร์ส่วนตัว)
4379,087-812-8842(เบอร์ส่วนตัว)(สะดวกเบอร์นี้)
4380,087-812-8842(เบอร์ส่วนตัว)
4381,087-821-8562(เบอร์ส่วนตัว)
4382,087-822-4462
4383,087-822-4462(เบอร์ส่วนตัว)
4384,087-823-9900
4385,087-827-5114
4386,087-827-5114(เบอร์ส่วนตัว)
4387,087-828-8274(เบอร์ส่วนตัว)
4388,087-829-2512(เบอร์ส่วนตัว)
4389,087-830-0390(เบอร์ส่วนตัว)
4390,087-848-2665(เบอร์ส่วนตัว)
4391,087-848-2665(เบอร์ส่วนตัว)
4392,087-870-6874(เบอร์ส่วนตัว)
4393,087-872-2689(เบอร์ส่วนตัว)
4394,087-879-7856(เบอร์ส่วนตัว)
4395,087-888-6707(เบอร์ส่วนตัว)
4396,087-903-1405
4397,087-907-9557(เบอร์ส่วนตัว)
4398,087-910-0571(เบอร์ส่วนตัว)
4399,087-916-0829
4400,087-916-0829(เบอร์ส่วนตัว)
4401,087-916-0829(เบอร์ส่วนตัว)
4402,087-918-9422(เบอร์ส่วนตัว)
4403,087-923-9421
4404,087-923-9421(เบอร์ส่วนตัว)
4405,087-923-9421(เบอร์ส่วนตัว)
4406,087-923-9421(ส่วนตัว)
4407,087-925-2872
4408,087-929-0505(เบอร์ส่วนตัว)
4409,087-932-5050
4410,087-936-0845
4411,087-940-1291(เบอร์ส่วนตัว)
4412,087-940-3838(เบอร์ส่วนตัว)
4413,087-945-5536(เบอร์ส่วนตัว)
4414,087-975-7859(เบอร์ส่วนตัว)
4415,087-975-7859(เบอร์ส่วนตัว)
4416,087-981-1577
4417,087-981-8118
4418,087-981-8118(เบอร์ส่วนตัว)
4419,087-983-6970(เบอร์ส่วนตัว)
4420,087-983-6970(เบอร์ส่วนตัว)
4421,087-988-2444
4422,087-995-0345(เบอร์ส่วนตัว)
4423,087-999-4740(เบอร์ส่วนตัว)
4424,087-999-6165(เบอร์ส่วนตัว)
4425,088-002-4965(เบอร์ส่วนตัว)
4426,088-003-0798(เบอร์ส่วนตัว)
4427,088-016-7285(เบอร์ส่วนตัว)
4428,088-016-7285(เบอร์ส่วนตัว)
4429,088-017-3855(เบอร์ส่วนตัว)
4430,088-018-0088
4431,088-053-1582
4432,088-053-1582(เบอร์ส่วนตัว)
4433,088-081-2179
4434,088-111-9229
4435,088-111-9229(เบอร์ส่วนตัว)
4436,088-126-7765
4437,088-126-7765(เบอร์ส่วนตัว)
4438,088-158-1728(เบอร์ส่วนตัว)
4439,088-183-5555
4440,088-187-7888
4441,088-192-7850(เบอร์ส่วนตัว)
4442,088-193-0591(เบอร์ส่วนตัว)
4443,088-193-0591(เบอร์ส่วนตัว)สะดวกเบอร์นี้))
4444,088-195-0094
4445,088-195-0094(เบอร์ส่วนตัว)
4446,088-200-8893
4447,088-202-8607(เบอร์ส่วนตัว)
4448,088-205-0809(เบอร์ส่วนตัว)
4449,088-209-1599
4450,088-209-1599(เบอร์ส่วนตัว)
4451,088-210-3339(เบอร์ส่วนตัว)
4452,088-217-7283(เบอร์ส่วนตัว)
4453,088-219-7777
4454,088-221-1225
4455,088-221-1227
4456,088-224-9674(เบอร์ส่วนตัว)
4457,088-227-1106 (เบอร์ส่วนตัว)
4458,088-230-6847(เบอร์ส่วนตัว)
4459,088-233-3142
4460,088-233-3142(เบอร์ส่วนตัว)
4461,088-233-3142(เบอร์ส่วนตัว)
4462,088-233-3142(ส่วนตัว)
4463,088-242-5195(เบอร์ส่วนตัว)
4464,088-246-4554
4465,088-249-4554
4466,088-249-4554(เบอร์ส่วนตัว)
4467,088-255-1744
4468,088-255-1744(เบอร์ส่วนตัว)
4469,088-261-0801
4470,088-261-0801(เบอร์ส่วนตัว)
4471,088-261-0801(เบอร์ส่วนตัว)
4472,088-264-6199
4473,088-264-6199(เบอร์ส่วนตัว)
4474,088-264-6199(เบอร์ส่วนตัว)
4475,088-265-6549(เบอร์ส่วนตัว)
4476,088-265-6599(เบอร์ส่วนตัว)
4477,088-267-1660(เบอร์ส่วนตัว)
4478,088-267-4101(เบอร์ส่วนตัว)
4479,088-275-8421
4480,088-281-1587(เบอร์ส่วนตัว)
4481,088-283-0729(เบอร์ส่วนตัว)
4482,088-287-1913(เบอร์ส่วนตัว)
4483,088-287-4049(เบอร์ส่วนตัว)
4484,088-288-2595(เบอร์ส่วนตัว)
4485,088-295-0324
4486,088-295-4663
4487,088-297-5767
4488,088-300-7159
4489,088-300-7159(เบอร์ส่วนตัว)
4490,088-300-7159(เบอร์ส่วนตัว)
4491,088-302-7386
4492,088-315-6116(เบอร์ส่วนตัว)
4493,088-336-2622(เบอร์ส่วนตัว)
4494,088-344-6760(เบอร์ส่วนตัว)
4495,088-399-2359
4496,088-399-2359(เบอร์ส่วนตัว)
4497,088-399-2359(เบอร์ส่วนตัว)คุณนิว099-293-0803(เบอร์ส่วนตัว)คุณนุ่น
4498,088-412-4042
4499,088-424-0085
4500,088-427-0899
4501,088-453-7630(ส่วนตัว)
4502,088-455-6968
4503,088-477-7166(เบอร์ส่วนตัว)
4504,088-490-1169(เบอร์ส่วนตัว)
4505,088-494-5617(เบอร์ส่วนตัว)
4506,088-498-4009
4507,088-500-1060(เบอร์ส่วนตัว)
4508,088-501-5568
4509,088-512-5374(เบอร์ส่วนตัว)
4510,088-517-8008(เบอร์ส่วนตัว)
4511,088-535-0003 (หน้างาน)
4512,088-542-6867(เบอร์ส่วนตัว)
4513,088-547-4772(เบอร์ส่วนตัว)(สะดวกเบอร์นี้))
4514,088-547-4772(เบอร์ส่วนตัว)
4515,"088-549-8885 "
4516,"088-549-8885(เบอร์ส่วนตัว) "
4517,088-549-8885(เบอร์ส่วนตัว)
4518,088-549-8885(หน้างาน)
4519,088-554-2306
4520,088-558-0588(เบอร์ส่วนตัว)
4521,088-569-4490
4522,088-570-5898
4523,088-571-0032(เบอรร์ส่วนตัว)
4524,088-571-0032(เบอรร์ส่วนตัว
4525,088-575-7116
4526,088-575-7116(เบอร์ส่วนตัว)
4527,088-585-1988(เบอร์ส่วนตัว)
4528,088-596-6465
4529,088-603-6515
4530,088-605-8736(เบอร์ส่วนตัว)
4531,088-607-2887(เบอร์ส่วนตัว)
4532,088-609-0990
4533,088-609-0990(เบอร์ส่วนตัว)
4534,088-609-0990(เบอร์ส่วนตัว)
4535,088-609-0990(เบอรส่วนตัวผู้จัดการ)
4536,088-612-2555(เบอร์ส่วนตัว)
4537,088-616-5596 (เบอร์ส่วนตัว)
4538,088-625-4304(เบอร์ส่วนตัว)
4539,088-639-7536(เบอร์ส่วนตัว)
4540,088-640-6342(เบอร์ส่วนตัว)
4541,088-641-9329(เบอร์ส่วนตัว)
4542,088-642-2982
4543,088-642-3614
4544,088-646-9622
4545,088-656-2000(เบอร์ส่วนตัว)
4546,088-664-2666(เบอร์ส่วนตัว)
4547,088-667-6137(เบอร์ส่วนตัว)
4548,088-669-9659(เบอร์ส่วนตัว)
4549,088-675-1246(เบอร์ส่วนตัว)
4550,088-675-1246(เบอร์ส่วนตัว)
4551,088-679-5987
4552,088-679-5987(เบอร์ส่วนตัว)
4553,088-679-5987(เบอร์ส่วนตัว) คุณมาสุ 085-558-1671(เบอร์ส่วนตัว)คุณฝ้าย
4554,088-681-2743(เบอร์ส่วนตัว)
4555,088-683-7782(เบอร์ส่วนตัว)
4556,088-686-2057
4557,088-686-2057(เบอร์ส่วนตัว)
4558,088-686-2057(เบอร์ส่วนตัว)
4559,088-686-2057(ลูกค้าสะดวกเบอร์นี้)
4560,088-691-5151(เบอร์ส่วนตัว)
4561,088-691-8414
4562,088-693-4824(เบอร์ส่วนตัว)
4563,088-695-9922
4564,088-695-9936(เบอร์ส่วนตัว)
4565,"088-704-7446 "
4566,088-704-7446(เบอร์ส่วนตัว)
4567,088-722-0071(เบอร์ส่วนตัว)
4568,088-757-1318
4569,088-757-1318(เบอร์ส่วนตัว)คุณปลา
4570,088-757-1489(เบอร์ส่วนตัว)
4571,088-757-5992(เบอร์ส่วนตัว)
4572,088-760-5659(เบอร์ส่วนตัว)
4573,088-765-6597
4574,088-765-6597(เบอร์ส่วนตัว)
4575,088-772-4495(เบอร์ส่วนตัว)
4576,088-772-4495(เบอร์ส่วนตัว) คุณสุรเชษฐ์(กรรมการ)
4577,088-773-1785(เบอร์ส่วนตัว)(สะดวกเบอร์นี้)
4578,088-788-9646(เบอร์ส่วนตัว)
4579,088-799-3843
4580,088-809-2124
4581,088-810-7622(เบอร์ส่วนตัว)
4582,088-830-7002(เบอร์ส่วนตัว)
4583,088-856-1822(เบอร์ส่วนตัว)
4584,088-856-1822(เบอร์ส่วนตัว)
4585,088-859-0062(เบอร์ส่วนตัว)
4586,088-865-6352
4587,088-869-5845
4588,088-869-5845(เบอร์ส่วนตัว)
4589,088-880-5252
4590,088-880-5252(เบอร์ส่วนตัว)
4591,088-881-0012(เบอร์ส่วนตัว)
4592,088-881-9949(เบอร์ส่วนตัว)
4593,088-883-4934
4594,088-896-2249(เบอร์ส่วนตัว)
4595,088-896-2692
4596,088-896-2692(เบอร์ส่วนตัว)
4597,088-897-7423
4598,088-897-7423(เบอร์ส่วนตัว)
4599,088-897-7423(เบอร์ส่วนตัว)
4600,088-897-7423(เบอร์ส่วนตัว) 088-255-1744(เบอร์ส่วนตัว)
4601,088-897-7423 088-255-1744(เบอร์ส่วนตัว)
4602,088-909-3743
4603,088-909-4648
4604,088-909-4648(เบอร์ส่วนตัว)
4605,088-910-2361
4606,088-910-2361(เบอร์ส่วนตัว)
4607,088-917-3463
4608,088-932-3029(เบอร์ส่วนตัว)
4609,088-941-5170
4610,088-941-5170(เบอร์ส่วนตัว)
4611,088-941-5170(เบอร์ส่วนตัว)
4612,088-941-5170(ส่วนตัว)
4613,088-942-5362(เบอร์ส่วนตัว)
4614,088-945-9595(เบอร์ส่วนตัว)
4615,088-951-8038(เบอร์ส่วนตัว)
4616,088-952-4626(เบอร์ส่วนตัว)
4617,088-953-3753(เบอร์ส่วนตัว)
4618,088-959-2353(เบอร์ส่วนตัว)
4619,088-961-4790(ส่วนตัว)
4620,088-962-0873
4621,088-962-0873(เบอร์ส่วนตัว)
4622,088-963-5383
4623,088-963-5383(เบอร์ส่วนตัว)
4624,088-979-9262(เบอร์ส่วนตัว)
4625,088-980-9706
4626,088-980-9706(เบอร์ส่วนตัว)
4627,088-980-9706(เบอร์ส่วนตัว)
4628,088-980-9706(เบอร์ส่วนตัว)คุณแอน(สุทธดา)(ส่วนกลางPLM) 087-198-0983(เบอร์ส่วนตัว)คุณเจนนี่(ธุรการหน่วยงาน)
4629,088-980-9706(คุณแอน ฝ่ายแจ้งหนี้ PLM)
4630,088-987-1267(เบอร์ส่วนตัว)(สะดวกเบอร์นี้)
4631,088-987-1267(เบอร์ส่วนตัว)
4632,089-000-5640(เบอร์ส่วนตัว)
4633,089-000-8574(เบอร์ส่วนตัว)
4634,089-001-0155
4635,089-001-0155(เบอร์ส่วนตัว)
4636,089-001-0155เบอร์ส่วนตัว)
4637,089-004-6969(เบอร์ส่วนตัว)
4638,089-005-9984(เบอร์ส่วนตัว)
4639,089-009-4389(เบอร์ส่วนตัว)
4640,089-012-3333(เบอร์ส่วนตัว)
4641,089-032-6644(เบอร์ส่วนตัว)
4642,089-037-9408
4643,089-037-9408(เบอร์ส่วนตัว)
4644,089-042-1809(เบอร์ส่วนตัว)
4645,089-044-3089(เบอร์ส่วนตัว)
4646,089-044-8622(เบอร์ส่วนตัว) คุณโบว์
4647,089-049-4948(เบอร์ส่วนตัว)
4648,089-049-9303(เบอร์ส่วนตัว)
4649,089-057-9732(เบอร์ส่วนตัว)
4650,089-059-7597(เบอร์ส่วนตัว)
4651,089-063-7832(เบอร์ส่วนตัว)
4652,089-066-6105(เบอร์ส่วนตัว)
4653,089-068-8820
4654,089-074-6648
4655,089-074-6648(เบอร์ส่วนตัว)
4656,089-074-6648(เบอร์ส่วนตัว)
4657,089-075-0415(เบอร์ส่วนตัว)
4658,089-075-8759(เบอร์ส่วนตัว)
4659,089-079-7788(เบอร์ส่วนตัว)
4660,089-094-5258
4661,089-094-5258 คุณนุ
4662,089-094-5258 คุณวิศณุ
4663,089-095-0321
4664,089-095-0321(เบอร์ส่วนตัว)
4665,089-096-0426
4666,089-107-1015(เบอร์ส่วนตัว)
4667,089-108-9029
4668,089-108-9029(เบอร์ส่วนตัว)
4669,089-108-9029(เบอร์ส่วนตัว)
4670,089-109-8493(เบอร์ส่วนตัว)
4671,089-110-1001(เบอร์ส่วนตัว)
4672,089-110-7581(เบอร์ส่วนตัว)
4673,089-111-5510
4674,089-111-5510(เบอร์ส่วนตัว)
4675,089-111-5510(เบอร์ส่วนตัว)
4676,089-111-5573(เบอร์ส่วนตัว)
4677,089-111-8955
4678,089-111-8955(ส่วนตัว)
4679,089-114-5884
4680,089-115-2268  089-500-8039
4681,089-116-2188 คุณเน โปรแกรมค้าง
4682,089-117-1466
4683,089-117-1466(เบอร์ส่วนตัว)
4684,089-119-0244(เบอร์ส่วนตัว)
4685,089-120-0463(เบอร์ส่วนตัว)
4686,089-120-8180(เบอร์ส่วนตัว)
4687,089-122-5880(เบอร์ส่วนตัว)
4688,089-123-0550
4689,089-123-4514(เบอร์ส่วนตัว)
4690,089-123-8374(เบอร์ส่วนตัว)
4691,089-125-8062(เบอร์ส่วนตัว)
4692,089-125-8126(เบอร์ส่วนตัว)
4693,089-126-7680(เบอร์ส่วนตัว)
4694,089-127-0866(เบอร์ส่วนตัว)(สะดวกเบอร์นี้)
4695,089-127-0866(เบอร์ส่วนตัว)
4696,089-129-5690
4697,089-130-5253(เบอร์ส่วนตัว)
4698,089-130-5498
4699,089-130-5498
4700,089-131-5577
4701,089-131-5577(เบอร์ส่วนตัว)
4702,089-131-5577(เบอร์ส่วนตัว)
4703,089-131-5577(ส่วนตัว)
4704,089-131-5682
4705,089-131-5682(เบอร์ส่วนตัว)
4706,089-134-4285
4707,089-134-4285(เบอร์ส่วนตัว)
4708,089-137-6467เบอร์ส่วนตัว)
4709,089-138-8918
4710,089-138-8918(เบอร์ส่วนตัว)
4711,089-138-8918(เบอร์ส่วนตัว)
4712,089-140-7474(เบอร์ส่วนตัว)
4713,089-140-7474(เบอร์ส่วนตัว)
4714,089-141-3875
4715,089-142-0904
4716,089-142-0904(เบอร์ส่วนตัว)
4717,089-145-8261
4718,089-152-8539(เบอร์ส่วนตัว)
4719,089-155-5003
4720,089-156-3919(เบอร์ส่วนตัว)
4721,089-156-4203
4722,089-159-3735
4723,089-160-8821(เบอร์ส่วนตัว)
4724,089-160-9041(เบอร์ส่วนตัว)
4725,089-161-3471(เบอร์ส่วนตัว)
4726,089-166-3381(เบอร์ส่วนตัว)
4727,089-167-0881(เบอร์ส่วนตัว)
4728,089-167-3911(เบอร์ส่วนตัว)
4729,089-188-4030
4730,089-199-4619
4731,089-201-3636(เบอร์ส่วนตัว)
4732,089-202-8738(เบอร์ส่วนตัว)
4733,089-203-7942(เบอร์ส่วนตัว)
4734,089-205-3347(เบอร์ส่วนตัว)
4735,089-206-0841
4736,089-215-8641
4737,089-215-8641(เบอร์ส่วนตัว)
4738,089-215-8641(เบอร์ส่วนตัว)
4739,089-220-9140
4740,089-220-9140(เบอร์ส่วนตัว)
4741,089-221-4568(เบอร์ส่วนตัว)
4742,089-221-4568(เบอร์ส่วนตัว)
4743,089-228-3491
4744,089-233-3189(เบอร์ส่วนตัว)
4745,089-234-7350
4746,089-234-7350(เบอร์ส่วนตัว)
4747,089-235-5580
4748,089-235-5580(เบอร์ส่วนตัว)
4749,089-244-3281
4750,089-245-2644
4751,089-248-7599
4752,089-256-1110
4753,089-262-8272(เบอร์ส่วนตัว)
4754,089-270-3054
4755,089-270-3054(เบอร์ส่วนตัว)
4756,089-2878282
4757,089-305-3689(นิติฯ)
4758,089-305-3689
4759,089-401-4443
4760,089-401-4443(เบอร์ส่วนตัว)
4761,089-401-4500(เบอร์ส่วนตัว)
4762,089-407-0499
4763,089-409-9683(เบอร์ส่วนตัว)
4764,089-409-9683(เบอร์ส่วนตัว)
4765,089-415-3640(เบอร์ส่วนตัว)
4766,089-417-3643(เบอร์ส่วนตัว)
4767,089-417-3643(เบอร์ส่วนตัว)
4768,089-421-8923
4769,089-421-8923(เบอร์ส่วนตัว)
4770,089-421-8923(คุณเสกสรรค์เบอร์ส่วนตัว)
4771,089-424-8923
4772,089-440-2440(เบอร์ส่วนตัว)
4773,089-440-2440(เบอร์ส่วนตัว)
4774,089-440-2440คุณธนิญาภรณ์ 081-639-8469คุณอำพล
4775,089-440-8999
4776,089-442-8242(เบอร์ส่วนตัว)
4777,089-442-9399
4778,089-442-9399(เบอร์ส่วนตัว)
4779,089-445-4635(เบอร์ส่วนตัว)
4780,089-446-3989(เบอร์ส่วนตัว)
4781,089-447-9815
4782,089-447-9815(เบอร์ส่วนตัว)
4783,089-447-9815(เบอร์ส่วนตัว)
4784,089-447-9815(เบอร์ส่วนตัว)
4785,089-450-1615(เบอร์ส่วนตัว)
4786,089-450-5401(เบอร์ส่วนตัว)
4787,089-452-9201(เบอร์ส่วนตัว)
4788,089-453-5913(เบอร์ส่วนตัว)
4789,089-458-9852
4790,089-459-2019
4791,089-459-5992
4792,089-459-5992(เบอร์ส่วนตัว)
4793,089467-5051
4794,089-467-5051(เบอร์ส่วนตัว)
4795,089-467-5051(เบอร์ส่วนตัว)
4796,089-476-1077
4797,089-476-1077(เบอร์ส่วนตัว)
4798,089-477-1855
4799,089-477-1855(เบอร์ส่วนตัว)
4800,089-477-9287
4801,089-477-9287(เบอร์ส่วนตัว)
4802,089-477-9287(เบอร์ส่วนตัว)
4803,089-477-9287(เบอร์ส่วนตัว)
4804,089-478-2914(เบอร์ส่วนตัว)
4805,089-479-7245(เบอร์ส่วนตัว)
4806,089-482-7559(เบอร์ส่วนตัว)
4807,089-483-4268
4808,089-484-1251
4809,089-484-1251(เบอร์ส่วนตัว)
4810,089-486-8152
4811,089-488-2011(เบอร์ส่วนตัว)
4812,089-492-7386
4813,089-493-6737(เบอร์ส่วนตัว)
4814,089-494-9791(เบอร์ส่วนตัว)
4815,089-495-7975(เบอร์ส่วนตัว)
4816,089-497-4555(เบอร์ส่วนตัว)
4817,089-499-6619
4818,089-506-1666
4819,089-506-6005
4820,089-509-9850(เบอร์ส่วนตัว)
4821,089-511-6922(เบอร์ส่วนตัว)
4822,089-515-2743(เบอร์ส่วนตัว)
4823,089-515-4145
4824,089-515-4145(เบอร์ส่วนตัว)
4825,089-515-4145(เบอร์ส่วนตัว)
4826,"089-515-4145(เบอร์ส่วนตัว)คุณประภัสสร(อ้อ) "
4827,089-530-0104(เบอร์ส่วนตัว)
4828,089-535-3649(เบอร์ส่วนตัว)
4829,089-535-3649(เบอร์ส่วนตัว)
4830,089-535-4446(เบอร์ส่วนตัว)
4831,089-545-4897
4832,089-550-9955
4833,089-600-4664(เบอร์ส่วนตัว)
4834,089-601-8075
4835,089-601-8075(เบอร์ส่วนตัว)
4836,089-602-1102
4837,089-605-7073(เบอร์ส่วนตัว)
4838,089-619-6979(เบอร์ส่วนตัว)
4839,089-622-8997
4840,089-626-3120
4841,089-629-1442(เบอร์ส่วนตัว)
4842,089-6293-227(เบอร์ส่วนตัว)
4843,089-634-9046(เบอร์ส่วนตัว)
4844,089-639-5942(เบอร์ส่วนตัว)
4845,089-642-6962(เบอร์ส่วนตัว)
4846,089-642-6962(เบอร์ส่วนตัว)
4847,089-645-7511
4848,089-649-9693
4849,089-649-9693(เบอร์ส่วนตัว)
4850,089-649-9693
4851,089-659-9161(เบอร์ส่วนตัว)
4852,089-660-4486
4853,089-661-7558 (เบอร์ส่วนตัว)
4854,089-668-6167(ผจก.นิติฯ)คุณน็อต
4855,089-669-3460
4856,089-669-3460(เบอร์ส่วนตัว)
4857,089-669-3460(เบอร์ส่วนตัว)
4858,089-670-5701
4859,089-670-5701(เบอร์ส่วนตัว)
4860,089-670-9339
4861,089-670-9339(เบอร์ส่วนตัว)
4862,089-671-7146
4863,089-677-0265(เบอร์ส่วนตัว)
4864,089-677-6563(เบอร์ส่วนตัว)
4865,089-678-7605(เบอร์ส่วนตัว)
4866,089-680-4691(เบอร์ส่วนตัว)
4867,089-681-2358
4868,089-682-2359(เบอร์ส่วนตัว)
4869,089-683-4358
4870,089-685-4177
4871,089-685-4177(เบอร์ส่วนตัว)
4872,089-686-6243(เบอร์ส่วนตัว)
4873,089-686-9698(เบอร์ส่วนตัว)
4874,089-691-6728
4875,089-691-6728(เบอร์ส่วนตัว)
4876,089-693-6054(เบอร์ส่วนตัว)
4877,089-693-6054(เบอร์ส่วนตัว)
4878,089-695-6655(เบอร์ส่วนตัว)
4879,089-698-7130
4880,089-698-7130(เบอร์ส่วนตัว)(สะดวกเบอร์นี้)
4881,089-698-9264(ส่วนตัว)
4882,089-699-6419(เบอร์ส่วนตัว)
4883,089-699-7904(เบอร์ส่วนตัว)
4884,089-711-1881(ส่วนตัว)
4885,089-718-1717
4886,"089-718-1717 "
4887,089-718-1717(เบอร์ส่วนตัว)
4888,089-718-1717(บัญชี)
4889,897181717
4890,089-718-1717
4891,089-719-0238(เบอร์ส่วนตัว)
4892,089-719-0238(บอร์ส่วนตัว)
4893,089-719-0238
4894,089-724-0054(เบอร์ส่วนตัว)
4895,089-740-6019(เบอร์ส่วนตัว)
4896,089-748-4925(เบอร์ส่วนตัว)
4897,089-750-8833(เบอร์ส่วนตัว)
4898,089-754-4110
4899,089-760-6009(เบอร์ส่วนตัว)
4900,089-764-3210(เบอร์ส่วนตัว)
4901,089-767-1532(เบอร์ส่วนตัว)
4902,089-769-4978(เบอร์ส่วนตัว)
4903,089-769-4989(เบอร์ส่วนตัว)
4904,089-769-5720
4905,089-769-5720(เบอร์ส่วนตัว)
4906,089-770-1982 (IT ร้านคอมพิวเตอร์ )
4907,089-771-0986
4908,089-774-7802(เบอร์ส่วนตัว)
4909,089-775-0999
4910,089-775-0999(เบอร์ส่วนตัว)
4911,089-775-0999(เบอร์ส่วนตัว)
4912,089-776-4969(เบอร์ส่วนตัว)
4913,089-777-4099(เบอร์ส่วนตัว)
4914,089-777-4523
4915,089-778-7388
4916,089-778-8540
4917,089-778-8540(เบอร์ส่วนตัว)
4918,089-780-0358(เบอร์ส่วนตัว)
4919,089-7802573(เบอร์ส่วนตัว)
4920,089-780-7730(เบอร์ส่วนตัว)
4921,089-781-3263(เบอร์ส่วนตัว)
4922,089-783-6262
4923,089-783-6262(เบอร์ส่วนตัว)
4924,089-785-0644(เบอร์ส่วนตัว)
4925,089-789-3318(เบอร์ส่วนตัว)
4926,089-791-1166(เบอร์ส่วนตัว)
4927,089-791-1166(ส่วนตัว)
4928,089-792-1817(เบอร์ส่วนตัว) 089-493-6737(เบอร์ส่วนตัว)คุณปุ้ม
4929,089-792-8172(เบอร์ส่วนตัว)
4930,089-795-1513(เบอร์ส่วนตัว)
4931,089-795-5138
4932,089-795-9863(คุณกุสุมา)(บริษัท)
4933,089-797-2002
4934,089-797-7111(เบอร์ส่วนตัว)
4935,089-799-3924(เบอร์ส่วนตัว)
4936,089-802-2017
4937,089-802-2017(เบอร์ส่วนตัว)
4938,089-802-2017(เบอร์ส่วนตัว)
4939,089-808-5665
4940,089-808-5665(เบอร์ส่วนตัว)
4941,089-810-5780(เบอร์ส่วนตัว)
4942,089-810-6380
4943,089-813-3577(เบอร์ส่วนตัว)
4944,089-814-1459(เบอร์ส่วนตัว)
4945,089-814-6368(เบอร์ส่วนตัว)
4946,089-814-8644
4947,089-818-0630(เบอร์ส่วนตัว)
4948,089-818-0630(เบอร์ส่วนตัว)
4949,089-818-2151
4950,089-818-2151(เบอร์ส่วนตัว)
4951,089-818-5347(เบอร์ส่วนตัว)
4952,089-819-5285(เบอร์ส่วนตัว)
4953,089-825-8735
4954,089-825-8735(เบอร์ส่วนตัว)
4955,089-825-9552(เบอร์ส่วนตัว)
4956,089-826-1121
4957,089-828-4556(เบอร์ส่วนตัว)
4958,089-828-8897(เบอร์ส่วนตัว)
4959,089-829-6967
4960,089-829-6967(เบอร์ส่วนตัว)
4961,089-866-5739(เบอร์ส่วนตัว)
4962,089-881-8537
4963,089-882-7721
4964,089-886-8326(เบอร์ส่วนตัว)
4965,089-888-2223(เบอร์ส่วนตัว)(สะดวกเบอร์นี้)
4966,089-888-2223(เบอร์ส่วนตัว)
4967,089-888-7797
4968,089-888-7797(เบอร์ส่วนตัว)
4969,089-888-8015(เบอร์ส่วนตัว)
4970,089-888-8217(เบอร์ส่วนตัว)
4971,089-889-9299(เบอร์ส่วนตัว)
4972,089-890-5996
4973,089-891-1135
4974,089-891-1135(เบอร์ส่วนตัว)
4975,089-892-6562(เบอร์ส่วนตัว)
4976,089-893-1443(เบอร์ส่วนตัว)
4977,089-893-2232(เบอร์ส่วนตัว)
4978,089-895-1455(เบอร์ส่วนตัว)
4979,089-895-3454(เบอร์ส่วนตัว)
4980,089-895-8919
4981,089-895-9615(เบอร์ส่วนตัว)
4982,089-896-4554(เบอร์ส่วนตัว)
4983,089-896-6447(เบอร์ส่วนตัว)
4984,089-897-9495
4985,089-899-9995(เบอร์ส่วนตัว)
4986,089-901-6319
4987,089-901-6319(เบอร์ส่วนตัว)
4988,089-902-0488
4989,089-905-9505
4990,089-907-6550
4991,089-907-6550( หน้างาน)
4992,089-907-6550(เบอร์ส่วนตัว)
4993,089-907-6550
4994,089-912-4692(เบอร์ส่วนตัว)
4995,089-920-1579
4996,089-921-6563(เบอร์ส่วนตัว)
4997,089-922-6748
4998,089-924-9668
4999,089-927-2753
5000,089-928-8455(เบอร์ส่วนตัว)
5001,089-932-9361(เบอร์ส่วนตัว)
5002,089-933-1333(เบอร์ส่วนตัว)
5003,089-933-9567
5004,089-934-4542(เบอร์ส่วนตัว)
5005,089-939-1232(เบอร์ส่วนตัว)
5006,089-939-8739(เบอร์ส่วนตัว)
5007,089-940-5205(ส่วนตัว)
5008,089-961-1915
5009,089-963-3243
5010,089-974-2908
5011,089-974-2908(เบอร์ส่วนตัว)
5012,089-974-2908(เบอร์ส่วนตัว)
5013,089-977-4788
5014,089-978-6679(เบอร์ส่วนตัว)
5015,089-979-6251(เบอร์ส่วนตัว)
5016,089-983-6616(เบอร์ส่วนตัว)
5017,089-985 7457(เบอร์ส่วนตัว)
5018,089-985-7457(เบอร์ส่วนตัว)
5019,089-985-9296(เบอร์ส่วนตัว)
5020,089-987-1699(เบอร์ส่วนตัว)
5021,089-987-1699(เบอร์ส่วนตัว)
5022,089-987-1699(ส่วนตัว)
5023,089-988-3909(เบอร์ส่วนตัว)
5024,089-989-4792
5025,089-990-0998(เบอร์ส่วนตัว)
5026,089-990-8922(เบอร์ส่วนตัว)
5027,089-990-8922
5028,089-992-1166(เบอร์ส่วนตัว)
5029,089-992-7562
5030,089-992-7562(เบอร์ส่วนตัว)
5031,089-992-7775(เบอร์ส่วนตัว)
5032,089-996-0062(เบอร์ส่วนตัว)
5033,089-999-8183(เบอร์ส่วนตัว)
5034,090- 254-9930
5035,090-004-7897
5036,090-056-9354
5037,090-087-2643
5038,090-090-1834(เบอร์ส่วนตัว)
5039,090-098-2844
5040,090-110-5147(IT)
5041,090-111-2374
5042,090-138-7675
5043,090-138-7675(เบอร์ส่วนตัว)
5044,090-153-4048
5045,090-153-4048(เบอร์ส่วนตัว)
5046,090-156-5630(เบอร์ส่วนตัว)
5047,090-164-1468
5048,090-164-1468(เบอร์ส่วนตัว)
5049,"090-183-1115 "
5050,090-183-1115(เบอร์ส่วนตัว)
5051,090-183-1115(ห(เบอร์ส่วนตัว)
5052,090-183-1115
5053,090-186-7220(เบอร์ส่วนตัว)
5054,090-198-2042(เบอร์ส่วนตัว)
5055,090-198-9135
5056,090-209-0602(เบอร์ส่วนตัว)
5057,090-213-3423(เบอร์ส่วนตัว)
5058,"090-216-5103(เบอร์ส่วนตัว) "
5059,090-217-8137(เบอร์ส่วนตัว)
5060,090-225-4292(เบอร์ส่วนตัว)
5061,090-230-7618(เบอร์ส่วนตัว)
5062,090-235-1445(เบอร์ส่วนตัว)
5063,090-237-9731(เบอร์ส่วนตัว)
5064,090-238-9495(เบอร์ส่วนตัว)
5065,"090-239-3536(เบอร์ส่วนตัว) "
5066,090-240-1050(เบอร์ส่วนตัว)
5067,090-240-8628
5068,090-247-6064
5069,090-247-6064(เบอร์ส่วนตัว)
5070,090-249-1234
5071,090-250-9844 (เบอร์ส่วนตัว)
5072,090-250-9844(เบอร์ส่วนตัว)
5073,090-252-1522(เบอร์ส่วนตัว)
5074,090-254-1792
5075,090-254-1792(เบอร์ส่วนตัว)
5076,090-254-1792(เบอร์ส่วนตัว)
5077,090-254-1792(เบอร์ส่วนตัว)สะดวกเบอร์นี้))
5078,090-254-9930
5079,090-254-9930 (เบอร์ส่วนตัว)
5080,090-256-0209
5081,090-256-4914(เบอร์ส่วนตัว)
5082,090-258-7573เบอร์ส่วนตัว)
5083,090-262-6066(เบอร์ส่วนตัว)
5084,090-263-6704
5085,090-263-6704(เบอร์ส่วนตัว)
5086,090-263-6704(เบอร์ส่วนตัว)
5087,090-269-9565(เบอร์ส่วนตัว)
5088,090-269-9565
5089,090-275-6979(เบอร์ส่วนตัว)
5090,090-280-4661(เบอร์ส่วนตัว)
5091,090-280-5694
5092,090-285-5082(เบอร์ส่วนตัว)
5093,090-289-8963
5094,090-289-8963(เบอร์ส่วนตัว)
5095,090-289-8963(เบอร์ส่วนตัว)
5096,090-290-0127(เบอร์ส่วนตัว)
5097,090-295-0528
5098,090-297-8427(เบอร์ส่วนตัว)
5099,090-309-4289(เบอร์ส่วนตัว)
5100,090-316-9139
5101,"090-318-8189(เบอร์ส่วนตัว) "
5102,090-319-8391(เบอร์ส่วนตัว)
5103,090-330-0796(เบอร์ส่วนตัว)
5104,090-336-6365
5105,090-336-6365(เบอร์ส่วนตัว)
5106,090-338-5582
5107,090-338-5582 คุณรัตน์ติกร (เอฟ พร็อพเพอร์ตี้)
5108,090-338-5582(เบอร์ส่วนตัว)
5109,090-401-2616(สะดวกเบอร์นี้้)
5110,090-419-2782(เบอร์ส่วนตัว)
5111,090-420-1119(เบอร์ส่วนตัว)
5112,090-427-4538
5113,090-441-1147(เบอร์ส่วนตัว)
5114,090-441-7041
5115,090-444-0996(เบอร์ส่วนตัว)
5116,090-446-5600(เบอร์ส่วนตัว)
5117,090-485-9097(เบอร์ส่วนตัว)
5118,090-509-2444(เบอร์ส่วนตัว)
5119,090-519-7885
5120,090-519-7885(เบอร์ส่วนตัว)
5121,090-519-7885(เบอร์ส่วนตัว)
5122,090-520-7709(เบอร์ส่วนตัว)
5123,090-523-1714(เบอร์ส่วนตัว)(สะดวกเบอร์นี้)
5124,090-523-4511(เบอร์ส่วนตัว)
5125,090-549-6138(เบอร์ส่วนตัว)
5126,090-552-4242
5127,090-552-4242(เบอร์ส่วนตัว)
5128,090-552-4242(เบอร์ส่วนตัว)
5129,090-552-4242(ส่วนตัว)
5130,090-556-6593(เบอร์ส่วนตัว)
5131,090-562-2684(เบอร์ส่วนตัว)
5132,090-578-3480(เบอร์ส่วนตัว)
5133,090-585-1504(เบอร์ส่วนตัว)
5134,090-585-5699
5135,090-616-8718(เบอร์ส่วนตัว)
5136,090-648-1659
5137,"090-655-4515 "
5138,090-656-6476(เบอร์ส่วนตัว)
5139,090-658-8178(เบอร์ส่วนตัว)(สะดวกเบอร์นี้)
5140,090-661-8264
5141,090-664-5395
5142,090-678-6182
5143,090-678-6182 (เบอร์ส่วนตัว)
5144,090-678-6182 (เบอร์ส่วนตัว)
5145,090-678-6182 (เบอร์ส่วนตัว)
5146,090-678-6182 (เบอร์ส่วนตัว)094-618-0553(เบอร์ส่วนตัว)
5147,090-678-6182(เบอร์ส่วนตัว)
5148,090-678-7023
5149,090-688-8979(เบอร์ส่วนตัว)
5150,090-704-8886
5151,090-704-8886(เบอร์ส่วนตัว)
5152,090-704-8886(เบอร์ส่วนตัว)
5153,090-724-2269
5154,090-724-2269(เบอร์ส่วนตัว)
5155,090-724-2269(เบอร์ส่วนตัว)
5156,090-724-9761(เบอร์ส่วนตัว)
5157,090-736-7673
5158,090-738-1414(เบอร์ส่วนตัว)
5159,090-7385562
5160,090-738-5562
5161,090-745-8884
5162,090-745-8884(เบอร์ส่วนตัว)
5163,090-745-8884(คุณจิราภรณ์)
5164,090-745-8884(ส่วนตัว)
5165,090-745-8884
5166,090-768-3881(เบอร์ส่วนตัว)
5167,090-777-1658(เบอร์ส่วนตัว)
5168,090-806-4159
5169,090-880-4800
5170,090-884-3912(เบอร์ส่วนตัว)
5171,090-884-3912(เบอร์ส่วนตัว)
5172,090-887-4635
5173,090-889-1444
5174,090-889-1444(เบอร์ส่วนตัว)
5175,090-889-1444(เบอร์ส่วนตัว)คุณป้อม
5176,090-891-1067(เบอร์ส่วนตัว)
5177,090-894-3682(เบอร์ส่วนตัว)
5178,090-894-8892(เบอร์ส่วนตัว)
5179,090-898-3753
5180,090-909-1428(เบอร์ส่วนตัว)
5181,090-909-9116
5182,090-910-2221(เบอร์ส่วนตัว
5183,090-910-2221(เบอร์ส่วนตัว)
5184,090-915-2761(เบอร์ส่วนตัว)
5185,090-915-2761(เบอร์ส่วนตัว)สะดวกเบอร์นี้
5186,090-9157528
5187,090-916-2058(เบอร์ส่วนตัว)
5188,090-9184452
5189,090-918-4452
5190,090-918-4452
5191,090-921-3007(เบอร์ส่วนตัว)
5192,090-921-4242
5193,090-921-6640(เบอร์ส่วนตัว)
5194,090-924-8810
5195,090-925-7692(เบอร์ส่วนตัว)
5196,090-937-7991
5197,090-937-7991(เบอร์ส่วนตัว)
5198,090-940-0156
5199,090-945-0900
5200,090-945-4379(เบอร์ส่วนตัว)
5201,090-949-1359(เบอร์ส่วนตัว)
5202,090-949-1359(เบอร์ส่วนตัว)
5203,090-950-3116(เบอร์ส่วนตัว)
5204,090-952-5367(เบอร์ส่วนตัว)
5205,090-953-1555(เบอร์ส่วนตัว)
5206,090-957-7121(เบอร์ส่วนตัว)
5207,090-960-1941
5208,090-963-7555(เบอร์ส่วนตัว)
5209,090-964-7111
5210,090-969-8265(เบอร์ส่วนตัว)
5211,090-971-0801(เบอร์ส่วนตัว)
5212,090-973-2426
5213,090-973-4738
5214,090-973-8373
5215,090-973-8373(เบอร์ส่วนตัว)
5216,090-973-8373(เบอร์ส่วนตัว)
5217,090-974-5294(สะดวกเบอร์นี้)
5218,090-974-5294
5219,090-974-8213(เบอร์ส่วนตัว)
5220,090-974-9474(เบอร์ส่วนตัว)
5221,090-975-5866(เบอร์ส่วนตัว)
5222,090-975-6449
5223,090-975-6449(เบอร์ส่วนตัว)
5224,090-975-6449(เบอร์ส่วนตัว)
5225,090-978-2762(เบอร์ส่วนตัว)สะดวกเบอร์นี้))
5226,090-978-3088(เบอร์ส่วนตัว)
5227,090-979-7146(เบอร์ส่วนตัว)
5228,090-979-9377
5229,090-979-9377(เบอร์ส่วนตัว)
5230,090-979-9377(เบอร์ส่วนตัว)
5231,090-983-2251(เบอร์ส่วนตัว)
5232,090-983-5054
5233,"090-983-5574(เบอร์ส่วนตัว) คุณฮิม( IT) "
5234,090-983-6258
5235,090-983-6258(เบอร์ส่วนตัว)
5236,090-983-6258(เบอร์ส่วนตัว)
5237,090-983-6635(เบอร์ส่วนตัว)
5238,090-984-8084(เบอร์ส่วนตัว)
5239,090-985-9781
5240,090-986-2964
5241,"090-986-2964 "
5242,090-986-2964(เบอร์ส่วนตัว)
5243,090-986-2964(เบอร์ส่วนตัว)
5244,090-987-8644
5245,090-987-9177(เบอร์ส่วนตัว)
5246,090-987-9846
5247,090-987-9846
5248,090-989-0852
5249,090-989-0852 (เบอร์ส่วนตัว)
5250,090-989-0852(เบอร์ส่วนตัว)
5251,"090-989-0852(เบอร์ส่วนตัว) "
5252,090-989-0852(เบอร์ส่วนตัว)
5253,090-990-5617(เบอร์ส่วนตัว)
5254,090-991-5827(เบอร์ส่วนตัว)
5255,090-991-5827(เบอร์ส่วนตัว)
5256,090-992-0972(เบอร์ส่วนตัว)
5257,090-992-2181
5258,090-992-7252
5259,090-992-7614
5260,090-992-9325(เบอร์ส่วนตัว)
5261,090-993-0934(ส่วนตัว)
5262,090-994-7597(เบอร์ส่วนตัว)
5263,090-996-6171
5264,090-996-6171(เบอร์ส่วนตัว)
5265,090-996-6171(เบอร์ส่วนตัว)
5266,090-998-3859(เบอร์ส่วนตัว)
5267,091-003-3223
5268,091-003-3223(เบอร์ส่วนตัว)
5269,091-003-9108
5270,091-003-9108(เบอร์ส่วนตัว)
5271,091-004-2886
5272,091-005-3246(เบอร์ส่วนตัว)
5273,091-007-1030(เบอร์ส่วนตัว)
5274,091-007-3891
5275,091-009-2955
5276,091-009-2955(เบอร์ส่วนตัว)
5277,091-009-3152(เบอร์ส่วนตัว)
5278,091-009-6653
5279,091-010-7267
5280,091-010-7267 (เบอร์ส่วนตัว)
5281,091-010-7267(เบอร์ส่วนตัว)
5282,091-017-8181(เบอร์ส่วนตัว)
5283,091-018-0214(เบอร์ส่วนตัว)
5284,091-019-6576
5285,091-020-9089(เบอร์ส่วนตัว)
5286,091-020-90890992845239
5287,091-024-7553(เบอร์ส่วนตัว)
5288,091-028-6862(เบอร์ส่วนตัว)
5289,091-029-6415(เบอร์ส่วนตัว)
5290,091-029-8006
5291,091-029-8006(เบอร์ส่วนตัว)
5292,091-029-8006(คุณยุพา)
5293,091-030-6484(เบอร์ส่วนตัว)
5294,091-031-2889
5295,091-050-1351(เบอร์ส่วนตัว)
5296,091-050-2046
5297,091-056-9478(เบอร์ส่วนตัว)
5298,091-064-6122(เบอร์ส่วนตัว)
5299,091-069-1724(เบอร์ส่วนตัว)
5300,091-074-1537
5301,091-075-0778(เบอร์ส่วนตัว)
5302,091-075-7298(เบอร์ส่วนตัว)
5303,091-078-0657
5304,091-078-0657(เบอร์ส่วนตัว)
5305,091-081-0108
5306,091-081-0108(เบอร์ส่วนตัว)
5307,091-120-2729
5308,091-120-2730(บริษัท)
5309,091-120-5879
5310,091-120-5890(เบอร์ส่วนตัว)
5311,091-132-8088(เบอร์ส่วนตัว)
5312,091-155-5392(เบอร์ส่วนตัว)
5313,091-162-5837
5314,091-172-7812
5315,091-172-7812(เบอร์ส่วนตัว)
5316,091-173-7070(หน้างาน)
5317,091-173-7070
5318,091-176-4646(เบอร์ส่วนตัว)
5319,091-205-2018(เบอร์ส่วนตัว)
5320,091-206-9820
5321,091-212-2454
5322,091-229-0700
5323,091-247-7219
5324,091-247-7219(เบอร์ส่วนตัว)
5325,091-247-7219(เบอร์ส่วนตัว)สะดวกเบอร์นี้)
5326,091-255-4839(เบอร์ส่วนตัว)
5327,091-312-9468
5328,091-387-2787
5329,091-412-7802
5330,091-412-7802(เบอร์ส่วนตัว)
5331,091-412-7802(ส่วนตัว)
5332,091-426-2288(เบอร์ส่วนตัว)
5333,091-436-9379(เบอร์ส่วนตัว)
5334,091-445-6384(เบอร์ส่วนตัว)
5335,091-465-4445
5336,091-465-4445(เบอร์ส่วนตัว)
5337,091-465-4445(เบอร์ส่วนตัว)
5338,091-492-5105
5339,091-527-2891
5340,091-535-9688
5341,091-545-4389(เบอร์ส่วนตัว)
5342,091-551-1552(เบอร์ส่วนตัว)
5343,091-556-4654(เบอร์ส่วนตัว)
5344,091-599-2361(เบอร์ส่วนตัว)
5345,091-630-5435
5346,091-655-2988(เบอร์ส่วนตัว)
5347,091-661-6619(เบอร์ส่วนตัว)
5348,091-696-5398(เบอร์ส่วนตัว)
5349,091-697-2464
5350,091-697-2464(เบอร์ส่วนตัว)
5351,091-697-2464(เบอร์ส่วนตัว)
5352,091-697-5151
5353,091-698-1836(เบอร์ส่วนตัว)
5354,091-704-7734
5355,091-704-7734  083-028-3119 คุณแอ๊ว (บัญชีสำนักงานใหญ่ Prime Property)
5356,091-704-7734 095-309-3901
5357,091-705-7107
5358,091-705-7107(เบอร์ส่วนตัว)
5359,091-709-5882(เบอร์ส่วนตัว)
5360,091-709-9984
5361,091-713-4221
5362,091-713-6808
5363,091-714-2341(เบอร์ส่วนตัว)
5364,091-714-3242(เบอร์ส่วนตัว)
5365,"091-717-5491 "
5366,091-719-9154(เบอร์ส่วนตัว)
5367,091-720-4343(เบอร์ส่วนตัว)
5368,091-721-7044(เบอร์ส่วนตัว)
5369,091-723-9450
5370,091-723-9659 (เบอร์ส่วนตัว)
5371,091-723-9659(เบอร์ส่วนตัว)
5372,091-725-4661(เบอร์ส่วนตัว)
5373,091-726-9292
5374,091-726-9292(เบอร์ส่วนตัว)
5375,091-728-9594
5376,091-729-7904
5377,091-729-7904(เบอร์ส่วนตัว)
5378,091-732-8088(เบอร์ส่วนตัว)
5379,091-734-2207
5380,091-734-2207(เบอร์ส่วนตัว)
5381,091-735-4985(เบอร์ส่วนตัว)
5382,091-736-6155
5383,091-736-6155
5384,091-736-8926
5385,091-736-8926(เบอร์ส่วนตัว)
5386,091-736-8926(เบอร์ส่วนตัว)
5387,091-738-0788(เบอร์ส่วนตัว)
5388,091-739-7525(เบอร์ส่วนตัว)
5389,091-739-9271
5390,091-739-9684(เบอร์ส่วนตัว)
5391,091-740-3843(เบอร์ส่วนตัว)
5392,091-740-6328(เบอร์ส่วนตัว)
5393,091-741-6378
5394,091-742-5637(เบอร์ส่วนตัว)
5395,091-745-8205
5396,091-746-7303
5397,091-748-9754
5398,091-748-9754 (เบอร์ส่วนตัว)
5399,091-748-9754(เบอร์ส่วนตัว)
5400,091-749-8486(เบอร์ส่วนตัว)
5401,091-751-2419
5402,091-751-2419(เบอร์ส่วนตัว)
5403,091-754-5901(เบอร์ส่วนตัว)
5404,091-754-6641
5405,091-757-1056(เบอร์ส่วนตัว)
5406,091-763-8424
5407,091-764-9394(เบอร์ส่วนตัว)
5408,091-765-3959(เบอร์ส่วนตัว)
5409,091-767-9672
5410,091-770-4049
5411,091-770-4049(เบอร์ส่วนตัว)
5412,091-770-4049(เบอร์ส่วนตัว)
5413,091-771-0171(เบอร์ส่วนตัว)
5414,091-772-7571
5415,091-772-7572
5416,091-773-9192(เบอร์ส่วนตัว)
5417,091-773-9640(เบอร์ส่วนตัว)
5418,091-775-2179(เบอร์ส่วนตัว)
5419,091-775-4552
5420,091-775-4552(เบอร์ส่วนตัว)
5421,091-780-1590(เบอร์ส่วนตัว)
5422,091-780-3696(เบอร์ส่วนตัว)
5423,091-780-5610(เบอร์ส่วนตัว)
5424,091-781-3111
5425,091-783-0355(เบอร์ส่วนตัว)
5426,091-784-4027
5427,091-784-7779
5428,091-790-4144
5429,091-790-4144(เบอร์ส่วนตัว)
5430,091-791-5273(เบอร์ส่วนตัว)
5431,091-792-3229(เบอร์ส่วนตัว)
5432,091-792-3600
5433,091-792-3600(เบอร์ส่วนตัว)
5434,091-792-4492
5435,091-792-4774(เบอร์ส่วนตัว)
5436,091-793-2045(เบอร์ส่วนตัว)
5437,091-794-5963(เบอร์ส่วนตัว)
5438,091-795 7349
5439,091-795-7349
5440,091-795-7349(เบอร์ส่วนตัว)
5441,091-801-2882(เบอร์ส่วนตัว)
5442,091-801-4832(เบอร์ส่วนตัว)
5443,091-805-0760(เบอร์ส่วนตัว)
5444,091-805-2555(เบอร์ส่วนตัว)
5445,091-807-5278(เบอร์ส่วนตัว)
5446,091-808-4610
5447,091-808-6814(เบอร์ส่วนตัว)
5448,091-808-6844(เบอร์ส่วนตัว)
5449,091-815-6291(เบอร์ส่วนตัว)
5450,091-815-8464(เบอร์ส่วนตัว)
5451,091-817-2627(เบอร์ส่วนตัว)
5452,091-817-3759
5453,091-817-3759(เบอร์ส่วนตัว)
5454,091-817-3759(เบอร์ส่วนตัว)
5455,091-817-3759
5456,091-817-9814
5457,091-817-9814(เบอร์ส่วนตัว)
5458,091-818-3465(เบอร์ส่วนตัว)
5459,091-818-3469(เบอร์ส่วนตัว)
5460,091-818-3469(เบอร์ส่วนตัว)
5461,091-819-1880
5462,091-819-8010
5463,091-819-8010(เบอร์ส่วนตัว)
5464,091-824-9316(เบอร์ส่วนตัว)
5465,091-826-0499
5466,091-826-3509(เบอร์ส่วนตัว)
5467,091-827-3123(เบอร์ส่วนตัว)
5468,091-828-8236
5469,091-829-1766(เบอร์ส่วนตัว)
5470,091-837-5781
5471,091-843-0435(เบอร์ส่วนตัว)
5472,091-843-5328(เบอร์ส่วนตัว)
5473,091-848-0486(เบอร์ส่วนตัว)
5474,091-848-6906(เบอร์ส่วนตัว)
5475,091-848-6906(เบอร์ส่วนตัว)คุณหนุ่ย
5476,091-849-9365
5477,091-850-2882(เบอร์ส่วนตัว)
5478,091-850-9049
5479,091-851-6209
5480,091-851-6209(เบอร์ส่วนตัว)
5481,091-851-6209(เบอร์ส่วนตัว)
5482,091-852-4645(เบอร์ส่วนตัว)
5483,091-862-8682
5484,091-862-8682(เบอร์ส่วนตัว)
5485,091-863-1675
5486,091-863-1675(เบอร์ส่วนตัว)
5487,091-864-9299
5488,091-864-9299(เบอร์ส่วนตัว)
5489,091-871-5822
5490,091-872-7778 (เบอร์ส่วนตัว)
5491,091-872-7778  091-749-8486(เบอร์ส่วนตัว)
5492,091-873-8739
5493,091-873-9106
5494,091-873-9106(เบอร์ส่วนตัว)
5495,091-874-3998(เบอร์ส่วนตัว)
5496,091-878-0956(เบอร์ส่วนตัว)
5497,091-879-3096
5498,091-881-1860(เบอร์ส่วนตัว)
5499,091-881-9814
5500,091-882-0062(เบอร์ส่วนตัว)
5501,091-882-8303
5502,091-883-8494(เบอร์ส่วนตัว)
5503,091-884-3650
5504,091-884-4685(เบอร์ส่วนตัว)
5505,091-884-9069
5506,091-885-3237
5507,091-885-3237(เบอร์ส่วนตัว)
5508,091-886-2396(เบอร์ส่วนตัว)
5509,091-887-1846
5510,091-887-1846  087-031-4186
5511,091-887-1846(เบอร์ส่วนตัว)
5512,"091-887-3555 "
5513,091-887-3555(เบอร์ส่วนตัว)
5514,091-887-5306(เบอร์ส่วนตัว)
5515,091-887-5306(เบอร์ส่วนตัว)
5516,091-887-5306
5517,091-887-8331(เบอร์ส่วนตัว)
5518,091-887-8331(เบอร์ส่วนตัว)คุณน้ำทิพย์   066-074-3612  095-913-5265 คุณเอ๋(ผจก.)
5519,091-890-1259(เบอร์ส่วนตัว)
5520,091-915-6099(เบอร์ส่วนตัว)
5521,091-949-9822(เบอร์ส่วนตัว)
5522,091-964-5565(เบอร์ส่วนตัว)
5523,091-965-2959(เบอร์ส่วนตัว)
5524,091-995-9878(เบอร์ส่วนตัว)
5525,091-996-4141(เบอร์ส่วนตัว)
5526,091-996-4141(เบอร์ส่วนตัว)  086-805-3896(เบอร์ส่วนตัว)
5527,091-996-4141(เบอร์ส่วนตัว)
5528,092-049-3375(เบอร์ส่วนตัว)
5529,092-050-7675
5530,092-059-3422
5531,092-059-3422(เบอร์ส่วนตัว)
5532,092-063-3440(เบอร์ส่วนตัว)
5533,092-070-0154(เบอร์ส่วนตัว)
5534,092-081-3972(เบอร์ส่วนตัว)
5535,092-081-5919
5536,092-096-7993 (เบอร์ส่วนตัว)
5537,092-126-4803(เบอร์ส่วนตัว)
5538,092-157-9339
5539,092-159-9496
5540,092-180-4801(เบอร์ส่วนตัว)
5541,092-182-8822
5542,092-182-8822(เบอร์ส่วนตัว)
5543,092-224-2221(เบอร์ส่วนตัว)
5544,092-224-4580
5545,092-225-2460(เบอร์ส่วนตัว)
5546,092-225-8323(เบอร์ส่วนตัว)
5547,092-239-8223(เบอร์ส่วนตัว)
5548,092-241-4078(เบอร์ส่วนตัว)
5549,092-241-5416(เบอร์ส่วนตัว)
5550,092-241-9122(เบอร์ส่วนตัว)
5551,092-246-3811(เบอร์ส่วนตัว)
5552,092-248-9739(เบอร์ส่วนตัว)
5553,092-250-3878
5554,092-250-5489(เบอร์ส่วนตัว)
5555,092-250-7675
5556,092-251-0901(เบอร์ส่วนตัว)
5557,092-252-0434
5558,092-252-0434(เบอร์ส่วนตัว)
5559,092-253-5230(เบอร์ส่วนตัว)
5560,092-253-5998(เบอร์ส่วนตัว)
5561,092-254-5686(เบอร์ส่วนตัว)
5562,092-255-2422(เบอร์ส่วนตัว)
5563,092-2571424(เบอร์ส่วนตัว)
5564,092-257-1424(เบอร์ส่วนตัว)
5565,092-258-6884
5566,092-259-2073
5567,092-259-2073(เบอร์ส่วนตัว)
5568,092-260-8805
5569,092-260-8805(เบอร์ส่วนตัว)
5570,092-260-8805(เบอร์ส่วนตัว)
5571,092-261-8715
5572,092-262-0257(เบอร์ส่วนตัว)
5573,092-262-4726(เบอร์ส่วนตัว)
5574,092-262-7039(เบอร์ส่วนตัว)
5575,092-262-8955(เบอร์ส่วนตัว)
5576,092-263-5462(เบอร์ส่วนตัว)
5577,092-264-6393(เบอร์ส่วนตัว)
5578,092-265-5479(เบอร์ส่วนตัว)
5579,092-267-3415
5580,092-267-5200
5581,092-268-9225(เบอร์ส่วนตัว)
5582,092-269-3323
5583,092-269-3323(เบอร์ส่วนตัว)
5584,092-269-3323(เบอร์ส่วนตัว)
5585,092-269-6595(เบอร์ส่วนตัว)(สะดวกเบอร์นี้))
5586,092-269-6595(เบอร์ส่วนตัว)
5587,092-270-7893(เบอร์ส่วนตัว)
5588,092-270-7893(เบอร์ส่วนตัว)คุณรณชัย(PMC)   065-428-8623(เบอร์ส่วนตัว)ผู้จัดการหมู่บ้านฯ
5589,092-271-2313(เบอร์ส่วนตัว)
5590,092-271-2402(เบอร์ส่วนตัว)
5591,092-271-7335(เบอร์ส่วนตัว)
5592,092-271-7335เบอร์ส่วนตัว)
5593,092-273-4198(เบอร์ส่วนตัว)
5594,092-273-8671(เบอร์ส่วนตัว)
5595,092-276-0223
5596,092-276-0223(เบอร์ส่วนตัว)
5597,092-276-3137(เบอร์ส่วนตัว)
5598,092-279-3921(เบอร์ส่วงนตัว)
5599,092-279-3921(เบอร์ส่วนตัว)
5600,092-279-5319
5601,092-282-1259
5602,092-282-8382(เบอร์ส่วนตัว)
5603,092-283-0878
5604,092-283-0878(เบอร์ส่วนตัว)
5605,092-283-1437(เบอร์ส่วนตัว)
5606,092-283-9686(เบอร์ส่วนตัว)
5607,092-284-8228(เบอร์ส่วนตัว)
5608,092-292-3739(เบอร์ส่วนตัว)
5609,092-293-6362(เบอร์ส่วนตัว)
5610,092-293-9850(เบอร์ส่วนตัว)
5611,092-296-4945(เบอร์ส่วนตัว)
5612,092-296-6428(เบอร์ส่วนตัว)
5613,092-296-6428(เบอร์ส่วนตัว)
5614,092-297-0376(เบอร์ส่วนตัว)
5615,092-299-6396(เบอร์ส่วนตัว)
5616,092-313-7931
5617,092-313-9761(เบอร์ส่วนตัว)
5618,092-314-9577
5619,092-324-4529(เบอร์ส่วนตัว)
5620,092-328-5854
5621,092-332-8551(เบอร์ส่วนตัว)
5622,092-335-9365
5623,092-335-9365(เบอร์ส่วนตัว)
5624,092-335-9365(สะดวกเบอร์นี้)
5625,092-335-9365
5626,092-335-9879(เบอร์ส่วนตัว)
5627,092-336-8617(เบอร์ส่วนตัว)
5628,092-337-9222(เบอร์ส่วนตัว)
5629,092-341-3443 (เบอร์ส่วนตัว)
5630,092-341-3443 (คุณอิศริยะ (เสมียน คนใหม่)
5631,092-341-3443 (คุณอิศริยะ (เสมียน คนใหม่)
5632,092-341-3443(เบอร์ส่วนตัว)
5633,092-352-8544(เบอร์ส่วนตัว)
5634,092-352-8544(เบอร์ส่วนตัว)
5635,092-356-1935
5636,092-356-1935(เบอร์ส่วนตัว)
5637,092-356-1935(เบอร์ส่วนตัว)
5638,092-357-3399(เบอร์ส่วนตัว)
5639,092-357-4608(เบอร์ส่วนตัว)
5640,092-357-5404
5641,092-357-5404(เบอร์ส่วนตัว)
5642,092-357-7845(เบอร์ส่วนตัว)
5643,092-361-5847(เบอร์ส่วนตัว)
5644,092-363-0354(เบอร์ส่วนตัว)
5645,092-365-1010(เบอร์ส่วนตัว)
5646,092-368-8839(เบอร์ส่วนตัว)
5647,092-375-0786(เบอร์ส่วนตัว)
5648,092-381-1044(เบอร์ส่วนตัว)
5649,"092-392-3247 "
5650,092-392-3247
5651,092-392-6437(เบอร์ส่วนตัว)
5652,092-392-6497(เบอร์ส่วนตัว)
5653,092-392-6497(เบอร์ส่วนตัว)
5654,092-393-6229(เบอร์ส่วนตัว)
5655,092-397-2024 (บัญชี)
5656,"092-397-2024 "
5657,092-397-2024(เบอร์ส่วนตัว)
5658,092-397-2024
5659,092-399-5661(เบอร์ส่วนตัว)
5660,092-402-2821(เบอร์ส่วนตัว)
5661,092-406-3232
5662,092-406-3232(เบอร์ส่วนตัว)
5663,092-408-6949(เบอร์ส่วนตัว)
5664,092-415-9436(เบอร์ส่วนตัว)
5665,092-415-9436(ส่วนตัว)
5666,092-415-9928
5667,092-416-0833(เบอร์ส่วนตัว)
5668,092-419-3694
5669,092-419-3694(เบอร์ส่วนตัว)
5670,092-420-7822(เบอร์ส่วนตัว)
5671,092-426-4426(เบอร์ส่วนตัว)
5672,092-427-0111(เบอร์ส่วนตัว)
5673,092-429-8569(เบอร์ส่วนตัว)
5674,092-432-5593(เบอร์ส่วนตัว)
5675,092-432-7333(เบอร์ส่วนตัว)
5676,092-434-0737
5677,092-4356570
5678,092-440-7556
5679,092-440-7556(ส่วนตัว)
5680,092-443-5232
5681,092-443-5232(เบอร์ส่วนตัว)
5682,092-443-5416(เบอร์ส่วนตัว)
5683,092-446-7227(เบอร์ส่วนตัว)
5684,092-447-9789
5685,"092-447-9789(เบอร์ส่วนตัว) "
5686,092-447-9789(เบอร์ส่วนตัว)
5687,092-450-2156(เบอร์ส่วนตัว)
5688,092-451-6247(เบอร์ส่วนตัว)
5689,092-456-9478(เบอร์ส่วนตัว)
5690,092-459-9334(เบอร์ส่วนตัว)
5691,092-459-9334(เบอร์ส่วนตัว)
5692,092-459-9628(เบอร์ส่วนตัว)
5693,092-461-0985(เบอร์ส่วนตัว)
5694,092-461-1020
5695,092-461-1020(เบอร์ส่วนตัว)
5696,092-461-1020(เบอร์ส่วนตัว)
5697,092-462-3418(เบอร์ส่วนตัว)
5698,092-463-9451(เบอร์ส่วนตัว)
5699,092-466-2690(เบอร์ส่วนตัว)
5700,092-471-9494(เบอร์ส่วนตัว)
5701,092-471-9494(เบอร์ส่วนตัว)(สะดวกเบอร์นี้)
5702,092-474-5664(เบอร์ส่วนตัว)
5703,092-474-8831
5704,092-474-8831(เบอร์ส่วนตัว)
5705,092-475-5886(เบอร์ส่วนตัว)
5706,092-4756011(เบอร์ส่วนตัว)
5707,092-475-6011
5708,092-481-4281(เบอร์ส่วนตัว)
5709,092-484-6412
5710,092-484-6412
5711,092-486-9962
5712,092-492-1188(เบอร์ส่วนตัว)
5713,092-494-1949(เบอร์ส่วนตัว)
5714,092-494-1949(เบอร์ส่วนตัว)
5715,092-504-7111(เบอร์ส่วนตัว)
5716,092-504-9497(เบอร์ส่วนตัว)
5717,092-509-1659
5718,092-509-2178
5719,092-509-2178(เบอร์ส่วนตัว)
5720,092-509-2178(เบอร์ส่วนตัว)
5721,092-509-2178(เบอร์ส่วนตัว)
5722,092-509-2178(ส่วนตัว)
5723,092-509-3091
5724,092-509-3091(เบอร์ส่วนตัว)
5725,092-510-5665 (เบอร์ส่วนตัว)
5726,092-510-5665 (สะดวกเบอร์ส่วนตัว)
5727,092-510-5665(เบอร์ส่วนตัว)
5728,092-512-5987
5729,092-512-5987(เบอร์ส่วนตัว)
5730,092-512-7472(เบอร์ส่วนตัว)
5731,092-512-7472(เบอร์ส่วนตัว)คุณเอ๋
5732,092-514-5146
5733,092-514-5146(เบอร์ส่วนตัว)
5734,092-524-2425
5735,092-525-5422(เบอร์ส่วนตัว)
5736,092-528-8949
5737,092-529-0052(เบอร์ส่วนตัว)
5738,092-529-2825(เบอร์ส่วนตัว)
5739,092-529-8625 (เบอร์ส่วนตัว)
5740,092-529-8625(เบอร์ส่วนตัว)
5741,092-535-3028(เบอร์ส่วนตัว)
5742,092-538-0593
5743,092-538-0593 (เบอร์ส่วนตัว ไม่มีเบอร์นิติฯ)
5744,092-538-0593 (เบอร์ส่วนตัว ไม่มีเบอร์นิติฯ)
5745,092-543-4301
5746,092-553-3990(เบอร์ส่วนตัว)
5747,092-555-9247(เบอร์ส่วนตัว)
5748,092-557-8046(เบอร์ส่วนตัว)
5749,092-559-5208
5750,092-561-6466(เบอร์ส่วนตัว)
5751,092-564-6592(เบอร์ส่วนตัว)
5752,092-564-6592
5753,092-567-5880(เบอร์ส่วนตัว)
5754,092-569-9842(เบอร์ส่วนตัว)
5755,092-584-8003
5756,092-589-4439(เบอร์ส่วนตัว)
5757,092-593-1302(เบอร์ส่วนตัว)
5758,092-596-8978(เบอร์ส่วนตัว)
5759,092-598-3258(เบอร์ส่วนตัว)
5760,092-599-9264(เบอร์ส่วนตัว)
5761,"092-602-7432 "
5762,092-610-3925(เบอร์ส่วนตัว)
5763,092-610-3925(เบอร์ส่วนตัว)คุณหนิง
5764,092-616-2223
5765,092-616-4654(เบอร์ส่วนตัว)
5766,092-626-4655
5767,092-627-5996
5768,092-642-2643
5769,092-642-2643 (เบอร์ส่วนตัว)
5770,092-645-8167(เบอร์ส่วนตัว)
5771,092-649-7989
5772,092-654-1979(เบอร์ส่วนตัว)
5773,092-654-1979(เบอร์ส่วนตัว)คุณเหมี๋ยว
5774,092-654-1979(เบอร์ส่วนตัว)คุณเหมี๋ยว095-054-2498(เบอร์ส่วนตัว)คุณปุ๊
5775,092-659-1888
5776,092-660-2711
5777,092-663-6459
5778,092-667-5159(เบอร์ส่วนตัว)
5779,092-668-8164(เบอร์ส่วนตัว)
5780,092-669-5591
5781,092-670-3899(เบอร์ส่วนตัว)
5782,092-674-8515(เบอร์ส่วนตัว)
5783,092-674-8515
5784,092-679-2523(เบอร์ส่วนตัว)
5785,092-680-2879(เบอร์ส่วนตัว)
5786,092-681-1134(เบอร์ส่วนตัว)
5787,092-684-2217(เบอร์ส่วนตัว)
5788,092-685-4969(เบอร์ส่วนตัว)
5789,092-687-2425(เบอร์ส่วนตัว)
5790,092-687-2425(โรงเรียน)
5791,092-690-3940
5792,092-692-8832(เบอร์ส่วนตัว)
5793,092-693-9344
5794,092-693-9344(เบอร์ส่วนตัว)
5795,092-693-9388
5796,092-693-9388(เบอร์ส่วนตัว)
5797,092-693-9388(เบอร์ส่วนตัว)
5798,092-694-4495
5799,092-695-4687(เบอร์ส่วนตัว)
5800,092-696-1517(เบอร์ส่วนตัว)
5801,092-696-8997(เบอร์ส่วนตัว)
5802,092-696-9516
5803,092-699-6938(เบอร์ส่วนตัว)
5804,092-701-2112
5805,092-701-2112(เบอร์ส่วนตัว)
5806,092-701-6464
5807,092-705-0109
5808,092-705-1761
5809,092-7067180
5810,092-707-7794 (เบอร์ส่วนตัว)
5811,092-707-7794(เบอร์ส่วนตัว)
5812,092-710-8464(เบอร์ส่วนตัว)
5813,092-712-8998(เบอร์ส่วนตัว)
5814,092-720-3322
5815,092-724-6655
5816,092-724-6655(เบอร์ส่วนตัว)
5817,092-724-6655(เบอร์ส่วนตัว)
5818,092-727-3873(เบอร์ส่วนตัว)
5819,092-729-7855(เบอร์ส่วนตัว)
5820,092-735-3443(เบอร์ส่วนตัว)
5821,092-758-7122(เบอร์ส่วนตัว)
5822,092-761-1008(เบอร์ส่วนตัว)
5823,092-761-1208(เบอร์ส่วนตัว)
5824,092-761-1208(เบอร์ส่วนตัว)
5825,092-761-6330(เบอร์ส่วนตัว)
5826,092-770-7500(เบอร์ส่วนตัว)
5827,092-770-7676(เบอร์ส่วนตัว)
5828,092-779-8205(เบอร์ส่วนตัว)
5829,092-779-8666(เบอร์ส่วนตัว)
5830,092-782-1829(เบอร์ส่วนตัว)
5831,092-782-7133(เบอร์ส่วนตัว)
5832,092-789-2423
5833,092-789-2423(เบอร์ส่วนตัว)
5834,"092-790-0637 "
5835,092-790-0637(เบอร์ส่วนตัว)
5836,092-791-4635
5837,092-791-4635(เบอร์ส่วนตัว)
5838,092-7914635(เบอร์ส่วนตัว)คุณแอ๋ว  092-599-9264(เบอร์ส่วนตัว)คุณธีรัฐ(บอย)
5839,092-793-2557(เบอร์ส่วนตัว)
5840,092-793-9996(เบอร์ส่วนตัว)
5841,092-797-1750(เบอร์ส่วนตัว)
5842,092-798-3386(เบอร์ส่วนตัว)
5843,092-798-3386(เบอร์ส่วนตัว)
5844,092-801-6874
5845,092-801-6874(เบอร์ส่วนตัว)(สะดวกเบอร์นี้)
5846,092-801-6874(เบอร์ส่วนตัว)คุณเอ085-230-0994(เบอร์ส่วนตัว)คุณนิ
5847,092-806-7975(เบอร์ส่วนตัว)
5848,092-809-4195
5849,092-809-4195(เบอร์ส่วนตัว)
5850,092-815-6669(เบอร์ส่วนตัว)
5851,092-820-3260(เบอร์ส่วนตัว)
5852,092-828-6054(เบอร์ส่วนตัว)
5853,092-830-6340(เบอร์ส่วนตัว)
5854,092-834-1379
5855,092-834-1379(เบอร์ส่วนตัว)
5856,092-838-3459(เบอร์ส่วนตัว)
5857,092-840-4211(เบอร์ส่วนตัว)
5858,092-841-4010
5859,092-841-7033 (เบอร์ส่วนตัว)
5860,092-845-8265(เบอร์ส่วนตัว)
5861,092-848-9616(เบอร์ส่วนตัว)
5862,092-856-3005(เบอร์ส่วนตัว)
5863,092-858-3633
5864,092-875-0582(เบอร์ส่วนตัว)
5865,092-880-3905(เบอร์ส่วนตัว)
5866,092-882-7318
5867,092-882-7319
5868,092-885-4224
5869,092-886-2982(เบอร์ส่วนตัว)
5870,092-886-3770(เบอร์ส่วนตัว)
5871,092-886-4462(เบอร์ส่วนตัว)
5872,092-887-9152(เบอร์ส่วนตัว)
5873,092-889-1658(เบอร์ส่วนตัว)คุณดาว   083-178-1835(เบอร์ส่วนตัว)คุณก้องภพ
5874,092-889-5115
5875,092-894-2566
5876,092-906-6087(เบอร์ส่วนตัว)
5877,092-915-1786(เบอร์ส่วนตัว)
5878,092-916-1428(เบอร์ส่วนตัว)
5879,092-916-6692
5880,092-916-6692(เบอร์ส่วนตัว)
5881,092-916-8965(เบอร์ส่วนตัว)
5882,092-916-8965(เบอร์ส่วนตัว)
5883,092-919-4110
5884,092-919-8796(เบอร์ส่วนตัว)
5885,092-921-4025(เบอร์ส่วนตัว)
5886,092-923-0205(เบอร์ส่วนตัว)
5887,092-926-7651(เบอร์ส่วนตัว)
5888,092-929-0363
5889,092-929-0363(เบอร์ส่วนตัว)
5890,092-929-0363(เบอร์ส่วนตัว)
5891,092-931-2433(เบอร์ส่วนตัว)
5892,092-935-1855(เบอร์ส่วนตัว)
5893,092-936-4915(เบอร์ส่วนตัว)
5894,092-937-0723(เบอร์ส่วนตัว)
5895,092-939-0031เบอรร์ส่วนตัว
5896,092-939-8847
5897,092-939-8847(เบอร์ส่วนตัว)
5898,092-939-8847(เบอร์ส่วนตัว)
5899,092-939-8847(เบอร์ส่วนตัว)
5900,092-939-9850(เบอร์ส่วนตัว)
5901,092-946-6330(เบอร์ส่วนตัว)
5902,092-946-6330(เบอร์ส่วนตัว)
5903,092-949-2536
5904,092-949-2536(เบอร์ส่วนตัว)
5905,092-952-6890(เบอร์ส่วนตัว)
5906,092-956-5831
5907,092-956-8502(เบอร์ส่วนตัว)(สะดวกเบอร์นี้)
5908,092-973-0723(เบอร์ส่วนตัว)
5909,092-981-8335 (เบอร์ส่วนตัว)
5910,092-982-9790
5911,092-985-9085(เบอร์ส่วนตัว)
5912,092-985-9085(เบอร์ส่วนตัว)
5913,092-989-8555
5914,092-991-1446
5915,092-993-3426(เบอร์ส่วนตัว)(สะดวกเบอร์นี้)
5916,092-993-5091(เบอร์ส่วนตัว)
5917,092-998-4978 (เบอร์ส่วนตัว)
5918,092-998-4978 (เบอร์ส่วนตัว)
5919,092-998-4978(เบอร์ส่วนตัว)
5920,092-998-4978(เบอร์ส่วนตัวของธุรการ)
5921,092-998-6797
5922,092-998-6797(เบอร์ส่วนตัว)
5923,093-002-2588
5924,093-002-2588(เบอร์ส่วนตัว)
5925,093-002-2588(เบอร์ส่วนตัว)
5926,093-006-6858(เบอร์ส่วนตัว)
5927,093-025-7105(เบอร์ส่วนตัว)
5928,093-030-5303
5929,093-030-5303(เบอร์ส่วนตัว)
5930,093-032-0494(เบอร์ส่วนตัว)
5931,093-052-4421(เบอร์ส่วนตัว)
5932,093-075-5194
5933,093-076-7375
5934,093-076-7375
5935,093-086-3757(เบอร์ส่วนตัว)
5936,093-097-3000(เบอร์ส่วนตัว)
5937,093-104-8996(เบอร์ส่วนตัว)
5938,093-105-8525(เบอร์ส่วนตัว)
5939,093-109-3852
5940,093-114-0888(เบอร์ส่วนตัว)
5941,093-120-4057(เบอร์ส่วนตัว)คุณแจน
5942,093-124-1499
5943,093-124-1728(เบอร์ส่วนตัว)
5944,093-130-3832(เบอร์ส่วนตัว)
5945,093-131-7817(เบอร์ส่วนตัว)
5946,093-136-0436(เบอร์ส่วนตัว)
5947,093-136-0436(เบอร์ส่วนตัว)
5948,093-138-1985(เบอร์ส่วนตัว)
5949,093-140-6763(เบอร์ส่วนตัว)
5950,093-142-3914(เบอร์ส่วนตัว)
5951,093-151-7227
5952,093-153-6654(เบอร์ส่วนตัว)
5953,093-153-9556
5954,093-154-9959(เบอร์ส่วนตัว)
5955,093-160-9797
5956,093-160-9797(เบอร์ส่วนตัว)
5957,093-162-2012(เบอร์ส่วนตัว)
5958,093-189-1208(เบอร์ส่วนตัว)
5959,093-191-0251(เบอร์ส่วนตัว)
5960,093-193-4560
5961,093-195-4255
5962,093-196-4375(เบอร์ส่วนตัว)
5963,093-197-6998
5964,093-197-6998(เบอร์ส่วนตัว)
5965,093-197-6998(เบอร์ส่วนตัว)
5966,093-218-2978
5967,093-218-5730
5968,093-228-0228(เบอร์ส่วนตัว)
5969,093-235-6996(เบอร์ส่วนตัว)
5970,093-235-6996(เบอร์ส่วนตัว)
5971,093-239-6429(เบอร์ส่วนตัว)
5972,093-245-9369  088-295-4663
5973,093-254-4415(เบอร์ส่วนตัว)
5974,093-256-4654(เบอร์ส่วนตัว)
5975,093-262-2555(เบอร์ส่วนตัว)
5976,093-2645-4539(เบอร์ส่วนตัว)คุณอรอุมา 093-298-9466 (เบอร์ส่วนตัว)คุณธัญญา
5977,093-265-3587(เบอร์ส่วนตัว)
5978,093-265-4539
5979,093-270-8366(เบอร์ส่วนตัว)
5980,093-278-6424
5981,093-290-9491(เบอร์ส่วนตัว)
5982,093-294-3536(เบอร์ส่วนตัว)
5983,093-294-9938(เบอร์ส่วนตัว)
5984,093-294-9938(เบอร์ส่วนตัว)
5985,093-297-0343(เบอร์ส่วนตัว)
5986,093-298-9466
5987,093-298-9466 (เบอร์ส่วนตัว)
5988,093-298-9466 (เบอร์ส่วนตัว)คุณธัญญา
5989,093-316-6766
5990,093-316-6766
5991,093-320-0737
5992,093-325-8818
5993,"093-325-8818 (เบอร์ส่วนตัว) "
5994,"093-325-8818(เบอร์ส่วนตัว) "
5995,093-326-4982(เบอร์ส่วนตัว)
5996,093-327-4556(เบอร์ส่วนตัว)
5997,093-328-7949(เบอร์ส่วนตัว)
5998,093-328-8063
5999,093-328-8063(เบอร์ส่วนตัว)
6000,"093-328-8241 "
6001,093-328-8241(เบอร์ส่วนตัว)
6002,093-328-8241(หน้างาน)
6003,093-328-8241
6004,093-346-3462
6005,"093-346-3462 "
6006,093-346-3462(เบอร์ส่วนตัว)
6007,093-346-3463(เบอร์ส่วนตัว)
6008,093-354-3430(เบอร์ส่วนตัว)
6009,093-356-5428(เบอร์ส่วนตัว)
6010,093-360-9438(เบอร์ส่วนตัว)
6011,093-361-4955(เบอร์ส่วนตัว)
6012,093-372-5838(เบอร์ส่วนตัว)
6013,093-375-1914(เบอร์ส่วนตัว)
6014,093-380-4999(เบอร์ส่วนตัว)
6015,093-387-7464(เบอร์ส่วนตัว)
6016,093-387-9559(เบอร์ส่วนตัว)
6017,093-389-8435(เบอร์ส่วนตัว)
6018,093-391-5573
6019,093-392-3040(เบอร์ส่วนตัว)
6020,093-392-5515(เบอร์ส่วนตัว)
6021,093-395-8492(เบอร์ส่วนตัว)
6022,093-396-8650(เบอร์ส่วนตัว)
6023,093-397-0222(เบอร์ส่วนตัว)
6024,093-397-8914
6025,093-398-6765
6026,093-399-8941(เบอร์ส่วนตัว)
6027,093-410-5407(เบอร์ส่วนตัว)
6028,093-417-9453(เบอร์ส่วนตัว)
6029,093-423-5144(เบอร์ส่วนตัว)
6030,093-424-5180(เบอร์ส่วนตัว)
6031,093-425-3478(เบอร์ส่วนตัว)
6032,093-435-9779(เบอร์ส่วนตัว)
6033,093-438-7900(เบอร์ส่วนตัว)
6034,093-443-0333(เบอร์ส่วนตัว)
6035,093-445-1501(เบอร์ส่วนตัว))
6036,093-445-6226(เบอร์ส่วนตัว)
6037,093-446-1992
6038,093-451-4446(เบอร์ส่วนตัว)
6039,093-451-4446(ส่วนตัว)
6040,093-451-5159(เบอร์ส่วนตัว)
6041,093-454-0522(เบอร์ส่วนตัว)
6042,093-456-4789
6043,093-457-4772(เบอร์ส่วนตัว)
6044,093-461-6449(เบอร์ส่วนตัว)
6045,093-462-2566
6046,093-462-2566(เบอร์ส่วนตัว)
6047,093-462-2566(เบอร์ส่วนตัว)
6048,093-462-2566(เบอร์ส่วนตัว)
6049,093-463-2993(เบอร์ส่วนตัว)
6050,093-464-4292
6051,093-464-5222
6052,093-469-7284(เบอร์ส่วนตัว)
6053,093-471-6787
6054,093-474-9857(เบอร์ส่วนตัว)
6055,093-482-6146(เบอร์ส่วนตัว)
6056,093-484-4880(เบอร์ส่วนตัว)
6057,"093-503-1504 "
6058,093-503-1504
6059,093-505-4374(เบอร์ส่วนตัว)
6060,093-508-5962(เบอร์ส่วนตัว)
6061,093-519-1972(เบอร์ส่วนตัว)
6062,093-519-2822(เบอร์ส่วนตัว)
6063,093-519-6588 (เบอร์ส่วนตัว)
6064,093-520-4999(เบอร์ส่วนตัว)
6065,093-524-6463(เบอร์ส่วนตัว)
6066,093-525-7929(เบอร์ส่วนตัว)
6067,093-536-6598
6068,093-536-6598(เบอร์ส่วนตัว)
6069,093-541-1071(เบอร์ส่วนตัว)
6070,093-542-6953(เบอร์ส่วนตัว)
6071,093-551-4813(เบอร์ส่วนตัว)
6072,093-552-5666
6073,093-556-8309(เบอร์ส่วนตัว)
6074,093-556-8309(เบอร์ส่วนตัว)คุณตุ๊กตา
6075,093-556-8309(ส่วนตัว)
6076,093-561-4868
6077,093-561-9888
6078,093-561-9888(เบอร์ส่วนตัว)
6079,093-562-0277(เบอร์ส่วนตัว)
6080,093-567-1629(เบอร์ส่วนตัว)
6081,093-572-6790(เบอร์ส่วนตัว)
6082,093-578-1991(เบอร์ส่วนตัว)
6083,093-578-1991
6084,093-578-2383(เบอร์ส่วนตัว)
6085,093-580-9696(เบอร์ส่วนตัว)
6086,093-581-6195(เบอร์ส่วนตัว)
6087,093-581-6195(เบอร์ส่วนตัว)คุณหยก
6088,093-583-8522(เบอร์ส่วนตัว)
6089,093-595-6888(เบอร์ส่วนตัว)
6090,093-595-6888(เบอร์ส่วนตัว)คุณแพท
6091,093-597-4514
6092,093-598-1299(เบอร์ส่วนตัว)
6093,093-598-1299(เบอร์ส่วนตัว)
6094,093-598-1299
6095,093-605-5080(เบอร์ส่วนตัว)
6096,093-605-5080(เบอร์ส่วนตัว)
6097,093-605-9386(เบอร์ส่วนตัว)
6098,093-615-4499(เบอร์ส่วนตัว)
6099,093-615-4499(เบอร์ส่วนตัว)
6100,093-616-9636เบอร์ส่วนตัว)
6101,093-616-9942(เบอร์ส่วนตัว)
6102,093-627-1743(เบอร์ส่วนตัว)
6103,093-638-7297(เบอร์ส่วนตัว)
6104,093-642-3511(เบอร์ส่วนตัว)
6105,093-642-3511(เบอร์ส่วนตัว)
6106,093-642-3909
6107,093-649-3644(ส่วนตัว)
6108,093-649-4222(เบอร์ส่วนตัว)
6109,093-649-4222(เบอร์ส่วนตัว)
6110,093-650-8762(เบอร์ส่วนตัว)
6111,093-653-6169(เบอร์ส่วนตัว)
6112,093-654-1653(เบอร์ส่วนตัว)
6113,093-659-5054(เบอร์ส่วนตัว)063-390-3610 (เบอร์เจ้าหน้าที่หน้างาน)
6114,093-661-4192
6115,093-662-6662
6116,093-665-5524(เบอร์ส่วนตัว)
6117,093-665-5946
6118,093-665-5946(เบอร์ส่วนตัว)
6119,093-666-1765(เบอร์ส่วนตัว)
6120,093-667-1631(เบอร์ส่วนตัว)
6121,093-667-7058(เบอร์ส่วนตัว)
6122,093-669-5606(เบอร์ส่วนตัว)
6123,093-683-9099(เบอร์ส่วนตัว)
6124,093-691-6318(เบอร์ส่วนตัว)
6125,093-691-7350
6126,093-691-7350(เบอร์ส่วนตัว)
6127,093-691-7350PMC
6128,093-710-8144(เบอร์ส่วนตัว)
6129,093-720-2217(เบอร์ส่วนตัว)
6130,093-721-5253
6131,093-721-5253(เบอร์ส่วนตัว)
6132,093-721-5253(เบอร์ส่วนตัว)
6133,093-721-5253(เบอร์ส่วนตัว)
6134,093-736-5754(เบอร์ส่วนตัว)
6135,093-742-8987
6136,093-742-8989(เบอร์ส่วนตัว)
6137,093-742-8989
6138,093-760-0562
6139,093-770-2534
6140,093-774-3593(เบอร์ส่วนตัว)
6141,093-785-7617(เบอร์ส่วนตัว)
6142,093-789-4935(เบอร์ส่วนตัว)
6143,093-809-4218
6144,093-809-7710(เบอร์ส่วนตัว)
6145,093-818-2522(เบอร์ส่วนตัว)
6146,093-831-7200(เบอร์ส่วนตัว)
6147,093-831-7977(เบอร์ส่วนตัว)
6148,093-841-3227
6149,093-841-5150
6150,093-841-5150 (เบอร์ส่วนตัว)
6151,093-843-4665(เบอร์ส่วนตัว)
6152,093-859-369(เบอร์ส่วนตัว)
6153,093-896-1842
6154,093-919-2822(เบอร์ส่วนตัว)
6155,093-947-2320
6156,093-947-2320(เบอร์ส่วนตัว)
6157,093-953-9092(เบอร์ส่วนตัว)
6158,093-960-4366(เบอร์ส่วนตัว)
6159,093-962-6551
6160,093-962-6551(เบอร์ส่วนตัว)
6161,093-962-6551
6162,093-979-1037(เบอร์ส่วนตัว)
6163,094 395 6479
6164,094 -875-0031
6165,094-005-3140
6166,094-009-8861
6167,094-026-6467(เบอร์ส่วนตัว)
6168,094-028-1648(เบอร์ส่วนตัว)
6169,094-029-1897(เบอร์ส่วนตัว)
6170,094-040-1137
6171,094-040-6138
6172,094-041-1555(เบอร์ส่วนตัว)
6173,094-047-2398 (เบอร์ส่วนตัว)
6174,094-070-9841
6175,094-070-9841(เบอร์ส่วนตัว)
6176,094-070-9841(เบอร์ส่วนตัว)
6177,094-084-2349
6178,094-084-2349(เบอร์ส่วนตัว)
6179,094-090-7269
6180,094-130-0281
6181,094-130-0281(เบอร์ส่วนตัว)
6182,094-130-0281(เบอร์ส่วนตัว)
6183,094-130-0281(เบอร์ส่วนตัว)
6184,094-131-8332(เบอร์ส่วนตัว)
6185,094-146-3500(เบอร์ส่วนตัว)
6186,094-149-3245(เบอร์ส่วนตัว)
6187,094-159-8941(เบอร์ส่วนตัว)
6188,094-160-9097 066-114-7227(เบอร์ส่วนตัว)
6189,094-162-2166
6190,094-163-8584(เบอร์ส่วนตัว)
6191,094-165-4469
6192,094-165-4469(เบอร์ส่วนตัว)
6193,094-165-4469(เบอร์ส่วนตัว)
6194,094-165-9249
6195,094-165-9249(เบอร์ส่วนตัว)
6196,094-167-0648(เบอร์ส่วนตัว)
6197,094-171-5075
6198,"094-171-5075 "
6199,"094-171-5075(เบอร์ส่วนตัว) "
6200,094-171-5075(เบอร์ส่วนตัว)
6201,094-173-8685(เบอร์ส่วนตัว)
6202,094-186-6599(เบอร์ส่วนตัว)
6203,094-202-4286(เบอร์ส่วนตัว)
6204,094-228-8599(เบอร์ส่วนตัว)
6205,094-232-8395(เบอร์ส่วนตัว)
6206,094-236-4805(เบอร์ส่วนตัว)
6207,094-236-5532(เบอร์ส่วนตัว)
6208,094-239-3742(เบอร์ส่วนตัว)
6209,094-249-8705
6210,094-251-0690(เบอร์ส่วนตัว)
6211,094-251-1449(เบอร์ส่วนตัว)
6212,094-251-7116(เบอร์ส่วนตัว)
6213,094-251-8039(เบอร์ส่วนตัว)
6214,094-251-8039(เบอร์ส่วนตัว)
6215,094-251-8039(เบอร์ส่วนตัว)
6216,094-251-8039
6217,094-254-0265
6218,094-254-0265(เบอร์ส่วนตัว)
6219,094-261-9549
6220,094-263-7243(เบอร์ส่วนตัว)
6221,094-265-5615(เบอร์ส่วนตัว)
6222,094-269-9602(เบอร์ส่วนตัว)
6223,094-271-4373
6224,094-287-4514(เบอร์ส่วนตัว)
6225,094-287-5570(เบอร์ส่วนตัว)
6226,094-290-8786
6227,094-291-9294
6228,094-296-6461(เบอร์ส่วนตัว)
6229,094-298-4211
6230,094-298-4211(เบอร์ส่วนตัว)
6231,094-316-2472(เบอร์ส่วนตัว)
6232,094-316-9494(เบอร์ส่วนตัว)
6233,094-317-9153 (เบอร์ส่วนตัว)  081-489-9153(เบอร์ส่วนตัว)
6234,094-318-7679(เบอร์ส่วนตัว)คุณธนกิจ080-569-5844(เบอร์ส่วนตัว)คุณนวลจันทร์
6235,094-323-6945(เบอร์ส่วนตัว)
6236,094-326-8593(เบอร์ส่วนตัว)
6237,094-329-5858
6238,094-329-5858(เบอร์ส่วนตัว)
6239,094-329-5858(เบอร์ส่วนตัว)
6240,094-329-5858(เบอร์ส่วนตัว)คุณจันทนา
6241,094-336-3338
6242,094-338-7878(เบอร์ส่วนตัว)
6243,094-342-0555
6244,094-346-4813(เบอร์ส่วนตัว)
6245,094-349-4832
6246,094-350-4424
6247,094-350-7573(เบอร์ส่วนตัว)
6248,094-351-0022(เบอร์ส่วนตัว)
6249,094-359-4525(เบอร์ส่วนตัว)
6250,094-363-5322(เบอร์ส่วนตัว)
6251,094-363-9945(เบอร์ส่วนตัว)
6252,094-364-9282(เบอร์ส่วนตัว)
6253,094-368-3395
6254,094-368-3395 (เบอร์ส่วนตัว)
6255,094-368-3395(เบอร์ส่วนตัว)
6256,094-368-3395(เบอร์ส่วนตัว)
6257,094-376-2815
6258,094-376-7683
6259,094-384-9918(เบอร์ส่วนตัว)
6260,094-384-9918(เบอร์ส่วนตัว)
6261,094-393-6019(เบอร์ส่วนตัว)
6262,094-394-9361
6263,094-395-9823(เบอร์ส่วนตัว)
6264,094-401-5828(เบอร์ส่วนตัว)
6265,094-404-6373
6266,094-423-5635(เบอร์ส่วนตัว)
6267,094-429-5962(เบอร์ส่วนตัว)
6268,094-429-6499(เบอร์ส่วนตัว)
6269,094-437-9481(เบอร์ส่วนตัว)
6270,094-440-1117
6271,094-440-1117(เบอร์ส่วนตัว)
6272,094-440-1117(บอร์ส่วนตัว)
6273,094-440-9668 คุณแต้ว
6274,094-440-9668(เบอร์ส่วนตัว)
6275,094-441-8777
6276,094-445-7577
6277,094-448-7369(เบอร์ส่วนตัว)
6278,094-448-7369(เบอร์ส่วนตัว)
6279,094-450-1262(เบอร์ส่วนตัว)
6280,094-453-8139(เบอร์ส่วนตัว)
6281,094-4546197
6282,094-454-6197
6283,094-454-6197(เบอร์ส่วนตัว)
6284,094-454-6197
6285,094-459-0306(เบอร์ส่วนตัว)
6286,094-461-8584
6287,094-461-8584(เบอร์ส่วนตัว)
6288,094-462-5755(เบอร์ส่วนตัว)
6289,094-462-8860(เบอร์ส่วนตัว)
6290,094-4637275
6291,094-463-7275(นิติฯ)
6292,094-465-2916(เบอร์ส่วนตัว)
6293,094-466-2497(เบอร์ส่วนตัว)สะดวกเบอร์นี้
6294,094-466-6246
6295,094-471-6282
6296,094-480-5333
6297,094-480-5333(เบอร์ส่วนตัว)
6298,094-481-0314
6299,094-481-1776(เบอร์ส่วนตัว)
6300,094-482-6333
6301,094-482-6333(เบอร์ส่วนตัว)
6302,094-482-6333(เบอร์ส่วนตัว)
6303,094-482-6333
6304,094-482-7887
6305,094-487-7193
6306,094-491-6868
6307,094-492-3476
6308,094-492-8677
6309,094-493-0113(เบอร์ส่วนตัว)
6310,094-493-4344(เบอร์ส่วนตัว
6311,"094-493-4344(นิติฯ) "
6312,094-495-1005
6313,094-495-1005(เบอร์ส่วนตัว)
6314,094-495-4891
6315,094-495-4891(เบอร์ส่วนตัว)
6316,094-496-8565
6317,094-496-8565(เบอร์ส่วนตัว)
6318,094-496-9134
6319,094-496-9982(เบอร์ส่วนตัว)
6320,094-498-0406
6321,094-498-6546
6322,094-508-2386
6323,094-509-0287(เบอร์ส่วนตัว)
6324,094-532-1808(เบอร์ส่วนตัว)
6325,094-532-1808(เบอร์ส่วนตัว)
6326,094-535-2895
6327,094-535-2895(เบอร์ส่วนตัว)
6328,094-535-2895(เบอร์ส่วนตัว)คุณปฏิพัทธ์081-703-6792(เบอร์ส่วนตัว)คุณสมศักดิ์
6329,094-540-6691(เบอร์ส่วนตัว)
6330,094-541-5914
6331,094-541-5914(เบอร์ส่วนตัว)
6332,094-545-2021
6333,094-546-6419
6334,094-550-5880(เบอร์ส่วนตัว)
6335,094-551-2844
6336,094-551-6019
6337,094-551-6019(เบอร์ส่วนตัว)
6338,094-552-5389
6339,094-554-0992(เบอร์ส่วนตัว)
6340,094-554-4642(เบอร์ส่วนตัว)
6341,094-555-6979(เบอร์ส่วนตัว)
6342,094-556-3837
6343,094-556-4998(เบอร์ส่วนตัว)
6344,094-556-4998(เบอร์ส่วนตัว)สะดวกเบอร์นี้))
6345,094-556-5099
6346,094-557-1024
6347,094-557-1159(เบอร์ส่วนตัว)
6348,094-557-1159 083-008-2340(เบอร์ส่วนตัว)
6349,094-558-2445
6350,094-558-2764(เบอร์ส่วนตัว)
6351,094-558-2764(เบอร์ส่วนตัว)
6352,094-558-4825(เบอร์ส่วนตัว)
6353,094-558-4978(เบอร์ส่วนตัว)
6354,094-559-0785
6355,094-559-0785(เบอร์ส่วนตัว)
6356,094-559-6974(เบอร์ส่วนตัว)
6357,094-559-7975
6358,094-559-7975(เบอร์ส่วนตัว)
6359,094-560-6643
6360,094-563-6333(เบอร์ส่วนตัว)
6361,094-563-6333(เบอร์ส่วนตัว)สะดวกเบอร์นี้))
6362,094-568-3883
6363,094-569-8940(เบอร์ส่วนตัว)
6364,094-571-4551(เบอร์ส่วนตัว)
6365,094-572-3993
6366,094-593-1187(เบอร์ส่วนตัว)
6367,094-593-7264(เบอร์ส่วนตัว)
6368,094-594-2446
6369,094-594-2446(เบอร์ส่วนตัว)
6370,094-598-9332
6371,094-598-9332 (เบอร์ส่วนตัว)
6372,094-598-9332 (เบอร์ส่วนตัว)
6373,094-598-9332(เบอร์ส่วนตัว)
6374,094-605-6414
6375,094-615-4535
6376,094-615-4535(เบอร์ส่วนตัว)
6377,094-618-0553(เบอร์ส่วนตัว)
6378,094-621-6600(เบอร์ส่วนตัว)
6379,094-626-4556
6380,094-626-5425(เบอร์ส่วนตัว)
6381,094-626-5425(เบอร์ส่วนตัว)084-615-4422(เบอร์ส่วนตัว)
6382,094-627-0003
6383,094-627-2615(เบอร์ส่วนตัว)
6384,094-636-8989
6385,094-636-8989(เบอร์ส่วนตัว)
6386,094-636-8989(เบอร์ส่วนตัว)
6387,094-642-2391(เบอร์ส่วนตัว)
6388,094-642-8961(เบอร์ส่วนตัว)
6389,094-643-7361(เบอร์ส่วนตัว)
6390,"094-643-7361(เบอร์ส่วนตัว) "
6391,094-643-7361(เบอร์ส่วนตัว)
6392,094-649-8298
6393,094-649-8298
6394,094-651-5348
6395,094-652-2966
6396,094-653-0522(เบอร์ส่วนตัว)
6397,094-653-2642(เบอร์ส่วนตัว)
6398,094-653-6669
6399,094-653-9598(เบอร์ส่วนตัว)
6400,094-656-4465(เบอร์ส่วนตัว)
6401,094-659-6394(เบอร์ส่วนตัว)
6402,094-661-9988
6403,094-661-9988(เบอร์ส่วนตัว)
6404,094-661-9988(เบอร์ส่วนตัว)
6405,094-664-4252(เบอร์ส่วนตัว)
6406,094-666-5286(เบอร์ส่วนตัว)
6407,094-666-8642(เบอร์ส่วนตัว)
6408,094-669-6115(เบอร์ส่วนตัว)
6409,094-673-0030(เบอร์ส่วนตัว)
6410,094-673-8207(เบอร์ส่วนตัว)
6411,094-679-6235(เบอร์ส่วนตัว)
6412,094-687-6662(เบอร์ส่วนตัว)
6413,094-687-6662
6414,094-689-6600
6415,094-689-6600(เบอร์ส่วนตัว)
6416,094-689-6600
6417,094-690-9414(เบอร์ส่วนตัว)
6418,094-692-0439(เบอร์ส่วนตัว)
6419,094-692-0439(เบอร์ส่วนตัว)
6420,094-692-1215(เบอร์ส่วนตัว)
6421,094-693-2221(เบอร์ส่วนตัว)
6422,094-693-2891
6423,094-693-4474(เบอร์ส่วนตัว)
6424,094-694-1066
6425,094-695-0625
6426,094-695-0625(เบอร์ส่วนตัว)
6427,094-696-4204(เบอร์ส่วนตัว)
6428,094-698-9787(เบอร์ส่วนตัว)
6429,094-702-7352
6430,094-710-1047(เบอร์ส่วนตัว)
6431,094-718-8041
6432,094-724-0221(เบอร์ส่วนตัว)
6433,094-738-4943(เบอร์ส่วนตัว)
6434,094-741-6393(เบอร์ส่วนตัว)
6435,094-745-5668
6436,094-747-4696(เบอร์ส่วนตัว)
6437,094-749-5126(เบอร์ส่วนตัว)
6438,094-757-8985
6439,094-770-7939(เบอร์ส่วนตัว)
6440,094-772-0666
6441,094-772-0666(เบอร์ส่วนตัว)
6442,094-772-0666(เบอร์ส่วนตัว)
6443,094-773-4266(เบอร์ส่วนตัว)
6444,094-778-8151(เบอร์ส่วนตัว)
6445,094-781-2090
6446,094-782-4928(เบอร์ส่วนตัว)
6447,094-782-6161(เบอร์ส่วนตัว)
6448,094-789-2416 (เบอร์ส่วนตัว)
6449,094-794-4662(เบอร์ส่วนตัว)
6450,094-796-1964(เบอร์ส่วนตัว)
6451,094-813-8436
6452,094-813-8436(เบอร์ส่วนตัว)
6453,094-815-2433(เบอร์ส่วนตัว)
6454,094-816-3442(เบอร์ส่วนตัว)
6455,094-8203888
6456,094-820-3888
6457,094-820-3888(เบอร์ส่วนตัว)
6458,094-820-3888(เบอร์ส่วนตัว)
6459,094-820-3888
6460,094-825-9717(เบอร์ส่วนตัว)
6461,094-826-4266(เบอร์ส่วนตัว)
6462,094-828-9996
6463,094-828-9996(เบอร์ส่วนตัว)
6464,094-828-9996(เบอร์ส่วนตัว)
6465,094-830-5752(เบอร์ส่วนตัว)
6466,094-832-9222(เบอร์ส่วนตัว)
6467,094-839-3335(เบอร์ส่วนตัว)
6468,094-843-1077
6469,094-843-1077(เบอร์ส่วนตัว)
6470,094-843-1077(เบอร์ส่วนตัว)
6471,094-843-1077(ส่วนตัว)
6472,094-853-2654
6473,094-853-2654(เบอร์ส่วนตัว)
6474,094-853-2654(เบอร์ส่วนตัว)
6475,094-856-9456
6476,094-856-9456(เบอร์ส่วนตัว)
6477,094-856-9456(เบอร์ส่วนตัว)
6478,094-857-5132(เบอร์ส่วนตัว)
6479,094-861-5155(เบอร์ส่วนตัว)
6480,094-861-6647(เบอร์ส่วนตัว)
6481,094-861-9938
6482,094-862-9457
6483,094-865-9815(เบอร์ส่วนตัว)
6484,094-867-4455(เบอร์ส่วนตัว)
6485,094-875-0031(เบอร์ส่วนตัว)(สะดวกเบอร์นี้)
6486,094-878-9713
6487,094-879-9581
6488,094-879-9581(เบอร์ส่วนตัว)
6489,094-879-9581(เบอร์ส่วนตัว)
6490,094-882-2823(เบอร์ส่วนตัว)
6491,094-885-0118
6492,094-887-0855(เบอร์ส่วนตัว)
6493,094-889-9944(เบอร์ส่วนตัว)
6494,094-891-0931(เบอร์ส่วนตัว)
6495,094-892-4916(เบอร์ส่วนตัว)
6496,094-895-5996(เบอร์ส่วนตัว)
6497,094-895-9915
6498,094-898-9117(เบอร์ส่วนตัว)
6499,094-905-9053
6500,094-905-9053(เบอร์ส่วนตัว)
6501,094-912-7216(เบอร์ส่วนตัว)
6502,094-914-1479(เบอร์ส่วนตัว)
6503,094-916-5959(เบอร์ส่วนตัว)
6504,094-916-9385
6505,094-916-9385(เบอร์ส่วนตัว)
6506,094-919-6374
6507,094-924-0202(เบอร์ส่วนตัว)
6508,094-925-6424(เบอร์ส่วนตัว)
6509,094-926-8568
6510,094-926-8722
6511,094-926-8722(เบอร์ส่วนตัว)
6512,094-926-8722(เบอร์ส่วนตัว)
6513,094-927-4554
6514,094-928-2445
6515,094-928-2445(เบอร์ส่วนตัว)
6516,094-935-2282(เบอร์ส่วนตัว)
6517,094-935-2959(เบอร์ส่วนตัว)
6518,094-935-4225
6519,094-935-4225(เบอร์ส่วนตัว)(สะดวกเบอร์นี้)
6520,094-935-9419
6521,094-935-9419(เบอร์ส่วนตัว)
6522,094-941-4020(เบอร์ส่วนตัว)
6523,094-941-6164(เบอร์ส่วนตัว)
6524,094-941-7558
6525,094-941-7558(เบอร์ส่วนตัว)
6526,094-941-8995(เบอร์ส่วนตัว)
6527,094-941-9134(ส่วนตัว)
6528,094-946-2158
6529,094-946-2158(เบอร์ส่วนตัว)
6530,094-946-2924(เบอร์ส่วนตัว)
6531,094-951-5966
6532,094-956-2919
6533,094-956-5326(เบอร์ส่วนตัว)
6534,094-958-2598
6535,094-959-2777(เบอร์ส่วนตัว)
6536,094-960-1311
6537,094-962-9542
6538,094-963-2322(เบอร์ส่วนตัว)
6539,094-963-5225(เบอร์ส่วนตัว)
6540,094-969-0942(เบอร์ส่วนตัว)
6541,094-983-9239(เบอร์ส่วนตัว)
6542,094-985-3201
6543,094-985-3201(เบอร์ส่วนตัว)
6544,094-985-3201(เบอร์ส่วนตัว)
6545,094-986-8059
6546,094-986-8384(เบอร์ส่วนตัว)
6547,094-987-6215เบอร์ส่วนตัว)
6548,094-987-9922
6549,094-994-5435
6550,094-995-9265
6551,094-996-9661
6552,094-998-9111(เบอร์ส่วนตัว)
6553,095-003-1361(เบอร์ส่วนตัว)
6554,095-005-1253(เบอร์ส่วนตัว)
6555,095-005-3921(เบอร์ส่วนตัว)
6556,095-014-5668(เบอร์ส่วนตัว)
6557,095-015-5335(เบอร์ส่วนตัว)
6558,095-015-5335(เบอร์ส่วนตัว)(สะดวกเบอร์นี้)
6559,095-015-5335(เบอร์ส่วนตัว)
6560,095-026-1451
6561,095-028-3015(เบอร์ส่วนตัว)
6562,095-032-2739(เบอร์ส่วนตัว)
6563,095-036-4463(เบอร์ส่วนตัว)
6564,095-042-3402(เบอร์ส่วนตัว)
6565,095-048-6823(เบอร์ส่วนตัว)
6566,095-053-0026(เบอร์ส่วนตัว)
6567,095-053-0393
6568,095-054-2498
6569,095-054-2498(เบอร์ส่วนตัว)
6570,095-057-4444(เบอร์ส่วนตัว)
6571,095-059-7924
6572,095-084-1142
6573,095-084-1142(เบอร์ส่วนตัว)
6574,095-089-1951(เบอร์ส่วนตัว)
6575,095-090-9969(เบอร์ส่วนตัว)
6576,095-093-0988(เบอร์ส่วนตัว)
6577,095-104-2398(เบอร์ส่วนตัว)
6578,095-115-1116(เบอร์ส่วนตัว)
6579,095-119-5335(เบอร์ส่วนตัว)
6580,095-123-9954
6581,095-124-4093(เบอร์ส่วนตัว)
6582,095-136-2058(เบอร์ส่วนตัว)
6583,095-137-1386(เบอร์ส่วนตัว)
6584,095-139-6598(เบอร์ส่วนตัว)
6585,095-141-7842
6586,095-141-7842(เบอร์ส่วนตัว)
6587,095-141-7842(เบอร์ส่วนตัว)
6588,095-142-3796(เบอร์ส่วนตัว)
6589,095-159-6906
6590,095-159-6906(เบอร์ส่วนตัว)
6591,095-159-6906(เบอร์ส่วนตัว)
6592,095-159-6906(เบอร์ส่วนตัว)คุณปุ้ย085-990-5941(เบอร์ส่วนตัว)คุณทัศนีย์
6593,095-159-7823(เบอร์ส่วนตัว)
6594,095-159-9146(เบอร์ส่วนตัว)
6595,095-162-2426(เบอร์ส่วนตัว)
6596,095-164-8293
6597,095-165-2515 (เบอร์ส่วนตัว)
6598,095-165-2515(เบอร์ส่วนตัว)
6599,095-165-7035
6600,095-168-2984(เบอร์ส่วนตัว)
6601,095-172-9271(เบอร์ส่วนตัว)
6602,095-176-2302 (เบอร์ส่วนตัว)
6603,095-176-4051 (เบอร์ส่วนตัว)
6604,095-185-8166(เบอร์ส่วนตัว)
6605,095-194-9823(เบอร์ส่วนตัว)
6606,095-196-2593(เบอร์ส่วนตัว)
6607,095-205-4878
6608,095-206-2488 คุณปุ้ย
6609,095-206-644
6610,095-206-6638(หน้างาน)
6611,095-214-2455(เบอร์ส่วนตัว)
6612,095-215-0833(เบอร์ส่วนตัว)
6613,095-219-1996(เบอร์ส่วนตัว)
6614,095-221-3414
6615,095-221-3414(เบอร์ส่วนตัว)
6616,095-221-3414(เบอร์ส่วนตัว)
6617,095-224-1182(เบอร์ส่วนตัว)
6618,095-224-7459(เบอร์ส่วนตัว)
6619,095-225-0054
6620,095-225-1818(เบอร์ส่วนตัว)
6621,095-226-1290(เบอร์ส่วนตัว)
6622,095-234-7221
6623,095-234-7221(เบอร์ส่วนตัว)
6624,095-248-6959
6625,095-249-1865
6626,095-249-1865(เบอร์ส่วนตัว)
6627,095-249-1865(เบอร์ส่วนตัว)
6628,095-249-1865(เบอร์ส่วนตัว)สะดวกเบอร์นี้)
6629,095-250-6785
6630,095-250-6785(เบอร์ส่วนตัว)
6631,095-250-7271
6632,095-250-8967(เบอร์ส่วนตัว)
6633,095-251-3738(เบอร์ส่วนตัว)
6634,095-251-6724(เบอร์ส่วนตัว)
6635,095-252-2295(เบอร์ส่วนตัว)
6636,095-252-4048
6637,095-252-4048(เบอร์ส่วนตัว)
6638,095-252-7412(เบอร์ส่วนตัว)
6639,095-252-8146
6640,095-253-0009(เบอร์ส่วนตัว)
6641,095-253-2767(เบอร์ส่วนตัว)
6642,095-253-6265(เบอร์ส่วนตัว)
6643,095-254-1278
6644,095-254-3162
6645,095-254-3162(เบอร์ส่วนตัว)
6646,095-254-3162(เบอร์ส่วนตัว)
6647,095-254-3631(เบอร์ส่วนตัว)
6648,095-256-9324(เบอร์ส่วนตัว)
6649,095-256-9448(เบอร์ส่วนตัว)
6650,095-261-9167(เบอร์ส่วนตัว)
6651,095-262-8652
6652,095-263-2651
6653,095-272-9792
6654,095-272-9792(ส่วนตัว)
6655,095-272-9792(ส่วนตัว)
6656,095-273-0767(เบอร์ส่วนตัว)
6657,095-278-8288(เบอร์ส่วนตัว)
6658,095-284-6324(เบอร์ส่วนตัว)
6659,095-289-0415(เบอร์ส่วนตัว)
6660,095-289-3905(เบอร์ส่วนตัว)
6661,095-290-6724
6662,095-290-6724(เบอร์ส่วนตัว)
6663,095-309-3901
6664,095-313-9921
6665,095-313-9921 คุณนราทิศ(IT)
6666,095-313-9921(เบอร์ส่วนตัว)
6667,095-313-9921(เบอร์ส่วนตัว)
6668,095-315-6030(เบอร์ส่วนตัว)
6669,095-331-2669(เบอร์ส่วนตัว)
6670,095-335-0862(เบอร์ส่วนตัว)
6671,095-335-9416(เบอร์ส่วนตัว)
6672,095-335-9416 090-297-8427(เบอร์ส่วนตัว)
6673,095-339-9230(เบอร์ส่วนตัว)
6674,095-346-1621(เบอร์ส่วนตัว)
6675,095-358-2964(เบอร์ส่วนตัว)
6676,095-361-9299
6677,095-363-6229(เบอร์ส่วนตัว)
6678,095-363-6395(เบอร์ส่วนตัว)
6679,095-363-9033(เบอร์ส่วนตัว)
6680,095-364-4535
6681,095-364-4535(เบอร์ส่วนตัว)
6682,095-365-2426(เบอร์ส่วนตัว)
6683,095-365-5086(เบอร์ส่วนตัว)
6684,095-369-9483
6685,095-369-9483(เบอร์ส่วนตัว)
6686,095-371-6833 (เบอร์ส่วนตัว)คุณเสาวภา 095-992-0999 (เบอร์ส่วนตัว) คุณเมย์
6687,095-371-6833(เบอร์ส่วนตัว)คุณเสาวภา 095-992-0999(เบอร์ส่วนตัว)คุณเมย์
6688,095-371-6877
6689,095-373-5908(เบอร์ส่วนตัว)
6690,"095-373-5908(เบอร์ส่วนตัว)	"
6691,095-382-5196(เบอร์ส่วนตัว)
6692,095-382-5196(เบอร์ส่วนตัว)
6693,095-382-5645
6694,095-382-5645(เบอร์ส่วนตัว)
6695,095-382-5645(เบอร์ส่วนตัว)(สะดวกเบอร์นี้)
6696,095-382-5645(เบอร์ส่วนตัว)
6697,095-385-8179(เบอร์ส่วนตัว)
6698,095-389-7959
6699,095-391-1837
6700,095-391-1837(เบอร์ส่วนตัว)
6701,095-391-1837(เบอร์ส่วนตัว)
6702,095-392-2241(เบอร์ส่วนตัว)
6703,095-392-8487 (เบอร์ส่วนตัว)
6704,095-393-1174
6705,095-393-1174(เบอร์ส่วนตัว)
6706,095-393-1174(เบอร์ส่วนตัว)
6707,095-393-1174(เบอร์ส่วนตัว
6708,095-407-4184(เบอร์ส่วนตัว)
6709,095-414-8899(เบอร์ส่วนตัว)
6710,095-415-3062(เบอร์ส่วนตัว)
6711,095-418-9414
6712,095-420-9690
6713,095-424-1873(เบอร์ส่วนตัว)
6714,095-432-6156(เบอร์ส่วนตัว)
6715,095-441-6978(เบอร์ส่วนตัว)
6716,095-445-5426 092-252-0434
6717,095-453-7134(เบอร์ส่วนตัว)
6718,095-454-7236(เบอร์ส่วนตัว)
6719,095-456-2582
6720,095-456-5619(เบอร์ส่วนตัว)
6721,095-456-6607
6722,095-456-9879(เบอร์ส่วนตัว)
6723,095-457-1188
6724,095-457-1188 093-024-5123
6725,095-458-3245(เบอร์ส่วนตัว)
6726,095-460-8075(เบอร์ส่วนตัว)
6727,095-462-9656(เบอร์ส่วนตัว)
6728,"095-462-9656(เบอร์ส่วนตัว) "
6729,095-462-9656(เบอร์ส่วนตัว)
6730,095-462-9656 091-029-8006(เบอร์ส่วนตัว)
6731,095-463-6823
6732,095-465-3748(เบอร์ส่วนตัว)
6733,095-467-1901(เบอร์ส่วนตัว)
6734,095-467-7420(เบอร์ส่วนตัว)
6735,095-470-1878
6736,095-470-4302(เบอร์ส่วนตัว)
6737,095-471-8308(เบอร์ส่วนตัว)
6738,095-472-0185
6739,095-474-6216(เบอร์ส่วนตัว)
6740,095-474-6675(เบอร์ส่วนตัว)
6741,095-478-3445(เบอร์ส่วนตัว)
6742,095-479-0920
6743,095-484-1325
6744,095-487-3310(เบอร์ส่วนตัว)
6745,095-490-6852(เบอร์ส่วนตัว)
6746,095-490-6852(เบอร์ส่วนตัว)คุณวิว
6747,095-492-2925
6748,095-492-5062
6749,095-492-5062(เบอร์ส่วนตัว)
6750,095-493-2037
6751,095-493-4988
6752,095-493-4988(เบอร์ส่วนตัว)
6753,095-493-4988
6754,095-496-2115(เบอร์ส่วนตัว)
6755,095-497-5393(เบอร์ส่วนตัว)
6756,095-497-6420(เบอร์ส่วนตัว)
6757,095-501-1868
6758,095-502-9374(เบอร์ส่วนตัว)
6759,095-503-8632(เบอร์ส่วนตัว)
6760,095-504-1558
6761,095-504-9445
6762,095-505-5215
6763,095-506-1524(เบอร์ส่วนตัว)
6764,095-506-1524(เบอร์ส่วนตัว)
6765,095-507-7486
6766,095-507-7486(เบอร์ส่วนตัว)
6767,095-507-7486(เบอร์ส่วนตัว)
6768,095-508-6733(เบอร์ส่วนตัว)
6769,095-512-6502
6770,095-512-6502(เบอร์ส่วนตัว)
6771,095-512-6502(เบอร์ส่วนตัว)
6772,095-516-6253(เบอร์ส่วนตัว)
6773,095-518-2580(เบอร์ส่วนตัว)
6774,095-518-7589(เบอร์ส่วนตัว)
6775,095-520-1359
6776,095-520-1359(เบอร์ส่วนตัว)
6777,095-520-1359(เบอร์ส่วนตัว)
6778,095-524-2991
6779,095-524-2991(เบอร์ส่วนตัว)
6780,095-524-8123
6781,095-524-8123(เบอร์ส่วนตัว)
6782,095-525-3208(เบอร์ส่วนตัว)
6783,095-526-5295
6784,095-526-5295(เบอร์ส่วนตัว)
6785,095-527-7952
6786,095-528-0679
6787,095-529-2591(เบอร์ส่วนตัว)
6788,095-530-5646
6789,095-530-5646(เบอร์ส่วนตัว)
6790,095-535-4307
6791,095-537-6736
6792,095-537-6736(เบอร์ส่วนตัว)
6793,095-537-6736(เบอร์ส่วนตัว)
6794,095-540-7732
6795,095-540-7732(เบอร์ส่วนตัว)
6796,095-541-6468
6797,095-542-0487(เบอร์ส่วนตัว)
6798,095-542-4957(เบอร์ส่วนตัว)
6799,095-542-4957(เบอร์ส่วนตัว)
6800,095-543-7390(เบอร์ส่วนตัว)
6801,095-545-4015
6802,095-545-7944(เบอร์ส่วนตัว)
6803,095-545-9343
6804,095-546-0110
6805,095-546-0110(ส่วนตัว)
6806,095-546-8628
6807,095-547-0586(เบอร์ส่วนตัว)
6808,095-549-8369(เบอร์ส่วนตัว)
6809,095-549-9956(เบอร์ส่วนตัว)
6810,095-550-4722
6811,095-551-4390
6812,095-551-4390(เบอร์ส่วนตัว)
6813,095-551-6546(เบอร์ส่วนตัว)
6814,095-551-6546(เบอร์ส่วนตัว)
6815,095-551-8689
6816,095-551-8689(เบอรร์ส่วนตัว
6817,095-551-8689(เบอร์ส่วนตัว)
6818,095-551-8689(เบอร์ส่วนตัว)
6819,095-552-5502(เบอร์ส่วนตัว)
6820,095-556-4197
6821,095-556-4197(เบอร์ส่วนตัว)
6822,095-558-4599(เบอร์ส่วนตัว)
6823,095-558-7165(เบอร์ส่วนตัว)
6824,095-558-9046
6825,095-558-9478(เบอร์ส่วนตัว)
6826,095-560-4290
6827,095-560-4290(เบอร์ส่วนตัว)
6828,095-562-5462(เบอร์ส่วนตัว)
6829,095-562-5462(เบอร์ส่วนตัว)คุณน้อง
6830,095-562-8975
6831,095-564-1817(เบอร์ส่วนตัว)
6832,095-564-1817(เบอร์ส่วนตัว)
6833,095-564-3417
6834,095-564-3417(เบอร์ส่วนตัว)
6835,095-565-5869(เบอร์ส่วนตัว)
6836,095-565-8085
6837,095-565-8085(เบอร์ส่วนตัว)
6838,095-569-6171
6839,095-570-6159(เบอร์ส่วนตัว)
6840,095-570-6159(เบอร์ส่วนตัว)
6841,095-570-8268
6842,095-570-8268(เบอร์ส่วนตัว)
6843,095-574-1690(เบอร์ส่วนตัว)
6844,095-576-1390(เบอร์ส่วนตัว)
6845,095-576-1390(เบอร์ส่วนตัว) คุณปุ้ย 066-135-5546 คุณปอ
6846,095-578-5049
6847,095-581-7444
6848,095-581-7444(เบอร์ส่วนตัว)
6849,095-581-7444(เบอร์ส่วนตัว)
6850,095-584-5787(เบอร์ส่วนตัว)
6851,095-584-9293(เบอร์ส่วนตัว)
6852,095-585-6494
6853,095-591-4379(เบอร์ส่วนตัว)
6854,095-592-5787
6855,095-594-1778
6856,095-594-1778(เบอร์ส่วนตัว)
6857,095-595-2807
6858,095-596-3249(เบอร์ส่วนตัว)
6859,095-597-6619(เบอร์ส่วนตัว)
6860,095-597-6619(ส่วนตัว)
6861,095-597-8184
6862,095-601-9756(เบอร์ส่วนตัว)
6863,095-604-6578
6864,095-606-6845(เบอร์ส่วนตัว)
6865,"095-612-0089 "
6866,095-612-0089(เบอร์ส่วนตัว)
6867,095-612-0089
6868,095-613-0914(เบอร์ส่วนตัว)
6869,095-615-9414(เบอร์ส่วนตัว)
6870,095-615-9414(เบอร์ส่วนตัว)คุณแนน(อรนุช)
6871,095-619-6542(เบอร์ส่วนตัว)
6872,095-621-4966(เบอร์ส่วนตัว)
6873,095-625-7391(เบอร์ส่วนตัว)
6874,095-626-7655
6875,095-626-7655(เบอร์ส่วนตัว)
6876,095-626-7655(เบอร์ส่วนตัว)
6877,095-631-9431(เบอร์ส่วนตัว)
6878,095-634-9563(เบอร์ส่วนตัว)
6879,095-638-5639(เบอร์ส่วนตัว)
6880,095-643-3794(เบอร์ส่วนตัว)
6881,095-645-0160(เบอร์ส่วนตัว)
6882,095-645-9333
6883,095-647-6652(เบอร์ส่วนตัว)
6884,095-651-2899
6885,095-651-2899(เบอร์ส่วนตัว)
6886,095-653-0436(เบอร์ส่วนตัว)
6887,095-654-4896(เบอร์ส่วนตัว)
6888,095-654-4896(เบอร์ส่วนตัว)คุณต้อย
6889,095-660-2015
6890,095-661-9725(เบอร์ส่วนตัว)
6891,095-667-8861
6892,095-675-7772
6893,095-681-6632(เบอร์ส่วนตัว)
6894,095-684-3315(เบอร์ส่วนตัว)
6895,095-692-2909(เบอร์ส่วนตัว)
6896,095-692-7996
6897,095-692-8033(เบอร์ส่วนตัว)
6898,095-694-6192(เบอร์ส่วนตัว)
6899,095-696-1479(เบอร์ส่วนตัว)
6900,095-696-2623(เบอร์ส่วนตัว)
6901,095-701-0201
6902,095-705-0440
6903,095-705-2332
6904,095-706-3758
6905,095-706-3758(เบอร์ส่วนตัว)
6906,095-706-8959(เบอร์ส่วนตัว)
6907,095-707-5231(เบอร์ส่วนตัว)
6908,095-707-6492(เบอร์ส่วนตัว)
6909,095-718-1979(เบอร์ส่วนตัว)
6910,095-718-4494
6911,095-719-9214
6912,095-719-9214(เบอร์ส่วนตัว)
6913,095-721-2644
6914,095-721-2644(เบอร์ส่วนตัว)
6915,095-723-0514(เบอร์ส่วนตัว)
6916,095-723-9660(เบอร์ส่วนตัว)
6917,095-726-9023(เบอร์ส่วนตัว)
6918,095-727-6089(เบอร์ส่วนตัว)
6919,095-730-9315(เบอร์ส่วนตัว)
6920,095-731-3653
6921,095-734-2566
6922,095-734-7622(เบอร์ส่วนตัว)
6923,095-735-8762(เบอร์ส่วนตัว)
6924,095-735-8762(เบอร์ส่วนตัว)
6925,095-737-9052(เบอร์ส่วนตัว)
6926,095-738-0577(เบอร์ส่วนตัว)
6927,095-739-4214(เบอร์ส่วนตัว)
6928,095-739-4214(เบอร์ส่วนตัว)
6929,095-739-4214
6930,095-739-7261(เบอร์ส่วนตัว)
6931,095-740-9936(เบอร์ส่วนตัว)
6932,095-742-8717
6933,095-742-8717(นิติฯ)
6934,095-743-9593(เบอร์ส่วนตัว)
6935,095-745-5999(เบอร์ส่วนตัว)
6936,095-746-5511(เบอร์ส่วนตัว)
6937,095-746-5551(เบอร์ส่วนตัว)
6938,095-746-5579(เบอร์ส่วนตัว)
6939,095-746-7781(เบอร์ส่วนตัว)
6940,095-748-7901(เบอร์ส่วนตัว)
6941,095-749-0335(เบอร์ส่วนตัว)
6942,095-750-3339(เบอร์ส่วนตัว)
6943,095-750-7809(เบอร์ส่วนตัว)
6944,095-751-0619
6945,095-751-2307(เบอร์ส่วนตัว)
6946,095-751-2307(เบอร์ส่วนตัว)
6947,095-751-2307(เบอร์ส่วนตัว)
6948,095-751-6562
6949,095-753-7492
6950,095-754-6043(เบอร์ส่วนตัว)
6951,095-756-0809
6952,095-757-6151(เบอร์ส่วนตัว)
6953,095-759-3348
6954,095-763-7653(เบอร์ส่วนตัว)
6955,095-7675497(เบอร์ส่วนตัว)
6956,095-768-7755(เบอร์ส่วนตัว)
6957,095-768-9397
6958,095-769-6443
6959,095-769-6443(เบอร์ส่วนตัว)
6960,095-773-5965(เบอร์ส่วนตัว)
6961,095-773-5965(เบอร์ส่วนตัว)
6962,095-776-5996
6963,095-779-4340(เบอร์ส่วนตัว)
6964,095-780-0077
6965,095-780-0077(เบอร์ส่วนตัว)
6966,095-780-0077(เบอร์ส่วนตัว)
6967,095-781-7036
6968,095-786-8884(เบอร์ส่วนตัว)
6969,095-787-1954(เบอร์ส่วนตัว)
6970,095-790-6589(เบอร์ส่วนตัว)
6971,095-791-5999(เบอร์ส่วนตัว)
6972,095-792-2518
6973,095-792-2518(เบอร์ส่วนตัว)
6974,095-793-7982(เบอร์ส่วนตัว)
6975,095-796-9714(เบอร์ส่วนตัว)
6976,095-798-5190(เบอร์ส่วนตัว)
6977,095-798-5190(เบอร์ส่วนตัว)
6978,095-802-0374
6979,095-805-9795(เบอร์ส่วนตัว)
6980,095-806-5929(เบอร์ส่วนตัว)(สะดวกเบอร์นี้)
6981,095-806-5929(เบอร์ส่วนตัว))
6982,095-806-5929(เบอร์ส่วนตัว)
6983,095-813-9915(เบอร์ส่วนตัว)
6984,095-814-3756(เบอร์ส่วนตัว)
6985,095-815-4679(เบอร์ส่วนตัว)คุณเล็ก092-357-7845(เบอร์ส่วนตัว)คุณสุริยา
6986,095-818-6679(เบอร์ส่วนตัว)
6987,095-819-5144(เบอร์ส่วนตัว)
6988,095-820-8423(เบอร์ส่วนตัว)
6989,095-821-5434(เบอร์ส่วนตัว)
6990,095-824-8540
6991,095-825-5491
6992,095-825-6483(เบอร์ส่วนตัว)
6993,095-828-5615
6994,095-828-5615(เบอร์ส่วนตัว)
6995,095-829-0459(เบอร์ส่วนตัว)
6996,095-830-4391
6997,095-830-4391(เบอร์ส่วนตัว)
6998,095-832-4256(เบอร์ส่วนตัว)
6999,095-837-1717(เบอร์ส่วนตัว)
7000,095-840-011
7001,095-840-0111(เบอร์ส่วนตัว)
7002,095-845-6702
7003,095-851-6293(เบอร์ส่วนตัว)
7004,095-852-9559
7005,095-852-9559(เบอร์ส่วนตัว)
7006,095-853-5445
7007,095-858-3576(เบอร์ส่วนตัว)
7008,095-861-9651(เบอร์ส่วนตัว)
7009,095-862-1746(เบอร์ส่วนตัว)
7010,095-862-1746(ผู้จัดการอาคาร)
7011,095-865-1650
7012,095-867-1690(เบอร์ส่วนตัว)
7013,095-882-6898
7014,095-882-6898(เบอร์ส่วนตัว)
7015,095-882-6898(ส่วนตัว)
7016,095-883-8748
7017,095-884-1370 (เบอร์ส่วนตัว)
7018,095-884-4439
7019,095-884-4439(เบอร์ส่วนตัว)
7020,095-884-5629
7021,095-884-5629(เบอร์ส่วนตัว
7022,095-884-5629(เบอร์ส่วนตัว)
7023,095-887-9229(เบอร์ส่วนตัว)
7024,095-889-3485(เบอร์ส่วนตัว)
7025,095-889-6429(เบอร์ส่วนตัว)
7026,095-893-7199(เบอร์ส่วนตัว)
7027,095-897-7845(เบอร์ส่วนตัว)
7028,095-901-7029(เบอร์ส่วนตัว)
7029,095-903-1292(เบอร์ส่วนตัว)
7030,095-903-5578(เบอร์ส่วนตัว)
7031,095-904-5145
7032,095-904-8182(เบอร์ส่วนตัว)
7033,095-905-5291
7034,095-906-8969(เบอร์ส่วนตัว)
7035,095-910-9659
7036,095-913-5313
7037,095-913-5313(ส่วนตัว)
7038,095-914-5522(เบอร์ส่วนตัว)
7039,095-915-1950(เบอร์ส่วนตัว)
7040,095-916-2172(เบอร์ส่วนตัว)
7041,095-917-9151(เบอร์ส่วนตัว)
7042,095-920-1969
7043,095-920-1969(เบอร์ส่วนตัว)
7044,095-921-3690
7045,095-921-8107
7046,095-924-1755
7047,095-924-9461(เบอร์ส่วนตัว)
7048,095-926-2425(เบอร์ส่วนตัว)
7049,095-926-4092
7050,095-927-0687 (เบอร์ส่วนตัว)
7051,095-927-0687(เบอร์ส่วนตัว)
7052,095-928-5938(เบอร์ส่วนตัว)
7053,095-928-5938(เบอร์ส่วนตัว)
7054,095-931-7988(เบอร์ส่วนตัว)
7055,095-940-2208(เบอร์ส่วนตัว)
7056,095-941-5476(เบอร์ส่วนตัว)
7057,095-943-2504
7058,095-945-9558(เบอร์ส่วนตัว)
7059,095-946-9449
7060,095-949-6298  083-552-6533
7061,095-950-4310
7062,095-950-6150(เบอร์ส่วนตัว))
7063,095-951-1751(เบอร์ส่วนตัว)
7064,095-953-1976(เบอร์ส่วนตัว)
7065,095-956-2804
7066,095-957-3649(เบอร์ส่วนตัว)
7067,095-957-5426
7068,095-957-5426(เบอร์ส่วนตัว)
7069,095-957-5426(ส่วนตัว)
7070,095-958-2567
7071,095-958-2567(เบอร์ส่วนตัว)
7072,095-958-3096(เบอร์ส่วนตัว)
7073,095-958-4545(เบอร์ส่วนตัว)
7074,095-958-6829
7075,095-958-8717
7076,095-958-8717(เบอร์ส่วนตัว)
7077,095-958-8717(เบอร์ส่วนตัว)
7078,095-959-7216(เบอร์ส่วนตัว)
7079,095-960-0074(เบอร์ส่วนตัว)
7080,095-960-6764(เบอร์ส่วนตัว)
7081,095-960-6764(ส่วนตัว)
7082,095-961-2923(เบอร์ส่วนตัว)
7083,095-968-9801
7084,095-969-1479(เบอร์ส่วนตัว)
7085,095-969-6991(เบอร์ส่วนตัว)
7086,095-971-9807(เบอร์ส่วนตัว)
7087,095-978-5604(เบอร์ส่วนตัว)
7088,"095-987-6464 "
7089,095-987-6464(เบอร์ส่วนตัว)
7090,095-992-0999 (เบอร์ส่วนตัว)
7091,095-992-0999(เบอร์ส่วนตัว)
7092,095-992-3578(เบอร์ส่วนตัว)
7093,095-997-1539(เบอร์ส่วนตัว)
7094,095-997-5258
7095,096-005-3776(เบอร์ส่วนตัว)
7096,096-010-9034
7097,096-010-9034(เบอร์ส่วนตัว)
7098,096-017-9523(เบอร์ส่วนตัว)
7099,096-028-3015
7100,"096-028-3015 "
7101,096-028-3015(เบอร์ส่วนตัว)
7102,096-028-3015
7103,096-028-3015คุณจ๋า(ธุรการคนเก่า)   089-719-0238คุณหญิง(ธุรการคนใหม่)
7104,096-038-2352(เบอร์ส่วนตัว)
7105,096-038-8326
7106,096-041-8377(เบอร์ส่วนตัว)
7107,096-045-4896
7108,096-045-4896(เบอร์ส่วนตัว)
7109,096-045-4896(เบอร์ส่วนตัว)
7110,096-046-3752(เบอร์ส่วนตัว)
7111,096-049-2229
7112,096-0504341
7113,096-052-1267(เบอร์ส่วนตัว)
7114,096-052-1267(เบอร์ส่วนตัว)
7115,096-057-5050(เบอร์ส่วนตัว)
7116,096-061-4049
7117,096-063-8873(เบอร์ส่วนตัว)
7118,096-064-5665(เบอร์ส่วนตัว)
7119,096-068-5356
7120,096-079-1188(เบอร์ส่วนตัว)
7121,096-094-0092
7122,096-096-1632(เบอร์ส่วนตัว)
7123,096-096-1632(เบอรืส่วนตัว)
7124,096-110-1850(เบอร์ส่วนตัว)
7125,096-119-0828
7126,096-123-2738(เบอร์ส่วนตัว)
7127,096-136-1845(เบอร์ส่วนตัว)
7128,096-141-2700
7129,096-141-2700(เบอร์ส่วนตัว)
7130,096-141-2700(เบอร์ส่วนตัว)
7131,096-143-4450(เบอร์ส่วนตัว)
7132,096-145-3359(เบอร์ส่วนตัว)
7133,096-149-0009(เบอร์ส่วนตัว)
7134,096-149-3036
7135,096-150-3678(เบอร์ส่วนตัว)
7136,096-152-5554(เบอร์ส่วนตัว)
7137,096-156-9053
7138,096-168-9341
7139,096-169-2654
7140,096-169-2654(เบอร์ส่วนตัว)
7141,096-176-5239(เบอร์ส่วนตัว)
7142,096-176-6066
7143,096-178-2954(เบอร์ส่วนตัว)
7144,096-179-7165(เบอร์ส่วนตัว)
7145,096-186-2458(เบอร์ส่วนตัว)
7146,096-187-5721(เบอร์ส่วนตัว)
7147,096-190-2907
7148,096-194-2396
7149,096-197-8822(เบอร์ส่วนตัว)
7150,096-208-5346
7151,096-208-5368(เบอร์ส่วนตัว)
7152,096-212-2947(เบอร์ส่วนตัว)
7153,096-215-5224(เบอร์ส่วนตัว)
7154,096-215-5224(เบอร์ส่วนตัว)สะดวกเบอร์นี้)
7155,096-216-4014(เบอร์ส่วนตัว)
7156,096-220-1359(เบอร์ส่วนตัว)
7157,096-220-1359(เบอร์ส่วนตัว)คุณภาณุพงษ์  090-915-2761(เบอร์ส่วนตัว)คุณกนกชญา
7158,096-223-3513(เบอร์ส่วนตัว)
7159,096-224-2554(เบอร์ส่วนตัว)
7160,096-224-2554(เบอร์ส่วนตัว)
7161,096-228-6397
7162,096-228-6397(เบอร์ส่วนตัว)
7163,096-228-6397(ส่วนตัว)
7164,096-229-4782
7165,096-229-4782(เบอร์ส่วนตัว)
7166,096-230-7104(เบอร์ส่วนตัว)
7167,096-234-6259
7168,096-235-7958(เบอร์ส่วนตัว)
7169,096-236-6246(เบอร์ส่วนตัว)
7170,096-243-9211(เบอร์ส่วนตัว)
7171,096-243-9268
7172,096-243-9268(เบอร์ส่วนตัว)
7173,096-246-1554
7174,096-251-9532(เบอร์ส่วนตัว)
7175,096-254-6780(เบอร์ส่วนตัว)
7176,096-259-6951(เบอร์ส่วนตัว)
7177,096-260-6409(เบอร์ส่วนตัว)
7178,096-261-4242
7179,096-261-4242(เบอร์ส่วนตัว)
7180,096-261-4579(เบอร์ส่วนตัว)
7181,096-261-6521(เบอร์ส่วนตัว)
7182,096-261-6521(เบอร์ส่วนตัว)สะดวกเบอร์นี้)
7183,096-262-5559
7184,096-262-9935
7185,096-263-8679(เบอร์ส่วนตัว)
7186,096-264-3198
7187,096-2654655 (เบอร์ส่วนตัว)
7188,096-265-4655 (เบอร์ส่วนตัว)
7189,096-268-3483(เบอร์ส่วนตัว)
7190,096-268-3547(เบอร์ส่วนตัว)
7191,096-278-7520(เบอร์ส่วนตัว)
7192,096-280-6491(เบอร์ส่วนตัว)
7193,096-286-0380(เบอร์ส่วนตัว)
7194,096-287-4076(เบอร์ส่วนตัว)
7195,096-291-6107(เบอร์ส่วนตัว)
7196,096-292-4619(เบอร์ส่วนตัว)
7197,096-296-0268(เบอร์ส่วนตัว)
7198,096-297-4564(เบอร์ส่วนตัว)
7199,096-298-0239
7200,096-298-0239(เบอร์ส่วนตัว)
7201,096-298-0239(เบอร์ส่วนตัว)
7202,096-317-7917
7203,096-334-4537
7204,096-336-6899(เบอร์ส่วนตัว)
7205,096-336-6899(เบอร์ส่วนตัว)
7206,096-337-9189(เบอร์ส่วนตัว)
7207,096-341-1922(เบอร์ส่วนตัว)
7208,096-341-1922(เบอร์ส่วนตัว)
7209,096-353-6594
7210,096-353-6594(เบอร์ส่วนตัว)
7211,096-353-6594?(เบอร์ส่วนตัว)
7212,096-356-0241(เบอร์ส่วนตัว)
7213,096-356-5369(เบอร์ส่วนตัว)
7214,096-360-1749(เบอร์ส่วนตัว)
7215,096-360-5446 095-363-6229(เบอร์ส่วนตัว)
7216,096-361-3798(เบอร์ส่วนตัว)
7217,096-361-3798  099-592-9653
7218,096-364-5232
7219,096-369-2623(เบอร์ส่วนตัว)
7220,096-370-5742(เบอร์ส่วนตัว)
7221,096-373-4822 (เบอร์ส่วนตัว)
7222,096-378-2952(เบอร์ส่วนตัว)
7223,096-380-5416
7224,096-385-4462(เบอร์ส่วนตัว)
7225,096-386-2498
7226,096-396-1548(เบอร์ส่วนตัว)
7227,096-403-9595
7228,096-405-7384
7229,096-429-3919(เบอร์ส่วนตัว)
7230,096-446-4565
7231,096-446-4565(เบอร์ส่วนตัว)
7232,096-452-8698
7233,096-467-4640
7234,096-472-1372(เบอร์ส่วนตัว)
7235,096-492-9598
7236,096-494-1493(เบอร์ส่วนตัว)
7237,096-507-8890(เบอร์ส่วนตัว)
7238,096-510-0385(เบอร์ส่วนตัว)
7239,096-515-4890(เบอร์ส่วนตัว)
7240,096-515-6299(เบอร์ส่วนตัว)
7241,096-517-2062(เบอร์ส่วนตัว)
7242,096-525-4720 084-217-1919(เบอร์ส่วนตัว)
7243,096-527-4589(เบอร์ส่วนตัว)
7244,096-528-7452(เบอร์ส่วนตัว)
7245,096-528-7452(เบอร์ส่วนตัว)สะดวกเบอร์นี้)
7246,096-528-7452(ส่วนตัว)
7247,096-532-6656
7248,096-532-6656(เบอร์ส่วนตัว)
7249,096-549-1545(เบอร์ส่วนตัว)
7250,096-553-2953(เบอร์ส่วนตัว)
7251,096-553-2953(เบอร์ส่วนตัว)
7252,096-557-9403
7253,096-565-5269(เบอร์ส่วนตัว)
7254,096-596-3035
7255,096-597-9317(เบอร์ส่วนตัว)
7256,096-601-6157(เบอร์ส่วนตัว)
7257,096-604-8705
7258,096-604-8705(เบอร์ส่วนตัว)
7259,096-606-4698(เบอร์ส่วนตัว)
7260,096-616-5906(เบอร์ส่วนตัว)
7261,096-630-5229(เบอร์ส่วนตัว)
7262,096-638-2205
7263,096-638-2205(เบอร์ส่วนตัว)
7264,096-638-4580
7265,096-641-6545(เบอร์ส่วนตัว)
7266,096-641-9916
7267,096-641-9916(เบอร์ส่วนตัว)
7268,096-645-2236 คุณน้อง
7269,096-646-4162(เบอร์ส่วนตัว)
7270,096-654-2336
7271,096-656-3137
7272,096-656-9988
7273,096-668-7181(เบอร์ส่วนตัว)
7274,096-675-6714
7275,096-681-0534(เบอร์ส่วนตัว)
7276,096-681-8426(เบอร์ส่วนตัว)
7277,096-684-1615(เบอร์ส่วนตัว)
7278,096-687-6681
7279,096-687-6681(เบอร์ส่วนตัว)
7280,096-691-1690(เบอร์ส่วนตัว)
7281,096-694-6466(เบอร์ส่วนตัว)
7282,096-697-4247(เบอร์ส่วนตัว)(ผจก.)
7283,096-697-4247(เบอร์ส่วนตัว)
7284,096-702-9054(เบอร์ส่วนตัว)คุณฟ้า 064-298-5336(เบอร์ส่วนตัว)คุณโอ
7285,096-709-9320(เบอร์ส่วนตัว)
7286,096-712-5556(เบอร์ส่วนตัว)
7287,096-715-4106(เบอร์ส่วนตัว)
7288,096-718-3055(เบอร์ส่วนตัว)
7289,096-718-4894
7290,096-7184894(เบอร์ส่วนตัว)
7291,096-718-4894(เบอร์ส่วนตัว)
7292,096-719-8989(เบอร์ส่วนตัว)
7293,096-720-5226(เบอร์ส่วนตัว)
7294,096-724-7372 (เบอร์ส่วนตัว)
7295,"096-724-7372 "
7296,096-726-9450(เบอร์ส่วนตัว)
7297,096-727-0285(เบอร์ส่วนตัว)
7298,096-728-7423(เบอร์ส่วนตัว)
7299,096-729-3879(เบอร์ส่วนตัว)
7300,096-737-4737
7301,096-738-9325
7302,096-738-9325(เบอร์ส่วนตัว)
7303,096-738-9325(เบอร์ส่วนตัว)
7304,096-740-9845
7305,096-740-9845(เบอร์ส่วนตัว)
7306,096-740-9845(เบอร์ส่วนตัว)
7307,096-745-9977(เบอร์ส่วนตัว)
7308,096-752-5588
7309,096-763-9738(เบอร์ส่วนตัว)
7310,096-765-7476(เบอร์ส่วนตัว)
7311,096-769-5215
7312,096-773-2000
7313,096-773-2000(เบอร์ส่วนตัว)
7314,096-773-2000(เบอร์ส่วนตัว)
7315,096-776-2393
7316,096-781-5551(เบอร์ส่วนตัว)
7317,096-786-5481
7318,096-787-9524(เบอร์ส่วนตัว)
7319,096-794-0823(เบอร์ส่วนตัว)
7320,096-795-7281
7321,096-796-6496(เบอร์ส่วนตัว)
7322,096-796-6496เบอร์ส่วนตัว)
7323,"096-797-3010(เบอร์ส่วนตัว) "
7324,096-797-5556(เบอร์ส่วนตัว)
7325,096-813-8039(เบอร์ส่วนตัว)
7326,096-814-3640(เบอร์ส่วนตัว)
7327,096-818-5962(เบอร์ส่วนตัว)
7328,096-825-2217(เบอร์ส่วนตัว)
7329,096-829-7675
7330,096-841-4350
7331,096-841-4350
7332,096-843-7796(เบอร์ส่วนตัว)
7333,096-848-1358(เบอร์ส่วนตัว)
7334,096-857-9388(เบอร์ส่วนตัว)
7335,096-857-9388(เบอร์ส่วนตัว)
7336,096-858-4501
7337,096-858-5688(เบอร์ส่วนตัว)(เบอร์ส่วนตัว)
7338,096-859-8897
7339,096-859-8897(เบอร์ส่วนตัว)
7340,096-859-8897(เบอร์ส่วนตัว)
7341,096-859-9346
7342,096-859-9346(เบอร์ส่วนตัว)
7343,096-860-7766
7344,096-860-7766(เบอร์ส่วนตัว)
7345,096-861-1329
7346,096-861-1329(เบอร์ส่วนตัว)
7347,096-861-1329(เบอร์ส่วนตัว)
7348,096-861-3435(เบอร์ส่วนตัว)
7349,096-864-5848
7350,096-868-4425
7351,096-868-4425(เบอร์ส่วนตัว)
7352,096-868-6848
7353,096-868-7966
7354,096-868-7966(เบอร์ส่วนตัว)
7355,096-869-7789(เบอร์ส่วนตัว)
7356,096-870-4600
7357,096-870-9155
7358,096-871-0077(เบอร์ส่วนตัว)
7359,096-872-2956(เบอร์ส่วนตัว)
7360,096-872-9444(เบอร์ส่วนตัว)
7361,096-878-3203
7362,096-878-3931
7363,096-878-4872
7364,096-879-1172(เบอร์ส่วนตัว)
7365,096-879-1172(เบอร์ส่วนตัว)
7366,096-879-2630(เบอร์ส่วนตัว)
7367,096-882-7019(เบอร์ส่วนตัว)
7368,096-882-8780
7369,096-882-8780(เบอร์ส่วนตัว)
7370,096-882-8780(เบอร์ส่วนตัว)
7371,096-884-2847
7372,096-884-2847(เบอร์ส่วนตัว)
7373,096-887-9889(เบอร์ส่วนตัว)
7374,096-890-6691
7375,096-896-8593(เบอร์ส่วนตัว)
7376,096-901-1964(เบอร์ส่วนตัว)
7377,096-906-6556
7378,096-906-6556(เบอร์ส่วนตัว)
7379,096-912-3233(เบอร์ส่วนตัว)
7380,096-913-1211(เบอร์ส่วนตัว)
7381,096-914-4102
7382,096-914-4102(เบอร์ส่วนตัว)
7383,096-916-6988 (เบอร์ส่วนตัว)
7384,096-916-6988(เบอร์ส่วนตัว)
7385,096-917-7171
7386,096-917-7171(เบอร์ส่วนตัว)
7387,096-917-7171(เบอร์ส่วนตัว)
7388,096-920-6956(เบอร์ส่วนตัว)
7389,096-923-5561(เบอร์ส่วนตัว)
7390,096-924-4426(เบอร์ส่วนตัว)
7391,096-924-5044(เบอร์ส่วนตัว)
7392,096-925-3655
7393,096-925-8854(เบอร์ส่วนตัว)
7394,096-928-5458
7395,096-934-4924(เบอร์ส่วนตัว)
7396,096-936-3301(เบอร์ส่วนตัว)
7397,096-938-6663(เบอร์ส่วนตัว)
7398,096-940-8918
7399,096-941-2038
7400,096-941-2038(เบอร์ส่วนตัว)
7401,096-941-2038(เบอร์ส่วนตัว)
7402,096-941-2038(เบอร์ส่วนตัว)คุณนุช
7403,096-941-2038(เบอร์ส่วนตัว)คุณนุ๊ก  099-365-5469 (เบอร์ส่วนตัว)คุณชญานันท์
7404,096-945-9879(เบอร์ส่วนตัว)
7405,096-946-1413(เบอร์ส่วนตัว)
7406,096-948-4094
7407,096-948-4094(เบอร์ส่วนตัว)
7408,096-950-1991
7409,096-953-5969
7410,096-958-3760(เบอร์ส่วนตัว)
7411,096-959-4687
7412,096-959-4687(เบอร์ส่วนตัว)
7413,096-961-7576(เบอร์ส่วนตัว)
7414,096-962-5019
7415,096-962-5019(เบอร์ส่วนตัว)
7416,096-962-5019(เบอร์ส่วนตัว)
7417,096-962-5019(ส่วนตัว)
7418,096-962-6139
7419,096-962-7623(เบอร์ส่วนตัว)
7420,096-964-2313(เบอร์ส่วนตัว)
7421,096-964-8946(เบอร์ส่วนตัว)สะดวกเบอร์นี้)
7422,096-965-3857(เบอร์ส่วนตัว)
7423,096-965-8753(เบอร์ส่วนตัว)
7424,096-969-6515 (เบอร์ส่วนตัว)
7425,096-969-6515(เบอร์ส่วนตัว)
7426,096-976-3698(เบอร์ส่วนตัว)
7427,096-987-4156(เบอร์ส่วนตัว)
7428,096-987-8956
7429,096-991-1102
7430,096-991-1102(ส่วนตัว)
7431,096-995-6262
7432,096-996-8379(เบอร์ส่วนตัว)
7433,096-998-6110(เบอร์ส่วนตัว)
7434,097 218 3667
7435,097-003-9962(เบอร์ส่วนตัว)
7436,097-009-7497
7437,097-009-7497(เบอร์ส่วนตัว)
7438,097-009-9787(เบอร์ส่วนตัว)
7439,097-010-9527(เบอร์ส่วนตัว)
7440,097-013-3263(เบอร์ส่วนตัว)
7441,097-014-9846
7442,097-014-9846(เบอร์ส่วนตัว)
7443,097-017-6577
7444,097-017-6577(เบอร์ส่วนตัว)
7445,097-018-8087(เบอร์ส่วนตัว)
7446,097-018-9981(เบอร์ส่วนตัว)
7447,097-020-6506(เบอร์ส่วนตัว)
7448,097-029-9172(เบอร์ส่วนตัว)
7449,097-036-5430(เบอร์ส่วนตัว)
7450,097-040-2259(เบอร์ส่วนตัว)
7451,097-042-5325(เบอร์ส่วนตัว)
7452,097-045-8799
7453,097-046-1587
7454,097-046-1587(เบอร์ส่วนตัว)
7455,097-049-5588(เบอร์ส่วนตัว)
7456,097-049-5588(เบอร์ส่วนตัว)สะดวกเบอร์นี้)
7457,097-052-1117
7458,097-052-6481
7459,097-057-4519(เบอร์ส่วนตัว)
7460,097-058-7936(เบอร์ส่วนตัว)
7461,097-059-1421(เบอร์ส่วนตัว)
7462,097-061-4169(เบอร์ส่วนตัว)
7463,097-062-4472(เบอร์ส่วนตัว)
7464,097-068-6396(เบอร์ส่วนตัว)
7465,097-071-2396
7466,097-073-5185
7467,097-079-0121
7468,097-079-3629
7469,097-079-6317
7470,097-079-8490
7471,097-079-8490(เบอร์ส่วนตัว)
7472,097-080-2669(เบอร์ส่วนตัว)
7473,097-083-8848(เบอร์ส่วนตัว)
7474,097-085-2718(เบอร์ส่วนตัว)
7475,097-091-2737(เบอร์ส่วนตัว)
7476,097-091-4450(เบอร์ส่วนตัว)
7477,097-092-3843
7478,097-092-3843(เบอร์ส่วนตัว)
7479,097-092-3843(เบอร์ส่วนตัว)
7480,097-097-6972(เบอร์ส่วนตัว)
7481,097-097-9641
7482,097-097-9641(ส่วนตัว)
7483,097-097-9761(เบอร์ส่วนตัว)
7484,097-098-2022
7485,097-098-3003(เบอร์ส่วนตัว)
7486,097-101-4242(เบอร์ส่วนตัว)
7487,097-102-6818
7488,097-105-3383(เบอร์ส่วนตัว)
7489,097-105-4847(เบอร์ส่วนตัว)
7490,097-107-1019(เบอร์ส่วนตัว)
7491,097-107-3376(เบอร์ส่วนตัว)
7492,097-108-3533(เบอร์ส่วนตัว)
7493,097-110-6081(เบอร์ส่วนตัว)
7494,097-110-7664(เบอร์ส่วนตัว)
7495,097-110-7664(เบอร์ส่วนตัว)
7496,097-110-8551
7497,097-115-1914
7498,097-115-1914(เบอร์ส่วนตัว)
7499,097-115-1914(ส่วนตัว)
7500,097-116-2513(เบอร์ส่วนตัว)
7501,097-117-9492(เบอร์ส่วนตัว)
7502,097-120-0892(เบอร์ส่วนตัว)
7503,097-120-2138(เบอร์ส่วนตัว)
7504,097-120-2138(เบอร์ส่วนตัว)
7505,097-120-6472(เบอร์ส่วนตัว)
7506,097-120-8151
7507,097-120-8151(เบอร์ส่วนตัว)
7508,097-120-9829
7509,097-120-9829(เบอร์ส่วนตัว)
7510,097-121-9535
7511,097-123-5469(เบอร์ส่วนตัว)
7512,097-125-0582
7513,097-125-7892
7514,097-126-1211(เบอร์ส่วนตัว)
7515,097-126-1211
7516,097-130-9758
7517,097-132-1717
7518,097-132-1717(เบอร์ส่วนตัว)
7519,097-132-4128(เบอร์ส่วนตัว)
7520,097-135-8705
7521,097-135-8705(เบอร์ส่วนตัว)
7522,097-136-1542
7523,097-136-1542(เบอร์ส่วนตัว)
7524,097-138-3206(เบอร์ส่วนตัว)
7525,097-139-5276
7526,097-140-9009(เบอร์ส่วนตัว)
7527,097-143-1470(เบอร์ส่วนตัว)
7528,097-146-4943(เบอร์ส่วนตัว)
7529,097-149-1544(เบอร์ส่วนตัว)
7530,097-149-9765(เบอร์ส่วนตัว)
7531,097-149-9765(เบอร์ส่วนตัว)
7532,097-154-4464(เบอร์ส่วนตัว)
7533,097-154-4464(หน้างาน)
7534,097-156-9722(เบอร์ส่วนตัว)
7535,097-159-9841(เบอร์ส่วนตัว)
7536,097-163-2452(เบอร์ส่วนตัว)
7537,097-164-1462
7538,097-164-1462(เบอร์ส่วนตัว)
7539,097-164-1462(เบอร์ส่วนตัว)
7540,097-165-0463(เบอร์ส่วนตัว)
7541,097-165-0463(เบอร์ส่วนตัว)
7542,097-165-1541(เบอร์ส่วนตัว)
7543,097-172-9317 คุณณภัทร (IT)
7544,097-172-9317(เบอร์ส่วนตัว)
7545,097-172-9317(เบอร์ส่วนตัว)
7546,"097-174-1237 083-733-4445(เบอร์ส่วนตัว) "
7547,097-174-4571
7548,097-176-2081
7549,097-176-2081(เบอร์ส่วนตัว)
7550,097-181-5064
7551,097-181-5064 (เบอร์ส่วนตัว)
7552,097-181-5064(เบอร์ส่วนตัว)
7553,097-194-4740
7554,097-195-3663
7555,097-197-3820(เบอร์ส่วนตัว)
7556,097-197-4923(เบอร์ส่วนตัว)
7557,097-197-9544(เบอร์ส่วนตัว)
7558,097-198-2422
7559,097-198-2422(เบอร์ส่วนตัว)
7560,097-198-2422(เบอร์ส่วนตัว)
7561,097-198-5695
7562,097-201-1472
7563,097-201-1472(เบอร์ส่วนตัว)
7564,097-201-1472
7565,097-202-8720(เบอร์ส่วนตัว)
7566,097-205-5236
7567,097-208-4466
7568,097-209-0619(เบอร์ส่วนตัว)
7569,097-209-0619(เบอร์ส่วนตัว)คุณภัคพล   096-718-4894(เบอร์ส่วนตัว)คุณน้ำทิพย์
7570,097-212-4624(เบอร์ส่วนตัว)
7571,097-212-4624(เบอร์ส่วนตัว)
7572,097-212-4652(เบอร์ส่วนตัว)
7573,097-215-0223(เบอร์ส่วนตัว)
7574,097-220-0029(เบอร์ส่วนตัว)
7575,097-220-1043(เบอร์ส่วนตัว)
7576,097-223-6496(เบอร์ส่วนตัว)
7577,097-223-7982(เบอร์ส่วนตัว)
7578,097-223-8019(เบอร์ส่วนตัว)
7579,097-223-8019(เบอร์ส่วนตัว)
7580,097-223-8019(เบอร์ส่วนตัว)คุณอุ๊(PPM)083-224-5939(เบอร์ส่วนตัว)คุณแคท
7581,097-224-2460
7582,097-227-1397(เบอร์ส่วนตัว)
7583,097-227-3374
7584,097-227-3374(เบอร์ส่วนตัว)
7585,097-227-3374(เบอร์ส่วนตัว)
7586,097-234 7729
7587,097-234-4842(เบอร์ส่วนตัว)
7588,097-234-7729(เบอร์ส่วนตัว)
7589,097-234-9750
7590,097-236-0590(เบอร์ส่วนตัว)
7591,097-237-6456(เบอร์ส่วนตัว)
7592,097-238-8198
7593,097-239-2242
7594,097-240-0616(เบอร์ส่วนตัว)
7595,097-241-9542
7596,097-241-9542(เบอร์ส่วนตัว)
7597,097-241-9542(เบอร์ส่วนตัว)
7598,097-243-6248(เบอร์ส่วนตัว)
7599,097-243-9853(เบอร์ส่วนตัว)
7600,097-245-9096
7601,097-246-4243
7602,097-246-6632
7603,097-246-7010(ส่วนตัว)
7604,097-247-0292
7605,097-248-4676(เบอร์ส่วนตัว)
7606,097-248-5454
7607,097-248-5454(เบอร์ส่วนตัว)
7608,097-248-5959(เบอร์ส่วนตัว)
7609,097-251-4272
7610,097-251-5146(เบอร์ส่วนตัว)
7611,097-251-7277
7612,097-251-8904(เบอร์ส่วนตัว)
7613,097-251-9791(เบอร์ส่วนตัว)
7614,097-252-5964(เบอร์ส่วนตัว)
7615,097-259-9956(เบอร์ส่วนตัว)
7616,097-260-7602
7617,097-260-7602(คุณสายป่าน)
7618,097-260-9140(เบอร์ส่วนตัว)
7619,097-260-9430(เบอร์ส่วนตัว)
7620,097-261-7646
7621,097-261-7646(เบอร์ส่วนตัว)
7622,097-268-1262
7623,097-268-1262(เบอร์ส่วนตัว)
7624,097-269-1494(ส่วนตัว)
7625,097-269-2035(เบอร์ส่วนตัว)
7626,097-271-3568
7627,097-271-3568(เบอร์ส่วนตัว)
7628,097-275-8319
7629,097-283-5720(เบอร์ส่วนตัว)
7630,097-283-9998
7631,097-286-3919(เบอร์ส่วนตัว)
7632,097-291-6968
7633,097-292-4997(เบอร์ส่วนตัว)
7634,097-292-9059(เบอร์ส่วนตัว)
7635,097-292-9059(เบอร์ส่วนตัว)คุณสุรนาจ
7636,097-293-3456
7637,097-293-3456(เบอร์ส่วนตัว)
7638,097-296-9041
7639,097-296-9041(เบอร์ส่วนตัว)
7640,097-298-9605 (เบอร์ส่วนตัว)
7641,097-301-8690
7642,097-313-3369
7643,097-313-3369(เบอร์ส่วนตัว)
7644,097-313-3369
7645,097-313-6696(--เลขหมายนี้ถูกระงับการใช้งาน --)
7646,097-316-4355(เบอร์ส่วนตัว)
7647,097-318-4032(เบอร์ส่วนตัว)
7648,097-318-4032(เบอร์ส่วนตัว)
7649,097-318-4032(เบอร์ส่วนตัว)
7650,097-319-2544(เบอร์ส่วนตัว)
7651,097-323-2886(เบอร์ส่วนตัว)
7652,"097-324-4579 "
7653,097-3244579(เบอร์ส่วนตัว)
7654,097-324-4579(เบอร์ส่วนตัว)
7655,097-326-9165(เบอร์ส่วนตัว)
7656,097-331-5609(เบอร์ส่วนตัว)
7657,097-334-1285
7658,097-334-4365(เบอร์ส่วนตัว)
7659,097-336-9272(เบอร์ส่วนตัว)
7660,097-346-1243(เบอร์ส่วนตัว)
7661,097-358-2473(เบอร์ส่วนตัว)
7662,097-365-6546(เบอร์ส่วนตัว)
7663,097-414-4924
7664,097-414-4924(เบอร์ส่วนตัว)
7665,097-414-4924(เบอร์ส่วนตัว)
7666,097-426-9516(เบอร์ส่วนตัว)
7667,097-426-9516(เบอร์ส่วนตัว)
7668,097-441-9947(เบอร์ส่วนตัว)
7669,097-442-9479
7670,097-445-1426(เบอร์ส่วนตัว)
7671,097-535-1464(เบอร์ส่วนตัว)
7672,097-535-5193(เบอร์ส่วนตัว)
7673,097-692-4632(เบอร์ส่วนตัว)
7674,097-874-2356
7675,097-874-2356(เบอร์ส่วนตัว)
7676,097-874-2356(เบอร์ส่วนตัว)
7677,097-919-6269(เบอร์ส่วนตัว)
7678,097-921-2269(เบอร์ส่วนตัว)
7679,097-921-2769(เบอร์ส่วนตัว)
7680,097-924-2163
7681,097-924-8249(เบอร์ส่วนตัว)
7682,097-926-1622(เบอร์ส่วนตัว)
7683,097-926-1622(เบอร์ส่วนตัว)
7684,097-926-2289(เบอร์ส่วนตัว)
7685,097-926-9892(เบอร์ส่วนตัว)
7686,097-934-5754(เบอร์ส่วนตัว)
7687,097-935-5996
7688,097-936-0713
7689,097-939-8099
7690,097-939-8099 คุณอิ๋ง
7691,097-939-8099(เบอร์ส่วนตัว)
7692,097-941-4495(เบอร์ส่วนตัว)
7693,097-949-4328(เบอร์ส่วนตัว)
7694,097-952-1462
7695,097-952-1462(เบอร์ส่วนตัว)
7696,097-952-1462(เบอร์ส่วนตัว)
7697,097-952-1462(เบอร์ส่วนตัว)
7698,097-956-1578(เบอร์ส่วนตัว)
7699,097-959-9092(เบอร์ส่วนตัว)
7700,097-962-3079(เบอร์ส่วนตัว)
7701,097-969-2694(เบอร์ส่วนตัว)
7702,097-969-6556(เบอร์ส่วนตัว)
7703,097-974-1576(เบอร์ส่วนตัว)
7704,097-974-1576(เบอร์ส่วนตัว)
7705,097-974-1576(เบอร์ส่วนตัว)089-769-5720(เบอร์ส่วนตัว)
7706,097-974-1576(ส่วนตัว)
7707,097-974-1576(ส่วนตัว)
7708,097-974-1576
7709,097-975-1500(เบอร์ส่วนตัว)
7710,097-976-7105(เบอร์ส่วนตัว)
7711,097-979-3651(เบอร์ส่วนตัว)
7712,097-980-4556
7713,097-989-4556
7714,097-989-4556 คุณดาด้า
7715,097-990-4412
7716,097-993-0042(เบอร์ส่วนตัว)
7717,097-995-9495
7718,097-995-9495(เบอร์ส่วนตัว)
7719,097-996-1558(เบอร์ส่วนตัว)
7720,097-996-1558(เบอร์ส่วนตัว)
7721,097-996-1558(ส่วนตัว)
7722,098-010-2896(เบอร์ส่วนตัว)
7723,098-014-0438
7724,098-014-0438(เบอร์ส่วนตัว)
7725,098-014-1400
7726,098-014-1400(เบอร์ส่วนตัว)
7727,098-014-1400(เบอร์ส่วนตัว)
7728,098-014-1400(เบอร์ส่วนตัว)
7729,098-014-1400(ส่วนตัว)
7730,098-015-1691
7731,098-016-9610
7732,098-028-7108(เบอร์ส่วนตัว)
7733,098-035-9292(เบอร์ส่วนตัว)
7734,098-036-1911(เบอร์ส่วนตัว)
7735,098-048-6429(เบอร์ส่วนตัว)
7736,098-054-1991(เบอร์ส่วนตัว)
7737,098-078-0222(เบอร์ส่วนตัว)
7738,098-080-3753(เบอร์ส่วนตัว)
7739,098-090-7013(เบอร์ส่วนตัว)
7740,098-094-8704(เบอร์ส่วนตัว)
7741,098-097-8347(เบอร์ส่วนตัว)
7742,098-102-7059(เบอร์ส่วนตัว)
7743,098-102-7059(เบอร์ส่วนตัว)
7744,098-104-2213
7745,098-104-2213 (ติดต่อเบอร์นี้)
7746,098-105-6595
7747,"098-109-0060 "
7748,098-109-0060(เบอร์ส่วนตัว)
7749,"098-109-0060(เบอร์ส่วนตัว)คุณเมย์   061-692-4669(เบอร์ส่วนตัว)คุณจินตนา "
7750,098-109-0060 099-284-5239(เบอร์ส่วนตัว)
7751,098-109-0060
7752,098-109-0902
7753,098-115-5557
7754,098-115-5557(เบอร์ส่วนตัว)
7755,098-115-7461
7756,098-115-7461เบอร์ส่วนตัว)
7757,098-116-6951(เบอร์ส่วนตัว)
7758,098-123-4524
7759,098-139-9318(เบอร์ส่วนตัว)
7760,098-149-2416(เบอร์ส่วนตัว)
7761,098-152-2251(เบอร์ส่วนตัว)
7762,098-168-1009
7763,098-168-1009(เบอร์ส่วนตัว)
7764,098-168-1009(เบอร์ส่วนตัว)
7765,098-171-9091(เบอร์ส่วนตัว)
7766,098-191-5192(เบอร์ส่วนตัว)
7767,098-191-5192(เบอร์ส่วนตัว)
7768,098-201-9590(เบอร์ส่วนตัว)
7769,098-218-3909(เบอร์ส่วนตัว)
7770,098-226-9464
7771,098-226-9464(เบอร์ส่วนตัว)
7772,098-229-5915(เบอร์ส่วนตัว)
7773,098-236-0991(เบอร์ส่วนตัว)
7774,098-242-8997(เบอร์ส่วนตัว)
7775,098-245-6978(เบอร์ส่วนตัว)
7776,098-246-3412
7777,098-247-0705(เบอร์ส่วนตัว)
7778,098-247-0848(เบอร์ส่วนตัว)
7779,098-247-2848(เบอร์ส่วนตัว)
7780,098-247-5261(เบอร์ส่วนตัว)
7781,098-247-7705
7782,098-247-9003
7783,098-248-5494
7784,098-248-5494(เบอร์ส่วนตัว)
7785,098-248-5494(เบอร์ส่วนตัว)
7786,098-249-2071(เบอร์ส่วนตัว)
7787,098-249-2760
7788,098-249-6166
7789,098-249-6166(เบอร์ส่วนตัว)
7790,098-249-7942(เบอร์ส่วนตัว)
7791,098-251-0953
7792,098-251-0953 (เบอร์ส่วนตัว)
7793,098-251-0953 (เบอร์ส่วนตัว)
7794,098-251-0953(เบอร์ส่วนตัว)
7795,098-251-0953(เบอร์ส่วนตัว)
7796,098-252-3506(เบอร์ส่วนตัว)
7797,098-252-4091
7798,098-252-4091(เบอร์ส่วนตัว)
7799,098-254-7839 (เบอร์ส่วนตัว)
7800,098-254-7839(เบอร์ส่วนตัว)
7801,098-254-7896
7802,098-254-9861(เบอร์ส่วนตัว)
7803,098-256-2198(เบอร์ส่วนตัว)
7804,098-256-7094
7805,098-259-5340
7806,098-259-6984
7807,098-259-6984(เบอร์ส่วนตัว)
7808,098-260-4113
7809,098-260-4113(เบอร์ส่วนตัว)
7810,098-261-1519(เบอร์ส่วนตัว)
7811,098-261-5561(เบอร์ส่วนตัว)
7812,098-261-9117
7813,098-261-9117(เบอร์ส่วนตัว)
7814,098-261-9117(เบอร์ส่วนตัว)
7815,098-261-9117(เบอร์ส่วนตัว)
7816,098-261-9117
7817,098-263-5429(เบอร์ส่วนตัว)
7818,098-264-9912
7819,098-267-0422
7820,098-267-1045
7821,098-267-1045(เบอร์ส่วนตัว)
7822,098-267-1045(เบอร์ส่วนตัว)
7823,098-267-8355(เบอร์ส่วนตัว)
7824,098-268-0309(เบอร์ส่วนตัว)
7825,098-269-4561(เบอร์ส่วนตัว)
7826,098-270-6494
7827,098-270-6494(เบอร์ส่วนตัว)
7828,098-271-2789(เบอร์ส่วนตัว)
7829,098-272-2747(เบอร์ส่วนตัว)
7830,098-272-4174
7831,098-272-4174(เบอร์ส่วนตัว)
7832,098-272-4174(เบอร์ส่วนตัว)
7833,098-272-4243
7834,098-272-6713
7835,098-272-6713(เบอร์ส่วนตัว)
7836,098-272-6713
7837,098-273-1560
7838,098-273-1560(เบอร์ส่วนตัว)
7839,098-273-2628(เบอร์ส่วนตัว)
7840,098-273-4815(เบอร์ส่วนตัว)
7841,098-273-4815(เบอร์ส่วนตัว)
7842,098-273-9400
7843,098-274-6266
7844,098-275-8175
7845,098-276-0378(เบอร์ส่วนตัว)
7846,098-276-0378 098-252-4091(เบอร์ส่วนตัว)
7847,098-276-8263(เบอร์ส่วนตัว)
7848,098-279-5188(เบอร์ส่วนตัว)
7849,098-279-6595(เบอร์ส่วนตัว)
7850,098-279-6595(เบอร์ส่วนตัว)
7851,098-281-1518(เบอร์ส่วนตัว)(สะดวกเบอร์นี้)
7852,098-281-1518(เบอร์ส่วนตัว)
7853,098-281-2246 (เบอร์ส่วนตัว)
7854,098-282-3298
7855,098-282-7926(เบอร์ส่วนตัว)
7856,098-282-7926(เบอร์ส่วนตัว)
7857,098-283-0312(เบอร์ส่วนตัว)
7858,098-283-4972(เบอร์ส่วนตัว)
7859,098-283-5700(เบอร์ส่วนตัว)
7860,098-284-1181(เบอร์ส่วนตัว)
7861,098-285-7315(เบอร์ส่วนตัว)
7862,098-285-7981(เบอร์ส่วนตัว)
7863,098-286-4638(เบอร์ส่วนตัว)
7864,098-289-5157
7865,098-289-5157(เบอร์ส่วนตัว)
7866,098-290-2722(เบอร์ส่วนตัว)
7867,098-290-2722(เบอร์ส่วนตัว)
7868,098-293-0961(เบอร์ส่วนตัว)
7869,098-294-6552(เบอร์ส่วนตัว)
7870,098-294-6552(เบอร์ส่วนตัว)
7871,098-304-8629
7872,098-304-8629 (เบอร์ส่วนตัว)
7873,098-304-8629 (เบอร์ส่วนตัว)
7874,098-304-8629 (คุณเพรช)
7875,098-304-8629(เบอร์ส่วนตัว)
7876,098-309-7270(เบอร์ส่วนตัว)
7877,098-315-9503(เบอร์ส่วนตัว)
7878,098-324-2361(เบอร์ส่วนตัว)
7879,098-324-2361(เบอร์ส่วนตัว)
7880,098-324-2361เบอร์ส่วนตัว)
7881,098-324-3106
7882,"098-324-9595 "
7883,098-324-9595(เบอร์ส่วนตัว)
7884,098-325-0964(เบอร์ส่วนตัว)สะดวกเบอร์นี้)
7885,098-326-9422(เบอร์ส่วนตัว)
7886,098-327-2886(เบอร์ส่วนตัว)
7887,098-332-8547(เบอร์ส่วนตัว)
7888,098-338-9789(เบอร์ส่วนตัว)
7889,098-356-4871(เบอร์ส่วนตัว)
7890,098-361-8457(เบอร์ส่วนตัว)
7891,098-361-8457(เบอร์ส่วนตัว)สะดวกเบอร์นี้))
7892,098-362-4347
7893,098-363-5626(เบอร์ส่วนตัว)
7894,098-369-6670
7895,098-369-6670(เบอร์ส่วนตัว)
7896,098-379-7327(เบอร์ส่วนตัว)
7897,098-380-9985
7898,098-382-8016(นิติ)
7899,098-386-5791(เบอร์ส่วนตัว)
7900,098-386-5791 083-687-4960(เบอร์ส่วนตัว)
7901,098-387-9951(เบอร์ส่วนตัว)
7902,098-392-2556
7903,098-392-4998(เบอร์ส่วนตัว)
7904,098-393-9536(เบอร์ส่วนตัว)
7905,098-393-9536(เบอร์ส่วนตัว)
7906,098-397-8096(ส่วนตัว)
7907,"098-397-8096(ส่วนตัว) "
7908,098-398-8674(เบอร์ส่วนตัว)
7909,098-401-9234(เบอร์ส่วนตัว)
7910,098-412-8638(เบอร์ส่วนตัว)
7911,098-414-7568(เบอร์ส่วนตัว)
7912,098-415-2882(เบอร์ส่วนตัว)
7913,098-415-5578(เบอร์ส่วนตัว)
7914,098-417-4962
7915,098-417-9839(เบอร์ส่วนตัว)
7916,098-419-5482(เบอร์ส่วนตัว)
7917,098-424-3097
7918,098-424-4497
7919,098-425-3293(เบอร์ส่วนตัว)
7920,098-425-3727
7921,098-425-8293(เบอร์ส่วนตัว)
7922,098-426-4423 (เบอร์ส่วนตัว)
7923,098-438-1893
7924,098-442-2390(เบอร์ส่วนตัว)
7925,098-442-9491
7926,098-442-9491(เบอร์ส่วนตัว)
7927,098-442-9491(เบอร์ส่วนตัว)
7928,098-442-9491(เบอร์ส่วนตัว)คุณผึ้ง063-887-5284(เบอร์ส่วนตัว)คุณปาย
7929,098-442-9491(ส่วนตัว)
7930,098-442-9491
7931,098-444-6614(เบอร์ส่วนตัว)
7932,098-444-9196(เบอร์ส่วนตัว)
7933,098-446-4070(เบอร์ส่วนตัว)
7934,098-449-5428(เบอร์ส่วนตัว)
7935,098-453-9426
7936,098-456-8498
7937,098-464-9754(เบอร์ส่วนตัว)
7938,098-465-0323(เบอร์ส่วนตัว)
7939,098-465-5597(เบอร์ส่วนตัว)
7940,098-476-5958(เบอร์ส่วนตัว)
7941,098-478-2015(เบอร์ส่วนตัว)
7942,098-483-1948(เบอร์ส่วนตัว)
7943,098-485-0897(โรงเรียน)
7944,098-485-0897(โรงเรียน)ครูโม
7945,098-489-2372(เบอร์ส่วนตัว)
7946,098-489-6496
7947,098-496-4777(เบอร์ส่วนตัว)
7948,098-508-9102(เบอร์ส่วนตัว)
7949,098-508-9102(เบอร์ส่วนตัว) 081-568-1775(เบอร์ส่วนตัว)
7950,098-508-9102 081-568-1775(เบอร์ส่วนตัว)
7951,098-509-0431(เบอร์ส่วนตัว)
7952,098-513-8058(เบอร์ส่วนตัว)
7953,098-515-4658
7954,098-523-9626(เบอร์ส่วนตัว)
7955,098-525-1938(เบอร์ส่วนตัว)
7956,098-531-5079
7957,098-534-3046(เบอร์ส่วนตัว)
7958,098-536-8951
7959,098-536-8951(เบอร์ส่วนตัว)
7960,098-538-0872(เบอร์ส่วนตัว)
7961,098-541-9300
7962,098-541-9300(เบอร์ส่วนตัว)
7963,098-541-9300(เบอร์ส่วนตัว)
7964,098-541-9300(เบอร์ส่วนตัว)
7965,098-541-9300(คุณก้อย )
7966,098-547-8997(เบอร์ส่วนตัว)คุณเค
7967,098-548-3110(เบอร์ส่วนตัว)
7968,098-549-4990(เบอร์ส่วนตัว)
7969,098-549-6703(เบอร์ส่วนตัว)
7970,"098-552-5292 "
7971,098-552-8959(เบอร์ส่วนตัว)
7972,098-555-8731
7973,098-556-9514(เบอร์ส่วนตัว)
7974,098-560-4592(เบอร์ส่วนตัว)
7975,098-560-4592(เบอร์ส่วนตัว)
7976,098-561-5194
7977,098-562-5653(เบอร์ส่วนตัว)
7978,098-563-4657(เบอร์ส่วนตัว)
7979,098-565-4490(เบอร์ส่วนตัว)
7980,098-565-5145(เบอร์ส่วนตัว)
7981,098-565-5145(เบอร์ส่วนตัว)
7982,098-569-2980(เบอร์ส่วนตัว)
7983,098-582-0608(เบอร์ส่วนตัว)
7984,098-582-1803(เบอร์ส่วนตัว)
7985,098-583-5583
7986,098-585-8027(เบอร์ส่วนตัว)
7987,098-585-8027
7988,098-589-1767(เบอร์ส่วนตัว)
7989,098-591-9162(เบอร์ส่วนตัว)
7990,098-593-6821(เบอร์ส่วนตัว)
7991,098-595-6126(เบอร์ส่วนตัว)
7992,098-604-2154(เบอร์ส่วนตัว)
7993,098-609-0969
7994,098-615-4145(เบอร์ส่วนตัว)
7995,098-623-1457(เบอร์ส่วนตัว)
7996,098-625-5151(เบอร์ส่วนตัว)
7997,098-625-9299
7998,098-625-9299(เบอร์ส่วนตัว)
7999,098-626-1954(เบอร์ส่วนตัว)
8000,098-632-6551
8001,098-632-6551(เบอร์ส่วนตัว)
8002,098-632-6551(เบอร์ส่วนตัว)
8003,098-632-6551
8004,098-636-8541(เบอร์ส่วนตัว)
8005,098-639-4635(เบอร์ส่วนตัว)
8006,098-639-4635(ส่วนตัว)
8007,"098-642-2385 "
8008,098-642-2385(เบอร์ส่วนตัว)
8009,098-642-2385
8010,098-649-5428(เบอร์ส่วนตัว)
8011,098-651-4409
8012,098-651-4409 คุณโอภาส
8013,098-651-4409(เบอร์ส่วนตัว)
8014,098-651-4409(เบอร์ส่วนตัว)
8015,098-662-1822
8016,098-662-1822(เบอร์ส่วนตัว)
8017,098-662-1822(เบอร์ส่วนตัว)
8018,098-662-4556(เบอร์ส่วนตัว)
8019,098-662-7124(เบอร์ส่วนตัว)
8020,098-665-5693(เบอร์ส่วนตัว)
8021,098-668-8933(เบอร์ส่วนตัว)
8022,098-690-4755(เบอร์ส่วนตัว)
8023,098-703-0488(เบอร์ส่วนตัว)
8024,098-714-6957(เบอร์ส่วนตัว)
8025,098-726-7190(เบอร์ส่วนตัว)
8026,098-747-4321(เบอร์ส่วนตัว)
8027,098-748-5240(เบอร์ส่วนตัว)
8028,098-748-9887(เบอร์ส่วนตัว)
8029,098-749-9735
8030,098-759-9290
8031,098-769-5101(เบอร์ส่วนตัว)
8032,098-775-8342
8033,098-777-4013(เบอร์ส่วนตัว)
8034,098-780-0358(เบอร์ส่วนตัว)
8035,098-783-4903(เบอร์ส่วนตัว)
8036,098-791-6623
8037,098-791-6623(เบอร์ส่วนตัว)
8038,098-795-3516(เบอร์ส่วนตัว)
8039,098-807-1385(เบอร์ส่วนตัว)
8040,098-815-8892(เบอร์ส่วนตัว)
8041,098-817-7655(เบอร์ส่วนตัว)
8042,098-824-1245(เบอร์ส่วนตัว)
8043,098-824-4848(เบอร์ส่วนตัว)
8044,098-825-9032
8045,098-826-3236
8046,098-826-9545(เบอร์ส่วนตัว)
8047,098-829-4919
8048,098-829-4919
8049,098-829-5589(เบอร์ส่วนตัว)
8050,098-830-6618
8051,098-832-3008(เบอร์ส่วนตัว)
8052,098-832-3759(เบอร์ส่วนตัว)
8053,098-832-3759(เบอร์ส่วนตัว)
8054,098-832-7480
8055,098-834-4362(เบอร์ส่วนตัว)
8056,098-836-5265(เบอร์ส่วนตัว)
8057,098-836-5265
8058,098-838-7283
8059,098-839-0490
8060,098-848-9923(เบอร์ส่วนตัว)
8061,098-848-9923(เบอร์ส่วนตัว)
8062,098-848-9923(เบอร์ส่วนตัว)สะดวกเบอร์นั้))
8063,098-849-0608
8064,098-850-0661
8065,098-850-5942(เบอร์ส่วนตัว)
8066,098-855-2238(เบอร์ส่วนตัว)
8067,098-855-2238
8068,098-859-0298(เบอร์ส่วนตัว)
8069,098-862-2998(เบอร์ส่วนตัว)
8070,098-866-7219(เบอร์ส่วนตัว)
8071,098-869-2685
8072,098-871-9028(เบอร์ส่วนตัว)
8073,098-872-7314(เบอร์ส่วนตัว)
8074,098-874-2479(เบอร์ส่วนตัว)
8075,098-878-2733
8076,098-881-7837(เบอร์ส่วนตัว)
8077,098-882-6826(เบอร์ส่วนตัว)
8078,098-884-1219
8079,098-884-1219  063-234-1166
8080,098-884-1219(เบอร์ส่วนตัว)
8081,098-884-1219
8082,098-884-2179  085-946-4894
8083,"098-886-2265 "
8084,098-886-2265(เบอร์ส่วนตัว)
8085,098-886-2265(หน้างาน)
8086,098-886-4062
8087,098-886-4062(เบอร์ส่วนตัว)
8088,098-889-5424
8089,098-889-5424(เบอร์ส่วนตัว)
8090,098-889-5424(เบอร์ส่วนตัว)
8091,098-889-5529(เบอร์ส่วนตัว)
8092,098-892-0345(เบอร์ส่วนตัว)
8093,098-892-1586
8094,098-892-1586 (เบอร์ส่วนตัว)
8095,098-892-1586 (เบอร์ส่วนตัว)
8096,098-892-1586(เบอร์ส่วนตัว)
8097,098-893-6496
8098,098-897-8212
8099,098-898-6966(เบอร์ส่วนตัว)
8100,"098-898-8890(เบอร์ส่วนตัว) "
8101,098-898-8890(เบอร์ส่วนตัว)(สะดวกเบอร์นี้))
8102,098-898-8890(เบอร์ส่วนตัว)
8103,098-903-1929
8104,098-903-1929(เบอร์ส่วนตัว)
8105,098-905-1978(เบอร์ส่วนตัว)
8106,098-909-3663(เบอร์ส่วนตัว)
8107,098-910-9295
8108,098-912-8424(เบอร์ส่วนตัว)
8109,098-914-1585
8110,098-916-5622(เบอร์ส่วนตัว)
8111,098-926-3519
8112,098-927-9750(เบอร์ส่วนตัว)
8113,098-928-5097(เบอร์ส่วนตัว)
8114,098-929-1565
8115,098-929-1565(เบอร์ส่วนตัว)
8116,098-929-1565(เบอร์ส่วนตัว)
8117,098-929-7979(เบอร์ส่วนตัว)
8118,098-932-8105(เบอร์ส่วนตัว)
8119,098-932-8953(เบอร์ส่วนตัว)
8120,098-932-8953(ส่วนตัว)
8121,098-937-9814
8122,098-937-9814(เบอร์ส่วนตัว)
8123,098-937-9814(เบอร์ส่วนตัว)
8124,098-938-2798
8125,098-940-2447(เบอร์ส่วนตัว)
8126,098-940-6578(เบอร์ส่วนตัว)
8127,098-940-6579(เบอร์ส่วนตัว)
8128,098-942-0348(เบอร์ส่วนตัว)
8129,098-949-1451(เบอร์ส่วนตัว)
8130,098-952-9596
8131,098-952-9596(เบอร์ส่วนตัว)
8132,098-953-6522(เบอร์ส่วนตัว)
8133,098-955-1447(เบอร์ส่วนตัว)
8134,098-955-1447(เบอร์ส่วนตัว)คุณก้อย094-047-2398 (เบอร์ส่วนตัว)คุณกวาง
8135,098-956-4869(เบอร์ส่วนตัว)
8136,098-959-5754(เบอร์ส่วนตัว)
8137,098-960-0903 (เบอร์ส่วนตัว)
8138,098-960-0903(เบอร์ส่วนตัว)
8139,098-962-5528(เบอร์ส่วนตัว)สะดวกเบอร์นี้)
8140,098-969-9446(เบอร์ส่วนตัว)
8141,098-970-7122(เบอร์ส่วนตัว)
8142,098-974-0620(เบอร์ส่วนตัว)
8143,098-974-4756
8144,098-974-4756(เบอร์ส่วนตัว)
8145,098-983-6628(เบอร์ส่วนตัว)
8146,098-986-2071(เบอร์ส่วนตัว)
8147,098-986-2886(เบอร์ส่วนตัว)
8148,098-992-2676(เบอร์ส่วนตัว)
8149,098-992-4436
8150,098-992-4436(เบอร์ส่วนตัว)
8151,098-992-4436(ส่วนตัว)
8152,098-992-4436
8153,098-992-7687 (เบอร์ส่วนตัว)
8154,098-992-8210(เบอร์ส่วนตัว)
8155,098-992-9704(เบอร์ส่วนตัว)(สะดวกเบอร์นี้)
8156,098-995-1447
8157,098-995-1447(เบอร์ส่วนตัว)
8158,098-996-4115 (เบอร์ส่วนตัว)
8159,098-996-5417
8160,098-996-5417(เบอร์ส่วนตัว)
8161,099-004-7780(เบอร์ส่วนตัว)
8162,099-005-9198
8163,099-005-9198(เบอร์ส่วนตัว)
8164,"099-005-9198(เบอร์ส่วนตัว)  "
8165,099-005-9198(เบอร์ส่วนตัว)
8166,099-009-3371(เบอร์ส่วนตัว)
8167,099-014-4395(เบอร์ส่วนตัว)
8168,099-028-7111
8169,099-028-7111(เบอร์ส่วนตัว)
8170,099-028-7111(เบอร์ส่วนตัว)
8171,099-028-7111(ส่วนตัว)
8172,099-029-3772
8173,099-029-3772(เบอร์ส่วนตัว)
8174,"099-029-3772(เบอร์ส่วนตัว) "
8175,099-029-3772(เบอร์ส่วนตัว)
8176,"099-040-7962 "
8177,099-040-7962(หน้างาน)
8178,099-040-7962
8179,099-040-9557(เบอร์ส่วนตัว)
8180,099-040-9557(เบอร์ส่วนตัว)คุณต้า089-719-0238(เบอร์ส่วนตัว)คุณหญิง
8181,099-041-5451(เบอร์ส่วนตัว)
8182,099-046-7989(เบอร์ส่วนตัว)
8183,099-047-9445(เบอร์ส่วนตัว)
8184,099-054-2380(เบอร์ส่วนตัว)
8185,099-055-7966(บอร์ส่วนตัว)
8186,099-055-7966(บอร์ส่วนตัว) 066-062-5533
8187,099-056-2345(เบอร์ส่วนตัว)
8188,099-056-2345(เบอร์ส่วนตัว)
8189,099-059-3642(เบอร์ส่วนตัว)
8190,099-059-4653(เบอร์ส่วนตัว)
8191,099-063-3868(เบอรร์ส่วนตัว)
8192,099-065-3943(เบอร์ส่วนตัว)
8193,099-065-6422(เบอร์ส่วนตัว)
8194,099-067-2800
8195,099-067-2800(เบอร์ส่วนตัว)
8196,099-067-2800(เบอร์ส่วนตัว)
8197,099-067-2800(ส่วนตัว
8198,099-075-6202
8199,099-079-8898(เบอร์ส่วนตัว)
8200,099-080-4424(เบอร์ส่วนตัว)
8201,099-086-7778
8202,099-090-1318
8203,099-090-1318(เบอร์ส่วนตัว)
8204,099-090-1318(เบอร์ส่วนตัว)
8205,099-092-2281(เบอร์ส่วนตัว)
8206,099-092-5323(ธุรการ)
8207,099-098-8803(เบอร์ส่วนตัว)
8208,099-114-3315(เบอร์ส่วนตัว))
8209,099-115-0786
8210,099-118-2525
8211,099-118-2525(เบอร์ส่วนตัว)
8212,099-119-1249
8213,099-119-5046(เบอร์ส่วนตัว)
8214,099-119-5046(เบอร์ส่วนตัว)(สะดวกเบอร์นี้)
8215,099-119-5046(เบอร์ส่วนตัว)
8216,099-121-1118
8217,099-121-1118(เบอร์ส่วนตัว)
8218,099-121-1118(ส่วนตัว)
8219,099-121-1118(ส่วนตัว)
8220,099-121-6509
8221,099-121-6509(เบอร์ส่วนตัว)
8222,099-127-2088(เบอร์ส่วนตัว)
8223,099-127-2946(เบอร์ส่วนตัว)
8224,099-127-2946(คุณบลูเบอร์ส่วนตัว)093-831-7200(เบอร์ส่วนตัว)
8225,099-145-4232(เบอร์ส่วนตัว)
8226,099-145-4232เบอร์ส่วนตัว)
8227,099-145-8886(เบอร์ส่วนตัว)
8228,099-146-6222(เบอร์ส่วนตัว)
8229,099-147-9813(เบอร์ส่วนตัว)
8230,099-148-8811(นิติฯ)
8231,099-153-6946
8232,099-153-6946(เบอร์ส่วนตัว)
8233,099-153-6946(เบอร์ส่วนตัว)
8234,099-153-8289 (เบอร์ส่วนตัว)
8235,099-154-6142(เบอร์ส่วนตัว)
8236,099-154-6142(เบอร์ส่วนตัว)สะดวกเบอร์นี้)
8237,099-163-6989
8238,099-163-6989(เบอร์ส่วนตัว)
8239,099-163-6989(เบอร์ส่วนตัว)
8240,099-163-6989(คุณออฟ)
8241,099-165-6815
8242,099-165-6815(เบอร์ส่วนตัว)
8243,099-184-3100(เบอร์ส่วนตัว)
8244,099-184-3332
8245,099-184-5154
8246,099-186-9734
8247,099-187-4994
8248,099-187-4994(เบอร์ส่วนตัว)
8249,099-189-6698(เบอร์ส่วนตัว)
8250,099-191-9933
8251,099-192-0224(เบอร์ส่วนตัว)
8252,099-193-9396
8253,099-195-6886
8254,099-196-5222(เบอร์ส่วนตัว)
8255,099-198-2641(เบอร์ส่วนตัว)
8256,099-198-9354
8257,099-204-8390(เบอร์ส่วนตัว)
8258,099-218-4555(เบอร์ส่วนตัว)
8259,099-219-4024
8260,099-219-4024(เบอร์ส่วนตัว)
8261,"099-219-4024(เบอร์ส่วนตัว) "
8262,099-219-4024(เบอร์ส่วนตัว)
8263,099-219-8269(เบอร์ส่วนตัว)
8264,099-227-2126(เบอร์ส่วนตัว)
8265,099-229-3988(เบอร์ส่วนตัว)
8266,099-230-3443(เบอร์ส่วนตัว)
8267,099-245-5558(เบอร์ส่วนตัว)
8268,099-247-9262
8269,099-250-5500
8270,099-251-0111(เบอร์ส่วนตัว)
8271,099-251-4240
8272,099-251-4240(คุณสุทัศน์)
8273,099-254-2983(เบอร์ส่วนตัว)
8274,099-254-7012(เบอร์ส่วนตัว)
8275,099-259-1799(เบอร์ส่วนตัว)
8276,099-259-7822(เบอร์ส่วนตัว)
8277,099-260-1555(เบอร์ส่วนตัว)
8278,099-260-4477
8279,"099-262-2199(เบอร์ส่วนตัว) "
8280,099-265-7424(เบอร์ส่วนตัว)
8281,099-269-6659
8282,099-281-2942(เบอร์ส่วนตัว)
8283,099-283-2949
8284,099-284-4401
8285,099-284-5239
8286,099-284-5239 (ส่วนกลาง)
8287,"099-284-5239 "
8288,099-284-5239(เบอร์ส่วนตัว)
8289,099-284-5239(ส่วนกลาง)
8290,099-284-5239
8291,099-286-6558
8292,099-286-6558(เบอร์ส่วนตัว)
8293,099-286-6558(เบอร์ส่วนตัว)
8294,099-287-1978
8295,099-287-5969(เบอร์ส่วนตัว)
8296,099-287-7735
8297,099-287-8282 (เบอร์ส่วนตัว)
8298,099-287-8282 (คุณธนกร (เจ้าหน้าที่ Head))
8299,099-287-8282(เบอร์ส่วนตัว)
8300,099-287-8282(เบอร์ส่วนตัว)
8301,099-289-0134
8302,099-289-0134(เบอร์ส่วนตัว)
8303,099-289-6005(เบอร์ส่วนตัว)
8304,099-293-0803(เบอร์ส่วนตัว)
8305,099-295-2691(เบอร์ส่วนตัว)
8306,099-304-3311(เบอร์ส่วนตัว)
8307,099-305-8247
8308,099-310-2424(เบอร์ส่วนตัว)(สะดวกเบอร์นี้)
8309,099-310-2424(เบอร์ส่วนตัว)
8310,099-310-2424(ส่วนตัว)
8311,099-318-9883(เบอร์ส่วนตัว)
8312,099-319-5469
8313,099-320-2044
8314,099-320-2044(เบอร์ส่วนตัว)
8315,099-323-0690(เบอร์ส่วนตัว)
8316,099-324-9147
8317,099-324-9169 (เบอร์ส่วนตัว)สะดวกเบอร์นี้))
8318,099-325-2493
8319,099-325-2493(เบอร์ส่วนตัว)
8320,099-326-3718
8321,099-328-0592
8322,099-329-8261(เบอร์ส่วนตัว)
8323,099-338-5610
8324,099-343-4252
8325,099-343-4252(เบอร์ส่วนตัว)
8326,099-346-5586
8327,099-347-3330(เบอร์ส่วนตัว)
8328,099-349-3361(เบอร์ส่วนตัว)
8329,099-354-2941(เบอร์ส่วนตัว)
8330,099-356-4452
8331,099-356-4452(เบอร์ส่วนตัว)(สะดวกเบอร์นี้)
8332,099-356-4452(เบอร์ส่วนตัว)
8333,099-363-1146(เบอร์ส่วนตัว)
8334,099-363-1146(เบอร์ส่วนตัว)
8335,099-363-1146(เบอร์ส่วนตัว)
8336,099-364-7524
8337,099-364-8853(เบอร์ส่วนตัว)
8338,099-373-6575(เบอร์ส่วนตัว)
8339,099-386-3981(เบอร์ส่วนตัว)
8340,099-387-3609(เบอร์ส่วนตัว)
8341,099-387-8824(เบอร์ส่วนตัว)
8342,099-392-5928
8343,099-392-5928(เบอร์ส่วนตัว)
8344,099-394-6594
8345,099-394-6594(เบอร์ส่วนตัว)(สะดวกเบอร์นี้)
8346,099-394-6594(เบอร์ส่วนตัว)
8347,099-394-6594 098-828-7592 (เบอร์ส่วนตัว)คุณสาริญา(เมย์)
8348,099-395-5819(เบอร์ส่วนตัว)
8349,099-403-3335
8350,099-404-9326
8351,099-414-5028
8352,099-414-9289(เบอร์ส่วนตัว)
8353,099-415-2517(เบอร์ส่วนตัว)
8354,099-416-6524
8355,099-416-6524(เบอร์ส่วนตัว)
8356,099-416-6524(เบอร์ส่วนตัว)
8357,099-419-8852
8358,099-423-6183(เบอร์ส่วนตัว)
8359,099-423-9544
8360,099-429-5611(เบอร์ส่วนตัว)
8361,099-429-6663
8362,099-431-8987(เบอร์ส่วนตัว)
8363,099-431-8987(เบอร์ส่วนตัว)
8364,099-436-3651(เบอร์ส่วนตัว)
8365,099-436-5627(เบอร์ส่วนตัว)
8366,099-437-2525
8367,099-439-5332(เบอร์ส่วนตัว)
8368,099-442-1966(เบอร์ส่วนตัว)
8369,099-442-5714(เบอร์ส่วนตัว)
8370,099-442-8242
8371,099-442-8242(เบอร์ส่วนตัว)
8372,099-443-2721(เบอร์ส่วนตัว)
8373,099-445-9659(เบอร์ส่วนตัว)
8374,099-445-9659(เบอร์ส่วนตัว)
8375,099-446-9646(เบอร์ส่วนตัว)
8376,099-446-9986(เบอร์ส่วนตัว)
8377,099-447-4259
8378,099-447-4259(เบอร์ส่วนตัว)
8379,099-447-4259(เบอร์ส่วนตัว)
8380,099-447-6181(เบอร์ส่วนตัว)
8381,099-451-6461(เบอร์ส่วนตัว)
8382,099-454-1623
8383,099-454-1623(เบอร์ส่วนตัว)
8384,099-454-5125 (เบอร์ส่วนตัว)
8385,099-456-6265(เบอร์ส่วนตัว)
8386,099-457-5255
8387,099-457-8999
8388,099-465-9796
8389,099-465-9796(เบอร์ส่วนตัว)
8390,099-468-9914(เบอร์ส่วนตัว)
8391,099-469-5369
8392,099-469-5369(เบอร์ส่วนตัว)
8393,099-469-5369(เบอร์ส่วนตัว)สะดวกเบอร์นี้
8394,099-492-9654(เบอร์ส่วนตัว)
8395,099-494-9791(เบอร์ส่วนตัว)
8396,099-495-5899(เบอร์ส่วนตัว)
8397,099-496-1615(เบอร์ส่วนตัว)
8398,099-496-1615(เบอร์ส่วนตัว)สะดวกเบอร์นี้))
8399,099-496-2888(เบอร์ส่วนตัว)
8400,099-496-9950(เบอร์ส่วนตัว)
8401,099-504-6515
8402,099-515-4532(เบอร์ส่วนตัว)
8403,099-516-4562(เบอร์ส่วนตัว)
8404,099-524-5567(เบอร์ส่วนตัว)
8405,099-532-4799(เบอร์ส่วนตัว)
8406,099-534-4924(เบอร์ส่วนตัว)
8407,099-546-5306 (เบอร์ส่วนตัว)
8408,099-546-5306(เบอร์ส่วนตัว)
8409,099-559-5641(เบอร์ส่วนตัว)
8410,099-574-9616(เบอร์ส่วนตัว)
8411,099-575-9643(เบอร์ส่วนตัว)
8412,099-575-9643(เบอร์ส่วนตัว)
8413,099-579-9578(เบอร์ส่วนตัว)
8414,099-579-9578
8415,099-612-5259
8416,099-614-7893
8417,099-615-0797(เบอร์ส่วนตัว)
8418,099-615-0797(เบอร์ส่วนตัว)
8419,099-615-5442
8420,099-615-5442(เบอร์ส่วนตัว)
8421,099-615-5442(เบอร์ส่วนตัว)
8422,099-618-5558
8423,099-618-5558(เบอร์ส่วนตัว)
8424,099-618-9083(เบอร์ส่วนตัว)
8425,099-619-2466
8426,099-620-5144(เบอร์ส่วนตัว)
8427,099-6239536
8428,099-623-9536
8429,099-623-9536(เบอร์ส่วนตัว)
8430,099-628-4581(เบอร์ส่วนตัว)
8431,099-635-3916(เบอร์ส่วนตัว)
8432,099-645-5029(เบอร์ส่วนตัว)
8433,099-651-6696(เบอร์ส่วนตัว)
8434,099-672-7450(เบอร์ส่วนตัว)
8435,099-672-8629(เบอร์ส่วนตัว)
8436,099-689-8759(เบอร์ส่วนตัว)
8437,099-689-9096(เบอร์ส่วนตัว)
8438,099-701-2790
8439,099-701-2790(เบอร์ส่วนตัว)
8440,099-720-5351(เบอร์ส่วนตัว)
8441,099-736-7728(เบอร์ส่วนตัว)
8442,099-736-7728(เบอร์ส่วนตัว)
8443,099-757-7724(เบอร์ส่วนตัว)
8444,099-782-3462(เบอร์ส่วนตัว)
8445,099-783-2059
8446,099-783-2059(เบอร์ส่วนตัว)
8447,099-797-1641(เบอร์ส่วนตัว)
8448,099-808-8292(บอร์ส่วนตัว)สะดวกเบอร์นี้)
8449,099-816-6301
8450,099-816-9655(เบอร์ส่วนตัว)
8451,099-843-6879(เบอร์ส่วนตัว)
8452,099-843-6879(เบอร์ส่วนตัว)092-830-3445
8453,099-843-7169(เบอร์ส่วนตัว)
8454,099-845-3912(เบอร์ส่วนตัว)
8455,099-865-5402
8456,099-891-1823
8457,099-904-6530(เบอร์ส่วนตัว)
8458,099-905-0878(เบอร์ส่วนตัว)
8459,099-905-0878
8460,099-909-2696(เบอร์ส่วนตัว)
8461,099-909-4575(เบอร์ส่วนตัว)
8462,099-914-9381(เบอร์ส่วนตัว)
8463,099-916-5351
8464,099-916-5351 (เบอร์ส่วนตัว)
8465,099-916-5351(เบอร์ส่วนตัว)
8466,099-934-4924(เบอรร์ส่วนตัว
8467,099-952-3288(เบอร์ส่วนตัว)
8468,099-963-9925(เบอร์ส่วนตัว)
8469,099-971-9791(เบอร์ส่วนตัว)
8470,099-979-9535
8471,099-979-9535(เบอร์ส่วนตัว)
8472,099-982-6494
8473,099-982-6494(เบอร์ส่วนตัว)
8474,099-998-8164(เบอร์ส่วนตัว)
8475,065-2272857
8476,081-9136021
8477,085-9002802
8478,087-563-4782
8479,088-2464554
8480,089-4592019
8481,092-4752373
8484,061-256-9156 (เบอร์ส่วนตัว)
8485,087-680-2635 (J Plus)
8486,061-240-0114
8488,089-245-2644 / คุณซาร่า 090-924-8810
8489,089-245-2644(สะดวกเบอร์นี้) / คุณซาร่า 090-924-8810
8490,098-256-2198
8491,089-802-2017
8492,097-003-4323
8493,096-7184894
8494,"081-913-6021 คุณเสาวภา 082-150-7469 คุณเล็ก "
